#
# There is insufficient memory for the Java Runtime Environment to continue.
# Native memory allocation (malloc) failed to allocate 1097136 bytes for Chunk::new
# Possible reasons:
#   The system is out of physical RAM or swap space
#   The process is running with CompressedOops enabled, and the Java Heap may be blocking the growth of the native heap
# Possible solutions:
#   Reduce memory load on the system
#   Increase physical memory or swap space
#   Check if swap backing store is full
#   Decrease Java heap size (-Xmx/-Xms)
#   Decrease number of Java threads
#   Decrease Java thread stack sizes (-Xss)
#   Set larger code cache with -XX:ReservedCodeCacheSize=
#   JVM is running with Unscaled Compressed Oops mode in which the Java heap is
#     placed in the first 4GB address space. The Java Heap base address is the
#     maximum limit for the native heap growth. Please use -XX:HeapBaseMinAddress
#     to set the Java Heap base and to place the Java Heap above 4GB virtual address.
# This output file may be truncated or incomplete.
#
#  Out of Memory Error (arena.cpp:189), pid=12236, tid=6332
#
# JRE version: OpenJDK Runtime Environment (17.0.7) (build 17.0.7+0-b2043.56-10550314)
# Java VM: OpenJDK 64-Bit Server VM (17.0.7+0-b2043.56-10550314, mixed mode, tiered, compressed oops, compressed class ptrs, g1 gc, windows-amd64)
# No core dump will be written. Minidumps are not enabled by default on client versions of Windows
#

---------------  S U M M A R Y ------------

Command Line: --add-opens=java.base/java.util=ALL-UNNAMED --add-opens=java.base/java.lang=ALL-UNNAMED --add-opens=java.base/java.lang.invoke=ALL-UNNAMED --add-opens=java.prefs/java.util.prefs=ALL-UNNAMED --add-opens=java.base/java.nio.charset=ALL-UNNAMED --add-opens=java.base/java.net=ALL-UNNAMED --add-opens=java.base/java.util.concurrent.atomic=ALL-UNNAMED -Xmx2048m -Dfile.encoding=UTF-8 -Duser.country=TR -Duser.language=tr -Duser.variant -javaagent:C:\Users\james\.gradle\wrapper\dists\gradle-8.2-bin\bbg7u40eoinfdyxsxr3z4i7ta\gradle-8.2\lib\agents\gradle-instrumentation-agent-8.2.jar org.gradle.launcher.daemon.bootstrap.GradleDaemon 8.2

Host: AMD Ryzen 5 3500U with Radeon Vega Mobile Gfx  , 8 cores, 6G,  Windows 10 , 64 bit Build 19041 (10.0.19041.3393)
Time: Thu Mar 28 11:48:20 2024 Türkiye Standart Saati elapsed time: 6390.378516 seconds (0d 1h 46m 30s)

---------------  T H R E A D  ---------------

Current thread (0x000001cfd8b0a080):  JavaThread "C2 CompilerThread0" daemon [_thread_in_native, id=6332, stack(0x0000000266300000,0x0000000266400000)]


Current CompileTask:
C2:6390378 27616 %     4       android.databinding.tool.reflection.SdkUtil$ApiChecker::buildFullLookup @ 42 (252 bytes)

Stack: [0x0000000266300000,0x0000000266400000]
Native frames: (J=compiled Java code, j=interpreted, Vv=VM code, C=native code)
V  [jvm.dll+0x683bfa]
V  [jvm.dll+0x8430a4]
V  [jvm.dll+0x8449be]
V  [jvm.dll+0x845023]
V  [jvm.dll+0x24ad2f]
V  [jvm.dll+0xac25c]
V  [jvm.dll+0xac82c]
V  [jvm.dll+0x2b218f]
V  [jvm.dll+0x58c2f7]
V  [jvm.dll+0x225a12]
V  [jvm.dll+0x225def]
V  [jvm.dll+0x21f0b5]
V  [jvm.dll+0x21c56b]
V  [jvm.dll+0x1a605d]
V  [jvm.dll+0x22c148]
V  [jvm.dll+0x22a209]
V  [jvm.dll+0x7f858c]
V  [jvm.dll+0x7f2aea]
V  [jvm.dll+0x682a35]
C  [ucrtbase.dll+0x21bb2]
C  [KERNEL32.DLL+0x17344]
C  [ntdll.dll+0x526b1]


---------------  P R O C E S S  ---------------

Threads class SMR info:
_java_thread_list=0x000001cfe270ac20, length=111, elements={
0x000001cfbea5c9b0, 0x000001cfd889f710, 0x000001cfd88a0490, 0x000001cfd88c24f0,
0x000001cfd88c2eb0, 0x000001cfd88c3770, 0x000001cfd88c4030, 0x000001cfd8b0a080,
0x000001cfd8b0aa30, 0x000001cfd8b0e080, 0x000001cfd8c4c850, 0x000001cfd8dc0a20,
0x000001cfdea7f380, 0x000001cfde6634f0, 0x000001cfde61f660, 0x000001cfdd074960,
0x000001cfdd071e10, 0x000001cfdd073af0, 0x000001cfdd073fc0, 0x000001cfdd0727b0,
0x000001cfdd074e30, 0x000001cfdf1556f0, 0x000001cfdf155bc0, 0x000001cfdf153070,
0x000001cfdf150520, 0x000001cfdf153a10, 0x000001cfdf1543b0, 0x000001cfdf153ee0,
0x000001cfdf155220, 0x000001cfdf14ed10, 0x000001cfdf14f1e0, 0x000001cfe0381b30,
0x000001cfdd16cfe0, 0x000001cfe2f937d0, 0x000001cfe2f93300, 0x000001cfe2f92e30,
0x000001cfe2604380, 0x000001cfe2604850, 0x000001cfe26039e0, 0x000001cfe2603eb0,
0x000001cfe0211070, 0x000001cfe020f860, 0x000001cfe0210ba0, 0x000001cfe0211540,
0x000001cfe0211a10, 0x000001cfe020fd30, 0x000001cfe020e050, 0x000001cfe020e9f0,
0x000001cfe0210200, 0x000001cfe020e520, 0x000001cfe020eec0, 0x000001cfdfe19e90,
0x000001cfdfe19020, 0x000001cfe718cff0, 0x000001cfe7f2cf60, 0x000001cfe7f30920,
0x000001cfe7f2ddd0, 0x000001cfe7f2e2a0, 0x000001cfe7f2f110, 0x000001cfe7f2e770,
0x000001cfe7f2f5e0, 0x000001cfe7436650, 0x000001cfdd1704d0, 0x000001cfdd16e7f0,
0x000001cfdd16ecc0, 0x000001cfdd16d980, 0x000001cfdd16f190, 0x000001cfdd16de50,
0x000001cfdd16f660, 0x000001cfdfe17810, 0x000001cfdfe17ce0, 0x000001cfe7f2ec40,
0x000001cfe7f2fab0, 0x000001cfe8632140, 0x000001cfe8632610, 0x000001cfe8630e00,
0x000001cfe7435310, 0x000001cfe7436180, 0x000001cfe7435cb0, 0x000001cfe7434e40,
0x000001cfe74357e0, 0x000001cfe7242430, 0x000001cfe2b22e80, 0x000001cfe7242dd0,
0x000001cfe7241f60, 0x000001cfe7242900, 0x000001cfe72432a0, 0x000001cfe7244110,
0x000001cff2c5b3b0, 0x000001cff2c5c6f0, 0x000001cff2c5d560, 0x000001cfe0385e90,
0x000001cfe0384680, 0x000001cfe0382000, 0x000001cfe03859c0, 0x000001cfdd1709a0,
0x000001cfdd16d4b0, 0x000001cfe0383810, 0x000001cfe0384b50, 0x000001cfe03854f0,
0x000001cfe87c5f50, 0x000001cff2c5c220, 0x000001cff2c5d090, 0x000001cff2c5a540,
0x000001cfe7245920, 0x000001cfe2d18a10, 0x000001cfe2d15ec0, 0x000001cfe1b3c1b0,
0x000001cfe1b3bce0, 0x000001cfe1b3c680, 0x000001cfe87c6dc0
}

Java Threads: ( => current thread )
  0x000001cfbea5c9b0 JavaThread "main" [_thread_blocked, id=5560, stack(0x0000000265600000,0x0000000265700000)]
  0x000001cfd889f710 JavaThread "Reference Handler" daemon [_thread_blocked, id=6200, stack(0x0000000265d00000,0x0000000265e00000)]
  0x000001cfd88a0490 JavaThread "Finalizer" daemon [_thread_blocked, id=6216, stack(0x0000000265e00000,0x0000000265f00000)]
  0x000001cfd88c24f0 JavaThread "Signal Dispatcher" daemon [_thread_blocked, id=5780, stack(0x0000000265f00000,0x0000000266000000)]
  0x000001cfd88c2eb0 JavaThread "Attach Listener" daemon [_thread_blocked, id=744, stack(0x0000000266000000,0x0000000266100000)]
  0x000001cfd88c3770 JavaThread "Service Thread" daemon [_thread_blocked, id=5840, stack(0x0000000266100000,0x0000000266200000)]
  0x000001cfd88c4030 JavaThread "Monitor Deflation Thread" daemon [_thread_blocked, id=6336, stack(0x0000000266200000,0x0000000266300000)]
=>0x000001cfd8b0a080 JavaThread "C2 CompilerThread0" daemon [_thread_in_native, id=6332, stack(0x0000000266300000,0x0000000266400000)]
  0x000001cfd8b0aa30 JavaThread "C1 CompilerThread0" daemon [_thread_blocked, id=6528, stack(0x0000000266400000,0x0000000266500000)]
  0x000001cfd8b0e080 JavaThread "Sweeper thread" daemon [_thread_blocked, id=7096, stack(0x0000000266500000,0x0000000266600000)]
  0x000001cfd8c4c850 JavaThread "Common-Cleaner" daemon [_thread_blocked, id=5292, stack(0x0000000266600000,0x0000000266700000)]
  0x000001cfd8dc0a20 JavaThread "Notification Thread" daemon [_thread_blocked, id=12572, stack(0x0000000266700000,0x0000000266800000)]
  0x000001cfdea7f380 JavaThread "Daemon health stats" [_thread_blocked, id=1844, stack(0x0000000266d00000,0x0000000266e00000)]
  0x000001cfde6634f0 JavaThread "Incoming local TCP Connector on port 50055" [_thread_in_native, id=7584, stack(0x0000000266e00000,0x0000000266f00000)]
  0x000001cfde61f660 JavaThread "Daemon periodic checks" [_thread_blocked, id=12964, stack(0x0000000266f00000,0x0000000267000000)]
  0x000001cfdd074960 JavaThread "Cache worker for journal cache (C:\Users\james\.gradle\caches\journal-1)" [_thread_blocked, id=3356, stack(0x0000000267b00000,0x0000000267c00000)]
  0x000001cfdd071e10 JavaThread "File lock request listener" [_thread_in_native, id=11864, stack(0x0000000267c00000,0x0000000267d00000)]
  0x000001cfdd073af0 JavaThread "Cache worker for file hash cache (C:\Users\james\.gradle\caches\8.2\fileHashes)" [_thread_blocked, id=13056, stack(0x0000000267d00000,0x0000000267e00000)]
  0x000001cfdd073fc0 JavaThread "File watcher server" daemon [_thread_in_native, id=7200, stack(0x0000000267e00000,0x0000000267f00000)]
  0x000001cfdd0727b0 JavaThread "File watcher consumer" daemon [_thread_blocked, id=10320, stack(0x0000000267f00000,0x0000000268000000)]
  0x000001cfdd074e30 JavaThread "Cache worker for file content cache (C:\Users\james\.gradle\caches\8.2\fileContent)" [_thread_blocked, id=12380, stack(0x0000000268200000,0x0000000268300000)]
  0x000001cfdf1556f0 JavaThread "Cache worker for execution history cache (C:\Users\james\.gradle\caches\8.2\executionHistory)" [_thread_blocked, id=10652, stack(0x0000000268500000,0x0000000268600000)]
  0x000001cfdf155bc0 JavaThread "jar transforms" [_thread_blocked, id=764, stack(0x0000000268700000,0x0000000268800000)]
  0x000001cfdf153070 JavaThread "jar transforms Thread 2" [_thread_blocked, id=10812, stack(0x0000000268800000,0x0000000268900000)]
  0x000001cfdf150520 JavaThread "Cache worker for kotlin-dsl (C:\Users\james\.gradle\caches\8.2\kotlin-dsl)" [_thread_blocked, id=13252, stack(0x0000000268900000,0x0000000268a00000)]
  0x000001cfdf153a10 JavaThread "jar transforms Thread 3" [_thread_blocked, id=1556, stack(0x0000000268a00000,0x0000000268b00000)]
  0x000001cfdf1543b0 JavaThread "jar transforms Thread 4" [_thread_blocked, id=13284, stack(0x0000000268b00000,0x0000000268c00000)]
  0x000001cfdf153ee0 JavaThread "jar transforms Thread 5" [_thread_blocked, id=4464, stack(0x0000000268c00000,0x0000000268d00000)]
  0x000001cfdf155220 JavaThread "jar transforms Thread 6" [_thread_blocked, id=7276, stack(0x0000000268d00000,0x0000000268e00000)]
  0x000001cfdf14ed10 JavaThread "jar transforms Thread 7" [_thread_blocked, id=4620, stack(0x0000000269000000,0x0000000269100000)]
  0x000001cfdf14f1e0 JavaThread "jar transforms Thread 8" [_thread_blocked, id=2540, stack(0x0000000269100000,0x0000000269200000)]
  0x000001cfe0381b30 JavaThread "Memory manager" [_thread_blocked, id=7396, stack(0x0000000269a00000,0x0000000269b00000)]
  0x000001cfdd16cfe0 JavaThread "Daemon Thread 2" [_thread_blocked, id=11488, stack(0x0000000265300000,0x0000000265400000)]
  0x000001cfe2f937d0 JavaThread "Handler for socket connection from /127.0.0.1:50055 to /127.0.0.1:51874" [_thread_in_native, id=12412, stack(0x0000000265400000,0x0000000265500000)]
  0x000001cfe2f93300 JavaThread "Cancel handler" [_thread_blocked, id=11764, stack(0x0000000265500000,0x0000000265600000)]
  0x000001cfe2f92e30 JavaThread "Daemon worker Thread 2" [_thread_blocked, id=10376, stack(0x0000000267000000,0x0000000267100000)]
  0x000001cfe2604380 JavaThread "Asynchronous log dispatcher for DefaultDaemonConnection: socket connection from /127.0.0.1:50055 to /127.0.0.1:51874" [_thread_blocked, id=8472, stack(0x0000000267100000,0x0000000267200000)]
  0x000001cfe2604850 JavaThread "Daemon client event forwarder" [_thread_blocked, id=7596, stack(0x0000000267300000,0x0000000267400000)]
  0x000001cfe26039e0 JavaThread "Cache worker for checksums cache (D:\TaskFour\.gradle\8.2\checksums)" [_thread_blocked, id=11468, stack(0x0000000267400000,0x0000000267500000)]
  0x000001cfe2603eb0 JavaThread "Cache worker for cache directory md-rule (C:\Users\james\.gradle\caches\8.2\md-rule)" [_thread_blocked, id=1404, stack(0x0000000267500000,0x0000000267600000)]
  0x000001cfe0211070 JavaThread "Cache worker for file hash cache (D:\TaskFour\.gradle\8.2\fileHashes)" [_thread_blocked, id=500, stack(0x0000000267600000,0x0000000267700000)]
  0x000001cfe020f860 JavaThread "Cache worker for cache directory md-supplier (C:\Users\james\.gradle\caches\8.2\md-supplier)" [_thread_blocked, id=12268, stack(0x0000000268000000,0x0000000268100000)]
  0x000001cfe0210ba0 JavaThread "Cache worker for dependencies-accessors (D:\TaskFour\.gradle\8.2\dependencies-accessors)" [_thread_blocked, id=3492, stack(0x0000000268100000,0x0000000268200000)]
  0x000001cfe0211540 JavaThread "Cache worker for Build Output Cleanup Cache (D:\TaskFour\.gradle\buildOutputCleanup)" [_thread_blocked, id=8580, stack(0x0000000268300000,0x0000000268400000)]
  0x000001cfe0211a10 JavaThread "Unconstrained build operations" [_thread_blocked, id=12704, stack(0x0000000268400000,0x0000000268500000)]
  0x000001cfe020fd30 JavaThread "Unconstrained build operations Thread 2" [_thread_blocked, id=9072, stack(0x0000000268e00000,0x0000000268f00000)]
  0x000001cfe020e050 JavaThread "Unconstrained build operations Thread 3" [_thread_blocked, id=2368, stack(0x0000000268f00000,0x0000000269000000)]
  0x000001cfe020e9f0 JavaThread "Unconstrained build operations Thread 4" [_thread_blocked, id=2372, stack(0x0000000269200000,0x0000000269300000)]
  0x000001cfe0210200 JavaThread "Unconstrained build operations Thread 5" [_thread_blocked, id=980, stack(0x0000000269300000,0x0000000269400000)]
  0x000001cfe020e520 JavaThread "Unconstrained build operations Thread 6" [_thread_blocked, id=7192, stack(0x0000000269400000,0x0000000269500000)]
  0x000001cfe020eec0 JavaThread "Unconstrained build operations Thread 7" [_thread_blocked, id=6356, stack(0x0000000269500000,0x0000000269600000)]
  0x000001cfdfe19e90 JavaThread "build event listener" [_thread_blocked, id=8776, stack(0x0000000269600000,0x0000000269700000)]
  0x000001cfdfe19020 JavaThread "build event listener" [_thread_blocked, id=11564, stack(0x0000000269700000,0x0000000269800000)]
  0x000001cfe718cff0 JavaThread "included builds" [_thread_blocked, id=7608, stack(0x0000000269f00000,0x000000026a000000)]
  0x000001cfe7f2cf60 JavaThread "Execution worker" [_thread_blocked, id=10100, stack(0x000000026a000000,0x000000026a100000)]
  0x000001cfe7f30920 JavaThread "Execution worker Thread 2" [_thread_blocked, id=11808, stack(0x000000026a100000,0x000000026a200000)]
  0x000001cfe7f2ddd0 JavaThread "Execution worker Thread 3" [_thread_blocked, id=7468, stack(0x000000026a200000,0x000000026a300000)]
  0x000001cfe7f2e2a0 JavaThread "Execution worker Thread 4" [_thread_blocked, id=2096, stack(0x000000026a300000,0x000000026a400000)]
  0x000001cfe7f2f110 JavaThread "Execution worker Thread 5" [_thread_blocked, id=4644, stack(0x000000026a400000,0x000000026a500000)]
  0x000001cfe7f2e770 JavaThread "Execution worker Thread 6" [_thread_blocked, id=7080, stack(0x000000026a500000,0x000000026a600000)]
  0x000001cfe7f2f5e0 JavaThread "Execution worker Thread 7" [_thread_blocked, id=7776, stack(0x000000026a600000,0x000000026a700000)]
  0x000001cfe7436650 JavaThread "Cache worker for execution history cache (D:\TaskFour\.gradle\8.2\executionHistory)" [_thread_blocked, id=13152, stack(0x000000026a700000,0x000000026a800000)]
  0x000001cfdd1704d0 JavaThread "Unconstrained build operations Thread 8" [_thread_blocked, id=9056, stack(0x000000026a800000,0x000000026a900000)]
  0x000001cfdd16e7f0 JavaThread "Unconstrained build operations Thread 9" [_thread_blocked, id=9228, stack(0x000000026a900000,0x000000026aa00000)]
  0x000001cfdd16ecc0 JavaThread "Unconstrained build operations Thread 10" [_thread_blocked, id=8208, stack(0x000000026aa00000,0x000000026ab00000)]
  0x000001cfdd16d980 JavaThread "Unconstrained build operations Thread 11" [_thread_blocked, id=760, stack(0x000000026ab00000,0x000000026ac00000)]
  0x000001cfdd16f190 JavaThread "Unconstrained build operations Thread 12" [_thread_blocked, id=4220, stack(0x000000026ac00000,0x000000026ad00000)]
  0x000001cfdd16de50 JavaThread "Unconstrained build operations Thread 13" [_thread_blocked, id=3228, stack(0x000000026ae00000,0x000000026af00000)]
  0x000001cfdd16f660 JavaThread "Unconstrained build operations Thread 14" [_thread_blocked, id=2956, stack(0x000000026af00000,0x000000026b000000)]
  0x000001cfdfe17810 JavaThread "Unconstrained build operations Thread 15" [_thread_blocked, id=4780, stack(0x000000026b000000,0x000000026b100000)]
  0x000001cfdfe17ce0 JavaThread "Unconstrained build operations Thread 16" [_thread_blocked, id=12632, stack(0x000000026b100000,0x000000026b200000)]
  0x000001cfe7f2ec40 JavaThread "Unconstrained build operations Thread 17" [_thread_blocked, id=4916, stack(0x000000026b200000,0x000000026b300000)]
  0x000001cfe7f2fab0 JavaThread "Unconstrained build operations Thread 18" [_thread_blocked, id=7652, stack(0x000000026b300000,0x000000026b400000)]
  0x000001cfe8632140 JavaThread "Unconstrained build operations Thread 19" [_thread_blocked, id=12812, stack(0x000000026b400000,0x000000026b500000)]
  0x000001cfe8632610 JavaThread "WorkerExecutor Queue" [_thread_blocked, id=8932, stack(0x000000026b500000,0x000000026b600000)]
  0x000001cfe8630e00 JavaThread "WorkerExecutor Queue Thread 2" [_thread_blocked, id=4968, stack(0x000000026b600000,0x000000026b700000)]
  0x000001cfe7435310 JavaThread "WorkerExecutor Queue Thread 3" [_thread_blocked, id=5776, stack(0x000000026b700000,0x000000026b800000)]
  0x000001cfe7436180 JavaThread "WorkerExecutor Queue Thread 4" [_thread_in_Java, id=8840, stack(0x000000026b800000,0x000000026b900000)]
  0x000001cfe7435cb0 JavaThread "WorkerExecutor Queue Thread 5" [_thread_blocked, id=5016, stack(0x000000026b900000,0x000000026ba00000)]
  0x000001cfe7434e40 JavaThread "WorkerExecutor Queue Thread 6" [_thread_blocked, id=10844, stack(0x000000026ba00000,0x000000026bb00000)]
  0x000001cfe74357e0 JavaThread "WorkerExecutor Queue Thread 7" [_thread_blocked, id=3048, stack(0x000000026bb00000,0x000000026bc00000)]
  0x000001cfe7242430 JavaThread "WorkerExecutor Queue Thread 8" [_thread_blocked, id=5052, stack(0x000000026bc00000,0x000000026bd00000)]
  0x000001cfe2b22e80 JavaThread "Unconstrained build operations Thread 20" [_thread_blocked, id=1060, stack(0x000000026be00000,0x000000026bf00000)]
  0x000001cfe7242dd0 JavaThread "Unconstrained build operations Thread 21" [_thread_blocked, id=11632, stack(0x000000026bf00000,0x000000026c000000)]
  0x000001cfe7241f60 JavaThread "Unconstrained build operations Thread 22" [_thread_blocked, id=5548, stack(0x000000026c000000,0x000000026c100000)]
  0x000001cfe7242900 JavaThread "Unconstrained build operations Thread 23" [_thread_blocked, id=6564, stack(0x000000026c100000,0x000000026c200000)]
  0x000001cfe72432a0 JavaThread "Unconstrained build operations Thread 24" [_thread_blocked, id=8140, stack(0x000000026c200000,0x000000026c300000)]
  0x000001cfe7244110 JavaThread "Unconstrained build operations Thread 25" [_thread_blocked, id=3460, stack(0x000000026c300000,0x000000026c400000)]
  0x000001cff2c5b3b0 JavaThread "Unconstrained build operations Thread 26" [_thread_blocked, id=3752, stack(0x000000026c400000,0x000000026c500000)]
  0x000001cff2c5c6f0 JavaThread "Unconstrained build operations Thread 27" [_thread_blocked, id=6508, stack(0x000000026c500000,0x000000026c600000)]
  0x000001cff2c5d560 JavaThread "Unconstrained build operations Thread 28" [_thread_blocked, id=12276, stack(0x000000026c600000,0x000000026c700000)]
  0x000001cfe0385e90 JavaThread "Unconstrained build operations Thread 29" [_thread_blocked, id=12676, stack(0x000000026c700000,0x000000026c800000)]
  0x000001cfe0384680 JavaThread "Unconstrained build operations Thread 30" [_thread_blocked, id=8988, stack(0x000000026c800000,0x000000026c900000)]
  0x000001cfe0382000 JavaThread "Unconstrained build operations Thread 31" [_thread_blocked, id=7904, stack(0x000000026c900000,0x000000026ca00000)]
  0x000001cfe03859c0 JavaThread "Unconstrained build operations Thread 32" [_thread_blocked, id=7088, stack(0x000000026ca00000,0x000000026cb00000)]
  0x000001cfdd1709a0 JavaThread "Unconstrained build operations Thread 33" [_thread_blocked, id=10776, stack(0x000000026cb00000,0x000000026cc00000)]
  0x000001cfdd16d4b0 JavaThread "Unconstrained build operations Thread 34" [_thread_blocked, id=10632, stack(0x000000026cc00000,0x000000026cd00000)]
  0x000001cfe0383810 JavaThread "pool-4-thread-1" [_thread_blocked, id=7008, stack(0x000000026cd00000,0x000000026ce00000)]
  0x000001cfe0384b50 JavaThread "stderr" [_thread_in_native, id=4328, stack(0x000000026ce00000,0x000000026cf00000)]
  0x000001cfe03854f0 JavaThread "stdout" [_thread_in_native, id=2292, stack(0x000000026cf00000,0x000000026d000000)]
  0x000001cfe87c5f50 JavaThread "Unconstrained build operations Thread 35" [_thread_blocked, id=10788, stack(0x0000000269900000,0x0000000269a00000)]
  0x000001cff2c5c220 JavaThread "Unconstrained build operations Thread 36" [_thread_blocked, id=12864, stack(0x0000000269e00000,0x0000000269f00000)]
  0x000001cff2c5d090 JavaThread "Unconstrained build operations Thread 37" [_thread_blocked, id=11552, stack(0x000000026d000000,0x000000026d100000)]
  0x000001cff2c5a540 JavaThread "Unconstrained build operations Thread 38" [_thread_blocked, id=5828, stack(0x000000026d100000,0x000000026d200000)]
  0x000001cfe7245920 JavaThread "Unconstrained build operations Thread 39" [_thread_blocked, id=264, stack(0x000000026d200000,0x000000026d300000)]
  0x000001cfe2d18a10 JavaThread "RMI Scheduler(0)" daemon [_thread_blocked, id=12804, stack(0x000000026d300000,0x000000026d400000)]
  0x000001cfe2d15ec0 JavaThread "RMI GC Daemon" daemon [_thread_blocked, id=2504, stack(0x000000026d500000,0x000000026d600000)]
  0x000001cfe1b3c1b0 JavaThread "RMI TCP Accept-0" daemon [_thread_in_native, id=12036, stack(0x000000026d700000,0x000000026d800000)]
  0x000001cfe1b3bce0 JavaThread "RMI Reaper" [_thread_blocked, id=6956, stack(0x000000026d800000,0x000000026d900000)]
  0x000001cfe1b3c680 JavaThread "RMI TCP Connection(2)-127.0.0.1" daemon [_thread_in_native, id=5244, stack(0x000000026da00000,0x000000026db00000)]
  0x000001cfe87c6dc0 JavaThread "Unconstrained build operations Thread 40" [_thread_blocked, id=11952, stack(0x0000000267200000,0x0000000267300000)]

Other Threads:
  0x000001cfd889aa10 VMThread "VM Thread" [stack: 0x0000000265c00000,0x0000000265d00000] [id=6632]
  0x000001cfd8d6ec30 WatcherThread [stack: 0x0000000266800000,0x0000000266900000] [id=11604]
  0x000001cfbeab7b80 GCTaskThread "GC Thread#0" [stack: 0x0000000265700000,0x0000000265800000] [id=6864]
  0x000001cfdd608510 GCTaskThread "GC Thread#1" [stack: 0x0000000266900000,0x0000000266a00000] [id=9112]
  0x000001cfddce3c20 GCTaskThread "GC Thread#2" [stack: 0x0000000266a00000,0x0000000266b00000] [id=10808]
  0x000001cfdd9abff0 GCTaskThread "GC Thread#3" [stack: 0x0000000266b00000,0x0000000266c00000] [id=8700]
  0x000001cfddd06970 GCTaskThread "GC Thread#4" [stack: 0x0000000266c00000,0x0000000266d00000] [id=3392]
  0x000001cfde3647a0 GCTaskThread "GC Thread#5" [stack: 0x0000000267700000,0x0000000267800000] [id=5768]
  0x000001cfddcc9a20 GCTaskThread "GC Thread#6" [stack: 0x0000000267800000,0x0000000267900000] [id=12060]
  0x000001cfdda62bd0 GCTaskThread "GC Thread#7" [stack: 0x0000000267900000,0x0000000267a00000] [id=9180]
  0x000001cfbeac89d0 ConcurrentGCThread "G1 Main Marker" [stack: 0x0000000265800000,0x0000000265900000] [id=7908]
  0x000001cfbeac92f0 ConcurrentGCThread "G1 Conc#0" [stack: 0x0000000265900000,0x0000000265a00000] [id=5572]
  0x000001cfde363490 ConcurrentGCThread "G1 Conc#1" [stack: 0x0000000267a00000,0x0000000267b00000] [id=12116]
  0x000001cfbeb2e640 ConcurrentGCThread "G1 Refine#0" [stack: 0x0000000265a00000,0x0000000265b00000] [id=8720]
  0x000001cfde5ac2a0 ConcurrentGCThread "G1 Refine#1" [stack: 0x0000000268600000,0x0000000268700000] [id=10368]
  0x000001cfdef41c70 ConcurrentGCThread "G1 Refine#2" [stack: 0x000000026ad00000,0x000000026ae00000] [id=5948]
  0x000001cfe1454040 ConcurrentGCThread "G1 Refine#3" [stack: 0x0000000269800000,0x0000000269900000] [id=10712]
  0x000001cfe1454600 ConcurrentGCThread "G1 Refine#4" [stack: 0x0000000269b00000,0x0000000269c00000] [id=8636]
  0x000001cfe172b950 ConcurrentGCThread "G1 Refine#5" [stack: 0x0000000269c00000,0x0000000269d00000] [id=9836]
  0x000001cfdf094550 ConcurrentGCThread "G1 Refine#6" [stack: 0x0000000269d00000,0x0000000269e00000] [id=8268]
  0x000001cfed46b040 ConcurrentGCThread "G1 Refine#7" [stack: 0x000000026bd00000,0x000000026be00000] [id=11432]
  0x000001cfd87014a0 ConcurrentGCThread "G1 Service" [stack: 0x0000000265b00000,0x0000000265c00000] [id=7356]

Threads with active compile tasks:
C2 CompilerThread0  6390448 27616 %     4       android.databinding.tool.reflection.SdkUtil$ApiChecker::buildFullLookup @ 42 (252 bytes)

VM state: not at safepoint (normal execution)

VM Mutex/Monitor currently owned by a thread: None

Heap address: 0x0000000080000000, size: 2048 MB, Compressed Oops mode: 32-bit

CDS archive(s) not mapped
Compressed class space mapped at: 0x0000000100000000-0x0000000140000000, reserved size: 1073741824
Narrow klass base: 0x0000000000000000, Narrow klass shift: 3, Narrow klass range: 0x140000000

GC Precious Log:
 CPUs: 8 total, 8 available
 Memory: 7103M
 Large Page Support: Disabled
 NUMA Support: Disabled
 Compressed Oops: Enabled (32-bit)
 Heap Region Size: 1M
 Heap Min Capacity: 8M
 Heap Initial Capacity: 112M
 Heap Max Capacity: 2G
 Pre-touch: Disabled
 Parallel Workers: 8
 Concurrent Workers: 2
 Concurrent Refinement Workers: 8
 Periodic GC: Disabled

Heap:
 garbage-first heap   total 505856K, used 296377K [0x0000000080000000, 0x0000000100000000)
  region size 1024K, 19 young (19456K), 8 survivors (8192K)
 Metaspace       used 203511K, committed 204416K, reserved 1245184K
  class space    used 25762K, committed 26176K, reserved 1048576K

Heap Regions: E=young(eden), S=young(survivor), O=old, HS=humongous(starts), HC=humongous(continues), CS=collection set, F=free, OA=open archive, CA=closed archive, TAMS=top-at-mark-start (previous, next)
|   0|0x0000000080000000, 0x0000000080100000, 0x0000000080100000|100%|HS|  |TAMS 0x0000000080100000, 0x0000000080000000| Complete 
|   1|0x0000000080100000, 0x0000000080200000, 0x0000000080200000|100%|HC|  |TAMS 0x0000000080200000, 0x0000000080100000| Complete 
|   2|0x0000000080200000, 0x0000000080300000, 0x0000000080300000|100%|HC|  |TAMS 0x0000000080300000, 0x0000000080200000| Complete 
|   3|0x0000000080300000, 0x0000000080400000, 0x0000000080400000|100%|HC|  |TAMS 0x0000000080400000, 0x0000000080300000| Complete 
|   4|0x0000000080400000, 0x0000000080500000, 0x0000000080500000|100%| O|  |TAMS 0x0000000080500000, 0x0000000080400000| Untracked 
|   5|0x0000000080500000, 0x0000000080600000, 0x0000000080600000|100%| O|  |TAMS 0x0000000080600000, 0x0000000080500000| Updating 
|   6|0x0000000080600000, 0x0000000080700000, 0x0000000080700000|100%| O|  |TAMS 0x0000000080700000, 0x0000000080600000| Untracked 
|   7|0x0000000080700000, 0x0000000080800000, 0x0000000080800000|100%| O|  |TAMS 0x0000000080800000, 0x0000000080700000| Untracked 
|   8|0x0000000080800000, 0x0000000080900000, 0x0000000080900000|100%| O|  |TAMS 0x0000000080900000, 0x0000000080800000| Untracked 
|   9|0x0000000080900000, 0x0000000080a00000, 0x0000000080a00000|100%| O|  |TAMS 0x0000000080a00000, 0x0000000080900000| Updating 
|  10|0x0000000080a00000, 0x0000000080acaa00, 0x0000000080b00000| 79%| O|  |TAMS 0x0000000080acaa00, 0x0000000080a00000| Updating 
|  11|0x0000000080b00000, 0x0000000080c00000, 0x0000000080c00000|100%| O|  |TAMS 0x0000000080c00000, 0x0000000080b00000| Untracked 
|  12|0x0000000080c00000, 0x0000000080d00000, 0x0000000080d00000|100%| O|  |TAMS 0x0000000080d00000, 0x0000000080c00000| Untracked 
|  13|0x0000000080d00000, 0x0000000080e00000, 0x0000000080e00000|100%| O|  |TAMS 0x0000000080e00000, 0x0000000080d00000| Updating 
|  14|0x0000000080e00000, 0x0000000080f00000, 0x0000000080f00000|100%| O|  |TAMS 0x0000000080f00000, 0x0000000080e00000| Untracked 
|  15|0x0000000080f00000, 0x0000000081000000, 0x0000000081000000|100%| O|  |TAMS 0x0000000081000000, 0x0000000080f00000| Updating 
|  16|0x0000000081000000, 0x0000000081100000, 0x0000000081100000|100%| O|  |TAMS 0x0000000081100000, 0x0000000081000000| Untracked 
|  17|0x0000000081100000, 0x0000000081200000, 0x0000000081200000|100%| O|  |TAMS 0x0000000081200000, 0x0000000081100000| Untracked 
|  18|0x0000000081200000, 0x0000000081300000, 0x0000000081300000|100%| O|  |TAMS 0x0000000081300000, 0x0000000081200000| Updating 
|  19|0x0000000081300000, 0x0000000081400000, 0x0000000081400000|100%| O|  |TAMS 0x0000000081400000, 0x0000000081300000| Updating 
|  20|0x0000000081400000, 0x0000000081500000, 0x0000000081500000|100%| O|  |TAMS 0x0000000081500000, 0x0000000081400000| Updating 
|  21|0x0000000081500000, 0x0000000081600000, 0x0000000081600000|100%| O|  |TAMS 0x0000000081600000, 0x0000000081500000| Updating 
|  22|0x0000000081600000, 0x0000000081700000, 0x0000000081700000|100%| O|  |TAMS 0x0000000081700000, 0x0000000081600000| Updating 
|  23|0x0000000081700000, 0x0000000081800000, 0x0000000081800000|100%|HS|  |TAMS 0x0000000081800000, 0x0000000081700000| Complete 
|  24|0x0000000081800000, 0x0000000081900000, 0x0000000081900000|100%| O|  |TAMS 0x0000000081900000, 0x0000000081800000| Updating 
|  25|0x0000000081900000, 0x0000000081a00000, 0x0000000081a00000|100%| O|  |TAMS 0x0000000081a00000, 0x0000000081900000| Updating 
|  26|0x0000000081a00000, 0x0000000081b00000, 0x0000000081b00000|100%| O|  |TAMS 0x0000000081b00000, 0x0000000081a00000| Updating 
|  27|0x0000000081b00000, 0x0000000081c00000, 0x0000000081c00000|100%| O|  |TAMS 0x0000000081c00000, 0x0000000081b00000| Updating 
|  28|0x0000000081c00000, 0x0000000081d00000, 0x0000000081d00000|100%| O|  |TAMS 0x0000000081d00000, 0x0000000081c00000| Updating 
|  29|0x0000000081d00000, 0x0000000081e00000, 0x0000000081e00000|100%| O|  |TAMS 0x0000000081e00000, 0x0000000081d00000| Updating 
|  30|0x0000000081e00000, 0x0000000081f00000, 0x0000000081f00000|100%| O|  |TAMS 0x0000000081f00000, 0x0000000081e00000| Updating 
|  31|0x0000000081f00000, 0x0000000082000000, 0x0000000082000000|100%| O|  |TAMS 0x0000000082000000, 0x0000000081f00000| Updating 
|  32|0x0000000082000000, 0x0000000082100000, 0x0000000082100000|100%| O|  |TAMS 0x0000000082100000, 0x0000000082000000| Updating 
|  33|0x0000000082100000, 0x0000000082200000, 0x0000000082200000|100%| O|  |TAMS 0x0000000082200000, 0x0000000082100000| Updating 
|  34|0x0000000082200000, 0x0000000082300000, 0x0000000082300000|100%| O|  |TAMS 0x0000000082300000, 0x0000000082200000| Updating 
|  35|0x0000000082300000, 0x0000000082400000, 0x0000000082400000|100%| O|  |TAMS 0x0000000082400000, 0x0000000082300000| Updating 
|  36|0x0000000082400000, 0x0000000082500000, 0x0000000082500000|100%| O|  |TAMS 0x0000000082500000, 0x0000000082400000| Updating 
|  37|0x0000000082500000, 0x0000000082600000, 0x0000000082600000|100%| O|  |TAMS 0x0000000082600000, 0x0000000082500000| Updating 
|  38|0x0000000082600000, 0x0000000082700000, 0x0000000082700000|100%|HS|  |TAMS 0x0000000082700000, 0x0000000082600000| Complete 
|  39|0x0000000082700000, 0x0000000082800000, 0x0000000082800000|100%|HS|  |TAMS 0x0000000082800000, 0x0000000082700000| Complete 
|  40|0x0000000082800000, 0x0000000082900000, 0x0000000082900000|100%|HC|  |TAMS 0x0000000082900000, 0x0000000082800000| Complete 
|  41|0x0000000082900000, 0x0000000082a00000, 0x0000000082a00000|100%|HS|  |TAMS 0x0000000082a00000, 0x0000000082900000| Complete 
|  42|0x0000000082a00000, 0x0000000082b00000, 0x0000000082b00000|100%|HC|  |TAMS 0x0000000082b00000, 0x0000000082a00000| Complete 
|  43|0x0000000082b00000, 0x0000000082c00000, 0x0000000082c00000|100%|HS|  |TAMS 0x0000000082c00000, 0x0000000082b00000| Complete 
|  44|0x0000000082c00000, 0x0000000082d00000, 0x0000000082d00000|100%|HS|  |TAMS 0x0000000082d00000, 0x0000000082c00000| Complete 
|  45|0x0000000082d00000, 0x0000000082e00000, 0x0000000082e00000|100%|HS|  |TAMS 0x0000000082e00000, 0x0000000082d00000| Complete 
|  46|0x0000000082e00000, 0x0000000082f00000, 0x0000000082f00000|100%| O|  |TAMS 0x0000000082f00000, 0x0000000082e00000| Untracked 
|  47|0x0000000082f00000, 0x0000000083000000, 0x0000000083000000|100%| O|  |TAMS 0x0000000083000000, 0x0000000082f00000| Updating 
|  48|0x0000000083000000, 0x0000000083100000, 0x0000000083100000|100%| O|  |TAMS 0x0000000083100000, 0x0000000083000000| Untracked 
|  49|0x0000000083100000, 0x0000000083200000, 0x0000000083200000|100%|HS|  |TAMS 0x0000000083200000, 0x0000000083100000| Complete 
|  50|0x0000000083200000, 0x0000000083300000, 0x0000000083300000|100%|HC|  |TAMS 0x0000000083300000, 0x0000000083200000| Complete 
|  51|0x0000000083300000, 0x0000000083400000, 0x0000000083400000|100%|HC|  |TAMS 0x0000000083400000, 0x0000000083300000| Complete 
|  52|0x0000000083400000, 0x0000000083500000, 0x0000000083500000|100%|HC|  |TAMS 0x0000000083500000, 0x0000000083400000| Complete 
|  53|0x0000000083500000, 0x0000000083600000, 0x0000000083600000|100%| O|  |TAMS 0x0000000083600000, 0x0000000083500000| Untracked 
|  54|0x0000000083600000, 0x0000000083700000, 0x0000000083700000|100%| O|  |TAMS 0x0000000083700000, 0x0000000083600000| Updating 
|  55|0x0000000083700000, 0x0000000083800000, 0x0000000083800000|100%| O|  |TAMS 0x0000000083800000, 0x0000000083700000| Updating 
|  56|0x0000000083800000, 0x0000000083900000, 0x0000000083900000|100%| O|  |TAMS 0x0000000083900000, 0x0000000083800000| Untracked 
|  57|0x0000000083900000, 0x0000000083a00000, 0x0000000083a00000|100%| O|  |TAMS 0x0000000083a00000, 0x0000000083900000| Updating 
|  58|0x0000000083a00000, 0x0000000083b00000, 0x0000000083b00000|100%| O|  |TAMS 0x0000000083b00000, 0x0000000083a00000| Updating 
|  59|0x0000000083b00000, 0x0000000083c00000, 0x0000000083c00000|100%| O|  |TAMS 0x0000000083c00000, 0x0000000083b00000| Updating 
|  60|0x0000000083c00000, 0x0000000083d00000, 0x0000000083d00000|100%| O|  |TAMS 0x0000000083d00000, 0x0000000083c00000| Updating 
|  61|0x0000000083d00000, 0x0000000083e00000, 0x0000000083e00000|100%| O|  |TAMS 0x0000000083e00000, 0x0000000083d00000| Updating 
|  62|0x0000000083e00000, 0x0000000083f00000, 0x0000000083f00000|100%| O|  |TAMS 0x0000000083f00000, 0x0000000083e00000| Updating 
|  63|0x0000000083f00000, 0x0000000084000000, 0x0000000084000000|100%| O|  |TAMS 0x0000000084000000, 0x0000000083f00000| Updating 
|  64|0x0000000084000000, 0x0000000084100000, 0x0000000084100000|100%| O|  |TAMS 0x0000000084100000, 0x0000000084000000| Untracked 
|  65|0x0000000084100000, 0x0000000084200000, 0x0000000084200000|100%| O|  |TAMS 0x0000000084200000, 0x0000000084100000| Untracked 
|  66|0x0000000084200000, 0x0000000084300000, 0x0000000084300000|100%| O|  |TAMS 0x0000000084300000, 0x0000000084200000| Updating 
|  67|0x0000000084300000, 0x0000000084400000, 0x0000000084400000|100%| O|  |TAMS 0x0000000084400000, 0x0000000084300000| Updating 
|  68|0x0000000084400000, 0x0000000084500000, 0x0000000084500000|100%|HS|  |TAMS 0x0000000084500000, 0x0000000084400000| Complete 
|  69|0x0000000084500000, 0x0000000084600000, 0x0000000084600000|100%|HC|  |TAMS 0x0000000084600000, 0x0000000084500000| Complete 
|  70|0x0000000084600000, 0x0000000084700000, 0x0000000084700000|100%|HC|  |TAMS 0x0000000084700000, 0x0000000084600000| Complete 
|  71|0x0000000084700000, 0x0000000084800000, 0x0000000084800000|100%|HC|  |TAMS 0x0000000084800000, 0x0000000084700000| Complete 
|  72|0x0000000084800000, 0x0000000084900000, 0x0000000084900000|100%| O|  |TAMS 0x0000000084900000, 0x0000000084800000| Updating 
|  73|0x0000000084900000, 0x0000000084a00000, 0x0000000084a00000|100%| O|  |TAMS 0x0000000084a00000, 0x0000000084900000| Updating 
|  74|0x0000000084a00000, 0x0000000084b00000, 0x0000000084b00000|100%| O|  |TAMS 0x0000000084b00000, 0x0000000084a00000| Updating 
|  75|0x0000000084b00000, 0x0000000084c00000, 0x0000000084c00000|100%| O|  |TAMS 0x0000000084c00000, 0x0000000084b00000| Updating 
|  76|0x0000000084c00000, 0x0000000084d00000, 0x0000000084d00000|100%| O|  |TAMS 0x0000000084d00000, 0x0000000084c00000| Updating 
|  77|0x0000000084d00000, 0x0000000084e00000, 0x0000000084e00000|100%| O|  |TAMS 0x0000000084e00000, 0x0000000084d00000| Updating 
|  78|0x0000000084e00000, 0x0000000084f00000, 0x0000000084f00000|100%| O|  |TAMS 0x0000000084f00000, 0x0000000084e00000| Updating 
|  79|0x0000000084f00000, 0x0000000085000000, 0x0000000085000000|100%| O|  |TAMS 0x0000000085000000, 0x0000000084f00000| Updating 
|  80|0x0000000085000000, 0x0000000085100000, 0x0000000085100000|100%| O|  |TAMS 0x0000000085100000, 0x0000000085000000| Updating 
|  81|0x0000000085100000, 0x0000000085200000, 0x0000000085200000|100%| O|  |TAMS 0x0000000085200000, 0x0000000085100000| Updating 
|  82|0x0000000085200000, 0x0000000085300000, 0x0000000085300000|100%| O|  |TAMS 0x0000000085300000, 0x0000000085200000| Updating 
|  83|0x0000000085300000, 0x0000000085400000, 0x0000000085400000|100%| O|  |TAMS 0x0000000085400000, 0x0000000085300000| Updating 
|  84|0x0000000085400000, 0x0000000085500000, 0x0000000085500000|100%| O|  |TAMS 0x0000000085400000, 0x0000000085400000| Untracked 
|  85|0x0000000085500000, 0x0000000085600000, 0x0000000085600000|100%| O|  |TAMS 0x0000000085600000, 0x0000000085500000| Updating 
|  86|0x0000000085600000, 0x0000000085700000, 0x0000000085700000|100%| O|  |TAMS 0x0000000085600000, 0x0000000085600000| Untracked 
|  87|0x0000000085700000, 0x0000000085800000, 0x0000000085800000|100%| O|  |TAMS 0x0000000085800000, 0x0000000085700000| Updating 
|  88|0x0000000085800000, 0x0000000085900000, 0x0000000085900000|100%| O|  |TAMS 0x0000000085900000, 0x0000000085800000| Updating 
|  89|0x0000000085900000, 0x0000000085a00000, 0x0000000085a00000|100%| O|  |TAMS 0x0000000085a00000, 0x0000000085900000| Updating 
|  90|0x0000000085a00000, 0x0000000085b00000, 0x0000000085b00000|100%| O|  |TAMS 0x0000000085b00000, 0x0000000085a00000| Updating 
|  91|0x0000000085b00000, 0x0000000085c00000, 0x0000000085c00000|100%| O|  |TAMS 0x0000000085c00000, 0x0000000085b00000| Updating 
|  92|0x0000000085c00000, 0x0000000085d00000, 0x0000000085d00000|100%| O|  |TAMS 0x0000000085d00000, 0x0000000085c00000| Updating 
|  93|0x0000000085d00000, 0x0000000085e00000, 0x0000000085e00000|100%| O|  |TAMS 0x0000000085e00000, 0x0000000085d00000| Updating 
|  94|0x0000000085e00000, 0x0000000085f00000, 0x0000000085f00000|100%| O|  |TAMS 0x0000000085f00000, 0x0000000085e00000| Updating 
|  95|0x0000000085f00000, 0x0000000086000000, 0x0000000086000000|100%| O|  |TAMS 0x0000000086000000, 0x0000000085f00000| Updating 
|  96|0x0000000086000000, 0x0000000086100000, 0x0000000086100000|100%| O|  |TAMS 0x0000000086100000, 0x0000000086000000| Updating 
|  97|0x0000000086100000, 0x0000000086200000, 0x0000000086200000|100%| O|  |TAMS 0x0000000086200000, 0x0000000086100000| Updating 
|  98|0x0000000086200000, 0x0000000086300000, 0x0000000086300000|100%| O|  |TAMS 0x0000000086300000, 0x0000000086200000| Updating 
|  99|0x0000000086300000, 0x0000000086400000, 0x0000000086400000|100%| O|  |TAMS 0x0000000086400000, 0x0000000086300000| Updating 
| 100|0x0000000086400000, 0x0000000086500000, 0x0000000086500000|100%| O|  |TAMS 0x0000000086500000, 0x0000000086400000| Updating 
| 101|0x0000000086500000, 0x0000000086600000, 0x0000000086600000|100%| O|  |TAMS 0x0000000086600000, 0x0000000086500000| Updating 
| 102|0x0000000086600000, 0x0000000086700000, 0x0000000086700000|100%| O|  |TAMS 0x0000000086600000, 0x0000000086600000| Untracked 
| 103|0x0000000086700000, 0x0000000086800000, 0x0000000086800000|100%| O|  |TAMS 0x0000000086800000, 0x0000000086700000| Updating 
| 104|0x0000000086800000, 0x0000000086900000, 0x0000000086900000|100%| O|  |TAMS 0x0000000086900000, 0x0000000086800000| Updating 
| 105|0x0000000086900000, 0x0000000086a00000, 0x0000000086a00000|100%| O|  |TAMS 0x0000000086a00000, 0x0000000086900000| Updating 
| 106|0x0000000086a00000, 0x0000000086b00000, 0x0000000086b00000|100%| O|  |TAMS 0x0000000086b00000, 0x0000000086a00000| Updating 
| 107|0x0000000086b00000, 0x0000000086c00000, 0x0000000086c00000|100%| O|  |TAMS 0x0000000086c00000, 0x0000000086b00000| Updating 
| 108|0x0000000086c00000, 0x0000000086d00000, 0x0000000086d00000|100%| O|  |TAMS 0x0000000086d00000, 0x0000000086c00000| Updating 
| 109|0x0000000086d00000, 0x0000000086e00000, 0x0000000086e00000|100%| O|  |TAMS 0x0000000086e00000, 0x0000000086d00000| Untracked 
| 110|0x0000000086e00000, 0x0000000086f00000, 0x0000000086f00000|100%| O|  |TAMS 0x0000000086f00000, 0x0000000086e00000| Untracked 
| 111|0x0000000086f00000, 0x0000000087000000, 0x0000000087000000|100%| O|  |TAMS 0x0000000087000000, 0x0000000086f00000| Updating 
| 112|0x0000000087000000, 0x0000000087100000, 0x0000000087100000|100%| O|  |TAMS 0x0000000087100000, 0x0000000087000000| Updating 
| 113|0x0000000087100000, 0x0000000087200000, 0x0000000087200000|100%| O|  |TAMS 0x0000000087200000, 0x0000000087100000| Updating 
| 114|0x0000000087200000, 0x0000000087300000, 0x0000000087300000|100%| O|  |TAMS 0x0000000087300000, 0x0000000087200000| Updating 
| 115|0x0000000087300000, 0x0000000087400000, 0x0000000087400000|100%| O|  |TAMS 0x0000000087400000, 0x0000000087300000| Updating 
| 116|0x0000000087400000, 0x0000000087500000, 0x0000000087500000|100%| O|  |TAMS 0x0000000087500000, 0x0000000087400000| Updating 
| 117|0x0000000087500000, 0x0000000087600000, 0x0000000087600000|100%| O|  |TAMS 0x0000000087600000, 0x0000000087500000| Updating 
| 118|0x0000000087600000, 0x0000000087700000, 0x0000000087700000|100%| O|  |TAMS 0x0000000087700000, 0x0000000087600000| Updating 
| 119|0x0000000087700000, 0x0000000087800000, 0x0000000087800000|100%| O|  |TAMS 0x0000000087800000, 0x0000000087700000| Updating 
| 120|0x0000000087800000, 0x0000000087900000, 0x0000000087900000|100%| O|  |TAMS 0x0000000087900000, 0x0000000087800000| Untracked 
| 121|0x0000000087900000, 0x0000000087a00000, 0x0000000087a00000|100%|HS|  |TAMS 0x0000000087a00000, 0x0000000087900000| Complete 
| 122|0x0000000087a00000, 0x0000000087b00000, 0x0000000087b00000|100%|HC|  |TAMS 0x0000000087b00000, 0x0000000087a00000| Complete 
| 123|0x0000000087b00000, 0x0000000087c00000, 0x0000000087c00000|100%|HC|  |TAMS 0x0000000087c00000, 0x0000000087b00000| Complete 
| 124|0x0000000087c00000, 0x0000000087d00000, 0x0000000087d00000|100%|HC|  |TAMS 0x0000000087d00000, 0x0000000087c00000| Complete 
| 125|0x0000000087d00000, 0x0000000087e00000, 0x0000000087e00000|100%| O|  |TAMS 0x0000000087e00000, 0x0000000087d00000| Updating 
| 126|0x0000000087e00000, 0x0000000087f00000, 0x0000000087f00000|100%| O|  |TAMS 0x0000000087f00000, 0x0000000087e00000| Updating 
| 127|0x0000000087f00000, 0x0000000088000000, 0x0000000088000000|100%| O|  |TAMS 0x0000000088000000, 0x0000000087f00000| Untracked 
| 128|0x0000000088000000, 0x0000000088100000, 0x0000000088100000|100%| O|  |TAMS 0x0000000088100000, 0x0000000088000000| Untracked 
| 129|0x0000000088100000, 0x0000000088200000, 0x0000000088200000|100%| O|  |TAMS 0x0000000088200000, 0x0000000088100000| Untracked 
| 130|0x0000000088200000, 0x0000000088300000, 0x0000000088300000|100%| O|  |TAMS 0x0000000088300000, 0x0000000088200000| Untracked 
| 131|0x0000000088300000, 0x0000000088400000, 0x0000000088400000|100%| O|  |TAMS 0x0000000088400000, 0x0000000088300000| Untracked 
| 132|0x0000000088400000, 0x0000000088500000, 0x0000000088500000|100%| O|  |TAMS 0x0000000088500000, 0x0000000088400000| Untracked 
| 133|0x0000000088500000, 0x0000000088600000, 0x0000000088600000|100%| O|  |TAMS 0x0000000088600000, 0x0000000088500000| Untracked 
| 134|0x0000000088600000, 0x0000000088700000, 0x0000000088700000|100%| O|  |TAMS 0x0000000088700000, 0x0000000088600000| Untracked 
| 135|0x0000000088700000, 0x0000000088800000, 0x0000000088800000|100%| O|  |TAMS 0x0000000088800000, 0x0000000088700000| Untracked 
| 136|0x0000000088800000, 0x0000000088900000, 0x0000000088900000|100%| O|  |TAMS 0x0000000088900000, 0x0000000088800000| Untracked 
| 137|0x0000000088900000, 0x0000000088a00000, 0x0000000088a00000|100%| O|  |TAMS 0x0000000088a00000, 0x0000000088900000| Untracked 
| 138|0x0000000088a00000, 0x0000000088b00000, 0x0000000088b00000|100%| O|  |TAMS 0x0000000088b00000, 0x0000000088a00000| Untracked 
| 139|0x0000000088b00000, 0x0000000088c00000, 0x0000000088c00000|100%| O|  |TAMS 0x0000000088c00000, 0x0000000088b00000| Untracked 
| 140|0x0000000088c00000, 0x0000000088d00000, 0x0000000088d00000|100%| O|  |TAMS 0x0000000088d00000, 0x0000000088c00000| Untracked 
| 141|0x0000000088d00000, 0x0000000088e00000, 0x0000000088e00000|100%| O|  |TAMS 0x0000000088e00000, 0x0000000088d00000| Untracked 
| 142|0x0000000088e00000, 0x0000000088f00000, 0x0000000088f00000|100%| O|  |TAMS 0x0000000088f00000, 0x0000000088e00000| Untracked 
| 143|0x0000000088f00000, 0x0000000089000000, 0x0000000089000000|100%| O|  |TAMS 0x0000000089000000, 0x0000000088f00000| Untracked 
| 144|0x0000000089000000, 0x0000000089100000, 0x0000000089100000|100%| O|  |TAMS 0x0000000089100000, 0x0000000089000000| Untracked 
| 145|0x0000000089100000, 0x0000000089200000, 0x0000000089200000|100%| O|  |TAMS 0x0000000089200000, 0x0000000089100000| Untracked 
| 146|0x0000000089200000, 0x0000000089300000, 0x0000000089300000|100%| O|  |TAMS 0x0000000089300000, 0x0000000089200000| Untracked 
| 147|0x0000000089300000, 0x0000000089400000, 0x0000000089400000|100%| O|  |TAMS 0x0000000089400000, 0x0000000089300000| Untracked 
| 148|0x0000000089400000, 0x0000000089500000, 0x0000000089500000|100%| O|  |TAMS 0x0000000089500000, 0x0000000089400000| Untracked 
| 149|0x0000000089500000, 0x0000000089600000, 0x0000000089600000|100%| O|  |TAMS 0x0000000089600000, 0x0000000089500000| Untracked 
| 150|0x0000000089600000, 0x0000000089700000, 0x0000000089700000|100%| O|  |TAMS 0x0000000089700000, 0x0000000089600000| Untracked 
| 151|0x0000000089700000, 0x0000000089800000, 0x0000000089800000|100%| O|  |TAMS 0x0000000089800000, 0x0000000089700000| Untracked 
| 152|0x0000000089800000, 0x0000000089900000, 0x0000000089900000|100%| O|  |TAMS 0x0000000089900000, 0x0000000089800000| Updating 
| 153|0x0000000089900000, 0x0000000089a00000, 0x0000000089a00000|100%| O|  |TAMS 0x0000000089a00000, 0x0000000089900000| Updating 
| 154|0x0000000089a00000, 0x0000000089b00000, 0x0000000089b00000|100%| O|  |TAMS 0x0000000089b00000, 0x0000000089a00000| Untracked 
| 155|0x0000000089b00000, 0x0000000089c00000, 0x0000000089c00000|100%| O|  |TAMS 0x0000000089c00000, 0x0000000089b00000| Untracked 
| 156|0x0000000089c00000, 0x0000000089d00000, 0x0000000089d00000|100%| O|  |TAMS 0x0000000089d00000, 0x0000000089c00000| Untracked 
| 157|0x0000000089d00000, 0x0000000089e00000, 0x0000000089e00000|100%| O|  |TAMS 0x0000000089e00000, 0x0000000089d00000| Updating 
| 158|0x0000000089e00000, 0x0000000089f00000, 0x0000000089f00000|100%| O|  |TAMS 0x0000000089f00000, 0x0000000089e00000| Untracked 
| 159|0x0000000089f00000, 0x000000008a000000, 0x000000008a000000|100%| O|  |TAMS 0x000000008a000000, 0x0000000089f00000| Updating 
| 160|0x000000008a000000, 0x000000008a100000, 0x000000008a100000|100%| O|  |TAMS 0x000000008a000000, 0x000000008a000000| Untracked 
| 161|0x000000008a100000, 0x000000008a200000, 0x000000008a200000|100%| O|  |TAMS 0x000000008a200000, 0x000000008a100000| Updating 
| 162|0x000000008a200000, 0x000000008a300000, 0x000000008a300000|100%| O|  |TAMS 0x000000008a300000, 0x000000008a200000| Updating 
| 163|0x000000008a300000, 0x000000008a400000, 0x000000008a400000|100%| O|  |TAMS 0x000000008a400000, 0x000000008a300000| Updating 
| 164|0x000000008a400000, 0x000000008a500000, 0x000000008a500000|100%| O|  |TAMS 0x000000008a500000, 0x000000008a400000| Updating 
| 165|0x000000008a500000, 0x000000008a600000, 0x000000008a600000|100%| O|  |TAMS 0x000000008a600000, 0x000000008a500000| Updating 
| 166|0x000000008a600000, 0x000000008a700000, 0x000000008a700000|100%| O|  |TAMS 0x000000008a700000, 0x000000008a600000| Untracked 
| 167|0x000000008a700000, 0x000000008a800000, 0x000000008a800000|100%| O|  |TAMS 0x000000008a800000, 0x000000008a700000| Untracked 
| 168|0x000000008a800000, 0x000000008a900000, 0x000000008a900000|100%| O|  |TAMS 0x000000008a900000, 0x000000008a800000| Untracked 
| 169|0x000000008a900000, 0x000000008aa00000, 0x000000008aa00000|100%| O|  |TAMS 0x000000008aa00000, 0x000000008a900000| Untracked 
| 170|0x000000008aa00000, 0x000000008ab00000, 0x000000008ab00000|100%| O|  |TAMS 0x000000008ab00000, 0x000000008aa00000| Untracked 
| 171|0x000000008ab00000, 0x000000008ac00000, 0x000000008ac00000|100%| O|  |TAMS 0x000000008ac00000, 0x000000008ab00000| Untracked 
| 172|0x000000008ac00000, 0x000000008ad00000, 0x000000008ad00000|100%| O|  |TAMS 0x000000008ad00000, 0x000000008ac00000| Updating 
| 173|0x000000008ad00000, 0x000000008ae00000, 0x000000008ae00000|100%| O|  |TAMS 0x000000008ae00000, 0x000000008ad00000| Updating 
| 174|0x000000008ae00000, 0x000000008af00000, 0x000000008af00000|100%| O|  |TAMS 0x000000008ae00000, 0x000000008ae00000| Untracked 
| 175|0x000000008af00000, 0x000000008b000000, 0x000000008b000000|100%| O|  |TAMS 0x000000008af00000, 0x000000008af00000| Untracked 
| 176|0x000000008b000000, 0x000000008b100000, 0x000000008b100000|100%| O|  |TAMS 0x000000008b100000, 0x000000008b000000| Untracked 
| 177|0x000000008b100000, 0x000000008b200000, 0x000000008b200000|100%| O|  |TAMS 0x000000008b200000, 0x000000008b100000| Untracked 
| 178|0x000000008b200000, 0x000000008b300000, 0x000000008b300000|100%| O|  |TAMS 0x000000008b300000, 0x000000008b200000| Untracked 
| 179|0x000000008b300000, 0x000000008b400000, 0x000000008b400000|100%| O|  |TAMS 0x000000008b400000, 0x000000008b300000| Updating 
| 180|0x000000008b400000, 0x000000008b500000, 0x000000008b500000|100%| O|  |TAMS 0x000000008b500000, 0x000000008b400000| Updating 
| 181|0x000000008b500000, 0x000000008b600000, 0x000000008b600000|100%| O|  |TAMS 0x000000008b600000, 0x000000008b500000| Updating 
| 182|0x000000008b600000, 0x000000008b700000, 0x000000008b700000|100%| O|  |TAMS 0x000000008b700000, 0x000000008b600000| Updating 
| 183|0x000000008b700000, 0x000000008b800000, 0x000000008b800000|100%| O|  |TAMS 0x000000008b800000, 0x000000008b700000| Updating 
| 184|0x000000008b800000, 0x000000008b900000, 0x000000008b900000|100%| O|  |TAMS 0x000000008b900000, 0x000000008b800000| Updating 
| 185|0x000000008b900000, 0x000000008ba00000, 0x000000008ba00000|100%| O|  |TAMS 0x000000008ba00000, 0x000000008b900000| Updating 
| 186|0x000000008ba00000, 0x000000008bb00000, 0x000000008bb00000|100%| O|  |TAMS 0x000000008bb00000, 0x000000008ba00000| Untracked 
| 187|0x000000008bb00000, 0x000000008bc00000, 0x000000008bc00000|100%| O|  |TAMS 0x000000008bc00000, 0x000000008bb00000| Untracked 
| 188|0x000000008bc00000, 0x000000008bd00000, 0x000000008bd00000|100%| O|  |TAMS 0x000000008bd00000, 0x000000008bc00000| Untracked 
| 189|0x000000008bd00000, 0x000000008be00000, 0x000000008be00000|100%| O|  |TAMS 0x000000008be00000, 0x000000008bd00000| Updating 
| 190|0x000000008be00000, 0x000000008bf00000, 0x000000008bf00000|100%| O|  |TAMS 0x000000008bf00000, 0x000000008be00000| Updating 
| 191|0x000000008bf00000, 0x000000008c000000, 0x000000008c000000|100%| O|  |TAMS 0x000000008c000000, 0x000000008bf00000| Updating 
| 192|0x000000008c000000, 0x000000008c100000, 0x000000008c100000|100%| O|  |TAMS 0x000000008c100000, 0x000000008c000000| Updating 
| 193|0x000000008c100000, 0x000000008c200000, 0x000000008c200000|100%| O|  |TAMS 0x000000008c200000, 0x000000008c100000| Updating 
| 194|0x000000008c200000, 0x000000008c300000, 0x000000008c300000|100%| O|  |TAMS 0x000000008c300000, 0x000000008c200000| Untracked 
| 195|0x000000008c300000, 0x000000008c400000, 0x000000008c400000|100%| O|  |TAMS 0x000000008c400000, 0x000000008c300000| Untracked 
| 196|0x000000008c400000, 0x000000008c500000, 0x000000008c500000|100%| O|  |TAMS 0x000000008c500000, 0x000000008c400000| Untracked 
| 197|0x000000008c500000, 0x000000008c600000, 0x000000008c600000|100%| O|  |TAMS 0x000000008c600000, 0x000000008c500000| Untracked 
| 198|0x000000008c600000, 0x000000008c700000, 0x000000008c700000|100%| O|  |TAMS 0x000000008c700000, 0x000000008c600000| Untracked 
| 199|0x000000008c700000, 0x000000008c800000, 0x000000008c800000|100%| O|  |TAMS 0x000000008c800000, 0x000000008c700000| Untracked 
| 200|0x000000008c800000, 0x000000008c900000, 0x000000008c900000|100%| O|  |TAMS 0x000000008c900000, 0x000000008c800000| Updating 
| 201|0x000000008c900000, 0x000000008ca00000, 0x000000008ca00000|100%|HS|  |TAMS 0x000000008ca00000, 0x000000008c900000| Complete 
| 202|0x000000008ca00000, 0x000000008cb00000, 0x000000008cb00000|100%|HC|  |TAMS 0x000000008cb00000, 0x000000008ca00000| Complete 
| 203|0x000000008cb00000, 0x000000008cc00000, 0x000000008cc00000|100%| O|  |TAMS 0x000000008cc00000, 0x000000008cb00000| Untracked 
| 204|0x000000008cc00000, 0x000000008cd00000, 0x000000008cd00000|100%| O|  |TAMS 0x000000008cd00000, 0x000000008cc00000| Untracked 
| 205|0x000000008cd00000, 0x000000008ce00000, 0x000000008ce00000|100%| O|  |TAMS 0x000000008ce00000, 0x000000008cd00000| Untracked 
| 206|0x000000008ce00000, 0x000000008cf00000, 0x000000008cf00000|100%| O|  |TAMS 0x000000008cf00000, 0x000000008ce00000| Untracked 
| 207|0x000000008cf00000, 0x000000008d000000, 0x000000008d000000|100%| O|  |TAMS 0x000000008d000000, 0x000000008cf00000| Untracked 
| 208|0x000000008d000000, 0x000000008d100000, 0x000000008d100000|100%| O|  |TAMS 0x000000008d100000, 0x000000008d000000| Untracked 
| 209|0x000000008d100000, 0x000000008d200000, 0x000000008d200000|100%| O|  |TAMS 0x000000008d200000, 0x000000008d100000| Untracked 
| 210|0x000000008d200000, 0x000000008d300000, 0x000000008d300000|100%| O|  |TAMS 0x000000008d300000, 0x000000008d200000| Updating 
| 211|0x000000008d300000, 0x000000008d400000, 0x000000008d400000|100%| O|  |TAMS 0x000000008d400000, 0x000000008d300000| Untracked 
| 212|0x000000008d400000, 0x000000008d500000, 0x000000008d500000|100%| O|  |TAMS 0x000000008d500000, 0x000000008d400000| Updating 
| 213|0x000000008d500000, 0x000000008d600000, 0x000000008d600000|100%| O|  |TAMS 0x000000008d600000, 0x000000008d500000| Updating 
| 214|0x000000008d600000, 0x000000008d700000, 0x000000008d700000|100%| O|  |TAMS 0x000000008d600000, 0x000000008d600000| Untracked 
| 215|0x000000008d700000, 0x000000008d800000, 0x000000008d800000|100%| O|  |TAMS 0x000000008d800000, 0x000000008d700000| Updating 
| 216|0x000000008d800000, 0x000000008d900000, 0x000000008d900000|100%| O|  |TAMS 0x000000008d800000, 0x000000008d800000| Untracked 
| 217|0x000000008d900000, 0x000000008da00000, 0x000000008da00000|100%| O|  |TAMS 0x000000008d900000, 0x000000008d900000| Untracked 
| 218|0x000000008da00000, 0x000000008db00000, 0x000000008db00000|100%| O|  |TAMS 0x000000008da00000, 0x000000008da00000| Untracked 
| 219|0x000000008db00000, 0x000000008dc00000, 0x000000008dc00000|100%| O|  |TAMS 0x000000008db00000, 0x000000008db00000| Untracked 
| 220|0x000000008dc00000, 0x000000008dd00000, 0x000000008dd00000|100%| O|  |TAMS 0x000000008dc00000, 0x000000008dc00000| Untracked 
| 221|0x000000008dd00000, 0x000000008de00000, 0x000000008de00000|100%| O|  |TAMS 0x000000008de00000, 0x000000008dd00000| Updating 
| 222|0x000000008de00000, 0x000000008df00000, 0x000000008df00000|100%|HS|  |TAMS 0x000000008df00000, 0x000000008de00000| Complete 
| 223|0x000000008df00000, 0x000000008e000000, 0x000000008e000000|100%|HS|  |TAMS 0x000000008e000000, 0x000000008df00000| Complete 
| 224|0x000000008e000000, 0x000000008e100000, 0x000000008e100000|100%|HC|  |TAMS 0x000000008e100000, 0x000000008e000000| Complete 
| 225|0x000000008e100000, 0x000000008e200000, 0x000000008e200000|100%| O|  |TAMS 0x000000008e200000, 0x000000008e100000| Untracked 
| 226|0x000000008e200000, 0x000000008e300000, 0x000000008e300000|100%|HS|  |TAMS 0x000000008e300000, 0x000000008e200000| Complete 
| 227|0x000000008e300000, 0x000000008e400000, 0x000000008e400000|100%|HC|  |TAMS 0x000000008e400000, 0x000000008e300000| Complete 
| 228|0x000000008e400000, 0x000000008e500000, 0x000000008e500000|100%| O|  |TAMS 0x000000008e500000, 0x000000008e400000| Updating 
| 229|0x000000008e500000, 0x000000008e600000, 0x000000008e600000|100%| O|  |TAMS 0x000000008e600000, 0x000000008e500000| Untracked 
| 230|0x000000008e600000, 0x000000008e700000, 0x000000008e700000|100%| O|  |TAMS 0x000000008e700000, 0x000000008e600000| Untracked 
| 231|0x000000008e700000, 0x000000008e800000, 0x000000008e800000|100%| O|  |TAMS 0x000000008e800000, 0x000000008e700000| Untracked 
| 232|0x000000008e800000, 0x000000008e900000, 0x000000008e900000|100%| O|  |TAMS 0x000000008e900000, 0x000000008e800000| Untracked 
| 233|0x000000008e900000, 0x000000008ea00000, 0x000000008ea00000|100%| O|  |TAMS 0x000000008ea00000, 0x000000008e900000| Untracked 
| 234|0x000000008ea00000, 0x000000008eb00000, 0x000000008eb00000|100%| O|  |TAMS 0x000000008eb00000, 0x000000008ea00000| Untracked 
| 235|0x000000008eb00000, 0x000000008ec00000, 0x000000008ec00000|100%| O|  |TAMS 0x000000008ec00000, 0x000000008eb00000| Updating 
| 236|0x000000008ec00000, 0x000000008ed00000, 0x000000008ed00000|100%| O|  |TAMS 0x000000008ed00000, 0x000000008ec00000| Untracked 
| 237|0x000000008ed00000, 0x000000008ee00000, 0x000000008ee00000|100%| O|  |TAMS 0x000000008ee00000, 0x000000008ed00000| Untracked 
| 238|0x000000008ee00000, 0x000000008ef00000, 0x000000008ef00000|100%| O|  |TAMS 0x000000008ef00000, 0x000000008ee00000| Untracked 
| 239|0x000000008ef00000, 0x000000008f000000, 0x000000008f000000|100%| O|  |TAMS 0x000000008f000000, 0x000000008ef00000| Untracked 
| 240|0x000000008f000000, 0x000000008f100000, 0x000000008f100000|100%| O|  |TAMS 0x000000008f100000, 0x000000008f000000| Untracked 
| 241|0x000000008f100000, 0x000000008f200000, 0x000000008f200000|100%| O|  |TAMS 0x000000008f200000, 0x000000008f100000| Untracked 
| 242|0x000000008f200000, 0x000000008f300000, 0x000000008f300000|100%| O|  |TAMS 0x000000008f300000, 0x000000008f200000| Untracked 
| 243|0x000000008f300000, 0x000000008f400000, 0x000000008f400000|100%| O|  |TAMS 0x000000008f400000, 0x000000008f300000| Untracked 
| 244|0x000000008f400000, 0x000000008f500000, 0x000000008f500000|100%| O|  |TAMS 0x000000008f500000, 0x000000008f400000| Untracked 
| 245|0x000000008f500000, 0x000000008f600000, 0x000000008f600000|100%| O|  |TAMS 0x000000008f600000, 0x000000008f500000| Untracked 
| 246|0x000000008f600000, 0x000000008f700000, 0x000000008f700000|100%| O|  |TAMS 0x000000008f700000, 0x000000008f600000| Untracked 
| 247|0x000000008f700000, 0x000000008f800000, 0x000000008f800000|100%| O|  |TAMS 0x000000008f7b8400, 0x000000008f700000| Updating 
| 248|0x000000008f800000, 0x000000008f900000, 0x000000008f900000|100%| O|  |TAMS 0x000000008f800000, 0x000000008f800000| Untracked 
| 249|0x000000008f900000, 0x000000008fa00000, 0x000000008fa00000|100%| O|  |TAMS 0x000000008f900000, 0x000000008f900000| Untracked 
| 250|0x000000008fa00000, 0x000000008fb00000, 0x000000008fb00000|100%| O|  |TAMS 0x000000008fa00000, 0x000000008fa00000| Untracked 
| 251|0x000000008fb00000, 0x000000008fc00000, 0x000000008fc00000|100%| O|  |TAMS 0x000000008fb00000, 0x000000008fb00000| Untracked 
| 252|0x000000008fc00000, 0x000000008fd00000, 0x000000008fd00000|100%| O|  |TAMS 0x000000008fc00000, 0x000000008fc00000| Untracked 
| 253|0x000000008fd00000, 0x000000008fe00000, 0x000000008fe00000|100%| O|  |TAMS 0x000000008fd00000, 0x000000008fd00000| Untracked 
| 254|0x000000008fe00000, 0x000000008ff00000, 0x000000008ff00000|100%| O|  |TAMS 0x000000008fe00000, 0x000000008fe00000| Untracked 
| 255|0x000000008ff00000, 0x0000000090000000, 0x0000000090000000|100%| O|  |TAMS 0x000000008ff00000, 0x000000008ff00000| Untracked 
| 256|0x0000000090000000, 0x0000000090100000, 0x0000000090100000|100%| O|  |TAMS 0x0000000090000000, 0x0000000090000000| Untracked 
| 257|0x0000000090100000, 0x0000000090200000, 0x0000000090200000|100%| O|  |TAMS 0x0000000090100000, 0x0000000090100000| Untracked 
| 258|0x0000000090200000, 0x0000000090300000, 0x0000000090300000|100%| O|  |TAMS 0x0000000090200000, 0x0000000090200000| Untracked 
| 259|0x0000000090300000, 0x0000000090400000, 0x0000000090400000|100%| O|  |TAMS 0x0000000090300000, 0x0000000090300000| Untracked 
| 260|0x0000000090400000, 0x0000000090500000, 0x0000000090500000|100%| O|  |TAMS 0x0000000090400000, 0x0000000090400000| Untracked 
| 261|0x0000000090500000, 0x0000000090600000, 0x0000000090600000|100%| O|  |TAMS 0x0000000090500000, 0x0000000090500000| Untracked 
| 262|0x0000000090600000, 0x0000000090700000, 0x0000000090700000|100%| O|  |TAMS 0x0000000090600000, 0x0000000090600000| Untracked 
| 263|0x0000000090700000, 0x0000000090800000, 0x0000000090800000|100%| O|  |TAMS 0x0000000090700000, 0x0000000090700000| Untracked 
| 264|0x0000000090800000, 0x0000000090900000, 0x0000000090900000|100%| O|  |TAMS 0x0000000090800000, 0x0000000090800000| Untracked 
| 265|0x0000000090900000, 0x0000000090a00000, 0x0000000090a00000|100%| O|  |TAMS 0x0000000090900000, 0x0000000090900000| Untracked 
| 266|0x0000000090a00000, 0x0000000090b00000, 0x0000000090b00000|100%| O|  |TAMS 0x0000000090a00000, 0x0000000090a00000| Untracked 
| 267|0x0000000090b00000, 0x0000000090c00000, 0x0000000090c00000|100%| O|  |TAMS 0x0000000090b00000, 0x0000000090b00000| Untracked 
| 268|0x0000000090c00000, 0x0000000090d00000, 0x0000000090d00000|100%| O|  |TAMS 0x0000000090c00000, 0x0000000090c00000| Untracked 
| 269|0x0000000090d00000, 0x0000000090e00000, 0x0000000090e00000|100%| O|  |TAMS 0x0000000090d00000, 0x0000000090d00000| Untracked 
| 270|0x0000000090e00000, 0x0000000090f00000, 0x0000000090f00000|100%| O|  |TAMS 0x0000000090e00000, 0x0000000090e00000| Untracked 
| 271|0x0000000090f00000, 0x0000000090fa3c00, 0x0000000091000000| 63%| O|  |TAMS 0x0000000090f00000, 0x0000000090f00000| Untracked 
| 272|0x0000000091000000, 0x0000000091000000, 0x0000000091100000|  0%| F|  |TAMS 0x0000000091000000, 0x0000000091000000| Untracked 
| 273|0x0000000091100000, 0x0000000091100000, 0x0000000091200000|  0%| F|  |TAMS 0x0000000091100000, 0x0000000091100000| Untracked 
| 274|0x0000000091200000, 0x0000000091200000, 0x0000000091300000|  0%| F|  |TAMS 0x0000000091200000, 0x0000000091200000| Untracked 
| 275|0x0000000091300000, 0x0000000091300000, 0x0000000091400000|  0%| F|  |TAMS 0x0000000091300000, 0x0000000091300000| Untracked 
| 276|0x0000000091400000, 0x0000000091400000, 0x0000000091500000|  0%| F|  |TAMS 0x0000000091400000, 0x0000000091400000| Untracked 
| 277|0x0000000091500000, 0x0000000091500000, 0x0000000091600000|  0%| F|  |TAMS 0x0000000091500000, 0x0000000091500000| Untracked 
| 278|0x0000000091600000, 0x0000000091600000, 0x0000000091700000|  0%| F|  |TAMS 0x0000000091600000, 0x0000000091600000| Untracked 
| 279|0x0000000091700000, 0x0000000091700000, 0x0000000091800000|  0%| F|  |TAMS 0x0000000091700000, 0x0000000091700000| Untracked 
| 280|0x0000000091800000, 0x0000000091800000, 0x0000000091900000|  0%| F|  |TAMS 0x0000000091800000, 0x0000000091800000| Untracked 
| 281|0x0000000091900000, 0x0000000091900000, 0x0000000091a00000|  0%| F|  |TAMS 0x0000000091900000, 0x0000000091900000| Untracked 
| 282|0x0000000091a00000, 0x0000000091a00000, 0x0000000091b00000|  0%| F|  |TAMS 0x0000000091a00000, 0x0000000091a00000| Untracked 
| 283|0x0000000091b00000, 0x0000000091b00000, 0x0000000091c00000|  0%| F|  |TAMS 0x0000000091b00000, 0x0000000091b00000| Untracked 
| 284|0x0000000091c00000, 0x0000000091c00000, 0x0000000091d00000|  0%| F|  |TAMS 0x0000000091c00000, 0x0000000091c00000| Untracked 
| 285|0x0000000091d00000, 0x0000000091d00000, 0x0000000091e00000|  0%| F|  |TAMS 0x0000000091d00000, 0x0000000091d00000| Untracked 
| 286|0x0000000091e00000, 0x0000000091e00000, 0x0000000091f00000|  0%| F|  |TAMS 0x0000000091e00000, 0x0000000091e00000| Untracked 
| 287|0x0000000091f00000, 0x0000000091f00000, 0x0000000092000000|  0%| F|  |TAMS 0x0000000091f00000, 0x0000000091f00000| Untracked 
| 288|0x0000000092000000, 0x0000000092000000, 0x0000000092100000|  0%| F|  |TAMS 0x0000000092000000, 0x0000000092000000| Untracked 
| 289|0x0000000092100000, 0x0000000092100000, 0x0000000092200000|  0%| F|  |TAMS 0x0000000092100000, 0x0000000092100000| Untracked 
| 290|0x0000000092200000, 0x0000000092200000, 0x0000000092300000|  0%| F|  |TAMS 0x0000000092200000, 0x0000000092200000| Untracked 
| 291|0x0000000092300000, 0x0000000092300000, 0x0000000092400000|  0%| F|  |TAMS 0x0000000092300000, 0x0000000092300000| Untracked 
| 292|0x0000000092400000, 0x0000000092400000, 0x0000000092500000|  0%| F|  |TAMS 0x0000000092400000, 0x0000000092400000| Untracked 
| 293|0x0000000092500000, 0x0000000092500000, 0x0000000092600000|  0%| F|  |TAMS 0x0000000092500000, 0x0000000092500000| Untracked 
| 294|0x0000000092600000, 0x0000000092600000, 0x0000000092700000|  0%| F|  |TAMS 0x0000000092600000, 0x0000000092600000| Untracked 
| 295|0x0000000092700000, 0x0000000092700000, 0x0000000092800000|  0%| F|  |TAMS 0x0000000092700000, 0x0000000092700000| Untracked 
| 296|0x0000000092800000, 0x0000000092800000, 0x0000000092900000|  0%| F|  |TAMS 0x0000000092800000, 0x0000000092800000| Untracked 
| 297|0x0000000092900000, 0x0000000092900000, 0x0000000092a00000|  0%| F|  |TAMS 0x0000000092900000, 0x0000000092900000| Untracked 
| 298|0x0000000092a00000, 0x0000000092a00000, 0x0000000092b00000|  0%| F|  |TAMS 0x0000000092a00000, 0x0000000092a00000| Untracked 
| 299|0x0000000092b00000, 0x0000000092b00000, 0x0000000092c00000|  0%| F|  |TAMS 0x0000000092b00000, 0x0000000092b00000| Untracked 
| 300|0x0000000092c00000, 0x0000000092c00000, 0x0000000092d00000|  0%| F|  |TAMS 0x0000000092c00000, 0x0000000092c00000| Untracked 
| 301|0x0000000092d00000, 0x0000000092d00000, 0x0000000092e00000|  0%| F|  |TAMS 0x0000000092d00000, 0x0000000092d00000| Untracked 
| 302|0x0000000092e00000, 0x0000000092e00000, 0x0000000092f00000|  0%| F|  |TAMS 0x0000000092e00000, 0x0000000092e00000| Untracked 
| 303|0x0000000092f00000, 0x0000000092f00000, 0x0000000093000000|  0%| F|  |TAMS 0x0000000092f00000, 0x0000000092f00000| Untracked 
| 304|0x0000000093000000, 0x0000000093000000, 0x0000000093100000|  0%| F|  |TAMS 0x0000000093000000, 0x0000000093000000| Untracked 
| 305|0x0000000093100000, 0x0000000093100000, 0x0000000093200000|  0%| F|  |TAMS 0x0000000093100000, 0x0000000093100000| Untracked 
| 306|0x0000000093200000, 0x0000000093200000, 0x0000000093300000|  0%| F|  |TAMS 0x0000000093200000, 0x0000000093200000| Untracked 
| 307|0x0000000093300000, 0x0000000093300000, 0x0000000093400000|  0%| F|  |TAMS 0x0000000093300000, 0x0000000093300000| Untracked 
| 308|0x0000000093400000, 0x0000000093400000, 0x0000000093500000|  0%| F|  |TAMS 0x0000000093400000, 0x0000000093400000| Untracked 
| 309|0x0000000093500000, 0x0000000093500000, 0x0000000093600000|  0%| F|  |TAMS 0x0000000093500000, 0x0000000093500000| Untracked 
| 310|0x0000000093600000, 0x0000000093600000, 0x0000000093700000|  0%| F|  |TAMS 0x0000000093600000, 0x0000000093600000| Untracked 
| 311|0x0000000093700000, 0x0000000093700000, 0x0000000093800000|  0%| F|  |TAMS 0x0000000093700000, 0x0000000093700000| Untracked 
| 312|0x0000000093800000, 0x0000000093800000, 0x0000000093900000|  0%| F|  |TAMS 0x0000000093800000, 0x0000000093800000| Untracked 
| 313|0x0000000093900000, 0x0000000093900000, 0x0000000093a00000|  0%| F|  |TAMS 0x0000000093900000, 0x0000000093900000| Untracked 
| 314|0x0000000093a00000, 0x0000000093a00000, 0x0000000093b00000|  0%| F|  |TAMS 0x0000000093a00000, 0x0000000093a00000| Untracked 
| 315|0x0000000093b00000, 0x0000000093b00000, 0x0000000093c00000|  0%| F|  |TAMS 0x0000000093b00000, 0x0000000093b00000| Untracked 
| 316|0x0000000093c00000, 0x0000000093c00000, 0x0000000093d00000|  0%| F|  |TAMS 0x0000000093c00000, 0x0000000093c00000| Untracked 
| 317|0x0000000093d00000, 0x0000000093d00000, 0x0000000093e00000|  0%| F|  |TAMS 0x0000000093d00000, 0x0000000093d00000| Untracked 
| 318|0x0000000093e00000, 0x0000000093e00000, 0x0000000093f00000|  0%| F|  |TAMS 0x0000000093e00000, 0x0000000093e00000| Untracked 
| 319|0x0000000093f00000, 0x0000000093f00000, 0x0000000094000000|  0%| F|  |TAMS 0x0000000093f00000, 0x0000000093f00000| Untracked 
| 320|0x0000000094000000, 0x0000000094000000, 0x0000000094100000|  0%| F|  |TAMS 0x0000000094000000, 0x0000000094000000| Untracked 
| 321|0x0000000094100000, 0x0000000094100000, 0x0000000094200000|  0%| F|  |TAMS 0x0000000094100000, 0x0000000094100000| Untracked 
| 322|0x0000000094200000, 0x0000000094200000, 0x0000000094300000|  0%| F|  |TAMS 0x0000000094200000, 0x0000000094200000| Untracked 
| 323|0x0000000094300000, 0x0000000094300000, 0x0000000094400000|  0%| F|  |TAMS 0x0000000094300000, 0x0000000094300000| Untracked 
| 324|0x0000000094400000, 0x0000000094400000, 0x0000000094500000|  0%| F|  |TAMS 0x0000000094400000, 0x0000000094400000| Untracked 
| 325|0x0000000094500000, 0x0000000094500000, 0x0000000094600000|  0%| F|  |TAMS 0x0000000094500000, 0x0000000094500000| Untracked 
| 326|0x0000000094600000, 0x0000000094600000, 0x0000000094700000|  0%| F|  |TAMS 0x0000000094600000, 0x0000000094600000| Untracked 
| 327|0x0000000094700000, 0x0000000094700000, 0x0000000094800000|  0%| F|  |TAMS 0x0000000094700000, 0x0000000094700000| Untracked 
| 328|0x0000000094800000, 0x0000000094800000, 0x0000000094900000|  0%| F|  |TAMS 0x0000000094800000, 0x0000000094800000| Untracked 
| 329|0x0000000094900000, 0x0000000094900000, 0x0000000094a00000|  0%| F|  |TAMS 0x0000000094900000, 0x0000000094900000| Untracked 
| 330|0x0000000094a00000, 0x0000000094a00000, 0x0000000094b00000|  0%| F|  |TAMS 0x0000000094a00000, 0x0000000094a00000| Untracked 
| 331|0x0000000094b00000, 0x0000000094b00000, 0x0000000094c00000|  0%| F|  |TAMS 0x0000000094b00000, 0x0000000094b00000| Untracked 
| 332|0x0000000094c00000, 0x0000000094c00000, 0x0000000094d00000|  0%| F|  |TAMS 0x0000000094c00000, 0x0000000094c00000| Untracked 
| 333|0x0000000094d00000, 0x0000000094d00000, 0x0000000094e00000|  0%| F|  |TAMS 0x0000000094d00000, 0x0000000094d00000| Untracked 
| 334|0x0000000094e00000, 0x0000000094e00000, 0x0000000094f00000|  0%| F|  |TAMS 0x0000000094e00000, 0x0000000094e00000| Untracked 
| 335|0x0000000094f00000, 0x0000000094f00000, 0x0000000095000000|  0%| F|  |TAMS 0x0000000094f00000, 0x0000000094f00000| Untracked 
| 336|0x0000000095000000, 0x0000000095000000, 0x0000000095100000|  0%| F|  |TAMS 0x0000000095000000, 0x0000000095000000| Untracked 
| 337|0x0000000095100000, 0x0000000095100000, 0x0000000095200000|  0%| F|  |TAMS 0x0000000095100000, 0x0000000095100000| Untracked 
| 338|0x0000000095200000, 0x0000000095200000, 0x0000000095300000|  0%| F|  |TAMS 0x0000000095200000, 0x0000000095200000| Untracked 
| 339|0x0000000095300000, 0x0000000095300000, 0x0000000095400000|  0%| F|  |TAMS 0x0000000095300000, 0x0000000095300000| Untracked 
| 340|0x0000000095400000, 0x0000000095400000, 0x0000000095500000|  0%| F|  |TAMS 0x0000000095400000, 0x0000000095400000| Untracked 
| 341|0x0000000095500000, 0x0000000095500000, 0x0000000095600000|  0%| F|  |TAMS 0x0000000095500000, 0x0000000095500000| Untracked 
| 342|0x0000000095600000, 0x0000000095600000, 0x0000000095700000|  0%| F|  |TAMS 0x0000000095600000, 0x0000000095600000| Untracked 
| 343|0x0000000095700000, 0x0000000095700000, 0x0000000095800000|  0%| F|  |TAMS 0x0000000095700000, 0x0000000095700000| Untracked 
| 344|0x0000000095800000, 0x0000000095800000, 0x0000000095900000|  0%| F|  |TAMS 0x0000000095800000, 0x0000000095800000| Untracked 
| 345|0x0000000095900000, 0x0000000095900000, 0x0000000095a00000|  0%| F|  |TAMS 0x0000000095900000, 0x0000000095900000| Untracked 
| 346|0x0000000095a00000, 0x0000000095a00000, 0x0000000095b00000|  0%| F|  |TAMS 0x0000000095a00000, 0x0000000095a00000| Untracked 
| 347|0x0000000095b00000, 0x0000000095b00000, 0x0000000095c00000|  0%| F|  |TAMS 0x0000000095b00000, 0x0000000095b00000| Untracked 
| 348|0x0000000095c00000, 0x0000000095c00000, 0x0000000095d00000|  0%| F|  |TAMS 0x0000000095c00000, 0x0000000095c00000| Untracked 
| 349|0x0000000095d00000, 0x0000000095d00000, 0x0000000095e00000|  0%| F|  |TAMS 0x0000000095d00000, 0x0000000095d00000| Untracked 
| 350|0x0000000095e00000, 0x0000000095e00000, 0x0000000095f00000|  0%| F|  |TAMS 0x0000000095e00000, 0x0000000095e00000| Untracked 
| 351|0x0000000095f00000, 0x0000000095f00000, 0x0000000096000000|  0%| F|  |TAMS 0x0000000095f00000, 0x0000000095f00000| Untracked 
| 352|0x0000000096000000, 0x0000000096000000, 0x0000000096100000|  0%| F|  |TAMS 0x0000000096000000, 0x0000000096000000| Untracked 
| 353|0x0000000096100000, 0x0000000096100000, 0x0000000096200000|  0%| F|  |TAMS 0x0000000096100000, 0x0000000096100000| Untracked 
| 354|0x0000000096200000, 0x0000000096200000, 0x0000000096300000|  0%| F|  |TAMS 0x0000000096200000, 0x0000000096200000| Untracked 
| 355|0x0000000096300000, 0x0000000096300000, 0x0000000096400000|  0%| F|  |TAMS 0x0000000096300000, 0x0000000096300000| Untracked 
| 356|0x0000000096400000, 0x0000000096400000, 0x0000000096500000|  0%| F|  |TAMS 0x0000000096400000, 0x0000000096400000| Untracked 
| 357|0x0000000096500000, 0x0000000096500000, 0x0000000096600000|  0%| F|  |TAMS 0x0000000096500000, 0x0000000096500000| Untracked 
| 358|0x0000000096600000, 0x0000000096600000, 0x0000000096700000|  0%| F|  |TAMS 0x0000000096600000, 0x0000000096600000| Untracked 
| 359|0x0000000096700000, 0x0000000096700000, 0x0000000096800000|  0%| F|  |TAMS 0x0000000096700000, 0x0000000096700000| Untracked 
| 360|0x0000000096800000, 0x0000000096800000, 0x0000000096900000|  0%| F|  |TAMS 0x0000000096800000, 0x0000000096800000| Untracked 
| 361|0x0000000096900000, 0x0000000096900000, 0x0000000096a00000|  0%| F|  |TAMS 0x0000000096900000, 0x0000000096900000| Untracked 
| 362|0x0000000096a00000, 0x0000000096a00000, 0x0000000096b00000|  0%| F|  |TAMS 0x0000000096a00000, 0x0000000096a00000| Untracked 
| 363|0x0000000096b00000, 0x0000000096b00000, 0x0000000096c00000|  0%| F|  |TAMS 0x0000000096b00000, 0x0000000096b00000| Untracked 
| 364|0x0000000096c00000, 0x0000000096c00000, 0x0000000096d00000|  0%| F|  |TAMS 0x0000000096c00000, 0x0000000096c00000| Untracked 
| 365|0x0000000096d00000, 0x0000000096d00000, 0x0000000096e00000|  0%| F|  |TAMS 0x0000000096d00000, 0x0000000096d00000| Untracked 
| 366|0x0000000096e00000, 0x0000000096e00000, 0x0000000096f00000|  0%| F|  |TAMS 0x0000000096e00000, 0x0000000096e00000| Untracked 
| 367|0x0000000096f00000, 0x0000000096f00000, 0x0000000097000000|  0%| F|  |TAMS 0x0000000096f00000, 0x0000000096f00000| Untracked 
| 368|0x0000000097000000, 0x0000000097000000, 0x0000000097100000|  0%| F|  |TAMS 0x0000000097000000, 0x0000000097000000| Untracked 
| 369|0x0000000097100000, 0x0000000097100000, 0x0000000097200000|  0%| F|  |TAMS 0x0000000097100000, 0x0000000097100000| Untracked 
| 370|0x0000000097200000, 0x0000000097200000, 0x0000000097300000|  0%| F|  |TAMS 0x0000000097200000, 0x0000000097200000| Untracked 
| 371|0x0000000097300000, 0x0000000097300000, 0x0000000097400000|  0%| F|  |TAMS 0x0000000097300000, 0x0000000097300000| Untracked 
| 372|0x0000000097400000, 0x0000000097400000, 0x0000000097500000|  0%| F|  |TAMS 0x0000000097400000, 0x0000000097400000| Untracked 
| 373|0x0000000097500000, 0x0000000097500000, 0x0000000097600000|  0%| F|  |TAMS 0x0000000097500000, 0x0000000097500000| Untracked 
| 374|0x0000000097600000, 0x0000000097600000, 0x0000000097700000|  0%| F|  |TAMS 0x0000000097600000, 0x0000000097600000| Untracked 
| 375|0x0000000097700000, 0x0000000097700000, 0x0000000097800000|  0%| F|  |TAMS 0x0000000097700000, 0x0000000097700000| Untracked 
| 376|0x0000000097800000, 0x0000000097800000, 0x0000000097900000|  0%| F|  |TAMS 0x0000000097800000, 0x0000000097800000| Untracked 
| 377|0x0000000097900000, 0x0000000097900000, 0x0000000097a00000|  0%| F|  |TAMS 0x0000000097900000, 0x0000000097900000| Untracked 
| 378|0x0000000097a00000, 0x0000000097a00000, 0x0000000097b00000|  0%| F|  |TAMS 0x0000000097a00000, 0x0000000097a00000| Untracked 
| 379|0x0000000097b00000, 0x0000000097b00000, 0x0000000097c00000|  0%| F|  |TAMS 0x0000000097b00000, 0x0000000097b00000| Untracked 
| 380|0x0000000097c00000, 0x0000000097c00000, 0x0000000097d00000|  0%| F|  |TAMS 0x0000000097c00000, 0x0000000097c00000| Untracked 
| 381|0x0000000097d00000, 0x0000000097d00000, 0x0000000097e00000|  0%| F|  |TAMS 0x0000000097d00000, 0x0000000097d00000| Untracked 
| 382|0x0000000097e00000, 0x0000000097e00000, 0x0000000097f00000|  0%| F|  |TAMS 0x0000000097e00000, 0x0000000097e00000| Untracked 
| 383|0x0000000097f00000, 0x0000000097f00000, 0x0000000098000000|  0%| F|  |TAMS 0x0000000097f00000, 0x0000000097f00000| Untracked 
| 384|0x0000000098000000, 0x0000000098000000, 0x0000000098100000|  0%| F|  |TAMS 0x0000000098000000, 0x0000000098000000| Untracked 
| 385|0x0000000098100000, 0x0000000098100000, 0x0000000098200000|  0%| F|  |TAMS 0x0000000098100000, 0x0000000098100000| Untracked 
| 386|0x0000000098200000, 0x0000000098200000, 0x0000000098300000|  0%| F|  |TAMS 0x0000000098200000, 0x0000000098200000| Untracked 
| 387|0x0000000098300000, 0x0000000098300000, 0x0000000098400000|  0%| F|  |TAMS 0x0000000098300000, 0x0000000098300000| Untracked 
| 388|0x0000000098400000, 0x0000000098400000, 0x0000000098500000|  0%| F|  |TAMS 0x0000000098400000, 0x0000000098400000| Untracked 
| 389|0x0000000098500000, 0x0000000098500000, 0x0000000098600000|  0%| F|  |TAMS 0x0000000098500000, 0x0000000098500000| Untracked 
| 390|0x0000000098600000, 0x0000000098600000, 0x0000000098700000|  0%| F|  |TAMS 0x0000000098600000, 0x0000000098600000| Untracked 
| 391|0x0000000098700000, 0x0000000098700000, 0x0000000098800000|  0%| F|  |TAMS 0x0000000098700000, 0x0000000098700000| Untracked 
| 392|0x0000000098800000, 0x0000000098800000, 0x0000000098900000|  0%| F|  |TAMS 0x0000000098800000, 0x0000000098800000| Untracked 
| 393|0x0000000098900000, 0x0000000098900000, 0x0000000098a00000|  0%| F|  |TAMS 0x0000000098900000, 0x0000000098900000| Untracked 
| 394|0x0000000098a00000, 0x0000000098a00000, 0x0000000098b00000|  0%| F|  |TAMS 0x0000000098a00000, 0x0000000098a00000| Untracked 
| 395|0x0000000098b00000, 0x0000000098b00000, 0x0000000098c00000|  0%| F|  |TAMS 0x0000000098b00000, 0x0000000098b00000| Untracked 
| 396|0x0000000098c00000, 0x0000000098c00000, 0x0000000098d00000|  0%| F|  |TAMS 0x0000000098c00000, 0x0000000098c00000| Untracked 
| 397|0x0000000098d00000, 0x0000000098d00000, 0x0000000098e00000|  0%| F|  |TAMS 0x0000000098d00000, 0x0000000098d00000| Untracked 
| 398|0x0000000098e00000, 0x0000000098e00000, 0x0000000098f00000|  0%| F|  |TAMS 0x0000000098e00000, 0x0000000098e00000| Untracked 
| 399|0x0000000098f00000, 0x0000000098f00000, 0x0000000099000000|  0%| F|  |TAMS 0x0000000098f00000, 0x0000000098f00000| Untracked 
| 400|0x0000000099000000, 0x0000000099000000, 0x0000000099100000|  0%| F|  |TAMS 0x0000000099000000, 0x0000000099000000| Untracked 
| 401|0x0000000099100000, 0x0000000099100000, 0x0000000099200000|  0%| F|  |TAMS 0x0000000099100000, 0x0000000099100000| Untracked 
| 402|0x0000000099200000, 0x0000000099200000, 0x0000000099300000|  0%| F|  |TAMS 0x0000000099200000, 0x0000000099200000| Untracked 
| 403|0x0000000099300000, 0x0000000099300000, 0x0000000099400000|  0%| F|  |TAMS 0x0000000099300000, 0x0000000099300000| Untracked 
| 404|0x0000000099400000, 0x0000000099400000, 0x0000000099500000|  0%| F|  |TAMS 0x0000000099400000, 0x0000000099400000| Untracked 
| 405|0x0000000099500000, 0x0000000099500000, 0x0000000099600000|  0%| F|  |TAMS 0x0000000099500000, 0x0000000099500000| Untracked 
| 406|0x0000000099600000, 0x0000000099600000, 0x0000000099700000|  0%| F|  |TAMS 0x0000000099600000, 0x0000000099600000| Untracked 
| 407|0x0000000099700000, 0x0000000099700000, 0x0000000099800000|  0%| F|  |TAMS 0x0000000099700000, 0x0000000099700000| Untracked 
| 408|0x0000000099800000, 0x0000000099800000, 0x0000000099900000|  0%| F|  |TAMS 0x0000000099800000, 0x0000000099800000| Untracked 
| 409|0x0000000099900000, 0x0000000099900000, 0x0000000099a00000|  0%| F|  |TAMS 0x0000000099900000, 0x0000000099900000| Untracked 
| 410|0x0000000099a00000, 0x0000000099a00000, 0x0000000099b00000|  0%| F|  |TAMS 0x0000000099a00000, 0x0000000099a00000| Untracked 
| 411|0x0000000099b00000, 0x0000000099b00000, 0x0000000099c00000|  0%| F|  |TAMS 0x0000000099b00000, 0x0000000099b00000| Untracked 
| 412|0x0000000099c00000, 0x0000000099c00000, 0x0000000099d00000|  0%| F|  |TAMS 0x0000000099c00000, 0x0000000099c00000| Untracked 
| 413|0x0000000099d00000, 0x0000000099d00000, 0x0000000099e00000|  0%| F|  |TAMS 0x0000000099d00000, 0x0000000099d00000| Untracked 
| 414|0x0000000099e00000, 0x0000000099e00000, 0x0000000099f00000|  0%| F|  |TAMS 0x0000000099e00000, 0x0000000099e00000| Untracked 
| 415|0x0000000099f00000, 0x0000000099f00000, 0x000000009a000000|  0%| F|  |TAMS 0x0000000099f00000, 0x0000000099f00000| Untracked 
| 416|0x000000009a000000, 0x000000009a000000, 0x000000009a100000|  0%| F|  |TAMS 0x000000009a000000, 0x000000009a000000| Untracked 
| 417|0x000000009a100000, 0x000000009a100000, 0x000000009a200000|  0%| F|  |TAMS 0x000000009a100000, 0x000000009a100000| Untracked 
| 418|0x000000009a200000, 0x000000009a200000, 0x000000009a300000|  0%| F|  |TAMS 0x000000009a200000, 0x000000009a200000| Untracked 
| 419|0x000000009a300000, 0x000000009a300000, 0x000000009a400000|  0%| F|  |TAMS 0x000000009a300000, 0x000000009a300000| Untracked 
| 420|0x000000009a400000, 0x000000009a400000, 0x000000009a500000|  0%| F|  |TAMS 0x000000009a400000, 0x000000009a400000| Untracked 
| 421|0x000000009a500000, 0x000000009a500000, 0x000000009a600000|  0%| F|  |TAMS 0x000000009a500000, 0x000000009a500000| Untracked 
| 422|0x000000009a600000, 0x000000009a600000, 0x000000009a700000|  0%| F|  |TAMS 0x000000009a600000, 0x000000009a600000| Untracked 
| 423|0x000000009a700000, 0x000000009a700000, 0x000000009a800000|  0%| F|  |TAMS 0x000000009a700000, 0x000000009a700000| Untracked 
| 424|0x000000009a800000, 0x000000009a800000, 0x000000009a900000|  0%| F|  |TAMS 0x000000009a800000, 0x000000009a800000| Untracked 
| 425|0x000000009a900000, 0x000000009a900000, 0x000000009aa00000|  0%| F|  |TAMS 0x000000009a900000, 0x000000009a900000| Untracked 
| 426|0x000000009aa00000, 0x000000009aa00000, 0x000000009ab00000|  0%| F|  |TAMS 0x000000009aa00000, 0x000000009aa00000| Untracked 
| 427|0x000000009ab00000, 0x000000009ab00000, 0x000000009ac00000|  0%| F|  |TAMS 0x000000009ab00000, 0x000000009ab00000| Untracked 
| 428|0x000000009ac00000, 0x000000009ac00000, 0x000000009ad00000|  0%| F|  |TAMS 0x000000009ac00000, 0x000000009ac00000| Untracked 
| 429|0x000000009ad00000, 0x000000009ad00000, 0x000000009ae00000|  0%| F|  |TAMS 0x000000009ad00000, 0x000000009ad00000| Untracked 
| 430|0x000000009ae00000, 0x000000009ae00000, 0x000000009af00000|  0%| F|  |TAMS 0x000000009ae00000, 0x000000009ae00000| Untracked 
| 431|0x000000009af00000, 0x000000009af00000, 0x000000009b000000|  0%| F|  |TAMS 0x000000009af00000, 0x000000009af00000| Untracked 
| 432|0x000000009b000000, 0x000000009b000000, 0x000000009b100000|  0%| F|  |TAMS 0x000000009b000000, 0x000000009b000000| Untracked 
| 433|0x000000009b100000, 0x000000009b100000, 0x000000009b200000|  0%| F|  |TAMS 0x000000009b100000, 0x000000009b100000| Untracked 
| 434|0x000000009b200000, 0x000000009b200000, 0x000000009b300000|  0%| F|  |TAMS 0x000000009b200000, 0x000000009b200000| Untracked 
| 435|0x000000009b300000, 0x000000009b300000, 0x000000009b400000|  0%| F|  |TAMS 0x000000009b300000, 0x000000009b300000| Untracked 
| 436|0x000000009b400000, 0x000000009b400000, 0x000000009b500000|  0%| F|  |TAMS 0x000000009b400000, 0x000000009b400000| Untracked 
| 437|0x000000009b500000, 0x000000009b500000, 0x000000009b600000|  0%| F|  |TAMS 0x000000009b500000, 0x000000009b500000| Untracked 
| 438|0x000000009b600000, 0x000000009b600000, 0x000000009b700000|  0%| F|  |TAMS 0x000000009b600000, 0x000000009b600000| Untracked 
| 439|0x000000009b700000, 0x000000009b700000, 0x000000009b800000|  0%| F|  |TAMS 0x000000009b700000, 0x000000009b700000| Untracked 
| 440|0x000000009b800000, 0x000000009b800000, 0x000000009b900000|  0%| F|  |TAMS 0x000000009b800000, 0x000000009b800000| Untracked 
| 441|0x000000009b900000, 0x000000009b900000, 0x000000009ba00000|  0%| F|  |TAMS 0x000000009b900000, 0x000000009b900000| Untracked 
| 442|0x000000009ba00000, 0x000000009ba00000, 0x000000009bb00000|  0%| F|  |TAMS 0x000000009ba00000, 0x000000009ba00000| Untracked 
| 443|0x000000009bb00000, 0x000000009bb00000, 0x000000009bc00000|  0%| F|  |TAMS 0x000000009bb00000, 0x000000009bb00000| Untracked 
| 444|0x000000009bc00000, 0x000000009bc00000, 0x000000009bd00000|  0%| F|  |TAMS 0x000000009bc00000, 0x000000009bc00000| Untracked 
| 445|0x000000009bd00000, 0x000000009bd00000, 0x000000009be00000|  0%| F|  |TAMS 0x000000009bd00000, 0x000000009bd00000| Untracked 
| 446|0x000000009be00000, 0x000000009be00000, 0x000000009bf00000|  0%| F|  |TAMS 0x000000009be00000, 0x000000009be00000| Untracked 
| 447|0x000000009bf00000, 0x000000009bf00000, 0x000000009c000000|  0%| F|  |TAMS 0x000000009bf00000, 0x000000009bf00000| Untracked 
| 448|0x000000009c000000, 0x000000009c000000, 0x000000009c100000|  0%| F|  |TAMS 0x000000009c000000, 0x000000009c000000| Untracked 
| 449|0x000000009c100000, 0x000000009c100000, 0x000000009c200000|  0%| F|  |TAMS 0x000000009c100000, 0x000000009c100000| Untracked 
| 450|0x000000009c200000, 0x000000009c200000, 0x000000009c300000|  0%| F|  |TAMS 0x000000009c200000, 0x000000009c200000| Untracked 
| 451|0x000000009c300000, 0x000000009c300000, 0x000000009c400000|  0%| F|  |TAMS 0x000000009c300000, 0x000000009c300000| Untracked 
| 452|0x000000009c400000, 0x000000009c400000, 0x000000009c500000|  0%| F|  |TAMS 0x000000009c400000, 0x000000009c400000| Untracked 
| 453|0x000000009c500000, 0x000000009c500000, 0x000000009c600000|  0%| F|  |TAMS 0x000000009c500000, 0x000000009c500000| Untracked 
| 454|0x000000009c600000, 0x000000009c600000, 0x000000009c700000|  0%| F|  |TAMS 0x000000009c600000, 0x000000009c600000| Untracked 
| 455|0x000000009c700000, 0x000000009c700000, 0x000000009c800000|  0%| F|  |TAMS 0x000000009c700000, 0x000000009c700000| Untracked 
| 456|0x000000009c800000, 0x000000009c800000, 0x000000009c900000|  0%| F|  |TAMS 0x000000009c800000, 0x000000009c800000| Untracked 
| 457|0x000000009c900000, 0x000000009c900000, 0x000000009ca00000|  0%| F|  |TAMS 0x000000009c900000, 0x000000009c900000| Untracked 
| 458|0x000000009ca00000, 0x000000009ca00000, 0x000000009cb00000|  0%| F|  |TAMS 0x000000009ca00000, 0x000000009ca00000| Untracked 
| 459|0x000000009cb00000, 0x000000009cb00000, 0x000000009cc00000|  0%| F|  |TAMS 0x000000009cb00000, 0x000000009cb00000| Untracked 
| 460|0x000000009cc00000, 0x000000009cc00000, 0x000000009cd00000|  0%| F|  |TAMS 0x000000009cc00000, 0x000000009cc00000| Untracked 
| 461|0x000000009cd00000, 0x000000009cd00000, 0x000000009ce00000|  0%| F|  |TAMS 0x000000009cd00000, 0x000000009cd00000| Untracked 
| 462|0x000000009ce00000, 0x000000009ce00000, 0x000000009cf00000|  0%| F|  |TAMS 0x000000009ce00000, 0x000000009ce00000| Untracked 
| 463|0x000000009cf00000, 0x000000009cf00000, 0x000000009d000000|  0%| F|  |TAMS 0x000000009cf00000, 0x000000009cf00000| Untracked 
| 464|0x000000009d000000, 0x000000009d000000, 0x000000009d100000|  0%| F|  |TAMS 0x000000009d000000, 0x000000009d000000| Untracked 
| 465|0x000000009d100000, 0x000000009d100000, 0x000000009d200000|  0%| F|  |TAMS 0x000000009d100000, 0x000000009d100000| Untracked 
| 466|0x000000009d200000, 0x000000009d200000, 0x000000009d300000|  0%| F|  |TAMS 0x000000009d200000, 0x000000009d200000| Untracked 
| 467|0x000000009d300000, 0x000000009d300000, 0x000000009d400000|  0%| F|  |TAMS 0x000000009d300000, 0x000000009d300000| Untracked 
| 468|0x000000009d400000, 0x000000009d400000, 0x000000009d500000|  0%| F|  |TAMS 0x000000009d400000, 0x000000009d400000| Untracked 
| 469|0x000000009d500000, 0x000000009d500000, 0x000000009d600000|  0%| F|  |TAMS 0x000000009d500000, 0x000000009d500000| Untracked 
| 470|0x000000009d600000, 0x000000009d600000, 0x000000009d700000|  0%| F|  |TAMS 0x000000009d600000, 0x000000009d600000| Untracked 
| 471|0x000000009d700000, 0x000000009d700000, 0x000000009d800000|  0%| F|  |TAMS 0x000000009d700000, 0x000000009d700000| Untracked 
| 472|0x000000009d800000, 0x000000009d800000, 0x000000009d900000|  0%| F|  |TAMS 0x000000009d800000, 0x000000009d800000| Untracked 
| 473|0x000000009d900000, 0x000000009d900000, 0x000000009da00000|  0%| F|  |TAMS 0x000000009d900000, 0x000000009d900000| Untracked 
| 474|0x000000009da00000, 0x000000009da00000, 0x000000009db00000|  0%| F|  |TAMS 0x000000009da00000, 0x000000009da00000| Untracked 
| 475|0x000000009db00000, 0x000000009dc00000, 0x000000009dc00000|100%| E|  |TAMS 0x000000009db00000, 0x000000009db00000| Complete 
| 476|0x000000009dc00000, 0x000000009dd00000, 0x000000009dd00000|100%| E|CS|TAMS 0x000000009dc00000, 0x000000009dc00000| Complete 
| 477|0x000000009dd00000, 0x000000009de00000, 0x000000009de00000|100%| E|CS|TAMS 0x000000009dd00000, 0x000000009dd00000| Complete 
| 478|0x000000009de00000, 0x000000009df00000, 0x000000009df00000|100%| E|CS|TAMS 0x000000009de00000, 0x000000009de00000| Complete 
| 479|0x000000009df00000, 0x000000009e000000, 0x000000009e000000|100%| E|CS|TAMS 0x000000009df00000, 0x000000009df00000| Complete 
| 480|0x000000009e000000, 0x000000009e100000, 0x000000009e100000|100%| E|CS|TAMS 0x000000009e000000, 0x000000009e000000| Complete 
| 481|0x000000009e100000, 0x000000009e200000, 0x000000009e200000|100%| E|CS|TAMS 0x000000009e100000, 0x000000009e100000| Complete 
| 482|0x000000009e200000, 0x000000009e300000, 0x000000009e300000|100%| S|CS|TAMS 0x000000009e200000, 0x000000009e200000| Complete 
| 483|0x000000009e300000, 0x000000009e400000, 0x000000009e400000|100%| S|CS|TAMS 0x000000009e300000, 0x000000009e300000| Complete 
| 484|0x000000009e400000, 0x000000009e500000, 0x000000009e500000|100%| S|CS|TAMS 0x000000009e400000, 0x000000009e400000| Complete 
| 485|0x000000009e500000, 0x000000009e600000, 0x000000009e600000|100%| S|CS|TAMS 0x000000009e500000, 0x000000009e500000| Complete 
| 486|0x000000009e600000, 0x000000009e700000, 0x000000009e700000|100%| S|CS|TAMS 0x000000009e600000, 0x000000009e600000| Complete 
| 487|0x000000009e700000, 0x000000009e800000, 0x000000009e800000|100%| S|CS|TAMS 0x000000009e700000, 0x000000009e700000| Complete 
| 488|0x000000009e800000, 0x000000009e900000, 0x000000009e900000|100%| S|CS|TAMS 0x000000009e800000, 0x000000009e800000| Complete 
| 489|0x000000009e900000, 0x000000009ea00000, 0x000000009ea00000|100%| S|CS|TAMS 0x000000009e900000, 0x000000009e900000| Complete 
| 490|0x000000009ea00000, 0x000000009eb00000, 0x000000009eb00000|100%| E|CS|TAMS 0x000000009ea00000, 0x000000009ea00000| Complete 
| 491|0x000000009eb00000, 0x000000009ec00000, 0x000000009ec00000|100%| E|CS|TAMS 0x000000009eb00000, 0x000000009eb00000| Complete 
| 492|0x000000009ec00000, 0x000000009ed00000, 0x000000009ed00000|100%| E|CS|TAMS 0x000000009ec00000, 0x000000009ec00000| Complete 
| 493|0x000000009ed00000, 0x000000009ee00000, 0x000000009ee00000|100%| E|CS|TAMS 0x000000009ed00000, 0x000000009ed00000| Complete 

Card table byte_map: [0x000001cfd1670000,0x000001cfd1a70000] _byte_map_base: 0x000001cfd1270000

Marking Bits (Prev, Next): (CMBitMap*) 0x000001cfbeab80a0, (CMBitMap*) 0x000001cfbeab80e0
 Prev Bits: [0x000001cfd1e70000, 0x000001cfd3e70000)
 Next Bits: [0x000001cfd3e70000, 0x000001cfd5e70000)

Polling page: 0x000001cfbca30000

Metaspace:

Usage:
  Non-class:    173.58 MB used.
      Class:     25.16 MB used.
       Both:    198.74 MB used.

Virtual space:
  Non-class space:      192.00 MB reserved,     174.06 MB ( 91%) committed,  3 nodes.
      Class space:        1.00 GB reserved,      25.56 MB (  2%) committed,  1 nodes.
             Both:        1.19 GB reserved,     199.62 MB ( 16%) committed. 

Chunk freelists:
   Non-Class:  1.83 MB
       Class:  6.39 MB
        Both:  8.22 MB

MaxMetaspaceSize: unlimited
CompressedClassSpaceSize: 1.00 GB
Initial GC threshold: 21.00 MB
Current GC threshold: 332.75 MB
CDS: off
MetaspaceReclaimPolicy: balanced
 - commit_granule_bytes: 65536.
 - commit_granule_words: 8192.
 - virtual_space_node_default_size: 8388608.
 - enlarge_chunks_in_place: 1.
 - new_chunks_are_fully_committed: 0.
 - uncommit_free_chunks: 1.
 - use_allocation_guard: 0.
 - handle_deallocations: 1.


Internal statistics:

num_allocs_failed_limit: 45.
num_arena_births: 1902.
num_arena_deaths: 412.
num_vsnodes_births: 4.
num_vsnodes_deaths: 0.
num_space_committed: 3190.
num_space_uncommitted: 0.
num_chunks_returned_to_freelist: 552.
num_chunks_taken_from_freelist: 9794.
num_chunk_merges: 228.
num_chunk_splits: 6909.
num_chunks_enlarged: 5088.
num_inconsistent_stats: 0.

CodeHeap 'non-profiled nmethods': size=120000Kb used=14683Kb max_used=14683Kb free=105316Kb
 bounds [0x000001cfc9a10000, 0x000001cfca870000, 0x000001cfd0f40000]
CodeHeap 'profiled nmethods': size=120000Kb used=47540Kb max_used=47540Kb free=72459Kb
 bounds [0x000001cfc1f40000, 0x000001cfc4db0000, 0x000001cfc9470000]
CodeHeap 'non-nmethods': size=5760Kb used=2610Kb max_used=2680Kb free=3150Kb
 bounds [0x000001cfc9470000, 0x000001cfc9710000, 0x000001cfc9a10000]
 total_blobs=23633 nmethods=22447 adapters=1096
 compilation: enabled
              stopped_count=0, restarted_count=0
 full_count=0

Compilation events (20 events):
Event: 6389.716 Thread 0x000001cfd8b0a080 nmethod 27597 0x000001cfca857e90 code [0x000001cfca858020, 0x000001cfca858118]
Event: 6389.716 Thread 0x000001cfd8b0a080 27596       4       org.apache.xerces.dom.ElementImpl::getNodeName (16 bytes)
Event: 6389.813 Thread 0x000001cfd8b0a080 nmethod 27596 0x000001cfca858290 code [0x000001cfca8585c0, 0x000001cfca85aba0]
Event: 6389.813 Thread 0x000001cfd8b0a080 27611       4       org.apache.xerces.dom.AttrImpl::getValue (176 bytes)
Event: 6389.846 Thread 0x000001cfd8b0a080 nmethod 27611 0x000001cfca85c990 code [0x000001cfca85cbc0, 0x000001cfca85de78]
Event: 6389.846 Thread 0x000001cfd8b0a080 27608       4       org.apache.xerces.dom.DeferredElementImpl::synchronizeData (96 bytes)
Event: 6389.905 Thread 0x000001cfd8b0aa30 27614 %     3       android.databinding.tool.reflection.SdkUtil$ApiChecker::buildFullLookup @ 124 (252 bytes)
Event: 6389.909 Thread 0x000001cfd8b0aa30 nmethod 27614% 0x000001cfc4da3410 code [0x000001cfc4da3a60, 0x000001cfc4da7658]
Event: 6389.914 Thread 0x000001cfd8b0aa30 27615       3       android.databinding.tool.reflection.SdkUtil$ApiChecker::buildFullLookup (252 bytes)
Event: 6389.918 Thread 0x000001cfd8b0aa30 nmethod 27615 0x000001cfc4da8a10 code [0x000001cfc4da9040, 0x000001cfc4dac9f8]
Event: 6390.052 Thread 0x000001cfd8b0a080 nmethod 27608 0x000001cfca85ee10 code [0x000001cfca85f140, 0x000001cfca8617e0]
Event: 6390.052 Thread 0x000001cfd8b0a080 27607       4       org.apache.xerces.dom.NamedNodeMapImpl::getNamedItem (29 bytes)
Event: 6390.061 Thread 0x000001cfd8b0a080 nmethod 27607 0x000001cfca863510 code [0x000001cfca8636e0, 0x000001cfca864148]
Event: 6390.061 Thread 0x000001cfd8b0a080 27612   !   4       android.databinding.tool.reflection.SdkUtil$ApiChecker::getSince (44 bytes)
Event: 6390.084 Thread 0x000001cfd8b0a080 nmethod 27612 0x000001cfca864690 code [0x000001cfca8648a0, 0x000001cfca8651b0]
Event: 6390.084 Thread 0x000001cfd8b0a080 27613       4       android.databinding.tool.reflection.SdkUtil$ApiChecker::cacheKey (8 bytes)
Event: 6390.164 Thread 0x000001cfd8b0a080 nmethod 27613 0x000001cfca865790 code [0x000001cfca865960, 0x000001cfca866188]
Event: 6390.164 Thread 0x000001cfd8b0a080 27610       4       org.apache.xerces.dom.AttrImpl::getNodeValue (5 bytes)
Event: 6390.165 Thread 0x000001cfd8b0a080 nmethod 27610 0x000001cfca866a10 code [0x000001cfca866ba0, 0x000001cfca866c48]
Event: 6390.179 Thread 0x000001cfd8b0a080 27616 %     4       android.databinding.tool.reflection.SdkUtil$ApiChecker::buildFullLookup @ 42 (252 bytes)

GC Heap History (20 events):
Event: 6324.250 GC heap before
{Heap before GC invocations=62 (full 0):
 garbage-first heap   total 373760K, used 326320K [0x0000000080000000, 0x0000000100000000)
  region size 1024K, 120 young (122880K), 16 survivors (16384K)
 Metaspace       used 165860K, committed 166656K, reserved 1245184K
  class space    used 21595K, committed 22016K, reserved 1048576K
}
Event: 6324.278 GC heap after
{Heap after GC invocations=63 (full 0):
 garbage-first heap   total 373760K, used 213986K [0x0000000080000000, 0x0000000100000000)
  region size 1024K, 15 young (15360K), 15 survivors (15360K)
 Metaspace       used 165860K, committed 166656K, reserved 1245184K
  class space    used 21595K, committed 22016K, reserved 1048576K
}
Event: 6325.652 GC heap before
{Heap before GC invocations=63 (full 0):
 garbage-first heap   total 373760K, used 302050K [0x0000000080000000, 0x0000000100000000)
  region size 1024K, 102 young (104448K), 15 survivors (15360K)
 Metaspace       used 171467K, committed 172224K, reserved 1245184K
  class space    used 22096K, committed 22464K, reserved 1048576K
}
Event: 6325.669 GC heap after
{Heap after GC invocations=64 (full 0):
 garbage-first heap   total 373760K, used 224413K [0x0000000080000000, 0x0000000100000000)
  region size 1024K, 10 young (10240K), 10 survivors (10240K)
 Metaspace       used 171467K, committed 172224K, reserved 1245184K
  class space    used 22096K, committed 22464K, reserved 1048576K
}
Event: 6327.130 GC heap before
{Heap before GC invocations=64 (full 0):
 garbage-first heap   total 373760K, used 307357K [0x0000000080000000, 0x0000000100000000)
  region size 1024K, 92 young (94208K), 10 survivors (10240K)
 Metaspace       used 173884K, committed 174720K, reserved 1245184K
  class space    used 22358K, committed 22784K, reserved 1048576K
}
Event: 6327.141 GC heap after
{Heap after GC invocations=65 (full 0):
 garbage-first heap   total 373760K, used 225394K [0x0000000080000000, 0x0000000100000000)
  region size 1024K, 8 young (8192K), 8 survivors (8192K)
 Metaspace       used 173884K, committed 174720K, reserved 1245184K
  class space    used 22358K, committed 22784K, reserved 1048576K
}
Event: 6332.140 GC heap before
{Heap before GC invocations=65 (full 0):
 garbage-first heap   total 373760K, used 308338K [0x0000000080000000, 0x0000000100000000)
  region size 1024K, 90 young (92160K), 8 survivors (8192K)
 Metaspace       used 175708K, committed 176512K, reserved 1245184K
  class space    used 22534K, committed 22912K, reserved 1048576K
}
Event: 6332.150 GC heap after
{Heap after GC invocations=66 (full 0):
 garbage-first heap   total 373760K, used 227469K [0x0000000080000000, 0x0000000100000000)
  region size 1024K, 3 young (3072K), 3 survivors (3072K)
 Metaspace       used 175708K, committed 176512K, reserved 1245184K
  class space    used 22534K, committed 22912K, reserved 1048576K
}
Event: 6372.076 GC heap before
{Heap before GC invocations=66 (full 0):
 garbage-first heap   total 373760K, used 311437K [0x0000000080000000, 0x0000000100000000)
  region size 1024K, 86 young (88064K), 3 survivors (3072K)
 Metaspace       used 179726K, committed 180544K, reserved 1245184K
  class space    used 23088K, committed 23488K, reserved 1048576K
}
Event: 6372.145 GC heap after
{Heap after GC invocations=67 (full 0):
 garbage-first heap   total 373760K, used 229539K [0x0000000080000000, 0x0000000100000000)
  region size 1024K, 5 young (5120K), 5 survivors (5120K)
 Metaspace       used 179726K, committed 180544K, reserved 1245184K
  class space    used 23088K, committed 23488K, reserved 1048576K
}
Event: 6377.109 GC heap before
{Heap before GC invocations=67 (full 0):
 garbage-first heap   total 373760K, used 320675K [0x0000000080000000, 0x0000000100000000)
  region size 1024K, 88 young (90112K), 5 survivors (5120K)
 Metaspace       used 186020K, committed 186880K, reserved 1245184K
  class space    used 23769K, committed 24192K, reserved 1048576K
}
Event: 6377.144 GC heap after
{Heap after GC invocations=68 (full 0):
 garbage-first heap   total 373760K, used 232988K [0x0000000080000000, 0x0000000100000000)
  region size 1024K, 8 young (8192K), 8 survivors (8192K)
 Metaspace       used 186020K, committed 186880K, reserved 1245184K
  class space    used 23769K, committed 24192K, reserved 1048576K
}
Event: 6383.480 GC heap before
{Heap before GC invocations=68 (full 0):
 garbage-first heap   total 373760K, used 325148K [0x0000000080000000, 0x0000000100000000)
  region size 1024K, 90 young (92160K), 8 survivors (8192K)
 Metaspace       used 192006K, committed 192896K, reserved 1245184K
  class space    used 24306K, committed 24704K, reserved 1048576K
}
Event: 6383.597 GC heap after
{Heap after GC invocations=69 (full 0):
 garbage-first heap   total 373760K, used 250762K [0x0000000080000000, 0x0000000100000000)
  region size 1024K, 12 young (12288K), 12 survivors (12288K)
 Metaspace       used 192006K, committed 192896K, reserved 1245184K
  class space    used 24306K, committed 24704K, reserved 1048576K
}
Event: 6387.072 GC heap before
{Heap before GC invocations=69 (full 0):
 garbage-first heap   total 373760K, used 315274K [0x0000000080000000, 0x0000000100000000)
  region size 1024K, 73 young (74752K), 12 survivors (12288K)
 Metaspace       used 201190K, committed 202048K, reserved 1245184K
  class space    used 25476K, committed 25856K, reserved 1048576K
}
Event: 6387.112 GC heap after
{Heap after GC invocations=70 (full 0):
 garbage-first heap   total 373760K, used 260840K [0x0000000080000000, 0x0000000100000000)
  region size 1024K, 8 young (8192K), 8 survivors (8192K)
 Metaspace       used 201190K, committed 202048K, reserved 1245184K
  class space    used 25476K, committed 25856K, reserved 1048576K
}
Event: 6387.299 GC heap before
{Heap before GC invocations=70 (full 0):
 garbage-first heap   total 373760K, used 263912K [0x0000000080000000, 0x0000000100000000)
  region size 1024K, 12 young (12288K), 8 survivors (8192K)
 Metaspace       used 201770K, committed 202688K, reserved 1245184K
  class space    used 25542K, committed 25984K, reserved 1048576K
}
Event: 6387.352 GC heap after
{Heap after GC invocations=71 (full 0):
 garbage-first heap   total 373760K, used 262091K [0x0000000080000000, 0x0000000100000000)
  region size 1024K, 2 young (2048K), 2 survivors (2048K)
 Metaspace       used 201770K, committed 202688K, reserved 1245184K
  class space    used 25542K, committed 25984K, reserved 1048576K
}
Event: 6390.095 GC heap before
{Heap before GC invocations=71 (full 0):
 garbage-first heap   total 505856K, used 306123K [0x0000000080000000, 0x0000000100000000)
  region size 1024K, 57 young (58368K), 2 survivors (2048K)
 Metaspace       used 203511K, committed 204416K, reserved 1245184K
  class space    used 25762K, committed 26176K, reserved 1048576K
}
Event: 6390.163 GC heap after
{Heap after GC invocations=72 (full 0):
 garbage-first heap   total 505856K, used 286137K [0x0000000080000000, 0x0000000100000000)
  region size 1024K, 8 young (8192K), 8 survivors (8192K)
 Metaspace       used 203511K, committed 204416K, reserved 1245184K
  class space    used 25762K, committed 26176K, reserved 1048576K
}

Dll operation events (3 events):
Event: 0.018 Loaded shared library C:\Program Files\Android\Android Studio\jbr\bin\java.dll
Event: 0.421 Loaded shared library C:\Program Files\Android\Android Studio\jbr\bin\zip.dll
Event: 1.475 Loaded shared library C:\Program Files\Android\Android Studio\jbr\bin\verify.dll

Deoptimization events (20 events):
Event: 6388.347 Thread 0x000001cfe7436180 DEOPT PACKING pc=0x000001cfca5a1a3c sp=0x000000026b8fc110
Event: 6388.347 Thread 0x000001cfe7436180 DEOPT UNPACKING pc=0x000001cfc94c69a3 sp=0x000000026b8fc0b8 mode 2
Event: 6389.098 Thread 0x000001cfe7436180 DEOPT PACKING pc=0x000001cfc416d0e7 sp=0x000000026b8fc290
Event: 6389.098 Thread 0x000001cfe7436180 DEOPT UNPACKING pc=0x000001cfc94c7143 sp=0x000000026b8fb7d8 mode 0
Event: 6389.660 Thread 0x000001cfe7436180 Uncommon trap: trap_request=0xffffffde fr.pc=0x000001cfca29aab8 relative=0x0000000000000098
Event: 6389.660 Thread 0x000001cfe7436180 Uncommon trap: reason=class_check action=maybe_recompile pc=0x000001cfca29aab8 method=org.apache.xerces.dom.ParentNode.getChildNodes()Lorg/w3c/dom/NodeList; @ 8 c2
Event: 6389.661 Thread 0x000001cfe7436180 DEOPT PACKING pc=0x000001cfca29aab8 sp=0x000000026b8fc600
Event: 6389.661 Thread 0x000001cfe7436180 DEOPT UNPACKING pc=0x000001cfc94c69a3 sp=0x000000026b8fc5a0 mode 2
Event: 6389.662 Thread 0x000001cfe7436180 Uncommon trap: trap_request=0xffffffde fr.pc=0x000001cfca29aab8 relative=0x0000000000000098
Event: 6389.662 Thread 0x000001cfe7436180 Uncommon trap: reason=class_check action=maybe_recompile pc=0x000001cfca29aab8 method=org.apache.xerces.dom.ParentNode.getChildNodes()Lorg/w3c/dom/NodeList; @ 8 c2
Event: 6389.662 Thread 0x000001cfe7436180 DEOPT PACKING pc=0x000001cfca29aab8 sp=0x000000026b8fc600
Event: 6389.662 Thread 0x000001cfe7436180 DEOPT UNPACKING pc=0x000001cfc94c69a3 sp=0x000000026b8fc5a0 mode 2
Event: 6389.672 Thread 0x000001cfe7436180 Uncommon trap: trap_request=0xffffffde fr.pc=0x000001cfca29aab8 relative=0x0000000000000098
Event: 6389.672 Thread 0x000001cfe7436180 Uncommon trap: reason=class_check action=maybe_recompile pc=0x000001cfca29aab8 method=org.apache.xerces.dom.ParentNode.getChildNodes()Lorg/w3c/dom/NodeList; @ 8 c2
Event: 6389.672 Thread 0x000001cfe7436180 DEOPT PACKING pc=0x000001cfca29aab8 sp=0x000000026b8fc600
Event: 6389.672 Thread 0x000001cfe7436180 DEOPT UNPACKING pc=0x000001cfc94c69a3 sp=0x000000026b8fc5a0 mode 2
Event: 6389.673 Thread 0x000001cfe7436180 Uncommon trap: trap_request=0xffffffde fr.pc=0x000001cfca29aab8 relative=0x0000000000000098
Event: 6389.673 Thread 0x000001cfe7436180 Uncommon trap: reason=class_check action=maybe_recompile pc=0x000001cfca29aab8 method=org.apache.xerces.dom.ParentNode.getChildNodes()Lorg/w3c/dom/NodeList; @ 8 c2
Event: 6389.673 Thread 0x000001cfe7436180 DEOPT PACKING pc=0x000001cfca29aab8 sp=0x000000026b8fc600
Event: 6389.673 Thread 0x000001cfe7436180 DEOPT UNPACKING pc=0x000001cfc94c69a3 sp=0x000000026b8fc5a0 mode 2

Classes unloaded (20 events):
Event: 6302.590 Thread 0x000001cfd889aa10 Unloading class 0x0000000100201400 'java/lang/invoke/LambdaForm$MH+0x0000000100201400'
Event: 6302.590 Thread 0x000001cfd889aa10 Unloading class 0x0000000100201000 'java/lang/invoke/LambdaForm$MH+0x0000000100201000'
Event: 6302.590 Thread 0x000001cfd889aa10 Unloading class 0x0000000100200c00 'java/lang/invoke/LambdaForm$MH+0x0000000100200c00'
Event: 6302.590 Thread 0x000001cfd889aa10 Unloading class 0x0000000100200800 'java/lang/invoke/LambdaForm$MH+0x0000000100200800'
Event: 6302.590 Thread 0x000001cfd889aa10 Unloading class 0x0000000100198800 'java/lang/invoke/LambdaForm$MH+0x0000000100198800'
Event: 6302.590 Thread 0x000001cfd889aa10 Unloading class 0x0000000100198000 'java/lang/invoke/LambdaForm$MH+0x0000000100198000'
Event: 6302.590 Thread 0x000001cfd889aa10 Unloading class 0x0000000100195c00 'java/lang/invoke/LambdaForm$MH+0x0000000100195c00'
Event: 6302.590 Thread 0x000001cfd889aa10 Unloading class 0x0000000100195800 'java/lang/invoke/LambdaForm$MH+0x0000000100195800'
Event: 6302.590 Thread 0x000001cfd889aa10 Unloading class 0x0000000100195400 'java/lang/invoke/LambdaForm$MH+0x0000000100195400'
Event: 6302.590 Thread 0x000001cfd889aa10 Unloading class 0x0000000100194c00 'java/lang/invoke/LambdaForm$MH+0x0000000100194c00'
Event: 6302.590 Thread 0x000001cfd889aa10 Unloading class 0x00000001000eac00 'java/lang/invoke/LambdaForm$MH+0x00000001000eac00'
Event: 6302.590 Thread 0x000001cfd889aa10 Unloading class 0x00000001000ea800 'java/lang/invoke/LambdaForm$MH+0x00000001000ea800'
Event: 6302.590 Thread 0x000001cfd889aa10 Unloading class 0x00000001000ea000 'java/lang/invoke/LambdaForm$MH+0x00000001000ea000'
Event: 6302.590 Thread 0x000001cfd889aa10 Unloading class 0x00000001000e8400 'java/lang/invoke/LambdaForm$MH+0x00000001000e8400'
Event: 6305.199 Thread 0x000001cfd889aa10 Unloading class 0x0000000100e31000 'jdk/internal/reflect/GeneratedSerializationConstructorAccessor91'
Event: 6305.199 Thread 0x000001cfd889aa10 Unloading class 0x0000000100e30c00 'jdk/internal/reflect/GeneratedSerializationConstructorAccessor90'
Event: 6305.199 Thread 0x000001cfd889aa10 Unloading class 0x0000000100e30800 'jdk/internal/reflect/GeneratedSerializationConstructorAccessor89'
Event: 6305.199 Thread 0x000001cfd889aa10 Unloading class 0x0000000100e30400 'jdk/internal/reflect/GeneratedSerializationConstructorAccessor88'
Event: 6305.199 Thread 0x000001cfd889aa10 Unloading class 0x0000000100e21400 'java/lang/invoke/LambdaForm$DMH+0x0000000100e21400'
Event: 6305.199 Thread 0x000001cfd889aa10 Unloading class 0x0000000100bec400 'jdk/internal/reflect/GeneratedMethodAccessor20'

Classes redefined (0 events):
No events

Internal exceptions (20 events):
Event: 6385.534 Thread 0x000001cfe7436180 Exception <a 'sun/nio/fs/WindowsException'{0x0000000094e53b98}> (0x0000000094e53b98) 
thrown [s\src\hotspot\share\prims\jni.cpp, line 517]
Event: 6385.534 Thread 0x000001cfe7436180 Exception <a 'sun/nio/fs/WindowsException'{0x0000000094e53f48}> (0x0000000094e53f48) 
thrown [s\src\hotspot\share\prims\jni.cpp, line 517]
Event: 6385.537 Thread 0x000001cfe7436180 Exception <a 'sun/nio/fs/WindowsException'{0x0000000094e564c0}> (0x0000000094e564c0) 
thrown [s\src\hotspot\share\prims\jni.cpp, line 517]
Event: 6385.537 Thread 0x000001cfe7436180 Exception <a 'sun/nio/fs/WindowsException'{0x0000000094e56870}> (0x0000000094e56870) 
thrown [s\src\hotspot\share\prims\jni.cpp, line 517]
Event: 6385.552 Thread 0x000001cfe7436180 Exception <a 'sun/nio/fs/WindowsException'{0x0000000094e7ed00}> (0x0000000094e7ed00) 
thrown [s\src\hotspot\share\prims\jni.cpp, line 517]
Event: 6385.552 Thread 0x000001cfe7436180 Exception <a 'sun/nio/fs/WindowsException'{0x0000000094e7f0b0}> (0x0000000094e7f0b0) 
thrown [s\src\hotspot\share\prims\jni.cpp, line 517]
Event: 6385.556 Thread 0x000001cfe7436180 Exception <a 'sun/nio/fs/WindowsException'{0x0000000094e80828}> (0x0000000094e80828) 
thrown [s\src\hotspot\share\prims\jni.cpp, line 517]
Event: 6387.449 Thread 0x000001cfe7436180 Exception <a 'sun/nio/fs/WindowsException'{0x0000000096a1bca8}> (0x0000000096a1bca8) 
thrown [s\src\hotspot\share\prims\jni.cpp, line 517]
Event: 6387.452 Thread 0x000001cfe7436180 Exception <a 'sun/nio/fs/WindowsException'{0x0000000096a2aa58}> (0x0000000096a2aa58) 
thrown [s\src\hotspot\share\prims\jni.cpp, line 517]
Event: 6387.457 Thread 0x000001cfe7436180 Exception <a 'sun/nio/fs/WindowsException'{0x0000000096a2b618}> (0x0000000096a2b618) 
thrown [s\src\hotspot\share\prims\jni.cpp, line 517]
Event: 6387.458 Thread 0x000001cfe7436180 Exception <a 'sun/nio/fs/WindowsException'{0x0000000096a2bf70}> (0x0000000096a2bf70) 
thrown [s\src\hotspot\share\prims\jni.cpp, line 517]
Event: 6387.458 Thread 0x000001cfe7436180 Exception <a 'sun/nio/fs/WindowsException'{0x0000000096a2c930}> (0x0000000096a2c930) 
thrown [s\src\hotspot\share\prims\jni.cpp, line 517]
Event: 6387.458 Thread 0x000001cfe7436180 Exception <a 'sun/nio/fs/WindowsException'{0x0000000096a2cc00}> (0x0000000096a2cc00) 
thrown [s\src\hotspot\share\prims\jni.cpp, line 517]
Event: 6387.458 Thread 0x000001cfe7436180 Exception <a 'sun/nio/fs/WindowsException'{0x0000000096a2ddd0}> (0x0000000096a2ddd0) 
thrown [s\src\hotspot\share\prims\jni.cpp, line 517]
Event: 6387.459 Thread 0x000001cfe7436180 Exception <a 'sun/nio/fs/WindowsException'{0x0000000096a2e070}> (0x0000000096a2e070) 
thrown [s\src\hotspot\share\prims\jni.cpp, line 517]
Event: 6387.459 Thread 0x000001cfe7436180 Exception <a 'sun/nio/fs/WindowsException'{0x0000000096a2f228}> (0x0000000096a2f228) 
thrown [s\src\hotspot\share\prims\jni.cpp, line 517]
Event: 6387.459 Thread 0x000001cfe7436180 Exception <a 'sun/nio/fs/WindowsException'{0x0000000096a2f498}> (0x0000000096a2f498) 
thrown [s\src\hotspot\share\prims\jni.cpp, line 517]
Event: 6387.459 Thread 0x000001cfe7436180 Exception <a 'sun/nio/fs/WindowsException'{0x0000000096a30648}> (0x0000000096a30648) 
thrown [s\src\hotspot\share\prims\jni.cpp, line 517]
Event: 6387.703 Thread 0x000001cfe7436180 Exception <a 'sun/nio/fs/WindowsException'{0x0000000096263880}> (0x0000000096263880) 
thrown [s\src\hotspot\share\prims\jni.cpp, line 517]
Event: 6387.703 Thread 0x000001cfe7436180 Exception <a 'sun/nio/fs/WindowsException'{0x00000000962642c8}> (0x00000000962642c8) 
thrown [s\src\hotspot\share\prims\jni.cpp, line 517]

VM Operations (20 events):
Event: 6387.299 Executing VM operation: CollectForMetadataAllocation
Event: 6387.353 Executing VM operation: CollectForMetadataAllocation done
Event: 6387.761 Executing VM operation: CollectForMetadataAllocation
Event: 6387.763 Executing VM operation: CollectForMetadataAllocation done
Event: 6387.920 Executing VM operation: CollectForMetadataAllocation
Event: 6387.922 Executing VM operation: CollectForMetadataAllocation done
Event: 6388.012 Executing VM operation: CollectForMetadataAllocation
Event: 6388.014 Executing VM operation: CollectForMetadataAllocation done
Event: 6388.103 Executing VM operation: CollectForMetadataAllocation
Event: 6388.103 Executing VM operation: CollectForMetadataAllocation done
Event: 6388.171 Executing VM operation: HandshakeAllThreads
Event: 6388.171 Executing VM operation: HandshakeAllThreads done
Event: 6388.264 Executing VM operation: CollectForMetadataAllocation
Event: 6388.281 Executing VM operation: CollectForMetadataAllocation done
Event: 6389.282 Executing VM operation: Cleanup
Event: 6389.282 Executing VM operation: Cleanup done
Event: 6389.942 Executing VM operation: G1Concurrent
Event: 6390.070 Executing VM operation: G1Concurrent done
Event: 6390.092 Executing VM operation: G1CollectForAllocation
Event: 6390.167 Executing VM operation: G1CollectForAllocation done

Events (20 events):
Event: 6383.333 Thread 0x000001cff29c9c30 Thread exited: 0x000001cff29c9c30
Event: 6384.602 loading class java/lang/SuppressWarnings
Event: 6384.602 loading class java/lang/SuppressWarnings done
Event: 6384.603 loading class java/lang/annotation/Repeatable
Event: 6384.603 loading class java/lang/annotation/Repeatable done
Event: 6385.604 loading class jdk/internal/misc/ScopedMemoryAccess$Scope$Handle
Event: 6385.604 loading class jdk/internal/misc/ScopedMemoryAccess$Scope$Handle done
Event: 6385.693 Loaded shared library C:\Users\james\AppData\Local\Temp\sqlite-3.41.2.2-ddb770df-947f-4eb8-a1d3-520fc795d5e6-sqlitejdbc.dll
Event: 6385.866 loading class sun/util/locale/LocaleExtensions
Event: 6385.878 loading class sun/util/locale/LocaleExtensions done
Event: 6385.889 loading class sun/util/locale/UnicodeLocaleExtension
Event: 6385.889 loading class sun/util/locale/Extension
Event: 6385.889 loading class sun/util/locale/Extension done
Event: 6385.890 loading class sun/util/locale/UnicodeLocaleExtension done
Event: 6387.451 loading class java/io/FilterWriter
Event: 6387.451 loading class java/io/FilterWriter done
Event: 6387.460 loading class java/nio/file/Path$1
Event: 6387.460 loading class java/nio/file/Path$1 done
Event: 6388.182 loading class jdk/internal/reflect/UnsafeQualifiedBooleanFieldAccessorImpl
Event: 6388.183 loading class jdk/internal/reflect/UnsafeQualifiedBooleanFieldAccessorImpl done


Dynamic libraries:
0x00007ff7fddd0000 - 0x00007ff7fddda000 	C:\Program Files\Android\Android Studio\jbr\bin\java.exe
0x00007ffff4510000 - 0x00007ffff4708000 	C:\WINDOWS\SYSTEM32\ntdll.dll
0x00007ffff3cc0000 - 0x00007ffff3d7d000 	C:\WINDOWS\System32\KERNEL32.DLL
0x00007ffff2080000 - 0x00007ffff2376000 	C:\WINDOWS\System32\KERNELBASE.dll
0x00007ffff2380000 - 0x00007ffff2480000 	C:\WINDOWS\System32\ucrtbase.dll
0x00007fff78b70000 - 0x00007fff78b87000 	C:\Program Files\Android\Android Studio\jbr\bin\jli.dll
0x00007fffbd550000 - 0x00007fffbd56b000 	C:\Program Files\Android\Android Studio\jbr\bin\VCRUNTIME140.dll
0x00007ffff33f0000 - 0x00007ffff358e000 	C:\WINDOWS\System32\USER32.dll
0x00007ffff1c80000 - 0x00007ffff1ca2000 	C:\WINDOWS\System32\win32u.dll
0x00007fffd9430000 - 0x00007fffd96ca000 	C:\WINDOWS\WinSxS\amd64_microsoft.windows.common-controls_6595b64144ccf1df_6.0.19041.1110_none_60b5254171f9507e\COMCTL32.dll
0x00007ffff3c90000 - 0x00007ffff3cbc000 	C:\WINDOWS\System32\GDI32.dll
0x00007ffff3620000 - 0x00007ffff36be000 	C:\WINDOWS\System32\msvcrt.dll
0x00007ffff1cb0000 - 0x00007ffff1dca000 	C:\WINDOWS\System32\gdi32full.dll
0x00007ffff1fe0000 - 0x00007ffff207d000 	C:\WINDOWS\System32\msvcp_win.dll
0x00007ffff2570000 - 0x00007ffff25a0000 	C:\WINDOWS\System32\IMM32.DLL
0x00007fffc17c0000 - 0x00007fffc17cc000 	C:\Program Files\Android\Android Studio\jbr\bin\vcruntime140_1.dll
0x00007fffb4b50000 - 0x00007fffb4bdd000 	C:\Program Files\Android\Android Studio\jbr\bin\msvcp140.dll
0x00007fff78ec0000 - 0x00007fff79b40000 	C:\Program Files\Android\Android Studio\jbr\bin\server\jvm.dll
0x00007ffff42e0000 - 0x00007ffff438e000 	C:\WINDOWS\System32\ADVAPI32.dll
0x00007ffff4090000 - 0x00007ffff412c000 	C:\WINDOWS\System32\sechost.dll
0x00007ffff2b70000 - 0x00007ffff2c96000 	C:\WINDOWS\System32\RPCRT4.dll
0x00007fff79d40000 - 0x00007fff79d49000 	C:\WINDOWS\SYSTEM32\WSOCK32.dll
0x00007fffe7180000 - 0x00007fffe71a7000 	C:\WINDOWS\SYSTEM32\WINMM.dll
0x00007ffff3810000 - 0x00007ffff387b000 	C:\WINDOWS\System32\WS2_32.dll
0x00007fffe7300000 - 0x00007fffe730a000 	C:\WINDOWS\SYSTEM32\VERSION.dll
0x00007ffff0460000 - 0x00007ffff0472000 	C:\WINDOWS\SYSTEM32\kernel.appcore.dll
0x00007fff79d30000 - 0x00007fff79d3a000 	C:\Program Files\Android\Android Studio\jbr\bin\jimage.dll
0x00007fffefec0000 - 0x00007ffff00a4000 	C:\WINDOWS\SYSTEM32\DBGHELP.DLL
0x00007fffe53f0000 - 0x00007fffe5424000 	C:\WINDOWS\SYSTEM32\dbgcore.DLL
0x00007ffff1bf0000 - 0x00007ffff1c72000 	C:\WINDOWS\System32\bcryptPrimitives.dll
0x00007fff78ba0000 - 0x00007fff78bae000 	C:\Program Files\Android\Android Studio\jbr\bin\instrument.dll
0x00007fff79d00000 - 0x00007fff79d25000 	C:\Program Files\Android\Android Studio\jbr\bin\java.dll
0x00007fff78ea0000 - 0x00007fff78eb8000 	C:\Program Files\Android\Android Studio\jbr\bin\zip.dll
0x00007ffff2ca0000 - 0x00007ffff33e5000 	C:\WINDOWS\System32\SHELL32.dll
0x00007fffef650000 - 0x00007fffefdeb000 	C:\WINDOWS\SYSTEM32\windows.storage.dll
0x00007ffff3930000 - 0x00007ffff3c84000 	C:\WINDOWS\System32\combase.dll
0x00007ffff1560000 - 0x00007ffff158e000 	C:\WINDOWS\SYSTEM32\Wldp.dll
0x00007ffff3880000 - 0x00007ffff392d000 	C:\WINDOWS\System32\SHCORE.dll
0x00007ffff3ea0000 - 0x00007ffff3ef5000 	C:\WINDOWS\System32\shlwapi.dll
0x00007ffff1b20000 - 0x00007ffff1b45000 	C:\WINDOWS\SYSTEM32\profapi.dll
0x00007fff78e80000 - 0x00007fff78e99000 	C:\Program Files\Android\Android Studio\jbr\bin\net.dll
0x00007fffe8800000 - 0x00007fffe890a000 	C:\WINDOWS\SYSTEM32\WINHTTP.dll
0x00007ffff12c0000 - 0x00007ffff132a000 	C:\WINDOWS\system32\mswsock.dll
0x00007fff78e60000 - 0x00007fff78e76000 	C:\Program Files\Android\Android Studio\jbr\bin\nio.dll
0x00007fff78c00000 - 0x00007fff78c10000 	C:\Program Files\Android\Android Studio\jbr\bin\verify.dll
0x00007fffe70f0000 - 0x00007fffe7117000 	C:\Users\james\.gradle\native\68d5fa5c4cc2d200863cafc0d521ce42e7d3e7ee720ec0a83991735586a16f82\windows-amd64\native-platform.dll
0x00007fffb4a00000 - 0x00007fffb4b44000 	C:\Users\james\.gradle\native\e376f236ea51e6404a007f0833ffe2c6e607c4080706a723a18a27aeea778392\windows-amd64\native-platform-file-events.dll
0x00007fff78b90000 - 0x00007fff78b99000 	C:\Program Files\Android\Android Studio\jbr\bin\management.dll
0x00007fff78bb0000 - 0x00007fff78bbb000 	C:\Program Files\Android\Android Studio\jbr\bin\management_ext.dll
0x00007ffff3fd0000 - 0x00007ffff3fd8000 	C:\WINDOWS\System32\PSAPI.DLL
0x00007ffff14c0000 - 0x00007ffff14d8000 	C:\WINDOWS\SYSTEM32\CRYPTSP.dll
0x00007ffff0bd0000 - 0x00007ffff0c04000 	C:\WINDOWS\system32\rsaenh.dll
0x00007ffff2480000 - 0x00007ffff24a7000 	C:\WINDOWS\System32\bcrypt.dll
0x00007ffff1ae0000 - 0x00007ffff1b0e000 	C:\WINDOWS\SYSTEM32\USERENV.dll
0x00007ffff14b0000 - 0x00007ffff14bc000 	C:\WINDOWS\SYSTEM32\CRYPTBASE.dll
0x00007ffff0fb0000 - 0x00007ffff0feb000 	C:\WINDOWS\SYSTEM32\IPHLPAPI.DLL
0x00007ffff2a30000 - 0x00007ffff2a38000 	C:\WINDOWS\System32\NSI.dll
0x00007fffe7fa0000 - 0x00007fffe7fb7000 	C:\WINDOWS\SYSTEM32\dhcpcsvc6.DLL
0x00007fffea0d0000 - 0x00007fffea0ed000 	C:\WINDOWS\SYSTEM32\dhcpcsvc.DLL
0x00007ffff0ff0000 - 0x00007ffff10ba000 	C:\WINDOWS\SYSTEM32\DNSAPI.dll
0x00007fff78c10000 - 0x00007fff78c17000 	C:\WINDOWS\system32\wshunix.dll
0x00007fff94470000 - 0x00007fff94487000 	C:\WINDOWS\system32\napinsp.dll
0x00007fff94450000 - 0x00007fff9446b000 	C:\WINDOWS\system32\pnrpnsp.dll
0x00007fffec4c0000 - 0x00007fffec4d5000 	C:\WINDOWS\system32\wshbth.dll
0x00007fffecd80000 - 0x00007fffecd9d000 	C:\WINDOWS\system32\NLAapi.dll
0x00007fff81d80000 - 0x00007fff81d92000 	C:\WINDOWS\System32\winrnr.dll
0x00007fffe5210000 - 0x00007fffe521a000 	C:\Windows\System32\rasadhlp.dll
0x00007fffe5c70000 - 0x00007fffe5cf2000 	C:\WINDOWS\System32\fwpuclnt.dll
0x00007ffff0cf0000 - 0x00007ffff0d23000 	C:\WINDOWS\SYSTEM32\ntmarta.dll
0x00007fffcc700000 - 0x00007fffcc71e000 	C:\Users\james\AppData\Local\Temp\native-platform14237708525245449322dir\native-platform.dll
0x00007fffdc220000 - 0x00007fffdc227000 	C:\Program Files\Android\Android Studio\jbr\bin\rmi.dll
0x00007fffc0af0000 - 0x00007fffc0bd9000 	C:\Users\james\AppData\Local\Temp\sqlite-3.41.2.2-ddb770df-947f-4eb8-a1d3-520fc795d5e6-sqlitejdbc.dll

dbghelp: loaded successfully - version: 4.0.5 - missing functions: none
symbol engine: initialized successfully - sym options: 0x614 - pdb path: .;C:\Program Files\Android\Android Studio\jbr\bin;C:\WINDOWS\SYSTEM32;C:\WINDOWS\WinSxS\amd64_microsoft.windows.common-controls_6595b64144ccf1df_6.0.19041.1110_none_60b5254171f9507e;C:\Program Files\Android\Android Studio\jbr\bin\server;C:\Users\james\.gradle\native\68d5fa5c4cc2d200863cafc0d521ce42e7d3e7ee720ec0a83991735586a16f82\windows-amd64;C:\Users\james\.gradle\native\e376f236ea51e6404a007f0833ffe2c6e607c4080706a723a18a27aeea778392\windows-amd64;C:\Users\james\AppData\Local\Temp\native-platform14237708525245449322dir;C:\Users\james\AppData\Local\Temp

VM Arguments:
jvm_args: --add-opens=java.base/java.util=ALL-UNNAMED --add-opens=java.base/java.lang=ALL-UNNAMED --add-opens=java.base/java.lang.invoke=ALL-UNNAMED --add-opens=java.prefs/java.util.prefs=ALL-UNNAMED --add-opens=java.base/java.nio.charset=ALL-UNNAMED --add-opens=java.base/java.net=ALL-UNNAMED --add-opens=java.base/java.util.concurrent.atomic=ALL-UNNAMED -Xmx2048m -Dfile.encoding=UTF-8 -Duser.country=TR -Duser.language=tr -Duser.variant -javaagent:C:\Users\james\.gradle\wrapper\dists\gradle-8.2-bin\bbg7u40eoinfdyxsxr3z4i7ta\gradle-8.2\lib\agents\gradle-instrumentation-agent-8.2.jar 
java_command: org.gradle.launcher.daemon.bootstrap.GradleDaemon 8.2
java_class_path (initial): C:\Users\james\.gradle\wrapper\dists\gradle-8.2-bin\bbg7u40eoinfdyxsxr3z4i7ta\gradle-8.2\lib\gradle-launcher-8.2.jar
Launcher Type: SUN_STANDARD

[Global flags]
     intx CICompilerCount                          = 4                                         {product} {ergonomic}
     uint ConcGCThreads                            = 2                                         {product} {ergonomic}
     uint G1ConcRefinementThreads                  = 8                                         {product} {ergonomic}
   size_t G1HeapRegionSize                         = 1048576                                   {product} {ergonomic}
    uintx GCDrainStackTargetSize                   = 64                                        {product} {ergonomic}
   size_t InitialHeapSize                          = 117440512                                 {product} {ergonomic}
   size_t MarkStackSize                            = 4194304                                   {product} {ergonomic}
   size_t MaxHeapSize                              = 2147483648                                {product} {command line}
   size_t MaxNewSize                               = 1287651328                                {product} {ergonomic}
   size_t MinHeapDeltaBytes                        = 1048576                                   {product} {ergonomic}
   size_t MinHeapSize                              = 8388608                                   {product} {ergonomic}
    uintx NonNMethodCodeHeapSize                   = 5839372                                {pd product} {ergonomic}
    uintx NonProfiledCodeHeapSize                  = 122909434                              {pd product} {ergonomic}
    uintx ProfiledCodeHeapSize                     = 122909434                              {pd product} {ergonomic}
    uintx ReservedCodeCacheSize                    = 251658240                              {pd product} {ergonomic}
     bool SegmentedCodeCache                       = true                                      {product} {ergonomic}
   size_t SoftMaxHeapSize                          = 2147483648                             {manageable} {ergonomic}
     bool UseCompressedClassPointers               = true                           {product lp64_product} {ergonomic}
     bool UseCompressedOops                        = true                           {product lp64_product} {ergonomic}
     bool UseG1GC                                  = true                                      {product} {ergonomic}
     bool UseLargePagesIndividualAllocation        = false                                  {pd product} {ergonomic}

Logging:
Log output configuration:
 #0: stdout all=warning uptime,level,tags
 #1: stderr all=off uptime,level,tags

Environment Variables:
PATH=C:\Program Files\Common Files\Oracle\Java\javapath;C:\WINDOWS\system32;C:\WINDOWS;C:\WINDOWS\System32\Wbem;C:\WINDOWS\System32\WindowsPowerShell\v1.0\;C:\WINDOWS\System32\OpenSSH\;C:\Program Files\Git\cmd;C:\Users\james\AppData\Local\Microsoft\WindowsApps
USERNAME=james
OS=Windows_NT
PROCESSOR_IDENTIFIER=AMD64 Family 23 Model 24 Stepping 1, AuthenticAMD
TMP=C:\Users\james\AppData\Local\Temp
TEMP=C:\Users\james\AppData\Local\Temp


JNI global refs:
JNI global refs: 28, weak refs: 10

JNI global refs memory usage: 843, weak refs: 841

OOME stack traces (most recent first):
Classloader memory used:
Loader org.gradle.internal.classloader.VisitableURLClassLoader                         : 12045K
Loader org.gradle.internal.classloader.VisitableURLClassLoader$InstrumentingVisitableURLClassLoader: 5348K
Loader bootstrap                                                                       : 3522K
Loader java.net.URLClassLoader                                                         : 1889K
Loader org.gradle.initialization.MixInLegacyTypesClassLoader                           : 1332K
Loader jdk.internal.loader.ClassLoaders$AppClassLoader                                 : 981K
Loader jdk.internal.reflect.DelegatingClassLoader                                      : 152K
Loader jdk.internal.loader.ClassLoaders$PlatformClassLoader                            : 119K
Loader jdk.internal.jrtfs.JrtFileSystemProvider$JrtFsLoader                            : 43025B
Loader org.gradle.groovy.scripts.internal.DefaultScriptCompilationHandler$ScriptClassLoader: 3067B
Loader sun.reflect.misc.MethodUtil                                                     : 519B
Loader org.codehaus.groovy.runtime.callsite.CallSiteClassLoader                        : 439B

Classes loaded by more than one classloader:
Class Program                                                                         : loaded 7 times (x 70B)
Class kotlin.collections.EmptyMap                                                     : loaded 3 times (x 107B)
Class kotlin.comparisons.ComparisonsKt__ComparisonsKt                                 : loaded 3 times (x 69B)
Class com.google.common.collect.Iterators$MergingIterator                             : loaded 3 times (x 79B)
Class com.google.common.collect.ImmutableSet$CachingAsList                            : loaded 3 times (x 145B)
Class kotlin.collections.AbstractList                                                 : loaded 3 times (x 157B)
Class kotlin.collections.AbstractCollection                                           : loaded 3 times (x 115B)
Class kotlin.collections.ArraysKt__ArraysJVMKt                                        : loaded 3 times (x 69B)
Class com.google.common.collect.RegularImmutableList                                  : loaded 3 times (x 172B)
Class kotlin.ranges.IntRange$Companion                                                : loaded 3 times (x 69B)
Class kotlin.collections.SetsKt__SetsKt                                               : loaded 3 times (x 69B)
Class kotlin.ranges.IntRange                                                          : loaded 3 times (x 91B)
Class com.google.common.base.Equivalence$Identity                                     : loaded 3 times (x 80B)
Class kotlin.collections.AbstractIterator                                             : loaded 3 times (x 81B)
Class kotlin.SynchronizedLazyImpl                                                     : loaded 3 times (x 74B)
Class com.google.common.collect.ImmutableAsList                                       : loaded 3 times (x 169B)
Class kotlin.collections.CollectionsKt__IterablesKt                                   : loaded 3 times (x 69B)
Class kotlin.collections.AbstractList$Companion                                       : loaded 3 times (x 69B)
Class [Lcom.google.common.collect.AbstractMapEntry;                                   : loaded 3 times (x 67B)
Class kotlin.Pair                                                                     : loaded 3 times (x 70B)
Class com.google.common.collect.SingletonImmutableList                                : loaded 3 times (x 167B)
Class kotlin.text.StringsKt___StringsKt                                               : loaded 3 times (x 69B)
Class com.google.common.collect.Sets$4                                                : loaded 3 times (x 137B)
Class com.google.common.collect.Sets$3                                                : loaded 3 times (x 137B)
Class com.google.common.collect.Sets$2                                                : loaded 3 times (x 137B)
Class com.google.common.collect.Sets$1                                                : loaded 3 times (x 137B)
Class com.google.common.collect.MapDifference                                         : loaded 3 times (x 68B)
Class kotlin.LazyKt__LazyKt                                                           : loaded 3 times (x 69B)
Class kotlin.internal.ProgressionUtilKt                                               : loaded 3 times (x 69B)
Class com.google.common.collect.ImmutableMapEntry                                     : loaded 3 times (x 83B)
Class kotlin.sequences.Sequence                                                       : loaded 3 times (x 68B)
Class kotlin.io.FileWalkDirection                                                     : loaded 3 times (x 77B)
Class kotlin.collections.MapsKt___MapsKt                                              : loaded 3 times (x 69B)
Class kotlin.text.CharsKt__CharKt                                                     : loaded 3 times (x 69B)
Class kotlin.collections.ArraysKt                                                     : loaded 3 times (x 69B)
Class kotlin.collections.MapsKt__MapsKt                                               : loaded 3 times (x 69B)
Class kotlin.sequences.SequencesKt___SequencesJvmKt                                   : loaded 3 times (x 69B)
Class com.google.common.collect.ImmutableEnumSet                                      : loaded 3 times (x 144B)
Class com.google.common.collect.ImmutableSet                                          : loaded 3 times (x 143B)
Class com.google.common.collect.ImmutableBiMap                                        : loaded 3 times (x 141B)
Class kotlin.io.FilesKt__FileTreeWalkKt                                               : loaded 3 times (x 69B)
Class kotlin.io.FileTreeWalk$WalkState                                                : loaded 3 times (x 71B)
Class kotlin.collections.ArraysUtilJVM                                                : loaded 3 times (x 69B)
Class com.google.common.collect.SortedMapDifference                                   : loaded 3 times (x 68B)
Class com.google.common.collect.ImmutableMap$MapViewOfValuesAsSingletonSets           : loaded 3 times (x 123B)
Class kotlin.io.FilesKt__UtilsKt                                                      : loaded 3 times (x 69B)
Class com.google.common.collect.Sets                                                  : loaded 3 times (x 69B)
Class kotlin.io.FilesKt__FilePathComponentsKt                                         : loaded 3 times (x 69B)
Class kotlin.enums.EnumEntries                                                        : loaded 3 times (x 68B)
Class kotlin.text.StringsKt__RegexExtensionsJVMKt                                     : loaded 3 times (x 69B)
Class kotlin.collections.State                                                        : loaded 3 times (x 77B)
Class org.apache.commons.io.FileExistsException                                       : loaded 3 times (x 80B)
Class [Lkotlin.Pair;                                                                  : loaded 3 times (x 67B)
Class com.google.common.collect.ImmutableList$Builder                                 : loaded 3 times (x 75B)
Class com.google.common.collect.AbstractMapEntry                                      : loaded 3 times (x 79B)
Class com.google.common.collect.AbstractIterator                                      : loaded 3 times (x 80B)
Class kotlin.ranges.RangesKt                                                          : loaded 3 times (x 69B)
Class kotlin.collections.MapsKt                                                       : loaded 3 times (x 69B)
Class com.google.common.collect.Lists$StringAsImmutableList                           : loaded 3 times (x 167B)
Class com.google.common.collect.ImmutableEntry                                        : loaded 3 times (x 80B)
Class kotlin.enums.EnumEntriesKt                                                      : loaded 3 times (x 69B)
Class kotlin.collections.EmptySet                                                     : loaded 3 times (x 120B)
Class com.google.common.base.Present                                                  : loaded 3 times (x 79B)
Class kotlin.collections.MapsKt__MapWithDefaultKt                                     : loaded 3 times (x 69B)
Class kotlin.LazyKt__LazyJVMKt                                                        : loaded 3 times (x 69B)
Class kotlin.text.StringsKt__IndentKt                                                 : loaded 3 times (x 69B)
Class com.google.common.base.CommonPattern                                            : loaded 3 times (x 72B)
Class kotlin.text.CharsKt__CharJVMKt                                                  : loaded 3 times (x 69B)
Class kotlin.text.StringsKt__AppendableKt                                             : loaded 3 times (x 69B)
Class kotlin.TuplesKt                                                                 : loaded 3 times (x 69B)
Class kotlin.ranges.IntProgression$Companion                                          : loaded 3 times (x 69B)
Class com.google.common.collect.SingletonImmutableBiMap                               : loaded 3 times (x 141B)
Class kotlin.text.StringsKt__StringNumberConversionsJVMKt                             : loaded 3 times (x 69B)
Class kotlin.collections.ArraysKt___ArraysKt                                          : loaded 3 times (x 69B)
Class com.google.common.collect.ImmutableCollection$Builder                           : loaded 3 times (x 74B)
Class com.google.common.collect.Maps$EntryTransformer                                 : loaded 3 times (x 68B)
Class kotlin.collections.MapsKt__MapsJVMKt                                            : loaded 3 times (x 69B)
Class kotlin.comparisons.ComparisonsKt___ComparisonsKt                                : loaded 3 times (x 69B)
Class kotlin.text.StringsKt__StringsKt                                                : loaded 3 times (x 69B)
Class com.google.common.collect.ImmutableMap$1                                        : loaded 3 times (x 79B)
Class com.google.common.collect.ImmutableSet$SetBuilderImpl                           : loaded 3 times (x 74B)
Class com.google.common.collect.Maps$BiMapConverter                                   : loaded 3 times (x 88B)
Class kotlin.collections.CollectionsKt__IteratorsKt                                   : loaded 3 times (x 69B)
Class kotlin.NotImplementedError                                                      : loaded 3 times (x 80B)
Class [Lkotlin.collections.State;                                                     : loaded 3 times (x 67B)
Class kotlin.io.FileTreeWalk$DirectoryState                                           : loaded 3 times (x 71B)
Class kotlin.ranges.RangesKt__RangesKt                                                : loaded 3 times (x 69B)
Class org.apache.commons.io.FileUtils                                                 : loaded 3 times (x 69B)
Class kotlin.collections.CollectionsKt___CollectionsJvmKt                             : loaded 3 times (x 69B)
Class com.google.common.collect.ImmutableList$SubList                                 : loaded 3 times (x 168B)
Class kotlin.collections.ArraysKt___ArraysJvmKt                                       : loaded 3 times (x 69B)
Class kotlin.collections.CollectionsKt                                                : loaded 3 times (x 69B)
Class kotlin.Unit                                                                     : loaded 3 times (x 69B)
Class kotlin.io.CloseableKt                                                           : loaded 3 times (x 69B)
Class com.google.common.collect.IndexedImmutableSet                                   : loaded 3 times (x 148B)
Class kotlin.io.FilesKt__FileReadWriteKt                                              : loaded 3 times (x 69B)
Class com.google.common.collect.SetMultimap                                           : loaded 3 times (x 68B)
Class com.google.common.collect.Iterators                                             : loaded 3 times (x 69B)
Class kotlin.Function                                                                 : loaded 3 times (x 68B)
Class com.google.common.collect.Iterators$ArrayItr                                    : loaded 3 times (x 95B)
Class kotlin.jvm.internal.FunctionBase                                                : loaded 3 times (x 68B)
Class kotlin.collections.SetsKt                                                       : loaded 3 times (x 69B)
Class kotlin.text.Charsets                                                            : loaded 3 times (x 69B)
Class com.google.common.collect.ImmutableMap$Builder                                  : loaded 3 times (x 80B)
Class kotlin.io.FileTreeWalk$FileTreeWalkIterator$TopDownDirectoryState               : loaded 3 times (x 72B)
Class com.google.common.collect.SingletonImmutableSet                                 : loaded 3 times (x 144B)
Class kotlin.UNINITIALIZED_VALUE                                                      : loaded 3 times (x 69B)
Class kotlin.collections.CollectionsKt___CollectionsKt                                : loaded 3 times (x 69B)
Class kotlin.ranges.RangesKt___RangesKt                                               : loaded 3 times (x 69B)
Class kotlin.text.CharsKt                                                             : loaded 3 times (x 69B)
Class com.google.common.collect.ImmutableBiMapFauxverideShim                          : loaded 3 times (x 118B)
Class com.google.common.collect.ImmutableMapEntrySet                                  : loaded 3 times (x 149B)
Class kotlin.KotlinNullPointerException                                               : loaded 3 times (x 81B)
Class kotlin.ranges.ClosedRange                                                       : loaded 3 times (x 68B)
Class kotlin._Assertions                                                              : loaded 3 times (x 69B)
Class com.google.common.collect.PeekingIterator                                       : loaded 3 times (x 68B)
Class com.google.common.collect.ImmutableMap$IteratorBasedImmutableMap                : loaded 3 times (x 123B)
Class com.google.common.collect.RegularImmutableAsList                                : loaded 3 times (x 176B)
Class com.google.common.base.Platform                                                 : loaded 3 times (x 69B)
Class kotlin.ranges.IntProgression                                                    : loaded 3 times (x 79B)
Class com.google.common.collect.ImmutableMapEntry$NonTerminalImmutableMapEntry        : loaded 3 times (x 83B)
Class kotlin.jvm.functions.Function1                                                  : loaded 3 times (x 68B)
Class com.google.common.collect.ImmutableMap                                          : loaded 3 times (x 118B)
Class kotlin.jvm.functions.Function0                                                  : loaded 3 times (x 68B)
Class kotlin.enums.EnumEntriesList                                                    : loaded 3 times (x 183B)
Class kotlin.collections.MapsKt___MapsJvmKt                                           : loaded 3 times (x 69B)
Class kotlin.collections.SetsKt__SetsJVMKt                                            : loaded 3 times (x 69B)
Class kotlin.sequences.SequencesKt___SequencesKt                                      : loaded 3 times (x 69B)
Class com.google.common.base.Converter                                                : loaded 3 times (x 88B)
Class kotlin.collections.CollectionsKt__CollectionsJVMKt                              : loaded 3 times (x 69B)
Class kotlin.annotation.Retention                                                     : loaded 3 times (x 68B)
Class kotlin.Lazy                                                                     : loaded 3 times (x 68B)
Class kotlin.sequences.FilteringSequence$iterator$1                                   : loaded 3 times (x 77B)
Class kotlin.comparisons.ComparisonsKt                                                : loaded 3 times (x 69B)
Class kotlin.text.StringsKt__StringBuilderKt                                          : loaded 3 times (x 69B)
Class kotlin.io.FilesKt                                                               : loaded 3 times (x 69B)
Class [Lcom.google.common.collect.ImmutableEntry;                                     : loaded 3 times (x 67B)
Class kotlin.collections.CollectionsKt__CollectionsKt                                 : loaded 3 times (x 69B)
Class kotlin.NoWhenBranchMatchedException                                             : loaded 3 times (x 80B)
Class com.google.common.collect.ImmutableSet$RegularSetBuilderImpl                    : loaded 3 times (x 75B)
Class kotlin.LazyKt                                                                   : loaded 3 times (x 69B)
Class kotlin.sequences.SequencesKt__SequencesJVMKt                                    : loaded 3 times (x 69B)
Class kotlin.sequences.SequencesKt__SequencesKt                                       : loaded 3 times (x 69B)
Class kotlin.annotation.Target                                                        : loaded 3 times (x 68B)
Class kotlin.sequences.FilteringSequence                                              : loaded 3 times (x 73B)
Class com.google.common.base.Equivalence                                              : loaded 3 times (x 80B)
Class kotlin.collections.CollectionsKt__IteratorsJVMKt                                : loaded 3 times (x 69B)
Class kotlin.Metadata                                                                 : loaded 3 times (x 68B)
Class kotlin.io.FileTreeWalk$FileTreeWalkIterator                                     : loaded 3 times (x 81B)
Class [Lcom.google.common.collect.ImmutableMapEntry;                                  : loaded 3 times (x 67B)
Class com.google.common.collect.ImmutableMapEntrySet$RegularEntrySet                  : loaded 3 times (x 149B)
Class com.google.common.collect.ImmutableList$1                                       : loaded 3 times (x 95B)
Class com.google.common.collect.UnmodifiableListIterator                              : loaded 3 times (x 93B)
Class kotlin.collections.ArraysKt__ArraysKt                                           : loaded 3 times (x 69B)
Class kotlin.comparisons.ComparisonsKt___ComparisonsJvmKt                             : loaded 3 times (x 69B)
Class com.google.common.collect.AbstractIndexedListIterator                           : loaded 3 times (x 94B)
Class [Lkotlin.io.FileWalkDirection;                                                  : loaded 3 times (x 67B)
Class com.google.common.collect.RegularImmutableMap                                   : loaded 3 times (x 119B)
Class com.google.common.collect.Maps                                                  : loaded 3 times (x 69B)
Class kotlin.collections.EmptyIterator                                                : loaded 3 times (x 87B)
Class kotlin.sequences.SequencesKt                                                    : loaded 3 times (x 69B)
Class com.google.common.collect.CollectPreconditions                                  : loaded 3 times (x 69B)
Class com.google.common.collect.RegularImmutableMap$KeySet                            : loaded 3 times (x 148B)
Class com.google.common.collect.Iterators$9                                           : loaded 3 times (x 79B)
Class com.google.common.base.Function                                                 : loaded 3 times (x 68B)
Class com.google.common.base.Preconditions                                            : loaded 3 times (x 69B)
Class com.google.common.base.Equivalence$Equals                                       : loaded 3 times (x 80B)
Class com.google.common.base.Predicate                                                : loaded 3 times (x 68B)
Class kotlin.ranges.OpenEndRange                                                      : loaded 3 times (x 68B)
Class com.google.common.collect.Iterators$5                                           : loaded 3 times (x 80B)
Class kotlin.text.StringsKt                                                           : loaded 3 times (x 69B)
Class com.google.common.collect.RegularImmutableMap$BucketOverflowException           : loaded 3 times (x 80B)
Class com.google.common.collect.Iterators$4                                           : loaded 3 times (x 80B)
Class com.google.common.collect.Iterators$1                                           : loaded 3 times (x 79B)
Class kotlin.text.StringsKt___StringsJvmKt                                            : loaded 3 times (x 69B)
Class kotlin.jvm.internal.Intrinsics                                                  : loaded 3 times (x 69B)
Class com.google.common.collect.ImmutableList                                         : loaded 3 times (x 166B)
Class com.google.common.collect.Iterators$10                                          : loaded 3 times (x 79B)
Class com.google.common.collect.RegularImmutableSet                                   : loaded 3 times (x 146B)
Class com.google.common.base.Absent                                                   : loaded 3 times (x 78B)
Class kotlin.collections.EmptyList                                                    : loaded 3 times (x 134B)
Class kotlin.jvm.internal.Lambda                                                      : loaded 3 times (x 73B)
Class kotlin.collections.CollectionsKt__MutableCollectionsJVMKt                       : loaded 3 times (x 69B)
Class com.google.common.collect.ImmutableList$ReverseImmutableList                    : loaded 3 times (x 168B)
Class kotlin.io.FileTreeWalk                                                          : loaded 3 times (x 73B)
Class com.google.common.collect.ImmutableEnumMap                                      : loaded 3 times (x 123B)
Class com.google.common.collect.RegularImmutableMap$Values                            : loaded 3 times (x 167B)
Class kotlin.jvm.internal.markers.KMappedMarker                                       : loaded 3 times (x 68B)
Class kotlin.UninitializedPropertyAccessException                                     : loaded 3 times (x 80B)
Class com.google.common.base.PairwiseEquivalence                                      : loaded 3 times (x 81B)
Class com.google.common.collect.Maps$8                                                : loaded 3 times (x 80B)
Class com.google.common.collect.ImmutableCollection                                   : loaded 3 times (x 123B)
Class com.google.common.base.PatternCompiler                                          : loaded 3 times (x 68B)
Class kotlin.text.StringsKt__StringNumberConversionsKt                                : loaded 3 times (x 69B)
Class kotlin.sequences.SequencesKt__SequenceBuilderKt                                 : loaded 3 times (x 69B)
Class com.google.common.collect.RegularImmutableBiMap                                 : loaded 3 times (x 146B)
Class kotlin.collections.AbstractIterator$WhenMappings                                : loaded 3 times (x 69B)
Class com.google.common.base.FunctionalEquivalence                                    : loaded 3 times (x 81B)
Class com.google.common.collect.Multimap                                              : loaded 3 times (x 68B)
Class com.google.common.base.Optional                                                 : loaded 3 times (x 78B)
Class com.google.common.base.JdkPattern                                               : loaded 3 times (x 73B)
Class kotlin.collections.CollectionsKt__ReversedViewsKt                               : loaded 3 times (x 69B)
Class com.google.common.collect.Hashing                                               : loaded 3 times (x 69B)
Class kotlin.collections.CollectionsKt__MutableCollectionsKt                          : loaded 3 times (x 69B)
Class com.google.common.collect.Sets$SetView                                          : loaded 3 times (x 136B)
Class com.google.common.base.Platform$JdkPatternCompiler                              : loaded 3 times (x 73B)
Class kotlin.io.FileTreeWalk$FileTreeWalkIterator$WhenMappings                        : loaded 3 times (x 69B)
Class com.google.common.collect.UnmodifiableIterator                                  : loaded 3 times (x 78B)
Class com.google.common.collect.Lists                                                 : loaded 3 times (x 69B)
Class com.google.common.collect.BiMap                                                 : loaded 3 times (x 68B)
Class kotlin.text.StringsKt__StringsJVMKt                                             : loaded 3 times (x 69B)
Class kotlin.collections.SetsKt___SetsKt                                              : loaded 3 times (x 69B)
Class kotlin.text.StringsKt__StringBuilderJVMKt                                       : loaded 3 times (x 69B)
Class kotlin.text.StringsKt__RegexExtensionsKt                                        : loaded 3 times (x 69B)
Class org.apache.commons.io.filefilter.IOFileFilter                                   : loaded 3 times (x 68B)
Class kotlin.jvm.internal.markers.KMutableIterable                                    : loaded 2 times (x 68B)
Class com.google.common.math.IntMath$1                                                : loaded 2 times (x 69B)
Class org.gradle.internal.classloader.ClassLoaderVisitor                              : loaded 2 times (x 74B)
Class org.jetbrains.kotlin.name.ClassId                                               : loaded 2 times (x 70B)
Class com.google.gson.internal.sql.SqlTimeTypeAdapter$1                               : loaded 2 times (x 73B)
Class org.objectweb.asm.Label                                                         : loaded 2 times (x 71B)
Class com.squareup.javapoet.AnnotationSpec                                            : loaded 2 times (x 70B)
Class com.google.common.cache.CacheBuilder$NullListener                               : loaded 2 times (x 80B)
Class kotlin.reflect.jvm.internal.KPropertyImpl$Companion                             : loaded 2 times (x 69B)
Class [Lorg.jetbrains.org.objectweb.asm.AnnotationVisitor;                            : loaded 2 times (x 67B)
Class com.google.common.collect.ImmutableMultimap                                     : loaded 2 times (x 145B)
Class com.google.gson.TypeAdapter$1                                                   : loaded 2 times (x 72B)
Class org.objectweb.asm.AnnotationWriter                                              : loaded 2 times (x 76B)
Class [Lkotlin.reflect.KProperty;                                                     : loaded 2 times (x 67B)
Class com.google.common.math.MathPreconditions                                        : loaded 2 times (x 69B)
Class kotlin.reflect.jvm.internal.KTypeParameterOwnerImpl                             : loaded 2 times (x 68B)
Class com.google.gson.internal.ConstructorConstructor$9                               : loaded 2 times (x 74B)
Class kotlin.reflect.jvm.internal.impl.builtins.functions.FunctionClassKind           : loaded 2 times (x 78B)
Class org.jetbrains.kotlin.cli.common.CompilerSystemProperties                        : loaded 2 times (x 78B)
Class kotlin.reflect.jvm.internal.impl.name.ClassId                                   : loaded 2 times (x 70B)
Class kotlin.reflect.jvm.internal.KCallableImpl$_parameters$1                         : loaded 2 times (x 77B)
Class kotlin.reflect.jvm.internal.KClassImpl$Data$supertypes$2                        : loaded 2 times (x 77B)
Class org.jetbrains.org.objectweb.asm.Frame                                           : loaded 2 times (x 71B)
Class org.gradle.internal.service.DefaultServiceLocator                               : loaded 2 times (x 81B)
Class android.databinding.tool.LibTypes$nonNull$2                                     : loaded 2 times (x 77B)
Class jdk.internal.jrtfs.JrtDirectoryStream$1                                         : loaded 2 times (x 81B)
Class org.gradle.internal.service.UnknownServiceException                             : loaded 2 times (x 81B)
Class com.google.gson.internal.bind.DefaultDateTypeAdapter$DateType$1                 : loaded 2 times (x 71B)
Class kotlin.collections.IntIterator                                                  : loaded 2 times (x 80B)
Class com.google.gson.internal.sql.SqlTypesSupport$1                                  : loaded 2 times (x 72B)
Class com.google.common.util.concurrent.AbstractFuture$SynchronizedHelper             : loaded 2 times (x 76B)
Class com.google.common.collect.ArrayListMultimap                                     : loaded 2 times (x 170B)
Class com.google.gson.internal.sql.SqlTypesSupport$2                                  : loaded 2 times (x 72B)
Class android.databinding.tool.LibTypes$appCompatResources$2                          : loaded 2 times (x 77B)
Class android.databinding.tool.LibTypes$mutableLiveData$2                             : loaded 2 times (x 77B)
Class kotlin.reflect.jvm.internal.impl.builtins.jvm.JavaToKotlinClassMap$PlatformMutabilityMapping: loaded 2 times (x 70B)
Class kotlin.collections.builders.ListBuilderKt                                       : loaded 2 times (x 69B)
Class com.google.common.base.Strings                                                  : loaded 2 times (x 69B)
Class kotlin.collections.AbstractMutableSet                                           : loaded 2 times (x 140B)
Class kotlin.reflect.jvm.internal.impl.name.Name                                      : loaded 2 times (x 73B)
Class kotlin.collections.CollectionsKt___CollectionsKt$asSequence$$inlined$Sequence$1 : loaded 2 times (x 73B)
Class org.jetbrains.kotlin.load.kotlin.KotlinJvmBinaryClass                           : loaded 2 times (x 68B)
Class com.google.common.io.Closer                                                     : loaded 2 times (x 76B)
Class com.google.common.cache.LocalCache$Values                                       : loaded 2 times (x 116B)
Class com.google.common.cache.CacheLoader$InvalidCacheLoadException                   : loaded 2 times (x 80B)
Class org.gradle.internal.classloader.DefaultClassLoaderFactory                       : loaded 2 times (x 80B)
Class com.google.gson.JsonNull                                                        : loaded 2 times (x 90B)
Class org.jetbrains.org.objectweb.asm.tree.LdcInsnNode                                : loaded 2 times (x 76B)
Class jdk.internal.jimage.ImageReader$SharedImageReader                               : loaded 2 times (x 93B)
Class kotlin.reflect.KClass                                                           : loaded 2 times (x 68B)
Class com.google.common.base.Stopwatch                                                : loaded 2 times (x 70B)
Class kotlin.jvm.internal.markers.KMutableIterator                                    : loaded 2 times (x 68B)
Class com.google.gson.internal.bind.JsonTreeWriter                                    : loaded 2 times (x 96B)
Class kotlin.reflect.jvm.internal.impl.name.FqNamesUtilKt                             : loaded 2 times (x 69B)
Class com.google.common.reflect.Types                                                 : loaded 2 times (x 69B)
Class net.rubygrapefruit.platform.ProcessLauncher                                     : loaded 2 times (x 68B)
Class com.google.common.collect.Interners$InternerImpl                                : loaded 2 times (x 73B)
Class org.jetbrains.org.objectweb.asm.tree.UnsupportedClassVersionException           : loaded 2 times (x 80B)
Class com.google.common.cache.LocalCache$LoadingValueReference                        : loaded 2 times (x 94B)
Class kotlin.reflect.jvm.internal.KPropertyImpl$_descriptor$1                         : loaded 2 times (x 77B)
Class kotlin.ResultKt                                                                 : loaded 2 times (x 69B)
Class com.google.common.base.CharMatcher$SingleWidth                                  : loaded 2 times (x 110B)
Class kotlin.Result$Companion                                                         : loaded 2 times (x 69B)
Class kotlin.jvm.internal.markers.KMutableMap                                         : loaded 2 times (x 68B)
Class [Lcom.google.gson.ToNumberStrategy;                                             : loaded 2 times (x 67B)
Class android.databinding.tool.LibTypes                                               : loaded 2 times (x 70B)
Class com.google.common.collect.MapMakerInternalMap$AbstractStrongKeyEntry            : loaded 2 times (x 80B)
Class com.google.common.collect.ImmutableRangeSet$ComplementRanges                    : loaded 2 times (x 167B)
Class com.google.gson.JsonElement                                                     : loaded 2 times (x 90B)
Class kotlin.reflect.jvm.internal.KotlinReflectionInternalError                       : loaded 2 times (x 80B)
Class org.jetbrains.org.objectweb.asm.RecordComponentVisitor                          : loaded 2 times (x 75B)
Class [Lcom.google.common.reflect.Types$ClassOwnership;                               : loaded 2 times (x 67B)
Class com.google.common.collect.Maps$KeySet                                           : loaded 2 times (x 135B)
Class kotlin.Deprecated                                                               : loaded 2 times (x 68B)
Class android.databinding.tool.util.LoggedErrorException                              : loaded 2 times (x 80B)
Class kotlin.Result$Failure                                                           : loaded 2 times (x 70B)
Class kotlin.reflect.jvm.internal.KClassImpl$Data$allMembers$2                        : loaded 2 times (x 77B)
Class jdk.internal.jimage.decompressor.ZipDecompressorFactory                         : loaded 2 times (x 72B)
Class com.google.gson.internal.bind.JsonTreeReader                                    : loaded 2 times (x 96B)
Class [Lkotlin.annotation.AnnotationRetention;                                        : loaded 2 times (x 67B)
Class org.jetbrains.org.objectweb.asm.ClassTooLargeException                          : loaded 2 times (x 81B)
Class [Lorg.jetbrains.org.objectweb.asm.Attribute;                                    : loaded 2 times (x 67B)
Class org.jetbrains.kotlin.config.AnalysisFlag                                        : loaded 2 times (x 70B)
Class org.objectweb.asm.AnnotationVisitor                                             : loaded 2 times (x 75B)
Class org.objectweb.asm.RecordComponentWriter                                         : loaded 2 times (x 76B)
Class kotlin.sequences.SequenceScope                                                  : loaded 2 times (x 71B)
Class com.google.common.cache.LocalCache$1                                            : loaded 2 times (x 87B)
Class com.google.common.cache.LocalCache$2                                            : loaded 2 times (x 140B)
Class com.google.gson.internal.sql.SqlDateTypeAdapter                                 : loaded 2 times (x 72B)
Class com.google.common.base.CharMatcher$InRange                                      : loaded 2 times (x 109B)
Class android.databinding.tool.LibTypes$dataBindingKtx$2                              : loaded 2 times (x 76B)
Class [Lcom.google.common.cache.CacheBuilder$NullListener;                            : loaded 2 times (x 67B)
Class org.gradle.internal.classloader.VisitableURLClassLoader$Spec                    : loaded 2 times (x 72B)
Class org.gradle.api.GradleException                                                  : loaded 2 times (x 80B)
Class com.google.common.base.CharMatcher$JavaLetterOrDigit                            : loaded 2 times (x 109B)
Class com.google.gson.internal.bind.CollectionTypeAdapterFactory$Adapter              : loaded 2 times (x 72B)
Class kotlin.reflect.jvm.internal.KCallableImpl$_annotations$1                        : loaded 2 times (x 77B)
Class org.gradle.api.internal.classpath.ModuleRegistry                                : loaded 2 times (x 68B)
Class com.google.common.collect.ForwardingObject                                      : loaded 2 times (x 70B)
Class org.jetbrains.kotlin.cli.common.messages.MessageCollector                       : loaded 2 times (x 68B)
Class Build_gradle$1$2$1                                                              : loaded 2 times (x 77B)
Class com.google.common.reflect.TypeToken$1                                           : loaded 2 times (x 106B)
Class com.google.common.cache.CacheBuilder                                            : loaded 2 times (x 70B)
Class javax.xml.bind.JAXBException                                                    : loaded 2 times (x 83B)
Class com.google.common.reflect.TypeToken$2                                           : loaded 2 times (x 106B)
Class org.objectweb.asm.ByteVector                                                    : loaded 2 times (x 76B)
Class androidx.databinding.BindingAdapter                                             : loaded 2 times (x 68B)
Class kotlin.collections.ArrayAsCollection                                            : loaded 2 times (x 103B)
Class com.squareup.kotlinpoet.TypeName$Companion                                      : loaded 2 times (x 69B)
Class org.jetbrains.kotlin.metadata.deserialization.BinaryVersion                     : loaded 2 times (x 72B)
Class kotlin.jvm.internal.markers.KMutableCollection                                  : loaded 2 times (x 68B)
Class com.google.common.collect.ImmutableRangeSet                                     : loaded 2 times (x 113B)
Class kotlin.reflect.jvm.internal.KCallableImpl$_typeParameters$1                     : loaded 2 times (x 77B)
Class com.squareup.javapoet.LineWrapper                                               : loaded 2 times (x 70B)
Class com.google.gson.JsonSyntaxException                                             : loaded 2 times (x 80B)
Class com.google.common.collect.AbstractRangeSet                                      : loaded 2 times (x 112B)
Class com.google.common.base.Ticker                                                   : loaded 2 times (x 70B)
Class org.jetbrains.kotlin.name.FqName                                                : loaded 2 times (x 70B)
Class org.gradle.api.internal.ClassPathProvider                                       : loaded 2 times (x 68B)
Class androidx.databinding.Bindable                                                   : loaded 2 times (x 68B)
Class org.gradle.internal.classpath.DefaultClassPath$ImmutableUniqueList$Builder      : loaded 2 times (x 73B)
Class com.google.common.base.Ascii                                                    : loaded 2 times (x 69B)
Class com.google.gson.TypeAdapterFactory                                              : loaded 2 times (x 68B)
Class android.databinding.tool.LibTypes$liveData$2                                    : loaded 2 times (x 77B)
Class com.google.gson.reflect.TypeToken                                               : loaded 2 times (x 73B)
Class org.objectweb.asm.ModuleWriter                                                  : loaded 2 times (x 79B)
Class org.gradle.internal.classloader.ClasspathUtil$1                                 : loaded 2 times (x 74B)
Class com.google.gson.internal.bind.ReflectiveTypeAdapterFactory$Adapter              : loaded 2 times (x 75B)
Class [Lcom.google.common.cache.LocalCache$Strength;                                  : loaded 2 times (x 67B)
Class kotlin.reflect.jvm.internal.KPackageImpl$data$1                                 : loaded 2 times (x 77B)
Class com.google.common.base.Enums$StringConverter                                    : loaded 2 times (x 88B)
Class android.databinding.tool.LibTypes$dataBindingComponent$2                        : loaded 2 times (x 77B)
Class kotlin.reflect.KCallable                                                        : loaded 2 times (x 68B)
Class org.gradle.kotlin.dsl.Accessors377twfxlhpj2n65rquy9ybeqsKt                      : loaded 2 times (x 69B)
Class kotlin.sequences.TransformingSequence                                           : loaded 2 times (x 73B)
Class com.google.common.collect.ForwardingMap                                         : loaded 2 times (x 130B)
Class jdk.internal.jrtfs.SystemImage                                                  : loaded 2 times (x 72B)
Class com.squareup.kotlinpoet.UtilKt                                                  : loaded 2 times (x 69B)
Class kotlin.Suppress                                                                 : loaded 2 times (x 68B)
Class net.rubygrapefruit.platform.internal.Platform$Posix                             : loaded 2 times (x 79B)
Class android.databinding.tool.LibTypes$propertyChangedInverseListener$2              : loaded 2 times (x 77B)
Class com.google.gson.internal.sql.SqlTimestampTypeAdapter$1                          : loaded 2 times (x 73B)
Class com.squareup.javapoet.LineWrapper$FlushType                                     : loaded 2 times (x 77B)
Class [Lorg.jetbrains.kotlin.config.ExplicitApiMode;                                  : loaded 2 times (x 67B)
Class com.google.common.reflect.Invokable$MethodInvokable                             : loaded 2 times (x 103B)
Class com.google.common.cache.AbstractCache$StatsCounter                              : loaded 2 times (x 68B)
Class org.objectweb.asm.FieldVisitor                                                  : loaded 2 times (x 74B)
Class com.squareup.javapoet.TypeSpec$Kind                                             : loaded 2 times (x 77B)
Class org.objectweb.asm.Symbol                                                        : loaded 2 times (x 71B)
Class android.databinding.tool.LibTypes$bindable$2                                    : loaded 2 times (x 77B)
Class Build_gradle$1$1                                                                : loaded 2 times (x 76B)
Class Build_gradle$1$2                                                                : loaded 2 times (x 77B)
Class com.google.common.reflect.TypeToken                                             : loaded 2 times (x 71B)
Class kotlin.reflect.jvm.internal.ReflectProperties$Val$1                             : loaded 2 times (x 69B)
Class Build_gradle$1$3                                                                : loaded 2 times (x 76B)
Class com.google.common.cache.LocalCache$Strength$1                                   : loaded 2 times (x 79B)
Class com.google.gson.GsonBuilder                                                     : loaded 2 times (x 70B)
Class Build_gradle$1$4                                                                : loaded 2 times (x 72B)
Class com.google.common.cache.LocalCache$Strength$2                                   : loaded 2 times (x 79B)
Class Build_gradle$1$5                                                                : loaded 2 times (x 76B)
Class com.google.common.cache.LocalCache$Strength$3                                   : loaded 2 times (x 79B)
Class org.gradle.internal.classloader.ClassLoaderFactory                              : loaded 2 times (x 68B)
Class com.google.common.collect.ObjectArrays                                          : loaded 2 times (x 69B)
Class androidx.databinding.InverseMethod                                              : loaded 2 times (x 68B)
Class [Lkotlin.reflect.jvm.internal.impl.name.FqName;                                 : loaded 2 times (x 67B)
Class kotlin.io.LinesSequence$iterator$1                                              : loaded 2 times (x 77B)
Class jdk.internal.jimage.ImageReader$Resource                                        : loaded 2 times (x 82B)
Class com.google.common.util.concurrent.AbstractFuture$Waiter                         : loaded 2 times (x 70B)
Class kotlin.jvm.internal.FunctionReference                                           : loaded 2 times (x 120B)
Class com.google.common.reflect.TypeResolver$TypeTable                                : loaded 2 times (x 71B)
Class com.google.common.util.concurrent.Uninterruptibles                              : loaded 2 times (x 69B)
Class kotlin.coroutines.EmptyCoroutineContext                                         : loaded 2 times (x 75B)
Class kotlin.reflect.jvm.internal.impl.builtins.PrimitiveType$arrayTypeFqName$2       : loaded 2 times (x 77B)
Class jdk.internal.jimage.ImageHeader                                                 : loaded 2 times (x 69B)
Class org.jetbrains.kotlin.resolve.jvm.JvmClassName                                   : loaded 2 times (x 74B)
Class kotlin.reflect.jvm.internal.impl.name.StandardClassIdsKt                        : loaded 2 times (x 69B)
Class com.google.common.collect.Iterators$EmptyModifiableIterator                     : loaded 2 times (x 84B)
Class org.gradle.api.internal.classpath.ManifestUtil                                  : loaded 2 times (x 69B)
Class org.gradle.api.specs.Spec                                                       : loaded 2 times (x 68B)
Class kotlin.reflect.jvm.internal.impl.name.FqNameUnsafe$1                            : loaded 2 times (x 72B)
Class com.google.common.collect.RangeSet                                              : loaded 2 times (x 68B)
Class kotlin.collections.AbstractMutableList                                          : loaded 2 times (x 166B)
Class com.google.common.cache.CacheLoader$UnsupportedLoadingOperationException        : loaded 2 times (x 80B)
Class com.google.gson.internal.bind.TypeAdapters$1                                    : loaded 2 times (x 73B)
Class com.google.gson.JsonIOException                                                 : loaded 2 times (x 80B)
Class com.google.gson.internal.bind.TypeAdapters$2                                    : loaded 2 times (x 73B)
Class com.google.common.base.CharMatcher$Whitespace                                   : loaded 2 times (x 110B)
Class com.google.gson.internal.bind.TypeAdapters$3                                    : loaded 2 times (x 73B)
Class kotlin.jvm.internal.ReflectionFactory                                           : loaded 2 times (x 89B)
Class com.google.gson.internal.bind.TypeAdapters$4                                    : loaded 2 times (x 73B)
Class com.google.gson.internal.bind.TypeAdapters$5                                    : loaded 2 times (x 73B)
Class kotlin.reflect.jvm.internal.impl.name.SpecialNames                              : loaded 2 times (x 69B)
Class com.google.common.util.concurrent.ListenableFuture                              : loaded 2 times (x 68B)
Class com.google.gson.internal.bind.TypeAdapters$6                                    : loaded 2 times (x 73B)
Class android.databinding.tool.CompilerArguments$Type                                 : loaded 2 times (x 77B)
Class com.google.common.collect.MapMaker$Dummy                                        : loaded 2 times (x 77B)
Class com.google.gson.internal.bind.TypeAdapters$7                                    : loaded 2 times (x 73B)
Class com.google.gson.internal.bind.TypeAdapters$8                                    : loaded 2 times (x 73B)
Class com.google.gson.internal.bind.TypeAdapters$9                                    : loaded 2 times (x 73B)
Class com.google.common.base.Enums                                                    : loaded 2 times (x 69B)
Class com.google.common.collect.AbstractMapBasedMultimap$WrappedCollection            : loaded 2 times (x 122B)
Class org.jetbrains.org.objectweb.asm.tree.InvokeDynamicInsnNode                      : loaded 2 times (x 76B)
Class org.gradle.internal.classloader.FilteringClassLoader                            : loaded 2 times (x 102B)
Class org.jetbrains.org.objectweb.asm.ClassWriter                                     : loaded 2 times (x 102B)
Class kotlin.coroutines.jvm.internal.ContinuationImpl                                 : loaded 2 times (x 85B)
Class com.google.common.collect.BaseImmutableMultimap                                 : loaded 2 times (x 121B)
Class androidx.databinding.Untaggable                                                 : loaded 2 times (x 68B)
Class com.google.common.cache.LocalCache$StrongValueReference                         : loaded 2 times (x 88B)
Class com.squareup.javapoet.FieldSpec$Builder                                         : loaded 2 times (x 70B)
Class com.squareup.javapoet.AnnotationSpec$Builder                                    : loaded 2 times (x 70B)
Class com.google.common.util.concurrent.AbstractFuture$UnsafeAtomicHelper             : loaded 2 times (x 76B)
Class kotlin.reflect.KDeclarationContainer                                            : loaded 2 times (x 68B)
Class com.google.common.cache.LocalCache$EntryFactory$8                               : loaded 2 times (x 81B)
Class com.google.common.base.Joiner                                                   : loaded 2 times (x 77B)
Class com.google.gson.ToNumberStrategy                                                : loaded 2 times (x 68B)
Class com.google.common.cache.LocalCache$EntryFactory$7                               : loaded 2 times (x 81B)
Class com.google.gson.internal.sql.SqlDateTypeAdapter$1                               : loaded 2 times (x 73B)
Class kotlin.reflect.full.IllegalPropertyDelegateAccessException                      : loaded 2 times (x 80B)
Class [Lkotlin.reflect.KClassifier;                                                   : loaded 2 times (x 67B)
Class android.databinding.tool.LibTypes$observable$2                                  : loaded 2 times (x 77B)
Class kotlin.coroutines.CoroutineContext                                              : loaded 2 times (x 68B)
Class [Lkotlin.reflect.KClass;                                                        : loaded 2 times (x 67B)
Class [Lnet.rubygrapefruit.platform.internal.FunctionResult$Failure;                  : loaded 2 times (x 67B)
Class androidx.databinding.InverseBindingAdapter                                      : loaded 2 times (x 68B)
Class kotlin.jvm.internal.Reflection                                                  : loaded 2 times (x 69B)
Class net.rubygrapefruit.platform.internal.Platform$Windows                           : loaded 2 times (x 77B)
Class org.jetbrains.kotlin.cli.common.messages.MessageCollector$Companion$NONE$1      : loaded 2 times (x 74B)
Class org.gradle.internal.IoActions                                                   : loaded 2 times (x 69B)
Class android.databinding.tool.LibTypes$bindingAdapter$2                              : loaded 2 times (x 77B)
Class androidx.databinding.BindingMethods                                             : loaded 2 times (x 68B)
Class com.google.common.collect.MapMakerInternalMap$StrongKeyDummyValueEntry$Helper   : loaded 2 times (x 77B)
Class [Lcom.squareup.javapoet.LineWrapper$FlushType;                                  : loaded 2 times (x 67B)
Class kotlin.reflect.jvm.internal.KProperty1Impl$_getter$1                            : loaded 2 times (x 77B)
Class org.jetbrains.kotlin.config.LanguageFeature$State                               : loaded 2 times (x 80B)
Class com.google.gson.internal.$Gson$Types                                            : loaded 2 times (x 69B)
Class com.google.common.cache.ReferenceEntry                                          : loaded 2 times (x 68B)
Class com.google.common.reflect.TypeResolver$TypeVariableKey                          : loaded 2 times (x 70B)
Class com.google.common.cache.LocalCache$EntryFactory$6                               : loaded 2 times (x 81B)
Class kotlin.reflect.jvm.internal.impl.name.FqName                                    : loaded 2 times (x 70B)
Class com.google.common.cache.LocalCache$EntryFactory$5                               : loaded 2 times (x 81B)
Class kotlin.jvm.internal.PropertyReference1Impl                                      : loaded 2 times (x 125B)
Class com.google.common.primitives.IntsMethodsForWeb                                  : loaded 2 times (x 69B)
Class com.google.common.collect.RangeGwtSerializationDependencies                     : loaded 2 times (x 69B)
Class kotlin.io.TextStreamsKt                                                         : loaded 2 times (x 69B)
Class [Lcom.google.gson.ReflectionAccessFilter$FilterResult;                          : loaded 2 times (x 67B)
Class com.squareup.kotlinpoet.WildcardTypeName                                        : loaded 2 times (x 84B)
Class com.google.common.cache.LocalCache$EntryFactory$4                               : loaded 2 times (x 81B)
Class com.google.gson.internal.bind.CollectionTypeAdapterFactory                      : loaded 2 times (x 73B)
Class com.google.common.cache.LocalCache$EntryFactory$3                               : loaded 2 times (x 81B)
Class jdk.internal.jimage.decompressor.StringSharingDecompressorFactory               : loaded 2 times (x 72B)
Class com.google.gson.internal.bind.TypeAdapters$34$1                                 : loaded 2 times (x 72B)
Class kotlin.reflect.jvm.internal.KClassImpl$Data$sealedSubclasses$2                  : loaded 2 times (x 77B)
Class kotlin.jvm.internal.FunctionReferenceImpl                                       : loaded 2 times (x 120B)
Class com.google.common.cache.LocalCache$EntryFactory$2                               : loaded 2 times (x 81B)
Class com.google.gson.internal.$Gson$Types$ParameterizedTypeImpl                      : loaded 2 times (x 79B)
Class com.squareup.kotlinpoet.Taggable                                                : loaded 2 times (x 68B)
Class org.jetbrains.org.objectweb.asm.MethodWriter                                    : loaded 2 times (x 103B)
Class kotlin.reflect.jvm.internal.CachesKt$CACHE_FOR_GENERIC_CLASSIFIERS$1            : loaded 2 times (x 76B)
Class net.rubygrapefruit.platform.internal.NativeLibraryLocator                       : loaded 2 times (x 71B)
Class com.google.common.base.CharMatcher$None                                         : loaded 2 times (x 110B)
Class org.jetbrains.org.objectweb.asm.tree.TypeAnnotationNode                         : loaded 2 times (x 78B)
Class [Lorg.jetbrains.kotlin.load.kotlin.header.KotlinClassHeader$Kind;               : loaded 2 times (x 67B)
Class kotlin.reflect.KType                                                            : loaded 2 times (x 68B)
Class org.jetbrains.org.objectweb.asm.AnnotationVisitor                               : loaded 2 times (x 75B)
Class org.gradle.api.internal.classpath.EffectiveClassPath                            : loaded 2 times (x 88B)
Class kotlin.comparisons.NaturalOrderComparator                                       : loaded 2 times (x 86B)
Class kotlin.jvm.internal.DefaultConstructorMarker                                    : loaded 2 times (x 69B)
Class com.google.common.io.Files                                                      : loaded 2 times (x 69B)
Class com.google.gson.internal.bind.ReflectiveTypeAdapterFactory                      : loaded 2 times (x 73B)
Class com.google.gson.LongSerializationPolicy                                         : loaded 2 times (x 78B)
Class com.squareup.javapoet.LineWrapper$RecordingAppendable                           : loaded 2 times (x 75B)
Class jdk.internal.jimage.ImageReader$LinkNode                                        : loaded 2 times (x 82B)
Class [Lkotlin.reflect.jvm.internal.impl.builtins.jvm.JavaToKotlinClassMap$PlatformMutabilityMapping;: loaded 2 times (x 67B)
Class com.google.common.cache.CacheLoader$FunctionToCacheLoader                       : loaded 2 times (x 73B)
Class com.google.common.cache.CacheBuilder$1                                          : loaded 2 times (x 83B)
Class com.google.gson.FieldNamingPolicy$7                                             : loaded 2 times (x 81B)
Class com.google.common.cache.CacheBuilder$2                                          : loaded 2 times (x 77B)
Class com.google.common.base.Splitter$Strategy                                        : loaded 2 times (x 68B)
Class com.google.common.cache.CacheBuilder$3                                          : loaded 2 times (x 70B)
Class com.google.gson.internal.$Gson$Preconditions                                    : loaded 2 times (x 69B)
Class kotlin.reflect.jvm.internal.KClassImpl$Data$constructors$2                      : loaded 2 times (x 77B)
Class com.google.common.cache.LocalCache$EntryFactory$1                               : loaded 2 times (x 81B)
Class com.google.common.primitives.Ints                                               : loaded 2 times (x 69B)
Class kotlin.reflect.jvm.internal.KClassImpl                                          : loaded 2 times (x 113B)
Class [Lcom.google.common.cache.RemovalListener;                                      : loaded 2 times (x 67B)
Class kotlin.reflect.jvm.internal.KClassImpl$Data$nestedClasses$2                     : loaded 2 times (x 77B)
Class net.rubygrapefruit.platform.internal.Platform$Unsupported                       : loaded 2 times (x 77B)
Class org.jetbrains.org.objectweb.asm.tree.TypeInsnNode                               : loaded 2 times (x 77B)
Class com.google.common.collect.Interners                                             : loaded 2 times (x 69B)
Class com.google.gson.internal.ConstructorConstructor                                 : loaded 2 times (x 70B)
Class [Lkotlin.reflect.KDeclarationContainer;                                         : loaded 2 times (x 67B)
Class com.squareup.javapoet.CodeBlock                                                 : loaded 2 times (x 70B)
Class kotlin.LazyKt__LazyJVMKt$WhenMappings                                           : loaded 2 times (x 69B)
Class kotlin.reflect.jvm.internal.KProperty1Impl                                      : loaded 2 times (x 126B)
Class kotlin.sequences.SequencesKt___SequencesKt$filterNotNull$1                      : loaded 2 times (x 76B)
Class kotlin.jvm.internal.ClassBasedDeclarationContainer                              : loaded 2 times (x 68B)
Class com.google.common.collect.MapMakerInternalMap$Strength$1                        : loaded 2 times (x 78B)
Class org.gradle.internal.installation.CurrentGradleInstallation                      : loaded 2 times (x 71B)
Class kotlin.reflect.jvm.internal.KClassImpl$Data$typeParameters$2                    : loaded 2 times (x 77B)
Class com.google.common.collect.MapMakerInternalMap$Strength$2                        : loaded 2 times (x 78B)
Class com.google.gson.FieldNamingPolicy$6                                             : loaded 2 times (x 81B)
Class org.gradle.internal.agents.InstrumentingClassLoader                             : loaded 2 times (x 68B)
Class org.gradle.internal.installation.CurrentGradleInstallationLocator               : loaded 2 times (x 69B)
Class kotlin.reflect.jvm.internal.KClassImpl$Data$inheritedNonStaticMembers$2         : loaded 2 times (x 77B)
Class com.google.gson.stream.JsonReader$1                                             : loaded 2 times (x 70B)
Class [Lcom.google.common.cache.LocalCache$Segment;                                   : loaded 2 times (x 67B)
Class org.gradle.api.internal.classpath.Module                                        : loaded 2 times (x 68B)
Class com.squareup.javapoet.FieldSpec                                                 : loaded 2 times (x 70B)
Class [Landroid.databinding.tool.CompilerArguments$Type;                              : loaded 2 times (x 67B)
Class kotlin.coroutines.jvm.internal.RestrictedSuspendLambda                          : loaded 2 times (x 89B)
Class kotlin.reflect.KProperty                                                        : loaded 2 times (x 68B)
Class com.google.common.collect.ImmutableSortedSet                                    : loaded 2 times (x 233B)
Class android.databinding.tool.LibTypes$inverseBindingListener$2                      : loaded 2 times (x 77B)
Class com.google.gson.FieldNamingPolicy$5                                             : loaded 2 times (x 81B)
Class org.jetbrains.org.objectweb.asm.ClassReader                                     : loaded 2 times (x 90B)
Class com.google.common.base.Splitter$1$1                                             : loaded 2 times (x 84B)
Class org.gradle.kotlin.dsl.TestImplementationConfigurationAccessorsKt                : loaded 2 times (x 69B)
Class net.rubygrapefruit.platform.internal.NativeLibraryLoader                        : loaded 2 times (x 71B)
Class com.google.common.collect.MapMakerInternalMap$Segment                           : loaded 2 times (x 140B)
Class com.squareup.javapoet.MethodSpec$Builder                                        : loaded 2 times (x 70B)
Class kotlin.collections.builders.SetBuilder                                          : loaded 2 times (x 141B)
Class kotlin.io.FileSystemException                                                   : loaded 2 times (x 80B)
Class kotlin.reflect.jvm.internal.impl.descriptors.runtime.structure.ReflectClassUtilKt: loaded 2 times (x 69B)
Class kotlin.jvm.internal.MutablePropertyReference0                                   : loaded 2 times (x 135B)
Class com.google.gson.FieldNamingPolicy$4                                             : loaded 2 times (x 81B)
Class kotlin.jvm.internal.MutablePropertyReference1                                   : loaded 2 times (x 135B)
Class com.google.gson.FieldNamingPolicy$3                                             : loaded 2 times (x 81B)
Class kotlin.jvm.internal.MutablePropertyReference2                                   : loaded 2 times (x 135B)
Class com.google.common.collect.ImmutableSet$JdkBackedSetBuilderImpl                  : loaded 2 times (x 74B)
Class com.google.gson.internal.bind.DateTypeAdapter                                   : loaded 2 times (x 72B)
Class kotlin.reflect.jvm.internal.KClassImpl$Data$qualifiedName$2                     : loaded 2 times (x 77B)
Class com.google.common.reflect.Types$TypeVariableInvocationHandler                   : loaded 2 times (x 73B)
Class com.google.common.reflect.Types$ClassOwnership                                  : loaded 2 times (x 78B)
Class kotlin.collections.builders.ListBuilder$Itr                                     : loaded 2 times (x 92B)
Class com.google.gson.FieldNamingPolicy$2                                             : loaded 2 times (x 81B)
Class kotlin.reflect.jvm.internal.KCallableImpl$_absentArguments$1                    : loaded 2 times (x 77B)
Class [Lorg.objectweb.asm.AnnotationWriter;                                           : loaded 2 times (x 67B)
Class org.gradle.internal.service.CachingServiceLocator                               : loaded 2 times (x 80B)
Class kotlin.sequences.GeneratorSequence$iterator$1                                   : loaded 2 times (x 77B)
Class [Lorg.jetbrains.kotlin.config.JvmDefaultMode;                                   : loaded 2 times (x 67B)
Class org.jetbrains.org.objectweb.asm.ModuleWriter                                    : loaded 2 times (x 79B)
Class kotlin.reflect.jvm.internal.impl.name.StandardClassIds                          : loaded 2 times (x 69B)
Class com.squareup.javapoet.TypeName                                                  : loaded 2 times (x 79B)
Class com.google.gson.FieldNamingPolicy$1                                             : loaded 2 times (x 81B)
Class org.jetbrains.kotlin.config.JvmDefaultMode                                      : loaded 2 times (x 77B)
Class net.rubygrapefruit.platform.internal.Platform$Linux64Bit                        : loaded 2 times (x 81B)
Class com.google.common.collect.ImmutableSet$EmptySetBuilderImpl                      : loaded 2 times (x 74B)
Class kotlin.collections.builders.MapBuilder$KeysItr                                  : loaded 2 times (x 79B)
Class com.google.common.collect.Sets$ImprovedAbstractSet                              : loaded 2 times (x 133B)
Class org.gradle.internal.classpath.DefaultClassPath                                  : loaded 2 times (x 88B)
Class com.google.gson.JsonObject                                                      : loaded 2 times (x 91B)
Class kotlin.reflect.jvm.internal.KDeclarationContainerImpl$Data                      : loaded 2 times (x 70B)
Class androidx.databinding.InverseBindingMethods                                      : loaded 2 times (x 68B)
Class com.google.common.collect.MapMakerInternalMap$1                                 : loaded 2 times (x 81B)
Class com.squareup.kotlinpoet.ClassNames                                              : loaded 2 times (x 69B)
Class kotlin.sequences.FlatteningSequence                                             : loaded 2 times (x 73B)
Class kotlin.reflect.jvm.internal.ReflectProperties$LazySoftVal                       : loaded 2 times (x 76B)
Class kotlin.Result                                                                   : loaded 2 times (x 70B)
Class com.google.gson.internal.ReflectionAccessFilterHelper                           : loaded 2 times (x 69B)
Class kotlin.reflect.jvm.internal.KClassImpl$Data$objectInstance$2                    : loaded 2 times (x 77B)
Class android.databinding.tool.LibTypes$stateFlow$2                                   : loaded 2 times (x 76B)
Class org.jetbrains.org.objectweb.asm.FieldVisitor                                    : loaded 2 times (x 74B)
Class com.google.common.util.concurrent.AbstractFuture$SetFuture                      : loaded 2 times (x 73B)
Class com.google.common.collect.ImmutableSortedSetFauxverideShim                      : loaded 2 times (x 145B)
Class org.jetbrains.kotlin.cli.common.messages.CompilerMessageSeverity                : loaded 2 times (x 77B)
Class org.jetbrains.kotlin.config.LanguageFeature                                     : loaded 2 times (x 78B)
Class com.google.gson.internal.UnsafeAllocator                                        : loaded 2 times (x 70B)
Class org.jetbrains.org.objectweb.asm.tree.VarInsnNode                                : loaded 2 times (x 77B)
Class com.google.common.collect.CollectCollectors                                     : loaded 2 times (x 69B)
Class kotlin.collections.builders.MapBuilder$Itr                                      : loaded 2 times (x 70B)
Class kotlin.sequences.FlatteningSequence$iterator$1                                  : loaded 2 times (x 77B)
Class org.jetbrains.org.objectweb.asm.tree.LineNumberNode                             : loaded 2 times (x 77B)
Class android.databinding.tool.LibTypes$viewDataBinding$2                             : loaded 2 times (x 77B)
Class kotlin.annotation.MustBeDocumented                                              : loaded 2 times (x 68B)
Class kotlin.reflect.jvm.internal.impl.utils.CollectionsKt                            : loaded 2 times (x 69B)
Class org.jetbrains.kotlin.config.JVMAssertionsMode$Companion                         : loaded 2 times (x 69B)
Class jdk.internal.jimage.BasicImageReader                                            : loaded 2 times (x 93B)
Class kotlin.reflect.jvm.internal.KPropertyImpl                                       : loaded 2 times (x 113B)
Class kotlin.jvm.internal.CallableReference                                           : loaded 2 times (x 104B)
Class com.google.common.collect.TransformedIterator                                   : loaded 2 times (x 78B)
Class com.google.common.base.Splitter$SplittingIterator                               : loaded 2 times (x 82B)
Class kotlin.annotation.AnnotationRetention                                           : loaded 2 times (x 77B)
Class com.google.gson.internal.reflect.ReflectionHelper$RecordNotSupportedHelper      : loaded 2 times (x 76B)
Class org.jetbrains.org.objectweb.asm.tree.LocalVariableAnnotationNode                : loaded 2 times (x 79B)
Class com.google.gson.annotations.JsonAdapter                                         : loaded 2 times (x 68B)
Class android.databinding.tool.LibTypes$viewBinding$2                                 : loaded 2 times (x 77B)
Class kotlin.reflect.KTypeParameter                                                   : loaded 2 times (x 68B)
Class kotlin.reflect.jvm.internal.ClassValueCache                                     : loaded 2 times (x 72B)
Class com.google.common.reflect.TypeParameter                                         : loaded 2 times (x 70B)
Class kotlin.reflect.jvm.internal.KClassImpl$Data$allNonStaticMembers$2               : loaded 2 times (x 77B)
Class org.jetbrains.org.objectweb.asm.tree.MethodNode                                 : loaded 2 times (x 107B)
Class org.jetbrains.org.objectweb.asm.Attribute                                       : loaded 2 times (x 75B)
Class com.google.common.cache.LocalCache$LocalManualCache$1                           : loaded 2 times (x 73B)
Class kotlin.ranges.IntProgressionIterator                                            : loaded 2 times (x 80B)
Class kotlin.reflect.jvm.internal.impl.builtins.jvm.JavaToKotlinClassMap              : loaded 2 times (x 69B)
Class Build_gradle$1                                                                  : loaded 2 times (x 72B)
Class org.jetbrains.kotlin.load.kotlin.header.KotlinClassHeader$Kind                  : loaded 2 times (x 77B)
Class kotlin.jvm.JvmClassMappingKt                                                    : loaded 2 times (x 69B)
Class Build_gradle$2                                                                  : loaded 2 times (x 76B)
Class jdk.internal.jimage.ImageLocation                                               : loaded 2 times (x 88B)
Class kotlin.reflect.jvm.internal.KClassImpl$data$1                                   : loaded 2 times (x 77B)
Class org.jetbrains.kotlin.config.ExplicitApiMode                                     : loaded 2 times (x 77B)
Class com.google.common.reflect.Types$ClassOwnership$1LocalClass                      : loaded 2 times (x 69B)
Class com.google.common.io.Files$FileByteSource                                       : loaded 2 times (x 83B)
Class com.squareup.kotlinpoet.TypeNames                                               : loaded 2 times (x 69B)
Class kotlin.jvm.functions.Function2                                                  : loaded 2 times (x 68B)
Class com.squareup.javapoet.ClassName                                                 : loaded 2 times (x 82B)
Class kotlin.jvm.functions.Function3                                                  : loaded 2 times (x 68B)
Class [Lcom.google.common.collect.AbstractIterator$State;                             : loaded 2 times (x 67B)
Class com.google.common.reflect.Reflection                                            : loaded 2 times (x 69B)
Class [Lcom.google.common.cache.LocalCache$EntryFactory;                              : loaded 2 times (x 67B)
Class kotlin.jvm.functions.Function4                                                  : loaded 2 times (x 68B)
Class kotlin.reflect.jvm.internal.KClassImpl$Data$declaredNonStaticMembers$2          : loaded 2 times (x 77B)
Class kotlin.sequences.ConstrainedOnceSequence                                        : loaded 2 times (x 73B)
Class kotlin.jvm.functions.Function5                                                  : loaded 2 times (x 68B)
Class net.rubygrapefruit.platform.internal.jni.NativeLibraryFunctions                 : loaded 2 times (x 69B)
Class com.google.gson.internal.bind.NumberTypeAdapter                                 : loaded 2 times (x 72B)
Class com.google.gson.ToNumberPolicy                                                  : loaded 2 times (x 81B)
Class kotlin.jvm.functions.Function6                                                  : loaded 2 times (x 68B)
Class jdk.internal.jimage.ImageReader$Node                                            : loaded 2 times (x 82B)
Class org.jetbrains.kotlin.load.kotlin.FileBasedKotlinClass$OuterAndInnerName         : loaded 2 times (x 70B)
Class kotlin.jvm.functions.Function7                                                  : loaded 2 times (x 68B)
Class kotlin.jvm.functions.Function8                                                  : loaded 2 times (x 68B)
Class kotlin.jvm.functions.Function9                                                  : loaded 2 times (x 68B)
Class com.google.common.base.CharMatcher$Is                                           : loaded 2 times (x 109B)
Class com.squareup.javapoet.CodeWriter                                                : loaded 2 times (x 70B)
Class org.jetbrains.kotlin.name.FqNameUnsafe                                          : loaded 2 times (x 70B)
Class com.google.common.base.CharMatcher$BitSetMatcher                                : loaded 2 times (x 110B)
Class kotlin.reflect.jvm.internal.KProperty1Impl$delegateSource$1                     : loaded 2 times (x 77B)
Class jdk.internal.jimage.decompressor.CompressedResourceHeader                       : loaded 2 times (x 69B)
Class kotlin.reflect.jvm.internal.CachesKt                                            : loaded 2 times (x 69B)
Class com.google.common.collect.ImmutableSetMultimap                                  : loaded 2 times (x 178B)
Class android.databinding.tool.LibTypes$lifecycleOwner$2                              : loaded 2 times (x 77B)
Class [Lcom.google.gson.FieldNamingPolicy;                                            : loaded 2 times (x 67B)
Class [Lkotlin.coroutines.intrinsics.CoroutineSingletons;                             : loaded 2 times (x 67B)
Class kotlin.reflect.jvm.internal.CacheByClass                                        : loaded 2 times (x 71B)
Class org.jetbrains.kotlin.load.kotlin.KotlinJvmBinaryClass$AnnotationArgumentVisitor : loaded 2 times (x 68B)
Class kotlin.reflect.jvm.internal.KClassImpl$Data$descriptor$2                        : loaded 2 times (x 77B)
Class org.jetbrains.kotlin.load.kotlin.FileBasedKotlinClass$InnerClassesInfo          : loaded 2 times (x 72B)
Class com.google.common.util.concurrent.AbstractFuture$Failure                        : loaded 2 times (x 70B)
Class com.google.gson.internal.bind.ObjectTypeAdapter$1                               : loaded 2 times (x 74B)
Class jdk.internal.jrtfs.JrtPath                                                      : loaded 2 times (x 116B)
Class jdk.internal.jrtfs.SystemImage$2                                                : loaded 2 times (x 74B)
Class com.squareup.javapoet.ParameterizedTypeName                                     : loaded 2 times (x 79B)
Class kotlin.reflect.jvm.internal.KClassImpl$Data$annotations$2                       : loaded 2 times (x 77B)
Class com.google.common.reflect.TypeResolver$TypeTable$1                              : loaded 2 times (x 71B)
Class kotlin.sequences.GeneratorSequence                                              : loaded 2 times (x 73B)
Class kotlin.Triple                                                                   : loaded 2 times (x 70B)
Class com.google.common.cache.CacheLoader                                             : loaded 2 times (x 72B)
Class org.objectweb.asm.Type                                                          : loaded 2 times (x 70B)
Class kotlin.io.NoSuchFileException                                                   : loaded 2 times (x 80B)
Class jdk.internal.jimage.ImageStrings                                                : loaded 2 times (x 68B)
Class kotlin.jvm.internal.SpreadBuilder                                               : loaded 2 times (x 74B)
Class kotlin.reflect.KAnnotatedElement                                                : loaded 2 times (x 68B)
Class org.gradle.kotlin.dsl.Accessors6ijptz36i787i38pli2t3331aKt                      : loaded 2 times (x 69B)
Class org.objectweb.asm.MethodTooLargeException                                       : loaded 2 times (x 81B)
Class jdk.internal.jrtfs.SystemImage$1                                                : loaded 2 times (x 76B)
Class com.google.common.cache.LocalCache$AbstractReferenceEntry                       : loaded 2 times (x 105B)
Class org.jetbrains.kotlin.config.JVMAssertionsMode                                   : loaded 2 times (x 77B)
Class jdk.internal.jrtfs.JrtFileAttributes                                            : loaded 2 times (x 81B)
Class [Lkotlin.DeprecationLevel;                                                      : loaded 2 times (x 67B)
Class com.google.gson.FieldNamingPolicy                                               : loaded 2 times (x 81B)
Class kotlin.sequences.SequencesKt__SequenceBuilderKt$sequence$$inlined$Sequence$1    : loaded 2 times (x 73B)
Class com.google.common.cache.Cache                                                   : loaded 2 times (x 68B)
Class com.google.common.collect.Maps$EntrySet                                         : loaded 2 times (x 134B)
Class org.jetbrains.kotlin.config.ApiVersion                                          : loaded 2 times (x 84B)
Class android.databinding.tool.LibTypes$Companion                                     : loaded 2 times (x 69B)
Class org.gradle.internal.installation.GradleInstallation$1                           : loaded 2 times (x 73B)
Class org.gradle.internal.classloader.SystemClassLoaderSpec                           : loaded 2 times (x 69B)
Class com.google.gson.internal.bind.ReflectiveTypeAdapterFactory$FieldReflectionAdapter: loaded 2 times (x 75B)
Class org.jetbrains.org.objectweb.asm.ByteVector                                      : loaded 2 times (x 76B)
Class org.jetbrains.kotlin.utils.StringsKt                                            : loaded 2 times (x 69B)
Class com.google.common.util.concurrent.internal.InternalFutureFailureAccess          : loaded 2 times (x 70B)
Class android.databinding.tool.util.L                                                 : loaded 2 times (x 69B)
Class [Lkotlin.reflect.KCallable;                                                     : loaded 2 times (x 67B)
Class net.rubygrapefruit.platform.internal.Platform$FreeBSD64Bit                      : loaded 2 times (x 80B)
Class com.google.common.base.Charsets                                                 : loaded 2 times (x 69B)
Class org.jetbrains.kotlin.utils.DescriptionAware                                     : loaded 2 times (x 68B)
Class com.google.common.primitives.Ints$IntConverter                                  : loaded 2 times (x 88B)
Class kotlin.collections.CollectionsKt___CollectionsKt$withIndex$1                    : loaded 2 times (x 77B)
Class org.gradle.api.internal.DefaultClassPathProvider                                : loaded 2 times (x 74B)
Class com.google.common.collect.Interners$InternerBuilder                             : loaded 2 times (x 74B)
Class com.google.common.reflect.Types$TypeVariableImpl                                : loaded 2 times (x 70B)
Class [Lcom.google.common.base.AbstractIterator$State;                                : loaded 2 times (x 67B)
Class com.google.common.cache.LocalCache$Segment                                      : loaded 2 times (x 152B)
Class org.jetbrains.org.objectweb.asm.tree.IincInsnNode                               : loaded 2 times (x 76B)
Class com.google.common.collect.MapMakerInternalMap$Strength                          : loaded 2 times (x 78B)
Class kotlin.io.FileAlreadyExistsException                                            : loaded 2 times (x 80B)
Class net.rubygrapefruit.platform.internal.Platform$MacOs                             : loaded 2 times (x 80B)
Class com.google.common.base.AbstractIterator                                         : loaded 2 times (x 78B)
Class kotlin.reflect.jvm.internal.impl.builtins.functions.FunctionClassKind$Companion : loaded 2 times (x 69B)
Class org.jetbrains.kotlin.cli.common.CompilerSystemProperties$Companion              : loaded 2 times (x 69B)
Class org.objectweb.asm.ClassWriter                                                   : loaded 2 times (x 102B)
Class [Lorg.jetbrains.kotlin.config.JVMAssertionsMode;                                : loaded 2 times (x 67B)
Class com.squareup.kotlinpoet.ClassName                                               : loaded 2 times (x 87B)
Class org.jetbrains.org.objectweb.asm.tree.MethodInsnNode                             : loaded 2 times (x 78B)
Class org.jetbrains.org.objectweb.asm.Label                                           : loaded 2 times (x 71B)
Class jdk.internal.jimage.decompressor.ResourceDecompressorRepository                 : loaded 2 times (x 69B)
Class com.google.gson.internal.bind.NumberTypeAdapter$1                               : loaded 2 times (x 74B)
Class com.google.gson.ToNumberPolicy$1                                                : loaded 2 times (x 81B)
Class org.jetbrains.org.objectweb.asm.tree.LabelNode                                  : loaded 2 times (x 78B)
Class com.google.common.collect.Range                                                 : loaded 2 times (x 85B)
Class com.google.gson.ToNumberPolicy$2                                                : loaded 2 times (x 81B)
Class kotlin.sequences.SequencesKt__SequencesKt$generateSequence$2                    : loaded 2 times (x 77B)
Class org.jetbrains.kotlin.config.LanguageVersion                                     : loaded 2 times (x 89B)
Class com.google.common.base.AbstractIterator$1                                       : loaded 2 times (x 69B)
Class com.google.gson.ToNumberPolicy$3                                                : loaded 2 times (x 81B)
Class org.jetbrains.org.objectweb.asm.tree.TableSwitchInsnNode                        : loaded 2 times (x 77B)
Class [Lkotlin.LazyThreadSafetyMode;                                                  : loaded 2 times (x 67B)
Class com.google.gson.internal.LazilyParsedNumber                                     : loaded 2 times (x 76B)
Class com.google.gson.ToNumberPolicy$4                                                : loaded 2 times (x 81B)
Class com.google.gson.internal.bind.ReflectiveTypeAdapterFactory$RecordAdapter        : loaded 2 times (x 75B)
Class kotlin.collections.MapWithDefault                                               : loaded 2 times (x 68B)
Class [Lcom.google.common.cache.Weigher;                                              : loaded 2 times (x 67B)
Class kotlin.io.LinesSequence                                                         : loaded 2 times (x 73B)
Class [Lcom.google.common.cache.CacheBuilder$OneWeigher;                              : loaded 2 times (x 67B)
Class com.google.common.base.Splitter                                                 : loaded 2 times (x 70B)
Class net.rubygrapefruit.platform.NativeIntegrationLinkageException                   : loaded 2 times (x 80B)
Class com.google.common.base.CharMatcher$1                                            : loaded 2 times (x 111B)
Class com.google.common.base.CharMatcher$Ascii                                        : loaded 2 times (x 110B)
Class com.google.common.cache.LocalCache$ComputingValueReference                      : loaded 2 times (x 94B)
Class kotlin.reflect.jvm.internal.impl.builtins.PrimitiveType                         : loaded 2 times (x 77B)
Class com.google.common.collect.ImmutableList$SerializedForm                          : loaded 2 times (x 71B)
Class org.gradle.api.UncheckedIOException                                             : loaded 2 times (x 80B)
Class kotlin.collections.builders.ListBuilder                                         : loaded 2 times (x 167B)
Class com.google.common.base.CharMatcher$And                                          : loaded 2 times (x 110B)
Class com.google.gson.internal.Excluder                                               : loaded 2 times (x 73B)
Class kotlin.reflect.jvm.internal.CacheByClassKt                                      : loaded 2 times (x 69B)
Class kotlin.coroutines.jvm.internal.RestrictedContinuationImpl                       : loaded 2 times (x 85B)
Class net.rubygrapefruit.platform.internal.FunctionResult                             : loaded 2 times (x 75B)
Class [Lcom.google.common.io.FileWriteMode;                                           : loaded 2 times (x 67B)
Class com.google.common.io.Files$FileByteSink                                         : loaded 2 times (x 75B)
Class kotlin.jvm.internal.markers.KMutableList                                        : loaded 2 times (x 68B)
Class com.google.gson.internal.sql.SqlTimestampTypeAdapter                            : loaded 2 times (x 74B)
Class com.google.common.base.ExtraObjectsMethodsForWeb                                : loaded 2 times (x 69B)
Class [Lkotlin.annotation.AnnotationTarget;                                           : loaded 2 times (x 67B)
Class org.gradle.kotlin.dsl.KaptConfigurationAccessorsKt                              : loaded 2 times (x 69B)
Class kotlin.reflect.full.IllegalCallableAccessException                              : loaded 2 times (x 80B)
Class org.jetbrains.org.objectweb.asm.SymbolTable                                     : loaded 2 times (x 70B)
Class com.google.gson.JsonParseException                                              : loaded 2 times (x 80B)
Class com.google.common.collect.IndexedImmutableSet$1                                 : loaded 2 times (x 172B)
Class [Lcom.google.gson.LongSerializationPolicy;                                      : loaded 2 times (x 67B)
Class jdk.internal.jimage.decompressor.ResourceDecompressor$StringsProvider           : loaded 2 times (x 68B)
Class org.jetbrains.kotlin.load.kotlin.header.ReadKotlinClassHeaderAnnotationVisitor  : loaded 2 times (x 78B)
Class com.google.common.collect.AbstractListMultimap                                  : loaded 2 times (x 170B)
Class com.google.common.base.CharMatcher$Any                                          : loaded 2 times (x 110B)
Class com.google.gson.internal.reflect.ReflectionHelper$RecordHelper                  : loaded 2 times (x 73B)
Class com.google.common.collect.Maps$IteratorBasedAbstractMap                         : loaded 2 times (x 123B)
Class jdk.internal.jimage.decompressor.Decompressor                                   : loaded 2 times (x 70B)
Class kotlin.reflect.jvm.internal.ReflectProperties$Val                               : loaded 2 times (x 72B)
Class com.google.common.cache.LocalCache$Strength                                     : loaded 2 times (x 79B)
Class kotlin.reflect.jvm.internal.CachesKt$CACHE_FOR_BASE_CLASSIFIERS$1               : loaded 2 times (x 76B)
Class android.databinding.tool.util.L$Client                                          : loaded 2 times (x 68B)
Class com.google.common.collect.AbstractMapBasedMultimap$KeySet                       : loaded 2 times (x 135B)
Class kotlin.reflect.KProperty$Getter                                                 : loaded 2 times (x 68B)
Class jdk.internal.jrtfs.JrtFileSystem                                                : loaded 2 times (x 100B)
Class com.google.common.collect.SortedIterable                                        : loaded 2 times (x 68B)
Class com.google.common.collect.ArrayListMultimapGwtSerializationDependencies         : loaded 2 times (x 170B)
Class kotlin.reflect.jvm.internal.KMutableProperty1Impl$_setter$1                     : loaded 2 times (x 77B)
Class kotlin.io.FilePathComponents                                                    : loaded 2 times (x 70B)
Class com.google.common.base.CharMatcher$RangesMatcher                                : loaded 2 times (x 110B)
Class android.databinding.tool.LibTypes$mutableStateFlow$2                            : loaded 2 times (x 76B)
Class com.google.common.collect.AbstractMapBasedMultimap$RandomAccessWrappedList      : loaded 2 times (x 165B)
Class kotlin.reflect.jvm.internal.KClassImpl$Data$simpleName$2                        : loaded 2 times (x 77B)
Class org.objectweb.asm.Handler                                                       : loaded 2 times (x 70B)
Class com.google.gson.ReflectionAccessFilter$FilterResult                             : loaded 2 times (x 77B)
Class kotlin.reflect.jvm.internal.impl.name.FqNameUnsafe                              : loaded 2 times (x 70B)
Class com.squareup.javapoet.CodeBlock$Builder                                         : loaded 2 times (x 70B)
Class com.google.common.collect.RegularImmutableSortedSet                             : loaded 2 times (x 233B)
Class [Lorg.jetbrains.org.objectweb.asm.Symbol;                                       : loaded 2 times (x 67B)
Class com.google.common.base.Verify                                                   : loaded 2 times (x 69B)
Class org.jetbrains.kotlin.load.kotlin.FileBasedKotlinClass$4                         : loaded 2 times (x 85B)
Class net.rubygrapefruit.platform.internal.Platform$Linux32Bit                        : loaded 2 times (x 81B)
Class [Lorg.jetbrains.org.objectweb.asm.SymbolTable$Entry;                            : loaded 2 times (x 67B)
Class org.jetbrains.org.objectweb.asm.tree.AbstractInsnNode                           : loaded 2 times (x 76B)
Class com.squareup.kotlinpoet.WildcardTypeName$Companion                              : loaded 2 times (x 69B)
Class net.rubygrapefruit.platform.internal.Platform$MacOs64Bit                        : loaded 2 times (x 80B)
Class jdk.internal.jrtfs.JrtFileSystemProvider                                        : loaded 2 times (x 97B)
Class com.google.common.cache.LocalCache$ValueReference                               : loaded 2 times (x 68B)
Class com.google.gson.internal.bind.DefaultDateTypeAdapter                            : loaded 2 times (x 72B)
Class androidx.databinding.BindingConversion                                          : loaded 2 times (x 68B)
Class com.google.gson.internal.bind.ArrayTypeAdapter$1                                : loaded 2 times (x 73B)
Class kotlin.coroutines.jvm.internal.CompletedContinuation                            : loaded 2 times (x 73B)
Class org.jetbrains.org.objectweb.asm.RecordComponentWriter                           : loaded 2 times (x 76B)
Class android.databinding.tool.writer.JavaFileWriter                                  : loaded 2 times (x 72B)
Class org.jetbrains.org.objectweb.asm.tree.JumpInsnNode                               : loaded 2 times (x 77B)
Class org.gradle.internal.classloader.ClasspathUtil                                   : loaded 2 times (x 69B)
Class com.google.common.base.CharMatcher$IsNot                                        : loaded 2 times (x 109B)
Class org.jetbrains.kotlin.load.kotlin.FileBasedKotlinClass$3                         : loaded 2 times (x 75B)
Class kotlin.sequences.SequenceBuilderIterator                                        : loaded 2 times (x 83B)
Class jdk.internal.jrtfs.JrtDirectoryStream                                           : loaded 2 times (x 87B)
Class org.objectweb.asm.CurrentFrame                                                  : loaded 2 times (x 71B)
Class com.google.common.util.concurrent.AbstractFuture                                : loaded 2 times (x 93B)
Class org.jetbrains.kotlin.load.kotlin.FileBasedKotlinClass$2                         : loaded 2 times (x 85B)
Class org.jetbrains.org.objectweb.asm.SymbolTable$Entry                               : loaded 2 times (x 72B)
Class com.google.common.reflect.TypeResolver                                          : loaded 2 times (x 70B)
Class org.gradle.kotlin.dsl.AndroidTestImplementationConfigurationAccessorsKt         : loaded 2 times (x 69B)
Class com.google.gson.Gson$1                                                          : loaded 2 times (x 74B)
Class jdk.internal.jimage.decompressor.ResourceDecompressor                           : loaded 2 times (x 68B)
Class com.google.gson.Gson$2                                                          : loaded 2 times (x 74B)
Class com.google.gson.Gson$3                                                          : loaded 2 times (x 73B)
Class com.google.gson.Gson$4                                                          : loaded 2 times (x 74B)
Class jdk.internal.jimage.ImageBufferCache$2                                          : loaded 2 times (x 89B)
Class com.google.common.base.Splitter$1                                               : loaded 2 times (x 75B)
Class com.google.gson.Gson$5                                                          : loaded 2 times (x 74B)
Class kotlin.reflect.jvm.internal.impl.resolve.jvm.JvmPrimitiveType                   : loaded 2 times (x 77B)
Class com.google.common.collect.TransformedListIterator                               : loaded 2 times (x 91B)
Class org.jetbrains.kotlin.load.kotlin.FileBasedKotlinClass$1                         : loaded 2 times (x 85B)
Class kotlin.reflect.jvm.internal.impl.builtins.CompanionObjectMapping                : loaded 2 times (x 69B)
Class org.jetbrains.org.objectweb.asm.tree.IntInsnNode                                : loaded 2 times (x 77B)
Class com.google.common.cache.LocalCache$ValueIterator                                : loaded 2 times (x 84B)
Class com.google.common.base.Ticker$1                                                 : loaded 2 times (x 70B)
Class org.gradle.api.internal.DefaultClassPathRegistry                                : loaded 2 times (x 74B)
Class com.google.gson.TypeAdapter                                                     : loaded 2 times (x 71B)
Class com.google.gson.FieldNamingStrategy                                             : loaded 2 times (x 68B)
Class org.jetbrains.kotlin.config.LanguageOrApiVersion                                : loaded 2 times (x 68B)
Class com.google.gson.internal.UnsafeAllocator$1                                      : loaded 2 times (x 71B)
Class com.google.common.collect.AbstractIterator$State                                : loaded 2 times (x 77B)
Class com.google.common.util.concurrent.AbstractFuture$Cancellation                   : loaded 2 times (x 70B)
Class [Lorg.objectweb.asm.Symbol;                                                     : loaded 2 times (x 67B)
Class com.google.gson.internal.UnsafeAllocator$2                                      : loaded 2 times (x 71B)
Class com.google.gson.internal.UnsafeAllocator$3                                      : loaded 2 times (x 71B)
Class com.google.gson.internal.bind.SerializationDelegatingTypeAdapter                : loaded 2 times (x 72B)
Class jdk.internal.jimage.ImageBufferCache$1                                          : loaded 2 times (x 78B)
Class com.google.common.collect.Interner                                              : loaded 2 times (x 68B)
Class com.google.gson.internal.UnsafeAllocator$4                                      : loaded 2 times (x 70B)
Class android.databinding.tool.LibTypes$dataBindingUtil$2                             : loaded 2 times (x 77B)
Class kotlin.reflect.jvm.internal.KPackageImpl                                        : loaded 2 times (x 83B)
Class org.gradle.api.internal.classpath.DefaultModuleRegistry$DefaultModule           : loaded 2 times (x 84B)
Class net.rubygrapefruit.platform.internal.Platform                                   : loaded 2 times (x 77B)
Class org.jetbrains.org.objectweb.asm.tree.FieldInsnNode                              : loaded 2 times (x 77B)
Class com.google.common.base.CharMatcher$JavaIsoControl                               : loaded 2 times (x 110B)
Class org.jetbrains.org.objectweb.asm.tree.MultiANewArrayInsnNode                     : loaded 2 times (x 77B)
Class kotlin.reflect.jvm.internal.KClassImpl$Data$inheritedStaticMembers$2            : loaded 2 times (x 77B)
Class com.squareup.javapoet.ArrayTypeName                                             : loaded 2 times (x 79B)
Class org.jetbrains.kotlin.config.JvmDefaultMode$Companion                            : loaded 2 times (x 69B)
Class com.google.common.base.CharMatcher$Or                                           : loaded 2 times (x 110B)
Class kotlin.reflect.KMutableProperty                                                 : loaded 2 times (x 68B)
Class kotlin.reflect.KClassifier                                                      : loaded 2 times (x 68B)
Class kotlin.reflect.jvm.internal.KClassImpl$Data                                     : loaded 2 times (x 70B)
Class android.databinding.tool.LibTypes$observableFields$2                            : loaded 2 times (x 77B)
Class com.google.gson.internal.bind.ObjectTypeAdapter                                 : loaded 2 times (x 72B)
Class com.google.common.base.Suppliers$SupplierOfInstance                             : loaded 2 times (x 77B)
Class org.objectweb.asm.RecordComponentVisitor                                        : loaded 2 times (x 75B)
Class kotlin.text.Regex$Companion                                                     : loaded 2 times (x 69B)
Class com.google.common.reflect.Types$ClassOwnership$1                                : loaded 2 times (x 78B)
Class com.google.common.reflect.Invokable                                             : loaded 2 times (x 99B)
Class com.google.common.reflect.Types$ClassOwnership$2                                : loaded 2 times (x 78B)
Class com.google.common.reflect.Types$ClassOwnership$3                                : loaded 2 times (x 69B)
Class kotlin.reflect.jvm.internal.CachesKt$K_PACKAGE_CACHE$1                          : loaded 2 times (x 76B)
Class [Lorg.jetbrains.kotlin.cli.common.CompilerSystemProperties;                     : loaded 2 times (x 67B)
Class com.google.common.cache.LocalCache$HashIterator                                 : loaded 2 times (x 84B)
Class com.google.common.collect.Iterables                                             : loaded 2 times (x 69B)
Class org.jetbrains.kotlin.cli.common.CompilerSystemProperties$value$1                : loaded 2 times (x 123B)
Class com.google.common.base.CharMatcher$JavaLowerCase                                : loaded 2 times (x 109B)
Class org.jetbrains.kotlin.cli.common.messages.MessageCollector$Companion             : loaded 2 times (x 69B)
Class com.google.common.cache.LocalCache$WriteThroughEntry                            : loaded 2 times (x 77B)
Class org.objectweb.asm.ClassTooLargeException                                        : loaded 2 times (x 81B)
Class org.gradle.api.internal.classpath.UnknownModuleException                        : loaded 2 times (x 80B)
Class kotlin.coroutines.intrinsics.IntrinsicsKt__IntrinsicsJvmKt                      : loaded 2 times (x 69B)
Class [Lcom.google.gson.stream.JsonToken;                                             : loaded 2 times (x 67B)
Class com.google.common.base.CharMatcher                                              : loaded 2 times (x 109B)
Class com.google.common.collect.FluentIterable                                        : loaded 2 times (x 79B)
Class com.google.common.util.concurrent.AbstractFuture$Listener                       : loaded 2 times (x 70B)
Class kotlin.reflect.KProperty0                                                       : loaded 2 times (x 68B)
Class kotlin.reflect.KProperty1                                                       : loaded 2 times (x 68B)
Class kotlin.reflect.KProperty2                                                       : loaded 2 times (x 68B)
Class com.google.common.collect.Iterables$4                                           : loaded 2 times (x 79B)
Class org.objectweb.asm.Edge                                                          : loaded 2 times (x 70B)
Class org.jetbrains.org.objectweb.asm.AnnotationWriter                                : loaded 2 times (x 76B)
Class com.google.gson.internal.bind.MapTypeAdapterFactory                             : loaded 2 times (x 73B)
Class org.jetbrains.org.objectweb.asm.tree.InsnList                                   : loaded 2 times (x 101B)
Class org.jetbrains.org.objectweb.asm.tree.InsnNode                                   : loaded 2 times (x 76B)
Class [Lorg.jetbrains.org.objectweb.asm.Type;                                         : loaded 2 times (x 67B)
Class kotlin.jvm.internal.CallableReference$NoReceiver                                : loaded 2 times (x 69B)
Class kotlin.coroutines.Continuation                                                  : loaded 2 times (x 68B)
Class [Lorg.jetbrains.kotlin.cli.common.messages.CompilerMessageSeverity;             : loaded 2 times (x 67B)
Class org.objectweb.asm.FieldWriter                                                   : loaded 2 times (x 75B)
Class net.rubygrapefruit.platform.internal.Platform$Window64Bit                       : loaded 2 times (x 77B)
Class org.apache.commons.io.FilenameUtils                                             : loaded 2 times (x 69B)
Class [Lorg.objectweb.asm.SymbolTable$Entry;                                          : loaded 2 times (x 67B)
Class com.google.common.collect.MapMakerInternalMap$InternalEntryHelper               : loaded 2 times (x 68B)
Class org.jetbrains.org.objectweb.asm.tree.FrameNode                                  : loaded 2 times (x 77B)
Class com.google.common.reflect.Types$JavaVersion                                     : loaded 2 times (x 81B)
Class com.google.common.cache.LocalCache$StrongEntry                                  : loaded 2 times (x 106B)
Class [Lkotlin.reflect.jvm.internal.impl.name.ClassId;                                : loaded 2 times (x 67B)
Class com.google.common.collect.ImmutableMap$SerializedForm                           : loaded 2 times (x 71B)
Class com.google.common.base.Suppliers                                                : loaded 2 times (x 69B)
Class kotlin.reflect.jvm.internal.KDeclarationContainerImpl$Data$moduleData$2         : loaded 2 times (x 77B)
Class kotlin.reflect.jvm.internal.KClassifierImpl                                     : loaded 2 times (x 68B)
Class com.google.gson.internal.reflect.ReflectionHelper$RecordSupportedHelper         : loaded 2 times (x 76B)
Class net.rubygrapefruit.platform.internal.Platform$FreeBSD32Bit                      : loaded 2 times (x 80B)
Class org.jetbrains.kotlin.metadata.jvm.deserialization.JvmMetadataVersion            : loaded 2 times (x 72B)
Class com.squareup.kotlinpoet.Dynamic                                                 : loaded 2 times (x 84B)
Class com.squareup.javapoet.TypeSpec                                                  : loaded 2 times (x 70B)
Class kotlin.jvm.internal.MutablePropertyReference1Impl                               : loaded 2 times (x 135B)
Class com.google.gson.internal.bind.DefaultDateTypeAdapter$DateType                   : loaded 2 times (x 71B)
Class [Lcom.google.common.collect.Iterators$EmptyModifiableIterator;                  : loaded 2 times (x 67B)
Class kotlin.jvm.internal.PropertyReference2                                          : loaded 2 times (x 125B)
Class kotlin.jvm.internal.PropertyReference1                                          : loaded 2 times (x 125B)
Class org.objectweb.asm.ClassVisitor                                                  : loaded 2 times (x 85B)
Class org.jetbrains.kotlin.load.kotlin.header.KotlinClassHeader$Kind$Companion        : loaded 2 times (x 69B)
Class com.google.common.cache.LoadingCache                                            : loaded 2 times (x 68B)
Class org.gradle.internal.service.ServiceLookupException                              : loaded 2 times (x 80B)
Class kotlin.SafePublicationLazyImpl$Companion                                        : loaded 2 times (x 69B)
Class kotlin.jvm.internal.PropertyReference0                                          : loaded 2 times (x 125B)
Class com.google.common.collect.MapMakerInternalMap$StrongKeyDummyValueSegment        : loaded 2 times (x 140B)
Class org.gradle.kotlin.dsl.ImplementationConfigurationAccessorsKt                    : loaded 2 times (x 69B)
Class org.jetbrains.org.objectweb.asm.Type                                            : loaded 2 times (x 70B)
Class jdk.internal.jimage.ImageStringsReader                                          : loaded 2 times (x 78B)
Class com.google.gson.internal.bind.ReflectiveTypeAdapterFactory$BoundField           : loaded 2 times (x 73B)
Class org.gradle.cache.GlobalCache                                                    : loaded 2 times (x 68B)
Class jdk.internal.jimage.decompressor.ResourceDecompressorFactory                    : loaded 2 times (x 72B)
Class org.jetbrains.org.objectweb.asm.Context                                         : loaded 2 times (x 70B)
Class com.google.gson.internal.bind.TypeAdapters                                      : loaded 2 times (x 69B)
Class [Lcom.google.gson.ToNumberPolicy;                                               : loaded 2 times (x 67B)
Class org.jetbrains.kotlin.metadata.jvm.deserialization.JvmMetadataVersion$Companion  : loaded 2 times (x 69B)
Class android.databinding.tool.LibTypes$nullable$2                                    : loaded 2 times (x 77B)
Class kotlin.reflect.jvm.internal.KMutableProperty1Impl                               : loaded 2 times (x 133B)
Class org.jetbrains.org.objectweb.asm.MethodTooLargeException                         : loaded 2 times (x 81B)
Class kotlin.text.DelimitedRangesSequence                                             : loaded 2 times (x 73B)
Class kotlin.reflect.jvm.internal.EmptyContainerForLocal                              : loaded 2 times (x 82B)
Class com.google.common.base.CharMatcher$NegatedFastMatcher                           : loaded 2 times (x 111B)
Class [Lorg.gradle.api.internal.ClassPathProvider;                                    : loaded 2 times (x 67B)
Class jdk.internal.jimage.ImageReader$SharedImageReader$LocationVisitor               : loaded 2 times (x 68B)
Class com.google.common.util.concurrent.AbstractFuture$SafeAtomicHelper               : loaded 2 times (x 77B)
Class org.jetbrains.org.objectweb.asm.Opcodes                                         : loaded 2 times (x 68B)
Class net.rubygrapefruit.platform.internal.Platform$FreeBSD                           : loaded 2 times (x 80B)
Class org.gradle.util.internal.GUtil                                                  : loaded 2 times (x 69B)
Class jdk.internal.jimage.decompressor.ZipDecompressor                                : loaded 2 times (x 73B)
Class kotlin.jvm.internal.CollectionToArray                                           : loaded 2 times (x 69B)
Class net.rubygrapefruit.platform.internal.Platform$Unix                              : loaded 2 times (x 80B)
Class kotlin.reflect.jvm.internal.ReflectProperties                                   : loaded 2 times (x 69B)
Class com.google.common.math.IntMath                                                  : loaded 2 times (x 69B)
Class [Lcom.google.common.reflect.Types$JavaVersion;                                  : loaded 2 times (x 67B)
Class com.google.gson.stream.JsonWriter                                               : loaded 2 times (x 96B)
Class net.rubygrapefruit.platform.Process                                             : loaded 2 times (x 68B)
Class com.google.common.collect.ImmutableBiMap$Builder                                : loaded 2 times (x 80B)
Class org.gradle.internal.classloader.ClassLoaderSpec                                 : loaded 2 times (x 69B)
Class com.google.common.io.LineProcessor                                              : loaded 2 times (x 68B)
Class com.google.common.base.NullnessCasts                                            : loaded 2 times (x 69B)
Class com.google.common.io.CharSink                                                   : loaded 2 times (x 77B)
Class com.squareup.javapoet.LineWrapper$1                                             : loaded 2 times (x 69B)
Class kotlin.coroutines.intrinsics.IntrinsicsKt__IntrinsicsKt                         : loaded 2 times (x 69B)
Class org.objectweb.asm.Frame                                                         : loaded 2 times (x 71B)
Class com.google.common.cache.LocalCache$LocalManualCache                             : loaded 2 times (x 97B)
Class org.gradle.api.Action                                                           : loaded 2 times (x 68B)
Class com.google.common.base.CharMatcher$Negated                                      : loaded 2 times (x 111B)
Class [Lkotlin.reflect.KAnnotatedElement;                                             : loaded 2 times (x 67B)
Class android.databinding.tool.LibTypes$observableList$2                              : loaded 2 times (x 77B)
Class net.rubygrapefruit.platform.NativeIntegrationUnavailableException               : loaded 2 times (x 80B)
Class com.google.common.cache.CacheLoader$1                                           : loaded 2 times (x 73B)
Class net.rubygrapefruit.platform.NativeIntegration                                   : loaded 2 times (x 68B)
Class [Lcom.google.common.collect.MapMakerInternalMap$Strength;                       : loaded 2 times (x 67B)
Class com.google.common.util.concurrent.AbstractFuture$TrustedFuture                  : loaded 2 times (x 95B)
Class com.google.common.cache.CacheBuilder$OneWeigher                                 : loaded 2 times (x 80B)
Class com.squareup.javapoet.ParameterSpec$Builder                                     : loaded 2 times (x 70B)
Class kotlin.collections.IndexedValue                                                 : loaded 2 times (x 70B)
Class kotlin.SafePublicationLazyImpl                                                  : loaded 2 times (x 74B)
Class com.google.gson.internal.bind.TypeAdapters$EnumTypeAdapter                      : loaded 2 times (x 72B)
Class kotlin.reflect.KProperty$Accessor                                               : loaded 2 times (x 68B)
Class com.google.common.collect.MapMakerInternalMap$InternalEntry                     : loaded 2 times (x 68B)
Class kotlin.UnsafeLazyImpl                                                           : loaded 2 times (x 74B)
Class jdk.internal.jimage.BasicImageReader$1                                          : loaded 2 times (x 75B)
Class org.jetbrains.org.objectweb.asm.CurrentFrame                                    : loaded 2 times (x 71B)
Class com.google.common.collect.Maps$ViewCachingAbstractMap                           : loaded 2 times (x 123B)
Class com.google.common.collect.AbstractMultimap                                      : loaded 2 times (x 121B)
Class org.jetbrains.kotlin.config.ExplicitApiMode$Companion                           : loaded 2 times (x 69B)
Class kotlin.annotation.AnnotationTarget                                              : loaded 2 times (x 77B)
Class kotlin.text.StringsKt__StringsKt$splitToSequence$1                              : loaded 2 times (x 77B)
Class kotlin.text.Regex                                                               : loaded 2 times (x 70B)
Class com.google.gson.Gson$FutureTypeAdapter                                          : loaded 2 times (x 74B)
Class kotlin.text.StringsKt__StringsKt$splitToSequence$2                              : loaded 2 times (x 77B)
Class kotlin.reflect.jvm.internal.KClassImpl$Data$declaredMembers$2                   : loaded 2 times (x 77B)
Class org.jetbrains.kotlin.util.capitalizeDecapitalize.CapitalizeDecapitalizeKt       : loaded 2 times (x 69B)
Class com.google.common.collect.ImmutableSet$Builder                                  : loaded 2 times (x 83B)
Class com.google.common.collect.MapMakerInternalMap                                   : loaded 2 times (x 159B)
Class com.google.common.base.CharMatcher$ForPredicate                                 : loaded 2 times (x 110B)
Class com.google.gson.internal.bind.DateTypeAdapter$1                                 : loaded 2 times (x 73B)
Class com.google.common.base.CharMatcher$Digit                                        : loaded 2 times (x 110B)
Class net.rubygrapefruit.platform.internal.Platform$MacOs32Bit                        : loaded 2 times (x 80B)
Class com.google.common.collect.ImmutableMapKeySet                                    : loaded 2 times (x 148B)
Class android.databinding.tool.LibTypes$viewStubProxy$2                               : loaded 2 times (x 77B)
Class org.jetbrains.kotlin.com.intellij.util.lang.JavaVersion                         : loaded 2 times (x 72B)
Class kotlin.reflect.jvm.internal.KCallableImpl                                       : loaded 2 times (x 103B)
Class com.google.common.base.MoreObjects                                              : loaded 2 times (x 69B)
Class kotlin.text.DelimitedRangesSequence$iterator$1                                  : loaded 2 times (x 77B)
Class com.google.gson.internal.reflect.ReflectionHelper                               : loaded 2 times (x 69B)
Class org.objectweb.asm.SymbolTable                                                   : loaded 2 times (x 70B)
Class kotlin.reflect.KMutableProperty0                                                : loaded 2 times (x 68B)
Class kotlin.reflect.KMutableProperty1                                                : loaded 2 times (x 68B)
Class [Lorg.objectweb.asm.AnnotationVisitor;                                          : loaded 2 times (x 67B)
Class kotlin.reflect.KMutableProperty2                                                : loaded 2 times (x 68B)
Class com.google.common.cache.CacheStats                                              : loaded 2 times (x 69B)
Class kotlin.coroutines.jvm.internal.BaseContinuationImpl                             : loaded 2 times (x 85B)
Class org.objectweb.asm.Attribute                                                     : loaded 2 times (x 75B)
Class android.databinding.tool.LibTypes$listClassNames$2                              : loaded 2 times (x 77B)
Class org.gradle.internal.classloader.VisitableURLClassLoader                         : loaded 2 times (x 114B)
Class com.google.common.cache.LocalCache$LocalLoadingCache                            : loaded 2 times (x 132B)
Class org.jetbrains.kotlin.metadata.deserialization.BinaryVersion$Companion           : loaded 2 times (x 69B)
Class kotlin.reflect.jvm.internal.RuntimeTypeMapper                                   : loaded 2 times (x 69B)
Class com.google.common.base.Supplier                                                 : loaded 2 times (x 68B)
Class com.squareup.javapoet.ParameterSpec                                             : loaded 2 times (x 70B)
Class kotlin.reflect.jvm.internal.KCallableImpl$_returnType$1                         : loaded 2 times (x 77B)
Class kotlin.reflect.jvm.internal.KPropertyImpl$_javaField$1                          : loaded 2 times (x 77B)
Class org.jetbrains.org.objectweb.asm.Symbol                                          : loaded 2 times (x 71B)
Class com.google.common.base.CharMatcher$JavaDigit                                    : loaded 2 times (x 109B)
Class com.google.common.collect.ListMultimap                                          : loaded 2 times (x 68B)
Class com.google.common.base.Objects                                                  : loaded 2 times (x 69B)
Class com.google.common.util.concurrent.AbstractFuture$AtomicHelper                   : loaded 2 times (x 76B)
Class android.databinding.tool.util.Preconditions                                     : loaded 2 times (x 69B)
Class kotlin.reflect.jvm.internal.ReflectProperties$LazyVal                           : loaded 2 times (x 73B)
Class org.gradle.internal.Cast                                                        : loaded 2 times (x 69B)
Class kotlin.reflect.KMutableProperty$Setter                                          : loaded 2 times (x 68B)
Class com.squareup.kotlinpoet.ClassName$Companion                                     : loaded 2 times (x 69B)
Class org.jetbrains.org.objectweb.asm.FieldWriter                                     : loaded 2 times (x 75B)
Class com.google.common.hash.PrimitiveSink                                            : loaded 2 times (x 68B)
Class com.squareup.javapoet.TypeVariableName                                          : loaded 2 times (x 79B)
Class org.jetbrains.kotlin.load.java.JvmAbi                                           : loaded 2 times (x 69B)
Class com.squareup.javapoet.Util                                                      : loaded 2 times (x 69B)
Class com.google.common.collect.NullnessCasts                                         : loaded 2 times (x 69B)
Class com.google.gson.internal.bind.ReflectiveTypeAdapterFactory$1                    : loaded 2 times (x 77B)
Class com.google.gson.LongSerializationPolicy$1                                       : loaded 2 times (x 78B)
Class Build_gradle                                                                    : loaded 2 times (x 128B)
Class com.google.gson.LongSerializationPolicy$2                                       : loaded 2 times (x 78B)
Class kotlin.reflect.jvm.internal.ReflectionFactoryImpl                               : loaded 2 times (x 89B)
Class org.gradle.api.internal.ClassPathRegistry                                       : loaded 2 times (x 68B)
Class com.google.gson.internal.bind.TypeAdapterRuntimeTypeWrapper                     : loaded 2 times (x 72B)
Class com.google.gson.internal.Excluder$1                                             : loaded 2 times (x 72B)
Class com.google.gson.stream.JsonReader                                               : loaded 2 times (x 95B)
Class com.google.common.cache.LocalCache$EntryFactory                                 : loaded 2 times (x 81B)
Class com.google.gson.stream.MalformedJsonException                                   : loaded 2 times (x 80B)
Class [Lcom.google.common.collect.MapMaker$Dummy;                                     : loaded 2 times (x 67B)
Class com.google.common.util.concurrent.UncheckedExecutionException                   : loaded 2 times (x 80B)
Class com.squareup.javapoet.JavaFile$1                                                : loaded 2 times (x 77B)
Class org.gradle.internal.classloader.VisitableURLClassLoader$InstrumentingVisitableURLClassLoader: loaded 2 times (x 120B)
Class com.google.gson.internal.bind.MapTypeAdapterFactory$Adapter                     : loaded 2 times (x 72B)
Class kotlin.coroutines.jvm.internal.DebugProbesKt                                    : loaded 2 times (x 69B)
Class org.gradle.internal.classloader.ClassLoaderHierarchy                            : loaded 2 times (x 68B)
Class com.google.gson.internal.Primitives                                             : loaded 2 times (x 69B)
Class Settings_gradle$1$1                                                             : loaded 2 times (x 72B)
Class com.google.common.collect.FluentIterable$3                                      : loaded 2 times (x 79B)
Class kotlin.jvm.internal.MutablePropertyReference                                    : loaded 2 times (x 117B)
Class android.databinding.tool.processing.ScopedException                             : loaded 2 times (x 84B)
Class com.google.common.collect.FluentIterable$2                                      : loaded 2 times (x 79B)
Class com.squareup.javapoet.JavaFile$Builder                                          : loaded 2 times (x 70B)
Class kotlin.collections.builders.MapBuilder                                          : loaded 2 times (x 110B)
Class com.google.common.collect.FluentIterable$1                                      : loaded 2 times (x 79B)
Class jdk.internal.jimage.ImageReader                                                 : loaded 2 times (x 73B)
Class com.google.common.io.Closer$Suppressor                                          : loaded 2 times (x 68B)
Class com.google.gson.JsonArray                                                       : loaded 2 times (x 98B)
Class com.squareup.kotlinpoet.TagMap                                                  : loaded 2 times (x 77B)
Class com.google.common.collect.ImmutableBiMap$SerializedForm                         : loaded 2 times (x 73B)
Class net.rubygrapefruit.platform.internal.LibraryDef                                 : loaded 2 times (x 70B)
Class com.google.common.collect.AbstractMapBasedMultimap$WrappedList                  : loaded 2 times (x 165B)
Class [Lorg.objectweb.asm.Type;                                                       : loaded 2 times (x 67B)
Class com.squareup.kotlinpoet.TypeName                                                : loaded 2 times (x 84B)
Class com.google.common.collect.MapMakerInternalMap$WeakValueReference                : loaded 2 times (x 68B)
Class org.gradle.api.internal.classpath.DefaultModuleRegistry                         : loaded 2 times (x 84B)
Class kotlin.sequences.TransformingSequence$iterator$1                                : loaded 2 times (x 77B)
Class com.google.common.base.AbstractIterator$State                                   : loaded 2 times (x 77B)
Class [Lkotlin.reflect.jvm.internal.impl.builtins.functions.FunctionClassKind;        : loaded 2 times (x 67B)
Class org.jetbrains.kotlin.load.kotlin.KotlinJvmBinaryClass$AnnotationVisitor         : loaded 2 times (x 68B)
Class org.jetbrains.kotlin.config.LanguageVersionSettings                             : loaded 2 times (x 68B)
Class com.google.common.cache.Weigher                                                 : loaded 2 times (x 68B)
Class com.google.gson.JsonPrimitive                                                   : loaded 2 times (x 91B)
Class kotlin.collections.IndexingIterator                                             : loaded 2 times (x 77B)
Class com.google.common.collect.MapMakerInternalMap$StrongValueEntry                  : loaded 2 times (x 68B)
Class com.google.gson.internal.ObjectConstructor                                      : loaded 2 times (x 68B)
Class com.google.gson.Gson                                                            : loaded 2 times (x 70B)
Class com.google.common.base.CharMatcher$NamedFastMatcher                             : loaded 2 times (x 110B)
Class kotlin.collections.IndexingIterable                                             : loaded 2 times (x 77B)
Class org.gradle.internal.InternalTransformer                                         : loaded 2 times (x 68B)
Class org.apache.commons.io.output.NullOutputStream                                   : loaded 2 times (x 83B)
Class com.google.common.cache.RemovalListener                                         : loaded 2 times (x 68B)
Class kotlin.reflect.jvm.internal.impl.builtins.StandardNames$FqNames                 : loaded 2 times (x 69B)
Class org.jetbrains.org.objectweb.asm.ClassVisitor                                    : loaded 2 times (x 85B)
Class org.gradle.internal.service.ServiceLocator                                      : loaded 2 times (x 68B)
Class com.google.gson.internal.bind.JsonAdapterAnnotationTypeAdapterFactory           : loaded 2 times (x 73B)
Class Settings_gradle$1                                                               : loaded 2 times (x 72B)
Class com.squareup.javapoet.JavaFile                                                  : loaded 2 times (x 70B)
Class net.rubygrapefruit.platform.internal.Platform$Linux                             : loaded 2 times (x 81B)
Class org.jetbrains.org.objectweb.asm.MethodVisitor                                   : loaded 2 times (x 102B)
Class com.google.common.collect.ImmutableRangeSet$1                                   : loaded 2 times (x 169B)
Class com.google.common.util.concurrent.SettableFuture                                : loaded 2 times (x 95B)
Class kotlin.reflect.jvm.internal.KClassImpl$Data$declaredStaticMembers$2             : loaded 2 times (x 77B)
Class kotlin.text.StringsKt__StringsKt$rangesDelimitedBy$1                            : loaded 2 times (x 77B)
Class net.rubygrapefruit.platform.NativeException                                     : loaded 2 times (x 80B)
Class kotlin.text.StringsKt__StringsKt$rangesDelimitedBy$2                            : loaded 2 times (x 77B)
Class net.rubygrapefruit.platform.Native                                              : loaded 2 times (x 69B)
Class com.google.common.io.Files$2                                                    : loaded 2 times (x 74B)
Class com.google.common.io.FileWriteMode                                              : loaded 2 times (x 77B)
Class android.databinding.tool.LibTypes$typeRewriter$2                                : loaded 2 times (x 76B)
Class android.databinding.tool.LibTypes$observableMap$2                               : loaded 2 times (x 77B)
Class android.databinding.tool.CompilerArguments$Companion                            : loaded 2 times (x 69B)
Class com.google.common.reflect.Types$ParameterizedTypeImpl                           : loaded 2 times (x 79B)
Class net.rubygrapefruit.platform.internal.Platform$Window32Bit                       : loaded 2 times (x 77B)
Class [Lcom.squareup.javapoet.TypeSpec$Kind;                                          : loaded 2 times (x 67B)
Class kotlin.coroutines.jvm.internal.CoroutineStackFrame                              : loaded 2 times (x 68B)
Class [Lkotlin.reflect.jvm.internal.impl.builtins.PrimitiveType;                      : loaded 2 times (x 67B)
Class com.google.gson.internal.JsonReaderInternalAccess                               : loaded 2 times (x 70B)
Class org.gradle.internal.classpath.ClassPath                                         : loaded 2 times (x 68B)
Class org.jetbrains.kotlin.name.Name                                                  : loaded 2 times (x 73B)
Class com.google.common.base.CharMatcher$Invisible                                    : loaded 2 times (x 110B)
Class kotlin.reflect.KFunction                                                        : loaded 2 times (x 68B)
Class com.google.common.base.Joiner$1                                                 : loaded 2 times (x 78B)
Class kotlin.jvm.KotlinReflectionNotSupportedError                                    : loaded 2 times (x 80B)
Class com.google.common.cache.CacheLoader$SupplierToCacheLoader                       : loaded 2 times (x 73B)
Class com.google.common.collect.MapMaker                                              : loaded 2 times (x 70B)
Class com.google.common.base.Joiner$2                                                 : loaded 2 times (x 77B)
Class org.jetbrains.org.objectweb.asm.tree.LookupSwitchInsnNode                       : loaded 2 times (x 76B)
Class kotlin.io.TerminateException                                                    : loaded 2 times (x 80B)
Class org.jetbrains.org.objectweb.asm.tree.AnnotationNode                             : loaded 2 times (x 77B)
Class com.google.gson.internal.bind.TypeAdapters$10                                   : loaded 2 times (x 73B)
Class org.jetbrains.org.objectweb.asm.ModuleVisitor                                   : loaded 2 times (x 78B)
Class com.google.gson.internal.bind.TypeAdapters$11                                   : loaded 2 times (x 73B)
Class com.google.gson.internal.bind.TypeAdapters$12                                   : loaded 2 times (x 73B)
Class kotlin.collections.AbstractList$IteratorImpl                                    : loaded 2 times (x 80B)
Class kotlin.reflect.jvm.internal.KDeclarationContainerImpl                           : loaded 2 times (x 82B)
Class com.google.common.reflect.Types$JavaVersion$1                                   : loaded 2 times (x 81B)
Class com.google.common.base.CharMatcher$FastMatcher                                  : loaded 2 times (x 109B)
Class com.google.gson.internal.bind.TypeAdapters$13                                   : loaded 2 times (x 73B)
Class com.google.common.reflect.Types$JavaVersion$2                                   : loaded 2 times (x 81B)
Class com.google.gson.internal.bind.TypeAdapters$14                                   : loaded 2 times (x 73B)
Class com.google.gson.internal.sql.SqlTypesSupport                                    : loaded 2 times (x 69B)
Class com.google.common.reflect.Types$JavaVersion$3                                   : loaded 2 times (x 81B)
Class org.gradle.internal.classpath.DefaultClassPath$ImmutableUniqueList              : loaded 2 times (x 159B)
Class com.google.gson.internal.bind.TypeAdapters$15                                   : loaded 2 times (x 73B)
Class com.google.common.reflect.Types$JavaVersion$4                                   : loaded 2 times (x 81B)
Class com.google.gson.internal.bind.TypeAdapters$16                                   : loaded 2 times (x 73B)
Class jdk.internal.jimage.ImageBufferCache                                            : loaded 2 times (x 69B)
Class org.jetbrains.kotlin.load.kotlin.FileBasedKotlinClass                           : loaded 2 times (x 86B)
Class com.google.common.reflect.Types$JavaVersion$5                                   : loaded 2 times (x 69B)
Class com.google.gson.internal.bind.TypeAdapters$17                                   : loaded 2 times (x 73B)
Class com.google.gson.internal.bind.TypeAdapters$18                                   : loaded 2 times (x 73B)
Class [Lcom.google.gson.FieldNamingStrategy;                                          : loaded 2 times (x 67B)
Class com.google.common.base.CharMatcher$JavaLetter                                   : loaded 2 times (x 109B)
Class com.google.gson.internal.bind.TypeAdapters$19                                   : loaded 2 times (x 73B)
Class com.google.gson.annotations.SerializedName                                      : loaded 2 times (x 68B)
Class com.google.gson.internal.bind.ArrayTypeAdapter                                  : loaded 2 times (x 72B)
Class org.gradle.internal.classpath.TransformedClassPath                              : loaded 2 times (x 94B)
Class com.squareup.javapoet.CodeWriter$Multiset                                       : loaded 2 times (x 70B)
Class com.google.gson.internal.bind.TreeTypeAdapter                                   : loaded 2 times (x 73B)
Class com.google.common.reflect.TypeToken$SimpleTypeToken                             : loaded 2 times (x 71B)
Class kotlin.reflect.jvm.internal.impl.builtins.PrimitiveType$typeFqName$2            : loaded 2 times (x 77B)
Class kotlin.coroutines.jvm.internal.SuspendFunction                                  : loaded 2 times (x 68B)
Class com.google.common.util.concurrent.AbstractFuture$Trusted                        : loaded 2 times (x 68B)
Class kotlin.reflect.jvm.internal.impl.builtins.StandardNames                         : loaded 2 times (x 69B)
Class [Lkotlin.reflect.jvm.internal.impl.resolve.jvm.JvmPrimitiveType;                : loaded 2 times (x 67B)
Class kotlin.LazyThreadSafetyMode                                                     : loaded 2 times (x 77B)
Class com.google.common.graph.SuccessorsFunction                                      : loaded 2 times (x 68B)
Class com.squareup.javapoet.TypeSpec$Builder                                          : loaded 2 times (x 70B)
Class kotlin.reflect.jvm.internal.KClassImpl$Data$allStaticMembers$2                  : loaded 2 times (x 77B)
Class com.google.common.collect.ImmutableRangeSet$AsSet                               : loaded 2 times (x 233B)
Class com.google.common.reflect.Types$NativeTypeVariableEquals                        : loaded 2 times (x 69B)
Class Settings_gradle                                                                 : loaded 2 times (x 126B)
Class kotlin.jvm.functions.Function10                                                 : loaded 2 times (x 68B)
Class kotlin.jvm.functions.Function11                                                 : loaded 2 times (x 68B)
Class kotlin.coroutines.intrinsics.CoroutineSingletons                                : loaded 2 times (x 77B)
Class kotlin.jvm.functions.Function12                                                 : loaded 2 times (x 68B)
Class kotlin.jvm.functions.Function13                                                 : loaded 2 times (x 68B)
Class com.google.common.base.VerifyException                                          : loaded 2 times (x 80B)
Class kotlin.reflect.jvm.internal.ComputableClassValue                                : loaded 2 times (x 78B)
Class kotlin.jvm.functions.Function14                                                 : loaded 2 times (x 68B)
Class com.google.common.io.ByteSink                                                   : loaded 2 times (x 74B)
Class com.google.gson.internal.bind.TypeAdapters$20                                   : loaded 2 times (x 73B)
Class kotlin.jvm.functions.Function15                                                 : loaded 2 times (x 68B)
Class com.google.common.collect.AbstractMapBasedMultimap$WrappedCollection$WrappedIterator: loaded 2 times (x 82B)
Class com.google.gson.internal.bind.TypeAdapters$21                                   : loaded 2 times (x 73B)
Class kotlin.jvm.functions.Function16                                                 : loaded 2 times (x 68B)
Class org.objectweb.asm.MethodWriter                                                  : loaded 2 times (x 103B)
Class com.google.gson.internal.bind.TypeAdapters$22                                   : loaded 2 times (x 73B)
Class kotlin.jvm.functions.Function17                                                 : loaded 2 times (x 68B)
Class com.google.gson.internal.bind.TypeAdapters$23                                   : loaded 2 times (x 73B)
Class kotlin.jvm.functions.Function18                                                 : loaded 2 times (x 68B)
Class com.google.gson.internal.bind.TypeAdapters$24                                   : loaded 2 times (x 73B)
Class kotlin.jvm.functions.Function19                                                 : loaded 2 times (x 68B)
Class com.google.gson.internal.bind.TypeAdapters$25                                   : loaded 2 times (x 73B)
Class android.databinding.tool.CompilerArguments                                      : loaded 2 times (x 70B)
Class com.google.gson.internal.bind.TypeAdapters$26                                   : loaded 2 times (x 73B)
Class com.google.gson.internal.bind.TypeAdapters$27                                   : loaded 2 times (x 73B)
Class com.google.gson.internal.bind.TypeAdapters$28                                   : loaded 2 times (x 73B)
Class com.squareup.javapoet.MethodSpec                                                : loaded 2 times (x 70B)
Class kotlin.coroutines.intrinsics.IntrinsicsKt                                       : loaded 2 times (x 69B)
Class com.google.gson.internal.bind.TypeAdapters$29                                   : loaded 2 times (x 73B)
Class com.google.common.collect.Platform                                              : loaded 2 times (x 69B)
Class kotlin.jvm.internal.markers.KMutableListIterator                                : loaded 2 times (x 68B)
Class com.google.common.io.ByteSource                                                 : loaded 2 times (x 82B)
Class kotlin.reflect.jvm.internal.impl.builtins.PrimitiveType$Companion               : loaded 2 times (x 69B)
Class [Lorg.jetbrains.org.objectweb.asm.Label;                                        : loaded 2 times (x 67B)
Class [Lorg.jetbrains.org.objectweb.asm.AnnotationWriter;                             : loaded 2 times (x 67B)
Class com.google.common.util.concurrent.ExecutionError                                : loaded 2 times (x 80B)
Class com.google.common.io.ByteSink$AsCharSink                                        : loaded 2 times (x 78B)
Class com.google.gson.internal.sql.SqlTimeTypeAdapter                                 : loaded 2 times (x 72B)
Class kotlin.ReplaceWith                                                              : loaded 2 times (x 68B)
Class com.google.common.base.CharMatcher$AnyOf                                        : loaded 2 times (x 110B)
Class com.google.common.base.CharMatcher$IsEither                                     : loaded 2 times (x 109B)
Class org.objectweb.asm.ModuleVisitor                                                 : loaded 2 times (x 78B)
Class org.jetbrains.org.objectweb.asm.tree.Util                                       : loaded 2 times (x 69B)
Class kotlin.jvm.internal.markers.KMutableSet                                         : loaded 2 times (x 68B)
Class com.google.common.collect.AbstractIterator$1                                    : loaded 2 times (x 69B)
Class kotlin.DeprecationLevel                                                         : loaded 2 times (x 77B)
Class jdk.internal.jimage.ImageReader$Directory                                       : loaded 2 times (x 82B)
Class com.google.common.cache.LocalCache                                              : loaded 2 times (x 185B)
Class kotlin.jvm.internal.PropertyReference                                           : loaded 2 times (x 113B)
Class com.google.common.collect.ImmutableRangeSet$Builder                             : loaded 2 times (x 75B)
Class kotlin.io.FileTreeWalk$FileTreeWalkIterator$SingleFileState                     : loaded 2 times (x 72B)
Class net.rubygrapefruit.platform.internal.FunctionResult$Failure                     : loaded 2 times (x 77B)
Class org.jetbrains.kotlin.name.FqNameUnsafe$1                                        : loaded 2 times (x 72B)
Class com.google.common.io.Closer$SuppressingSuppressor                               : loaded 2 times (x 73B)
Class kotlin.jvm.functions.Function20                                                 : loaded 2 times (x 68B)
Class kotlin.jvm.functions.Function21                                                 : loaded 2 times (x 68B)
Class kotlin.jvm.functions.Function22                                                 : loaded 2 times (x 68B)
Class com.google.common.util.concurrent.AbstractFuture$UnsafeAtomicHelper$1           : loaded 2 times (x 74B)
Class com.google.common.base.CharMatcher$JavaUpperCase                                : loaded 2 times (x 109B)
Class com.google.common.collect.Multiset                                              : loaded 2 times (x 68B)
Class com.google.gson.internal.bind.TypeAdapters$31                                   : loaded 2 times (x 74B)
Class com.google.gson.internal.bind.TypeAdapters$32                                   : loaded 2 times (x 74B)
Class [Lcom.google.common.collect.MapMakerInternalMap$Segment;                        : loaded 2 times (x 67B)
Class com.squareup.kotlinpoet.TypeName$cachedString$2                                 : loaded 2 times (x 77B)
Class com.google.gson.internal.bind.TypeAdapters$33                                   : loaded 2 times (x 74B)
Class com.google.gson.internal.bind.TypeAdapters$34                                   : loaded 2 times (x 74B)
Class android.databinding.tool.LibTypes$dataBinderMapper$2                            : loaded 2 times (x 77B)
Class kotlin.reflect.jvm.internal.CachesKt$K_CLASS_CACHE$1                            : loaded 2 times (x 76B)
Class org.gradle.internal.installation.GradleInstallation                             : loaded 2 times (x 73B)
Class kotlin.reflect.jvm.internal.KDeclarationContainerImpl$Companion                 : loaded 2 times (x 69B)
Class com.google.common.reflect.TypeCapture                                           : loaded 2 times (x 69B)
Class com.google.gson.internal.ConstructorConstructor$19                              : loaded 2 times (x 74B)
Class com.google.common.reflect.Invokable$ConstructorInvokable                        : loaded 2 times (x 103B)
Class kotlin.collections.builders.MapBuilder$Companion                                : loaded 2 times (x 69B)
Class org.objectweb.asm.MethodVisitor                                                 : loaded 2 times (x 102B)
Class kotlin.reflect.jvm.internal.CachesKt$CACHE_FOR_NULLABLE_BASE_CLASSIFIERS$1      : loaded 2 times (x 76B)
Class com.google.common.collect.AbstractMapBasedMultimap$KeySet$1                     : loaded 2 times (x 80B)
Class org.objectweb.asm.SymbolTable$Entry                                             : loaded 2 times (x 72B)
Class com.google.common.collect.AbstractMapBasedMultimap                              : loaded 2 times (x 137B)
Class com.google.gson.stream.JsonToken                                                : loaded 2 times (x 77B)


---------------  S Y S T E M  ---------------

OS:
 Windows 10 , 64 bit Build 19041 (10.0.19041.3393)
OS uptime: 0 days 1:50 hours

CPU: total 8 (initial active 8) (8 cores per cpu, 2 threads per core) family 23 model 24 stepping 1 microcode 0x0, cx8, cmov, fxsr, ht, mmx, 3dnowpref, sse, sse2, sse3, ssse3, sse4a, sse4.1, sse4.2, popcnt, lzcnt, tsc, tscinvbit, avx, avx2, aes, clmul, bmi1, bmi2, adx, sha, fma, vzeroupper, clflush, clflushopt

Memory: 4k page, system-wide physical 7103M (126M free)
TotalPageFile size 17343M (AvailPageFile size 2M)
current process WorkingSet (physical memory assigned to process): 484M, peak: 737M
current process commit charge ("private bytes"): 998M, peak: 1001M

vm_info: OpenJDK 64-Bit Server VM (17.0.7+0-b2043.56-10550314) for windows-amd64 JRE (17.0.7+0-b2043.56-10550314), built on Jul 24 2023 18:27:45 by "androidbuild" with MS VC++ 16.10 / 16.11 (VS2019)

END.
