#
# There is insufficient memory for the Java Runtime Environment to continue.
# Native memory allocation (malloc) failed to allocate 1774736 bytes for Chunk::new
# Possible reasons:
#   The system is out of physical RAM or swap space
#   The process is running with CompressedOops enabled, and the Java Heap may be blocking the growth of the native heap
# Possible solutions:
#   Reduce memory load on the system
#   Increase physical memory or swap space
#   Check if swap backing store is full
#   Decrease Java heap size (-Xmx/-Xms)
#   Decrease number of Java threads
#   Decrease Java thread stack sizes (-Xss)
#   Set larger code cache with -XX:ReservedCodeCacheSize=
#   JVM is running with Unscaled Compressed Oops mode in which the Java heap is
#     placed in the first 4GB address space. The Java Heap base address is the
#     maximum limit for the native heap growth. Please use -XX:HeapBaseMinAddress
#     to set the Java Heap base and to place the Java Heap above 4GB virtual address.
# This output file may be truncated or incomplete.
#
#  Out of Memory Error (arena.cpp:189), pid=9464, tid=13736
#
# JRE version: OpenJDK Runtime Environment (17.0.7) (build 17.0.7+0-b2043.56-10550314)
# Java VM: OpenJDK 64-Bit Server VM (17.0.7+0-b2043.56-10550314, mixed mode, tiered, compressed oops, compressed class ptrs, g1 gc, windows-amd64)
# No core dump will be written. Minidumps are not enabled by default on client versions of Windows
#

---------------  S U M M A R Y ------------

Command Line: --add-opens=java.base/java.util=ALL-UNNAMED --add-opens=java.base/java.lang=ALL-UNNAMED --add-opens=java.base/java.lang.invoke=ALL-UNNAMED --add-opens=java.prefs/java.util.prefs=ALL-UNNAMED --add-opens=java.base/java.nio.charset=ALL-UNNAMED --add-opens=java.base/java.net=ALL-UNNAMED --add-opens=java.base/java.util.concurrent.atomic=ALL-UNNAMED -Xmx2048m -Dfile.encoding=UTF-8 -Duser.country=TR -Duser.language=tr -Duser.variant -javaagent:C:\Users\james\.gradle\wrapper\dists\gradle-8.2-bin\bbg7u40eoinfdyxsxr3z4i7ta\gradle-8.2\lib\agents\gradle-instrumentation-agent-8.2.jar org.gradle.launcher.daemon.bootstrap.GradleDaemon 8.2

Host: AMD Ryzen 5 3500U with Radeon Vega Mobile Gfx  , 8 cores, 6G,  Windows 10 , 64 bit Build 19041 (10.0.19041.3393)
Time: Fri Apr  5 17:06:53 2024 Türkiye Standart Saati elapsed time: 858.484898 seconds (0d 0h 14m 18s)

---------------  T H R E A D  ---------------

Current thread (0x0000012a674b8950):  JavaThread "C2 CompilerThread0" daemon [_thread_in_native, id=13736, stack(0x0000001cc5500000,0x0000001cc5600000)]


Current CompileTask:
C2: 858485 28960       4       org.jetbrains.org.objectweb.asm.ClassReader::readField (667 bytes)

Stack: [0x0000001cc5500000,0x0000001cc5600000]
Native frames: (J=compiled Java code, j=interpreted, Vv=VM code, C=native code)
V  [jvm.dll+0x683bfa]
V  [jvm.dll+0x8430a4]
V  [jvm.dll+0x8449be]
V  [jvm.dll+0x845023]
V  [jvm.dll+0x24ad2f]
V  [jvm.dll+0xac25c]
V  [jvm.dll+0xac82c]
V  [jvm.dll+0x36a132]
V  [jvm.dll+0x334821]
V  [jvm.dll+0x333cca]
V  [jvm.dll+0x21d251]
V  [jvm.dll+0x21c671]
V  [jvm.dll+0x1a605d]
V  [jvm.dll+0x22c148]
V  [jvm.dll+0x22a209]
V  [jvm.dll+0x7f858c]
V  [jvm.dll+0x7f2aea]
V  [jvm.dll+0x682a35]
C  [ucrtbase.dll+0x21bb2]
C  [KERNEL32.DLL+0x17344]
C  [ntdll.dll+0x526b1]


---------------  P R O C E S S  ---------------

Threads class SMR info:
_java_thread_list=0x0000012a7166fc50, length=153, elements={
0x0000012a4d3cca20, 0x0000012a672434e0, 0x0000012a67244260, 0x0000012a67260ba0,
0x0000012a67263470, 0x0000012a674b2790, 0x0000012a674b3a00, 0x0000012a674b8950,
0x0000012a674bcaf0, 0x0000012a674bffb0, 0x0000012a67605000, 0x0000012a676d9a00,
0x0000012a6d697830, 0x0000012a6da6d080, 0x0000012a6dca5530, 0x0000012a6d3c98e0,
0x0000012a6d3cb5c0, 0x0000012a6d3c80d0, 0x0000012a6d3c9db0, 0x0000012a6d3ca280,
0x0000012a6ea846e0, 0x0000012a6ea87230, 0x0000012a6ea82530, 0x0000012a6ea82060,
0x0000012a6ea86890, 0x0000012a6ea87700, 0x0000012a6ea88a40, 0x0000012a6ea82ed0,
0x0000012a6ea87bd0, 0x0000012a6ea88f10, 0x0000012a6ea85a20, 0x0000012a6e478340,
0x0000012a6c1a2ac0, 0x0000012a72999200, 0x0000012a722abf30, 0x0000012a6c1a2f90,
0x0000012a702b32d0, 0x0000012a702b2930, 0x0000012a702b1ac0, 0x0000012a702b2e00,
0x0000012a702b2460, 0x0000012a6ef16e50, 0x0000012a6ef18190, 0x0000012a6ef17320,
0x0000012a6e231990, 0x0000012a6e2331a0, 0x0000012a6e22e970, 0x0000012a6e22fcb0,
0x0000012a6ef177f0, 0x0000012a6ef17cc0, 0x0000012a6ef16980, 0x0000012a7b4459f0,
0x0000012a7b445ec0, 0x0000012a72a613a0, 0x0000012a722ad270, 0x0000012a722ac400,
0x0000012a722ac8d0, 0x0000012a7b446390, 0x0000012a7b446860, 0x0000012a7b445050,
0x0000012a7b445520, 0x0000012a7923cd30, 0x0000012a72a63a20, 0x0000012a72a626e0,
0x0000012a72a62bb0, 0x0000012a72a60530, 0x0000012a72a63080, 0x0000012a72a61d40,
0x0000012a72a60a00, 0x0000012a72a63550, 0x0000012a72a61870, 0x0000012a72a60060,
0x0000012a7923c860, 0x0000012a7923b050, 0x0000012a7923d200, 0x0000012a7923b520,
0x0000012a7923ea10, 0x0000012a7923b9f0, 0x0000012a7923bec0, 0x0000012a7923dba0,
0x0000012a7923c390, 0x0000012a6e5a6b70, 0x0000012a6e5a8380, 0x0000012a6e5a66a0,
0x0000012a6e230650, 0x0000012a722ad740, 0x0000012a722adc10, 0x0000012a722ab0c0,
0x0000012a722aa250, 0x0000012a706ee600, 0x0000012a706edc60, 0x0000012a706ed790,
0x0000012a6c1a1780, 0x0000012a6c1a1c50, 0x0000012a6c1a3930, 0x0000012a6e49c500,
0x0000012a6e49e1e0, 0x0000012a6e49e6b0, 0x0000012a6e49d370, 0x0000012a6e5a61d0,
0x0000012a788cf210, 0x0000012a788cda00, 0x0000012a788cd530, 0x0000012a788cded0,
0x0000012a788ccb90, 0x0000012a788cf6e0, 0x0000012a6f65d380, 0x0000012a6f65d850,
0x0000012a6f65dd20, 0x0000012a6f65f530, 0x0000012a6f65e1f0, 0x0000012a6f65eb90,
0x0000012a788cd060, 0x0000012a7923e070, 0x0000012a7923e540, 0x0000012a7b4e33f0,
0x0000012a706eb110, 0x0000012a706ebf80, 0x0000012a72c88430, 0x0000012a72c870f0,
0x0000012a72c88900, 0x0000012a788ce3a0, 0x0000012a788cbd20, 0x0000012a6e22f7e0,
0x0000012a6e232330, 0x0000012a788cc1f0, 0x0000012a722aabf0, 0x0000012a782f1760,
0x0000012a782f2100, 0x0000012a6e230180, 0x0000012a6e230b20, 0x0000012a788ce870,
0x0000012a788ced40, 0x0000012a788cc6c0, 0x0000012a6e5a7510, 0x0000012a73103bd0,
0x0000012a72b479d0, 0x0000012a72c88dd0, 0x0000012a72c892a0, 0x0000012a72c87a90,
0x0000012a72c89770, 0x0000012a72c85db0, 0x0000012a782f2aa0, 0x0000012a7b4e1710,
0x0000012a7b4dfa30, 0x0000012a7b4e03d0, 0x0000012a6e235820, 0x0000012a7b4e08a0,
0x0000012a7b4e2580, 0x0000012a72b461c0, 0x0000012a6e49d840, 0x0000012a7a734870,
0x0000012a782f42b0
}

Java Threads: ( => current thread )
  0x0000012a4d3cca20 JavaThread "main" [_thread_blocked, id=9924, stack(0x0000001cc4800000,0x0000001cc4900000)]
  0x0000012a672434e0 JavaThread "Reference Handler" daemon [_thread_blocked, id=8696, stack(0x0000001cc4f00000,0x0000001cc5000000)]
  0x0000012a67244260 JavaThread "Finalizer" daemon [_thread_blocked, id=6184, stack(0x0000001cc5000000,0x0000001cc5100000)]
  0x0000012a67260ba0 JavaThread "Signal Dispatcher" daemon [_thread_blocked, id=6444, stack(0x0000001cc5100000,0x0000001cc5200000)]
  0x0000012a67263470 JavaThread "Attach Listener" daemon [_thread_blocked, id=12108, stack(0x0000001cc5200000,0x0000001cc5300000)]
  0x0000012a674b2790 JavaThread "Service Thread" daemon [_thread_blocked, id=11752, stack(0x0000001cc5300000,0x0000001cc5400000)]
  0x0000012a674b3a00 JavaThread "Monitor Deflation Thread" daemon [_thread_blocked, id=7008, stack(0x0000001cc5400000,0x0000001cc5500000)]
=>0x0000012a674b8950 JavaThread "C2 CompilerThread0" daemon [_thread_in_native, id=13736, stack(0x0000001cc5500000,0x0000001cc5600000)]
  0x0000012a674bcaf0 JavaThread "C1 CompilerThread0" daemon [_thread_blocked, id=8708, stack(0x0000001cc5600000,0x0000001cc5700000)]
  0x0000012a674bffb0 JavaThread "Sweeper thread" daemon [_thread_blocked, id=12684, stack(0x0000001cc5700000,0x0000001cc5800000)]
  0x0000012a67605000 JavaThread "Common-Cleaner" daemon [_thread_blocked, id=12960, stack(0x0000001cc5800000,0x0000001cc5900000)]
  0x0000012a676d9a00 JavaThread "Notification Thread" daemon [_thread_blocked, id=12136, stack(0x0000001cc5900000,0x0000001cc5a00000)]
  0x0000012a6d697830 JavaThread "Daemon health stats" [_thread_blocked, id=13744, stack(0x0000001cc6000000,0x0000001cc6100000)]
  0x0000012a6da6d080 JavaThread "Incoming local TCP Connector on port 54316" [_thread_in_native, id=6732, stack(0x0000001cc5f00000,0x0000001cc6000000)]
  0x0000012a6dca5530 JavaThread "Daemon periodic checks" [_thread_blocked, id=13716, stack(0x0000001cc6100000,0x0000001cc6200000)]
  0x0000012a6d3c98e0 JavaThread "Cache worker for journal cache (C:\Users\james\.gradle\caches\journal-1)" [_thread_blocked, id=14108, stack(0x0000001cc6d00000,0x0000001cc6e00000)]
  0x0000012a6d3cb5c0 JavaThread "File lock request listener" [_thread_in_native, id=10864, stack(0x0000001cc6e00000,0x0000001cc6f00000)]
  0x0000012a6d3c80d0 JavaThread "Cache worker for file hash cache (C:\Users\james\.gradle\caches\8.2\fileHashes)" [_thread_in_Java, id=8312, stack(0x0000001cc6f00000,0x0000001cc7000000)]
  0x0000012a6d3c9db0 JavaThread "File watcher server" daemon [_thread_in_native, id=12840, stack(0x0000001cc7100000,0x0000001cc7200000)]
  0x0000012a6d3ca280 JavaThread "File watcher consumer" daemon [_thread_blocked, id=13376, stack(0x0000001cc7200000,0x0000001cc7300000)]
  0x0000012a6ea846e0 JavaThread "Cache worker for file content cache (C:\Users\james\.gradle\caches\8.2\fileContent)" [_thread_blocked, id=14092, stack(0x0000001cc7500000,0x0000001cc7600000)]
  0x0000012a6ea87230 JavaThread "Cache worker for execution history cache (C:\Users\james\.gradle\caches\8.2\executionHistory)" [_thread_blocked, id=13656, stack(0x0000001cc7000000,0x0000001cc7100000)]
  0x0000012a6ea82530 JavaThread "jar transforms" [_thread_blocked, id=11428, stack(0x0000001cc7a00000,0x0000001cc7b00000)]
  0x0000012a6ea82060 JavaThread "jar transforms Thread 2" [_thread_blocked, id=6916, stack(0x0000001cc7b00000,0x0000001cc7c00000)]
  0x0000012a6ea86890 JavaThread "Cache worker for kotlin-dsl (C:\Users\james\.gradle\caches\8.2\kotlin-dsl)" [_thread_blocked, id=12800, stack(0x0000001cc7c00000,0x0000001cc7d00000)]
  0x0000012a6ea87700 JavaThread "jar transforms Thread 3" [_thread_blocked, id=3680, stack(0x0000001cc7d00000,0x0000001cc7e00000)]
  0x0000012a6ea88a40 JavaThread "jar transforms Thread 4" [_thread_blocked, id=13076, stack(0x0000001cc7e00000,0x0000001cc7f00000)]
  0x0000012a6ea82ed0 JavaThread "jar transforms Thread 5" [_thread_blocked, id=5640, stack(0x0000001cc7f00000,0x0000001cc8000000)]
  0x0000012a6ea87bd0 JavaThread "jar transforms Thread 6" [_thread_blocked, id=1444, stack(0x0000001cc8000000,0x0000001cc8100000)]
  0x0000012a6ea88f10 JavaThread "jar transforms Thread 7" [_thread_blocked, id=13036, stack(0x0000001cc8300000,0x0000001cc8400000)]
  0x0000012a6ea85a20 JavaThread "jar transforms Thread 8" [_thread_blocked, id=3396, stack(0x0000001cc8400000,0x0000001cc8500000)]
  0x0000012a6e478340 JavaThread "Memory manager" [_thread_blocked, id=12468, stack(0x0000001cc8e00000,0x0000001cc8f00000)]
  0x0000012a6c1a2ac0 JavaThread "Daemon Thread 3" [_thread_blocked, id=3448, stack(0x0000001cc4500000,0x0000001cc4600000)]
  0x0000012a72999200 JavaThread "Handler for socket connection from /127.0.0.1:54316 to /127.0.0.1:55022" [_thread_in_native, id=7532, stack(0x0000001cc4600000,0x0000001cc4700000)]
  0x0000012a722abf30 JavaThread "Cancel handler" [_thread_blocked, id=2632, stack(0x0000001cc4700000,0x0000001cc4800000)]
  0x0000012a6c1a2f90 JavaThread "Daemon worker Thread 3" [_thread_blocked, id=9188, stack(0x0000001cc6200000,0x0000001cc6300000)]
  0x0000012a702b32d0 JavaThread "Asynchronous log dispatcher for DefaultDaemonConnection: socket connection from /127.0.0.1:54316 to /127.0.0.1:55022" [_thread_in_vm, id=948, stack(0x0000001cc6300000,0x0000001cc6400000)]
  0x0000012a702b2930 JavaThread "Daemon client event forwarder" [_thread_blocked, id=2496, stack(0x0000001cc6500000,0x0000001cc6600000)]
  0x0000012a702b1ac0 JavaThread "Cache worker for checksums cache (D:\TaskFour\.gradle\8.2\checksums)" [_thread_blocked, id=5752, stack(0x0000001cc6600000,0x0000001cc6700000)]
  0x0000012a702b2e00 JavaThread "Cache worker for cache directory md-rule (C:\Users\james\.gradle\caches\8.2\md-rule)" [_thread_blocked, id=2324, stack(0x0000001cc6700000,0x0000001cc6800000)]
  0x0000012a702b2460 JavaThread "Cache worker for file hash cache (D:\TaskFour\.gradle\8.2\fileHashes)" [_thread_blocked, id=4936, stack(0x0000001cc6800000,0x0000001cc6900000)]
  0x0000012a6ef16e50 JavaThread "Cache worker for cache directory md-supplier (C:\Users\james\.gradle\caches\8.2\md-supplier)" [_thread_blocked, id=7288, stack(0x0000001cc7300000,0x0000001cc7400000)]
  0x0000012a6ef18190 JavaThread "Cache worker for dependencies-accessors (D:\TaskFour\.gradle\8.2\dependencies-accessors)" [_thread_blocked, id=4484, stack(0x0000001cc7400000,0x0000001cc7500000)]
  0x0000012a6ef17320 JavaThread "Cache worker for Build Output Cleanup Cache (D:\TaskFour\.gradle\buildOutputCleanup)" [_thread_blocked, id=10632, stack(0x0000001cc7600000,0x0000001cc7700000)]
  0x0000012a6e231990 JavaThread "Unconstrained build operations" [_thread_blocked, id=12988, stack(0x0000001cc7700000,0x0000001cc7800000)]
  0x0000012a6e2331a0 JavaThread "Unconstrained build operations Thread 2" [_thread_blocked, id=2092, stack(0x0000001cc7800000,0x0000001cc7900000)]
  0x0000012a6e22e970 JavaThread "Unconstrained build operations Thread 3" [_thread_blocked, id=12132, stack(0x0000001cc8100000,0x0000001cc8200000)]
  0x0000012a6e22fcb0 JavaThread "Unconstrained build operations Thread 4" [_thread_blocked, id=7940, stack(0x0000001cc8200000,0x0000001cc8300000)]
  0x0000012a6ef177f0 JavaThread "Unconstrained build operations Thread 5" [_thread_blocked, id=12120, stack(0x0000001cc8500000,0x0000001cc8600000)]
  0x0000012a6ef17cc0 JavaThread "Unconstrained build operations Thread 6" [_thread_blocked, id=1688, stack(0x0000001cc8600000,0x0000001cc8700000)]
  0x0000012a6ef16980 JavaThread "Unconstrained build operations Thread 7" [_thread_blocked, id=1928, stack(0x0000001cc8700000,0x0000001cc8800000)]
  0x0000012a7b4459f0 JavaThread "build event listener" [_thread_blocked, id=11476, stack(0x0000001cc8800000,0x0000001cc8900000)]
  0x0000012a7b445ec0 JavaThread "build event listener" [_thread_blocked, id=8508, stack(0x0000001cc8900000,0x0000001cc8a00000)]
  0x0000012a72a613a0 JavaThread "included builds" [_thread_blocked, id=1484, stack(0x0000001cc8a00000,0x0000001cc8b00000)]
  0x0000012a722ad270 JavaThread "Execution worker" [_thread_blocked, id=7884, stack(0x0000001cc8b00000,0x0000001cc8c00000)]
  0x0000012a722ac400 JavaThread "Execution worker Thread 2" [_thread_blocked, id=12476, stack(0x0000001cc8d00000,0x0000001cc8e00000)]
  0x0000012a722ac8d0 JavaThread "Execution worker Thread 3" [_thread_blocked, id=3580, stack(0x0000001cc8f00000,0x0000001cc9000000)]
  0x0000012a7b446390 JavaThread "Execution worker Thread 4" [_thread_blocked, id=4148, stack(0x0000001cc9000000,0x0000001cc9100000)]
  0x0000012a7b446860 JavaThread "Execution worker Thread 5" [_thread_blocked, id=8384, stack(0x0000001cc9100000,0x0000001cc9200000)]
  0x0000012a7b445050 JavaThread "Execution worker Thread 6" [_thread_in_vm, id=11292, stack(0x0000001cc9200000,0x0000001cc9300000)]
  0x0000012a7b445520 JavaThread "Execution worker Thread 7" [_thread_blocked, id=4744, stack(0x0000001cc9300000,0x0000001cc9400000)]
  0x0000012a7923cd30 JavaThread "Cache worker for execution history cache (D:\TaskFour\.gradle\8.2\executionHistory)" [_thread_blocked, id=11904, stack(0x0000001cc9400000,0x0000001cc9500000)]
  0x0000012a72a63a20 JavaThread "Unconstrained build operations Thread 8" [_thread_blocked, id=7628, stack(0x0000001cc9500000,0x0000001cc9600000)]
  0x0000012a72a626e0 JavaThread "Unconstrained build operations Thread 9" [_thread_in_Java, id=7908, stack(0x0000001cc9600000,0x0000001cc9700000)]
  0x0000012a72a62bb0 JavaThread "Unconstrained build operations Thread 10" [_thread_in_Java, id=12420, stack(0x0000001cc9700000,0x0000001cc9800000)]
  0x0000012a72a60530 JavaThread "Unconstrained build operations Thread 11" [_thread_blocked, id=11104, stack(0x0000001cc9800000,0x0000001cc9900000)]
  0x0000012a72a63080 JavaThread "Unconstrained build operations Thread 12" [_thread_blocked, id=1400, stack(0x0000001cc9900000,0x0000001cc9a00000)]
  0x0000012a72a61d40 JavaThread "Unconstrained build operations Thread 13" [_thread_in_vm, id=11756, stack(0x0000001cc9a00000,0x0000001cc9b00000)]
  0x0000012a72a60a00 JavaThread "Unconstrained build operations Thread 14" [_thread_in_vm, id=12260, stack(0x0000001cc9b00000,0x0000001cc9c00000)]
  0x0000012a72a63550 JavaThread "Unconstrained build operations Thread 15" [_thread_in_Java, id=10368, stack(0x0000001cc9c00000,0x0000001cc9d00000)]
  0x0000012a72a61870 JavaThread "Unconstrained build operations Thread 16" [_thread_blocked, id=10596, stack(0x0000001cc9d00000,0x0000001cc9e00000)]
  0x0000012a72a60060 JavaThread "Unconstrained build operations Thread 17" [_thread_blocked, id=12808, stack(0x0000001cc9e00000,0x0000001cc9f00000)]
  0x0000012a7923c860 JavaThread "Unconstrained build operations Thread 18" [_thread_blocked, id=12432, stack(0x0000001cc9f00000,0x0000001cca000000)]
  0x0000012a7923b050 JavaThread "Unconstrained build operations Thread 19" [_thread_blocked, id=4124, stack(0x0000001cca000000,0x0000001cca100000)]
  0x0000012a7923d200 JavaThread "Unconstrained build operations Thread 20" [_thread_blocked, id=1708, stack(0x0000001cca100000,0x0000001cca200000)]
  0x0000012a7923b520 JavaThread "Unconstrained build operations Thread 21" [_thread_blocked, id=3068, stack(0x0000001cca200000,0x0000001cca300000)]
  0x0000012a7923ea10 JavaThread "Unconstrained build operations Thread 22" [_thread_blocked, id=2280, stack(0x0000001cca300000,0x0000001cca400000)]
  0x0000012a7923b9f0 JavaThread "Unconstrained build operations Thread 23" [_thread_blocked, id=8368, stack(0x0000001cca400000,0x0000001cca500000)]
  0x0000012a7923bec0 JavaThread "Unconstrained build operations Thread 24" [_thread_blocked, id=9380, stack(0x0000001cca500000,0x0000001cca600000)]
  0x0000012a7923dba0 JavaThread "Unconstrained build operations Thread 25" [_thread_blocked, id=4996, stack(0x0000001cca600000,0x0000001cca700000)]
  0x0000012a7923c390 JavaThread "Unconstrained build operations Thread 26" [_thread_blocked, id=12144, stack(0x0000001cca700000,0x0000001cca800000)]
  0x0000012a6e5a6b70 JavaThread "WorkerExecutor Queue Thread 2" [_thread_blocked, id=9436, stack(0x0000001cca900000,0x0000001ccaa00000)]
  0x0000012a6e5a8380 JavaThread "WorkerExecutor Queue Thread 3" [_thread_blocked, id=12124, stack(0x0000001ccaa00000,0x0000001ccab00000)]
  0x0000012a6e5a66a0 JavaThread "WorkerExecutor Queue Thread 7" [_thread_blocked, id=6384, stack(0x0000001ccae00000,0x0000001ccaf00000)]
  0x0000012a6e230650 JavaThread "Unconstrained build operations Thread 27" [_thread_blocked, id=5940, stack(0x0000001ccb000000,0x0000001ccb100000)]
  0x0000012a722ad740 JavaThread "Unconstrained build operations Thread 28" [_thread_blocked, id=4964, stack(0x0000001ccb100000,0x0000001ccb200000)]
  0x0000012a722adc10 JavaThread "Unconstrained build operations Thread 29" [_thread_blocked, id=7236, stack(0x0000001ccb200000,0x0000001ccb300000)]
  0x0000012a722ab0c0 JavaThread "Unconstrained build operations Thread 30" [_thread_blocked, id=5076, stack(0x0000001ccb300000,0x0000001ccb400000)]
  0x0000012a722aa250 JavaThread "Unconstrained build operations Thread 31" [_thread_blocked, id=13252, stack(0x0000001ccb400000,0x0000001ccb500000)]
  0x0000012a706ee600 JavaThread "Unconstrained build operations Thread 32" [_thread_blocked, id=8436, stack(0x0000001ccb500000,0x0000001ccb600000)]
  0x0000012a706edc60 JavaThread "Unconstrained build operations Thread 33" [_thread_blocked, id=3600, stack(0x0000001ccb600000,0x0000001ccb700000)]
  0x0000012a706ed790 JavaThread "Unconstrained build operations Thread 34" [_thread_blocked, id=4216, stack(0x0000001ccb700000,0x0000001ccb800000)]
  0x0000012a6c1a1780 JavaThread "Unconstrained build operations Thread 35" [_thread_blocked, id=4340, stack(0x0000001ccb800000,0x0000001ccb900000)]
  0x0000012a6c1a1c50 JavaThread "Unconstrained build operations Thread 36" [_thread_blocked, id=1108, stack(0x0000001ccb900000,0x0000001ccba00000)]
  0x0000012a6c1a3930 JavaThread "Unconstrained build operations Thread 37" [_thread_blocked, id=13028, stack(0x0000001ccba00000,0x0000001ccbb00000)]
  0x0000012a6e49c500 JavaThread "Unconstrained build operations Thread 38" [_thread_blocked, id=1804, stack(0x0000001ccbb00000,0x0000001ccbc00000)]
  0x0000012a6e49e1e0 JavaThread "Unconstrained build operations Thread 39" [_thread_blocked, id=6368, stack(0x0000001ccbc00000,0x0000001ccbd00000)]
  0x0000012a6e49e6b0 JavaThread "Unconstrained build operations Thread 40" [_thread_blocked, id=2800, stack(0x0000001ccbd00000,0x0000001ccbe00000)]
  0x0000012a6e49d370 JavaThread "Unconstrained build operations Thread 41" [_thread_blocked, id=2316, stack(0x0000001ccbe00000,0x0000001ccbf00000)]
  0x0000012a6e5a61d0 JavaThread "Unconstrained build operations Thread 42" [_thread_blocked, id=1940, stack(0x0000001ccbf00000,0x0000001ccc000000)]
  0x0000012a788cf210 JavaThread "Unconstrained build operations Thread 43" [_thread_blocked, id=7184, stack(0x0000001ccc000000,0x0000001ccc100000)]
  0x0000012a788cda00 JavaThread "Unconstrained build operations Thread 44" [_thread_blocked, id=1740, stack(0x0000001ccc100000,0x0000001ccc200000)]
  0x0000012a788cd530 JavaThread "Unconstrained build operations Thread 45" [_thread_blocked, id=9044, stack(0x0000001ccc200000,0x0000001ccc300000)]
  0x0000012a788cded0 JavaThread "Unconstrained build operations Thread 46" [_thread_blocked, id=3984, stack(0x0000001ccc300000,0x0000001ccc400000)]
  0x0000012a788ccb90 JavaThread "Unconstrained build operations Thread 47" [_thread_blocked, id=7248, stack(0x0000001ccc400000,0x0000001ccc500000)]
  0x0000012a788cf6e0 JavaThread "Unconstrained build operations Thread 48" [_thread_blocked, id=13668, stack(0x0000001ccc500000,0x0000001ccc600000)]
  0x0000012a6f65d380 JavaThread "Unconstrained build operations Thread 49" [_thread_blocked, id=11392, stack(0x0000001ccc600000,0x0000001ccc700000)]
  0x0000012a6f65d850 JavaThread "Unconstrained build operations Thread 50" [_thread_blocked, id=6204, stack(0x0000001ccc700000,0x0000001ccc800000)]
  0x0000012a6f65dd20 JavaThread "Unconstrained build operations Thread 51" [_thread_blocked, id=7160, stack(0x0000001ccc800000,0x0000001ccc900000)]
  0x0000012a6f65f530 JavaThread "Unconstrained build operations Thread 52" [_thread_blocked, id=5200, stack(0x0000001ccc900000,0x0000001ccca00000)]
  0x0000012a6f65e1f0 JavaThread "Unconstrained build operations Thread 53" [_thread_blocked, id=9304, stack(0x0000001ccca00000,0x0000001cccb00000)]
  0x0000012a6f65eb90 JavaThread "Unconstrained build operations Thread 54" [_thread_blocked, id=12712, stack(0x0000001cccb00000,0x0000001cccc00000)]
  0x0000012a788cd060 JavaThread "Unconstrained build operations Thread 55" [_thread_blocked, id=13992, stack(0x0000001cccc00000,0x0000001cccd00000)]
  0x0000012a7923e070 JavaThread "Unconstrained build operations Thread 56" [_thread_blocked, id=3892, stack(0x0000001cccd00000,0x0000001ccce00000)]
  0x0000012a7923e540 JavaThread "Unconstrained build operations Thread 57" [_thread_blocked, id=12908, stack(0x0000001ccce00000,0x0000001cccf00000)]
  0x0000012a7b4e33f0 JavaThread "Unconstrained build operations Thread 58" [_thread_blocked, id=12972, stack(0x0000001cccf00000,0x0000001ccd000000)]
  0x0000012a706eb110 JavaThread "Unconstrained build operations Thread 59" [_thread_blocked, id=13188, stack(0x0000001ccd000000,0x0000001ccd100000)]
  0x0000012a706ebf80 JavaThread "Unconstrained build operations Thread 60" [_thread_blocked, id=11912, stack(0x0000001ccd100000,0x0000001ccd200000)]
  0x0000012a72c88430 JavaThread "Unconstrained build operations Thread 61" [_thread_blocked, id=9240, stack(0x0000001ccd200000,0x0000001ccd300000)]
  0x0000012a72c870f0 JavaThread "Unconstrained build operations Thread 62" [_thread_blocked, id=2176, stack(0x0000001ccd300000,0x0000001ccd400000)]
  0x0000012a72c88900 JavaThread "Unconstrained build operations Thread 63" [_thread_blocked, id=13924, stack(0x0000001ccd400000,0x0000001ccd500000)]
  0x0000012a788ce3a0 JavaThread "pool-8-thread-1" [_thread_blocked, id=8352, stack(0x0000001ccd500000,0x0000001ccd600000)]
  0x0000012a788cbd20 JavaThread "stderr" [_thread_in_native, id=224, stack(0x0000001ccad00000,0x0000001ccae00000)]
  0x0000012a6e22f7e0 JavaThread "stderr" [_thread_in_native, id=4204, stack(0x0000001ccd600000,0x0000001ccd700000)]
  0x0000012a6e232330 JavaThread "stdout" [_thread_in_native, id=13400, stack(0x0000001ccd700000,0x0000001ccd800000)]
  0x0000012a788cc1f0 JavaThread "stdout" [_thread_in_native, id=12392, stack(0x0000001ccd800000,0x0000001ccd900000)]
  0x0000012a722aabf0 JavaThread "stderr" [_thread_in_native, id=8348, stack(0x0000001ccd900000,0x0000001ccda00000)]
  0x0000012a782f1760 JavaThread "stdout" [_thread_in_native, id=11096, stack(0x0000001ccda00000,0x0000001ccdb00000)]
  0x0000012a782f2100 JavaThread "WorkerExecutor Queue Thread 9" [_thread_blocked, id=10244, stack(0x0000001ccdc00000,0x0000001ccdd00000)]
  0x0000012a6e230180 JavaThread "Unconstrained build operations Thread 64" [_thread_blocked, id=3928, stack(0x0000001ccdd00000,0x0000001ccde00000)]
  0x0000012a6e230b20 JavaThread "Unconstrained build operations Thread 65" [_thread_blocked, id=7576, stack(0x0000001ccde00000,0x0000001ccdf00000)]
  0x0000012a788ce870 JavaThread "Unconstrained build operations Thread 66" [_thread_blocked, id=9900, stack(0x0000001ccdf00000,0x0000001cce000000)]
  0x0000012a788ced40 JavaThread "Unconstrained build operations Thread 67" [_thread_blocked, id=8152, stack(0x0000001cce000000,0x0000001cce100000)]
  0x0000012a788cc6c0 JavaThread "Unconstrained build operations Thread 68" [_thread_blocked, id=2172, stack(0x0000001cce100000,0x0000001cce200000)]
  0x0000012a6e5a7510 JavaThread "Unconstrained build operations Thread 69" [_thread_blocked, id=7348, stack(0x0000001cce200000,0x0000001cce300000)]
  0x0000012a73103bd0 JavaThread "Unconstrained build operations Thread 70" [_thread_blocked, id=8936, stack(0x0000001cce300000,0x0000001cce400000)]
  0x0000012a72b479d0 JavaThread "Unconstrained build operations Thread 71" [_thread_blocked, id=8128, stack(0x0000001cca800000,0x0000001cca900000)]
  0x0000012a72c88dd0 JavaThread "Unconstrained build operations Thread 72" [_thread_blocked, id=10000, stack(0x0000001ccab00000,0x0000001ccac00000)]
  0x0000012a72c892a0 JavaThread "Unconstrained build operations Thread 73" [_thread_blocked, id=728, stack(0x0000001ccac00000,0x0000001ccad00000)]
  0x0000012a72c87a90 JavaThread "Unconstrained build operations Thread 74" [_thread_blocked, id=12880, stack(0x0000001ccaf00000,0x0000001ccb000000)]
  0x0000012a72c89770 JavaThread "Unconstrained build operations Thread 75" [_thread_blocked, id=2872, stack(0x0000001cce800000,0x0000001cce900000)]
  0x0000012a72c85db0 JavaThread "Unconstrained build operations Thread 76" [_thread_blocked, id=9108, stack(0x0000001cce900000,0x0000001ccea00000)]
  0x0000012a782f2aa0 JavaThread "Unconstrained build operations Thread 77" [_thread_blocked, id=756, stack(0x0000001ccea00000,0x0000001cceb00000)]
  0x0000012a7b4e1710 JavaThread "Unconstrained build operations Thread 78" [_thread_blocked, id=8412, stack(0x0000001cceb00000,0x0000001ccec00000)]
  0x0000012a7b4dfa30 JavaThread "Unconstrained build operations Thread 79" [_thread_blocked, id=6788, stack(0x0000001ccec00000,0x0000001cced00000)]
  0x0000012a7b4e03d0 JavaThread "Unconstrained build operations Thread 80" [_thread_blocked, id=11916, stack(0x0000001cced00000,0x0000001ccee00000)]
  0x0000012a6e235820 JavaThread "WorkerExecutor Queue Thread 10" [_thread_blocked, id=5596, stack(0x0000001cc6400000,0x0000001cc6500000)]
  0x0000012a7b4e08a0 JavaThread "RMI Scheduler(0)" daemon [_thread_blocked, id=4716, stack(0x0000001ccee00000,0x0000001ccef00000)]
  0x0000012a7b4e2580 JavaThread "RMI RenewClean-[127.0.0.1:17147,org.jetbrains.kotlin.daemon.common.LoopbackNetworkInterface$ClientLoopbackSocketFactory@600c7b73]" daemon [_thread_blocked, id=9788, stack(0x0000001ccef00000,0x0000001ccf000000)]
  0x0000012a72b461c0 JavaThread "RMI GC Daemon" daemon [_thread_blocked, id=12828, stack(0x0000001ccf000000,0x0000001ccf100000)]
  0x0000012a6e49d840 JavaThread "RMI TCP Accept-0" daemon [_thread_in_native, id=5044, stack(0x0000001ccf100000,0x0000001ccf200000)]
  0x0000012a7a734870 JavaThread "RMI Reaper" [_thread_blocked, id=5672, stack(0x0000001ccf200000,0x0000001ccf300000)]
  0x0000012a782f42b0 JavaThread "RMI TCP Connection(2)-127.0.0.1" daemon [_thread_in_native, id=5228, stack(0x0000001ccf300000,0x0000001ccf400000)]

Other Threads:
  0x0000012a6722d490 VMThread "VM Thread" [stack: 0x0000001cc4e00000,0x0000001cc4f00000] [id=10676]
  0x0000012a4d3cd7e0 WatcherThread [stack: 0x0000001cc5a00000,0x0000001cc5b00000] [id=14068]
  0x0000012a4d427af0 GCTaskThread "GC Thread#0" [stack: 0x0000001cc4900000,0x0000001cc4a00000] [id=9860]
  0x0000012a6ca13d10 GCTaskThread "GC Thread#1" [stack: 0x0000001cc5c00000,0x0000001cc5d00000] [id=12792]
  0x0000012a6c9e3c10 GCTaskThread "GC Thread#2" [stack: 0x0000001cc5d00000,0x0000001cc5e00000] [id=14080]
  0x0000012a6ca6b340 GCTaskThread "GC Thread#3" [stack: 0x0000001cc5e00000,0x0000001cc5f00000] [id=6280]
  0x0000012a6c965140 GCTaskThread "GC Thread#4" [stack: 0x0000001cc5b00000,0x0000001cc5c00000] [id=12020]
  0x0000012a6cb4d5c0 GCTaskThread "GC Thread#5" [stack: 0x0000001cc6900000,0x0000001cc6a00000] [id=2252]
  0x0000012a6cb4e330 GCTaskThread "GC Thread#6" [stack: 0x0000001cc6a00000,0x0000001cc6b00000] [id=5888]
  0x0000012a6cb4db20 GCTaskThread "GC Thread#7" [stack: 0x0000001cc6b00000,0x0000001cc6c00000] [id=4688]
  0x0000012a4d438940 ConcurrentGCThread "G1 Main Marker" [stack: 0x0000001cc4a00000,0x0000001cc4b00000] [id=4696]
  0x0000012a4d439260 ConcurrentGCThread "G1 Conc#0" [stack: 0x0000001cc4b00000,0x0000001cc4c00000] [id=5008]
  0x0000012a6cb4e5e0 ConcurrentGCThread "G1 Conc#1" [stack: 0x0000001cc6c00000,0x0000001cc6d00000] [id=9748]
  0x0000012a4d49e5d0 ConcurrentGCThread "G1 Refine#0" [stack: 0x0000001cc4c00000,0x0000001cc4d00000] [id=4380]
  0x0000012a6eb6c250 ConcurrentGCThread "G1 Refine#1" [stack: 0x0000001cc7900000,0x0000001cc7a00000] [id=14004]
  0x0000012a70cea2e0 ConcurrentGCThread "G1 Refine#2" [stack: 0x0000001cc8c00000,0x0000001cc8d00000] [id=6696]
  0x0000012a72afa710 ConcurrentGCThread "G1 Refine#3" [stack: 0x0000001ccdb00000,0x0000001ccdc00000] [id=8216]
  0x0000012a72afa150 ConcurrentGCThread "G1 Refine#4" [stack: 0x0000001cce400000,0x0000001cce500000] [id=4236]
  0x0000012a70c63630 ConcurrentGCThread "G1 Refine#5" [stack: 0x0000001cce500000,0x0000001cce600000] [id=2076]
  0x0000012a70c62900 ConcurrentGCThread "G1 Refine#6" [stack: 0x0000001cce600000,0x0000001cce700000] [id=10040]
  0x0000012a70c62620 ConcurrentGCThread "G1 Refine#7" [stack: 0x0000001cce700000,0x0000001cce800000] [id=11364]
  0x0000012a670824a0 ConcurrentGCThread "G1 Service" [stack: 0x0000001cc4d00000,0x0000001cc4e00000] [id=7128]

Threads with active compile tasks:
C2 CompilerThread0   858628 28960       4       org.jetbrains.org.objectweb.asm.ClassReader::readField (667 bytes)

VM state: not at safepoint (normal execution)

VM Mutex/Monitor currently owned by a thread: None

Heap address: 0x0000000080000000, size: 2048 MB, Compressed Oops mode: 32-bit

CDS archive(s) not mapped
Compressed class space mapped at: 0x0000000100000000-0x0000000140000000, reserved size: 1073741824
Narrow klass base: 0x0000000000000000, Narrow klass shift: 3, Narrow klass range: 0x140000000

GC Precious Log:
 CPUs: 8 total, 8 available
 Memory: 7103M
 Large Page Support: Disabled
 NUMA Support: Disabled
 Compressed Oops: Enabled (32-bit)
 Heap Region Size: 1M
 Heap Min Capacity: 8M
 Heap Initial Capacity: 112M
 Heap Max Capacity: 2G
 Pre-touch: Disabled
 Parallel Workers: 8
 Concurrent Workers: 2
 Concurrent Refinement Workers: 8
 Periodic GC: Disabled

Heap:
 garbage-first heap   total 1089536K, used 943510K [0x0000000080000000, 0x0000000100000000)
  region size 1024K, 318 young (325632K), 10 survivors (10240K)
 Metaspace       used 144932K, committed 146112K, reserved 1179648K
  class space    used 19125K, committed 19712K, reserved 1048576K

Heap Regions: E=young(eden), S=young(survivor), O=old, HS=humongous(starts), HC=humongous(continues), CS=collection set, F=free, OA=open archive, CA=closed archive, TAMS=top-at-mark-start (previous, next)
|   0|0x0000000080000000, 0x0000000080100000, 0x0000000080100000|100%|HS|  |TAMS 0x0000000080100000, 0x0000000080000000| Complete 
|   1|0x0000000080100000, 0x0000000080200000, 0x0000000080200000|100%|HC|  |TAMS 0x0000000080200000, 0x0000000080100000| Complete 
|   2|0x0000000080200000, 0x0000000080300000, 0x0000000080300000|100%|HC|  |TAMS 0x0000000080300000, 0x0000000080200000| Complete 
|   3|0x0000000080300000, 0x0000000080400000, 0x0000000080400000|100%|HC|  |TAMS 0x0000000080400000, 0x0000000080300000| Complete 
|   4|0x0000000080400000, 0x0000000080500000, 0x0000000080500000|100%| O|  |TAMS 0x0000000080500000, 0x0000000080400000| Untracked 
|   5|0x0000000080500000, 0x0000000080600000, 0x0000000080600000|100%| O|  |TAMS 0x0000000080600000, 0x0000000080500000| Untracked 
|   6|0x0000000080600000, 0x0000000080700000, 0x0000000080700000|100%| O|  |TAMS 0x0000000080700000, 0x0000000080600000| Untracked 
|   7|0x0000000080700000, 0x0000000080800000, 0x0000000080800000|100%| O|  |TAMS 0x0000000080800000, 0x0000000080700000| Untracked 
|   8|0x0000000080800000, 0x0000000080900000, 0x0000000080900000|100%| O|  |TAMS 0x0000000080900000, 0x0000000080800000| Untracked 
|   9|0x0000000080900000, 0x0000000080a00000, 0x0000000080a00000|100%| O|  |TAMS 0x0000000080a00000, 0x0000000080900000| Untracked 
|  10|0x0000000080a00000, 0x0000000080b00000, 0x0000000080b00000|100%| O|  |TAMS 0x0000000080b00000, 0x0000000080a00000| Untracked 
|  11|0x0000000080b00000, 0x0000000080c00000, 0x0000000080c00000|100%| O|  |TAMS 0x0000000080c00000, 0x0000000080b00000| Untracked 
|  12|0x0000000080c00000, 0x0000000080d00000, 0x0000000080d00000|100%| O|  |TAMS 0x0000000080d00000, 0x0000000080c00000| Untracked 
|  13|0x0000000080d00000, 0x0000000080e00000, 0x0000000080e00000|100%| O|  |TAMS 0x0000000080e00000, 0x0000000080d00000| Untracked 
|  14|0x0000000080e00000, 0x0000000080f00000, 0x0000000080f00000|100%| O|  |TAMS 0x0000000080f00000, 0x0000000080e00000| Untracked 
|  15|0x0000000080f00000, 0x0000000081000000, 0x0000000081000000|100%| O|  |TAMS 0x0000000081000000, 0x0000000080f00000| Untracked 
|  16|0x0000000081000000, 0x0000000081100000, 0x0000000081100000|100%| O|  |TAMS 0x0000000081100000, 0x0000000081000000| Untracked 
|  17|0x0000000081100000, 0x0000000081200000, 0x0000000081200000|100%| O|  |TAMS 0x0000000081200000, 0x0000000081100000| Untracked 
|  18|0x0000000081200000, 0x0000000081300000, 0x0000000081300000|100%| O|  |TAMS 0x0000000081300000, 0x0000000081200000| Untracked 
|  19|0x0000000081300000, 0x0000000081400000, 0x0000000081400000|100%| O|  |TAMS 0x0000000081400000, 0x0000000081300000| Untracked 
|  20|0x0000000081400000, 0x0000000081500000, 0x0000000081500000|100%| O|  |TAMS 0x0000000081500000, 0x0000000081400000| Untracked 
|  21|0x0000000081500000, 0x0000000081600000, 0x0000000081600000|100%| O|  |TAMS 0x0000000081600000, 0x0000000081500000| Untracked 
|  22|0x0000000081600000, 0x0000000081700000, 0x0000000081700000|100%| O|  |TAMS 0x0000000081700000, 0x0000000081600000| Untracked 
|  23|0x0000000081700000, 0x0000000081800000, 0x0000000081800000|100%| O|  |TAMS 0x0000000081800000, 0x0000000081700000| Untracked 
|  24|0x0000000081800000, 0x0000000081900000, 0x0000000081900000|100%| O|  |TAMS 0x0000000081900000, 0x0000000081800000| Untracked 
|  25|0x0000000081900000, 0x0000000081a00000, 0x0000000081a00000|100%| O|  |TAMS 0x0000000081a00000, 0x0000000081900000| Untracked 
|  26|0x0000000081a00000, 0x0000000081b00000, 0x0000000081b00000|100%| O|  |TAMS 0x0000000081b00000, 0x0000000081a00000| Untracked 
|  27|0x0000000081b00000, 0x0000000081c00000, 0x0000000081c00000|100%| O|  |TAMS 0x0000000081c00000, 0x0000000081b00000| Untracked 
|  28|0x0000000081c00000, 0x0000000081d00000, 0x0000000081d00000|100%| O|  |TAMS 0x0000000081d00000, 0x0000000081c00000| Untracked 
|  29|0x0000000081d00000, 0x0000000081e00000, 0x0000000081e00000|100%| O|  |TAMS 0x0000000081e00000, 0x0000000081d00000| Untracked 
|  30|0x0000000081e00000, 0x0000000081f00000, 0x0000000081f00000|100%| O|  |TAMS 0x0000000081f00000, 0x0000000081e00000| Untracked 
|  31|0x0000000081f00000, 0x0000000082000000, 0x0000000082000000|100%| O|  |TAMS 0x0000000082000000, 0x0000000081f00000| Untracked 
|  32|0x0000000082000000, 0x0000000082100000, 0x0000000082100000|100%| O|  |TAMS 0x0000000082100000, 0x0000000082000000| Untracked 
|  33|0x0000000082100000, 0x0000000082200000, 0x0000000082200000|100%| O|  |TAMS 0x0000000082200000, 0x0000000082100000| Untracked 
|  34|0x0000000082200000, 0x0000000082300000, 0x0000000082300000|100%| O|  |TAMS 0x0000000082300000, 0x0000000082200000| Untracked 
|  35|0x0000000082300000, 0x0000000082400000, 0x0000000082400000|100%| O|  |TAMS 0x0000000082400000, 0x0000000082300000| Untracked 
|  36|0x0000000082400000, 0x0000000082500000, 0x0000000082500000|100%| O|  |TAMS 0x0000000082500000, 0x0000000082400000| Untracked 
|  37|0x0000000082500000, 0x0000000082600000, 0x0000000082600000|100%| O|  |TAMS 0x0000000082600000, 0x0000000082500000| Untracked 
|  38|0x0000000082600000, 0x0000000082700000, 0x0000000082700000|100%| O|  |TAMS 0x0000000082700000, 0x0000000082600000| Untracked 
|  39|0x0000000082700000, 0x0000000082800000, 0x0000000082800000|100%| O|  |TAMS 0x0000000082800000, 0x0000000082700000| Untracked 
|  40|0x0000000082800000, 0x0000000082900000, 0x0000000082900000|100%|HS|  |TAMS 0x0000000082900000, 0x0000000082800000| Complete 
|  41|0x0000000082900000, 0x0000000082a00000, 0x0000000082a00000|100%|HS|  |TAMS 0x0000000082a00000, 0x0000000082900000| Complete 
|  42|0x0000000082a00000, 0x0000000082b00000, 0x0000000082b00000|100%|HS|  |TAMS 0x0000000082b00000, 0x0000000082a00000| Complete 
|  43|0x0000000082b00000, 0x0000000082c00000, 0x0000000082c00000|100%|HS|  |TAMS 0x0000000082c00000, 0x0000000082b00000| Complete 
|  44|0x0000000082c00000, 0x0000000082d00000, 0x0000000082d00000|100%|HC|  |TAMS 0x0000000082d00000, 0x0000000082c00000| Complete 
|  45|0x0000000082d00000, 0x0000000082e00000, 0x0000000082e00000|100%|HS|  |TAMS 0x0000000082e00000, 0x0000000082d00000| Complete 
|  46|0x0000000082e00000, 0x0000000082f00000, 0x0000000082f00000|100%|HC|  |TAMS 0x0000000082f00000, 0x0000000082e00000| Complete 
|  47|0x0000000082f00000, 0x0000000083000000, 0x0000000083000000|100%| O|  |TAMS 0x0000000083000000, 0x0000000082f00000| Untracked 
|  48|0x0000000083000000, 0x0000000083100000, 0x0000000083100000|100%| O|  |TAMS 0x0000000083100000, 0x0000000083000000| Untracked 
|  49|0x0000000083100000, 0x0000000083200000, 0x0000000083200000|100%| O|  |TAMS 0x0000000083200000, 0x0000000083100000| Untracked 
|  50|0x0000000083200000, 0x0000000083300000, 0x0000000083300000|100%|HS|  |TAMS 0x0000000083300000, 0x0000000083200000| Complete 
|  51|0x0000000083300000, 0x0000000083400000, 0x0000000083400000|100%|HC|  |TAMS 0x0000000083400000, 0x0000000083300000| Complete 
|  52|0x0000000083400000, 0x0000000083500000, 0x0000000083500000|100%|HC|  |TAMS 0x0000000083500000, 0x0000000083400000| Complete 
|  53|0x0000000083500000, 0x0000000083600000, 0x0000000083600000|100%|HC|  |TAMS 0x0000000083600000, 0x0000000083500000| Complete 
|  54|0x0000000083600000, 0x0000000083700000, 0x0000000083700000|100%|HS|  |TAMS 0x0000000083700000, 0x0000000083600000| Complete 
|  55|0x0000000083700000, 0x0000000083800000, 0x0000000083800000|100%| O|  |TAMS 0x0000000083800000, 0x0000000083700000| Untracked 
|  56|0x0000000083800000, 0x0000000083900000, 0x0000000083900000|100%| O|  |TAMS 0x0000000083900000, 0x0000000083800000| Untracked 
|  57|0x0000000083900000, 0x0000000083a00000, 0x0000000083a00000|100%| O|  |TAMS 0x0000000083a00000, 0x0000000083900000| Untracked 
|  58|0x0000000083a00000, 0x0000000083b00000, 0x0000000083b00000|100%| O|  |TAMS 0x0000000083b00000, 0x0000000083a00000| Untracked 
|  59|0x0000000083b00000, 0x0000000083c00000, 0x0000000083c00000|100%|HS|  |TAMS 0x0000000083c00000, 0x0000000083b00000| Complete 
|  60|0x0000000083c00000, 0x0000000083d00000, 0x0000000083d00000|100%| O|  |TAMS 0x0000000083d00000, 0x0000000083c00000| Untracked 
|  61|0x0000000083d00000, 0x0000000083e00000, 0x0000000083e00000|100%| O|  |TAMS 0x0000000083e00000, 0x0000000083d00000| Untracked 
|  62|0x0000000083e00000, 0x0000000083f00000, 0x0000000083f00000|100%| O|  |TAMS 0x0000000083f00000, 0x0000000083e00000| Untracked 
|  63|0x0000000083f00000, 0x0000000084000000, 0x0000000084000000|100%| O|  |TAMS 0x0000000084000000, 0x0000000083f00000| Untracked 
|  64|0x0000000084000000, 0x0000000084100000, 0x0000000084100000|100%| O|  |TAMS 0x0000000084100000, 0x0000000084000000| Untracked 
|  65|0x0000000084100000, 0x0000000084200000, 0x0000000084200000|100%| O|  |TAMS 0x0000000084200000, 0x0000000084100000| Untracked 
|  66|0x0000000084200000, 0x0000000084300000, 0x0000000084300000|100%| O|  |TAMS 0x0000000084300000, 0x0000000084200000| Untracked 
|  67|0x0000000084300000, 0x0000000084400000, 0x0000000084400000|100%| O|  |TAMS 0x0000000084400000, 0x0000000084300000| Untracked 
|  68|0x0000000084400000, 0x0000000084500000, 0x0000000084500000|100%| O|  |TAMS 0x0000000084500000, 0x0000000084400000| Untracked 
|  69|0x0000000084500000, 0x0000000084600000, 0x0000000084600000|100%|HS|  |TAMS 0x0000000084600000, 0x0000000084500000| Complete 
|  70|0x0000000084600000, 0x0000000084700000, 0x0000000084700000|100%|HC|  |TAMS 0x0000000084700000, 0x0000000084600000| Complete 
|  71|0x0000000084700000, 0x0000000084800000, 0x0000000084800000|100%|HC|  |TAMS 0x0000000084800000, 0x0000000084700000| Complete 
|  72|0x0000000084800000, 0x0000000084900000, 0x0000000084900000|100%|HC|  |TAMS 0x0000000084900000, 0x0000000084800000| Complete 
|  73|0x0000000084900000, 0x0000000084a00000, 0x0000000084a00000|100%| O|  |TAMS 0x0000000084a00000, 0x0000000084900000| Untracked 
|  74|0x0000000084a00000, 0x0000000084b00000, 0x0000000084b00000|100%| O|  |TAMS 0x0000000084b00000, 0x0000000084a00000| Untracked 
|  75|0x0000000084b00000, 0x0000000084c00000, 0x0000000084c00000|100%| O|  |TAMS 0x0000000084c00000, 0x0000000084b00000| Untracked 
|  76|0x0000000084c00000, 0x0000000084d00000, 0x0000000084d00000|100%| O|  |TAMS 0x0000000084d00000, 0x0000000084c00000| Untracked 
|  77|0x0000000084d00000, 0x0000000084e00000, 0x0000000084e00000|100%| O|  |TAMS 0x0000000084e00000, 0x0000000084d00000| Untracked 
|  78|0x0000000084e00000, 0x0000000084f00000, 0x0000000084f00000|100%| O|  |TAMS 0x0000000084f00000, 0x0000000084e00000| Untracked 
|  79|0x0000000084f00000, 0x0000000085000000, 0x0000000085000000|100%| O|  |TAMS 0x0000000085000000, 0x0000000084f00000| Untracked 
|  80|0x0000000085000000, 0x0000000085100000, 0x0000000085100000|100%| O|  |TAMS 0x0000000085100000, 0x0000000085000000| Untracked 
|  81|0x0000000085100000, 0x0000000085200000, 0x0000000085200000|100%| O|  |TAMS 0x0000000085200000, 0x0000000085100000| Untracked 
|  82|0x0000000085200000, 0x0000000085300000, 0x0000000085300000|100%| O|  |TAMS 0x0000000085300000, 0x0000000085200000| Untracked 
|  83|0x0000000085300000, 0x0000000085400000, 0x0000000085400000|100%| O|  |TAMS 0x0000000085300000, 0x0000000085300000| Untracked 
|  84|0x0000000085400000, 0x0000000085500000, 0x0000000085500000|100%| O|  |TAMS 0x0000000085500000, 0x0000000085400000| Untracked 
|  85|0x0000000085500000, 0x0000000085600000, 0x0000000085600000|100%| O|  |TAMS 0x0000000085600000, 0x0000000085500000| Untracked 
|  86|0x0000000085600000, 0x0000000085700000, 0x0000000085700000|100%| O|  |TAMS 0x0000000085700000, 0x0000000085600000| Untracked 
|  87|0x0000000085700000, 0x0000000085800000, 0x0000000085800000|100%| O|  |TAMS 0x0000000085800000, 0x0000000085700000| Untracked 
|  88|0x0000000085800000, 0x0000000085900000, 0x0000000085900000|100%| O|  |TAMS 0x0000000085900000, 0x0000000085800000| Untracked 
|  89|0x0000000085900000, 0x0000000085a00000, 0x0000000085a00000|100%| O|  |TAMS 0x0000000085a00000, 0x0000000085900000| Untracked 
|  90|0x0000000085a00000, 0x0000000085b00000, 0x0000000085b00000|100%| O|  |TAMS 0x0000000085b00000, 0x0000000085a00000| Untracked 
|  91|0x0000000085b00000, 0x0000000085c00000, 0x0000000085c00000|100%| O|  |TAMS 0x0000000085c00000, 0x0000000085b00000| Untracked 
|  92|0x0000000085c00000, 0x0000000085d00000, 0x0000000085d00000|100%| O|  |TAMS 0x0000000085d00000, 0x0000000085c00000| Untracked 
|  93|0x0000000085d00000, 0x0000000085e00000, 0x0000000085e00000|100%| O|  |TAMS 0x0000000085e00000, 0x0000000085d00000| Untracked 
|  94|0x0000000085e00000, 0x0000000085f00000, 0x0000000085f00000|100%| O|  |TAMS 0x0000000085f00000, 0x0000000085e00000| Untracked 
|  95|0x0000000085f00000, 0x0000000086000000, 0x0000000086000000|100%| O|  |TAMS 0x0000000086000000, 0x0000000085f00000| Untracked 
|  96|0x0000000086000000, 0x0000000086100000, 0x0000000086100000|100%| O|  |TAMS 0x0000000086100000, 0x0000000086000000| Untracked 
|  97|0x0000000086100000, 0x0000000086200000, 0x0000000086200000|100%| O|  |TAMS 0x0000000086200000, 0x0000000086100000| Untracked 
|  98|0x0000000086200000, 0x0000000086300000, 0x0000000086300000|100%| O|  |TAMS 0x0000000086300000, 0x0000000086200000| Untracked 
|  99|0x0000000086300000, 0x0000000086400000, 0x0000000086400000|100%| O|  |TAMS 0x0000000086400000, 0x0000000086300000| Untracked 
| 100|0x0000000086400000, 0x0000000086500000, 0x0000000086500000|100%| O|  |TAMS 0x0000000086500000, 0x0000000086400000| Untracked 
| 101|0x0000000086500000, 0x0000000086600000, 0x0000000086600000|100%| O|  |TAMS 0x0000000086600000, 0x0000000086500000| Untracked 
| 102|0x0000000086600000, 0x0000000086700000, 0x0000000086700000|100%| O|  |TAMS 0x0000000086700000, 0x0000000086600000| Untracked 
| 103|0x0000000086700000, 0x0000000086800000, 0x0000000086800000|100%| O|  |TAMS 0x0000000086800000, 0x0000000086700000| Untracked 
| 104|0x0000000086800000, 0x0000000086900000, 0x0000000086900000|100%| O|  |TAMS 0x0000000086900000, 0x0000000086800000| Untracked 
| 105|0x0000000086900000, 0x0000000086a00000, 0x0000000086a00000|100%| O|  |TAMS 0x0000000086a00000, 0x0000000086900000| Untracked 
| 106|0x0000000086a00000, 0x0000000086b00000, 0x0000000086b00000|100%| O|  |TAMS 0x0000000086b00000, 0x0000000086a00000| Untracked 
| 107|0x0000000086b00000, 0x0000000086c00000, 0x0000000086c00000|100%| O|  |TAMS 0x0000000086c00000, 0x0000000086b00000| Untracked 
| 108|0x0000000086c00000, 0x0000000086d00000, 0x0000000086d00000|100%| O|  |TAMS 0x0000000086d00000, 0x0000000086c00000| Untracked 
| 109|0x0000000086d00000, 0x0000000086e00000, 0x0000000086e00000|100%| O|  |TAMS 0x0000000086e00000, 0x0000000086d00000| Untracked 
| 110|0x0000000086e00000, 0x0000000086f00000, 0x0000000086f00000|100%| O|  |TAMS 0x0000000086f00000, 0x0000000086e00000| Untracked 
| 111|0x0000000086f00000, 0x0000000087000000, 0x0000000087000000|100%| O|  |TAMS 0x0000000087000000, 0x0000000086f00000| Untracked 
| 112|0x0000000087000000, 0x0000000087100000, 0x0000000087100000|100%| O|  |TAMS 0x0000000087100000, 0x0000000087000000| Untracked 
| 113|0x0000000087100000, 0x0000000087200000, 0x0000000087200000|100%| O|  |TAMS 0x0000000087200000, 0x0000000087100000| Untracked 
| 114|0x0000000087200000, 0x0000000087300000, 0x0000000087300000|100%| O|  |TAMS 0x0000000087300000, 0x0000000087200000| Untracked 
| 115|0x0000000087300000, 0x0000000087400000, 0x0000000087400000|100%| O|  |TAMS 0x0000000087400000, 0x0000000087300000| Untracked 
| 116|0x0000000087400000, 0x0000000087500000, 0x0000000087500000|100%| O|  |TAMS 0x0000000087500000, 0x0000000087400000| Untracked 
| 117|0x0000000087500000, 0x0000000087600000, 0x0000000087600000|100%| O|  |TAMS 0x0000000087500000, 0x0000000087500000| Untracked 
| 118|0x0000000087600000, 0x0000000087700000, 0x0000000087700000|100%| O|  |TAMS 0x0000000087600000, 0x0000000087600000| Untracked 
| 119|0x0000000087700000, 0x0000000087800000, 0x0000000087800000|100%| O|  |TAMS 0x0000000087700000, 0x0000000087700000| Untracked 
| 120|0x0000000087800000, 0x0000000087900000, 0x0000000087900000|100%| O|  |TAMS 0x0000000087800000, 0x0000000087800000| Untracked 
| 121|0x0000000087900000, 0x0000000087a00000, 0x0000000087a00000|100%| O|  |TAMS 0x0000000087900000, 0x0000000087900000| Untracked 
| 122|0x0000000087a00000, 0x0000000087b00000, 0x0000000087b00000|100%| O|  |TAMS 0x0000000087a00000, 0x0000000087a00000| Untracked 
| 123|0x0000000087b00000, 0x0000000087c00000, 0x0000000087c00000|100%| O|  |TAMS 0x0000000087b00000, 0x0000000087b00000| Untracked 
| 124|0x0000000087c00000, 0x0000000087d00000, 0x0000000087d00000|100%| O|  |TAMS 0x0000000087c00000, 0x0000000087c00000| Untracked 
| 125|0x0000000087d00000, 0x0000000087e00000, 0x0000000087e00000|100%| O|  |TAMS 0x0000000087d00000, 0x0000000087d00000| Untracked 
| 126|0x0000000087e00000, 0x0000000087f00000, 0x0000000087f00000|100%| O|  |TAMS 0x0000000087e00000, 0x0000000087e00000| Untracked 
| 127|0x0000000087f00000, 0x0000000088000000, 0x0000000088000000|100%| O|  |TAMS 0x0000000087f00000, 0x0000000087f00000| Untracked 
| 128|0x0000000088000000, 0x0000000088100000, 0x0000000088100000|100%| O|  |TAMS 0x0000000088000000, 0x0000000088000000| Untracked 
| 129|0x0000000088100000, 0x0000000088200000, 0x0000000088200000|100%| O|  |TAMS 0x0000000088100000, 0x0000000088100000| Untracked 
| 130|0x0000000088200000, 0x0000000088300000, 0x0000000088300000|100%| O|  |TAMS 0x0000000088200000, 0x0000000088200000| Untracked 
| 131|0x0000000088300000, 0x0000000088400000, 0x0000000088400000|100%| O|  |TAMS 0x0000000088300000, 0x0000000088300000| Untracked 
| 132|0x0000000088400000, 0x0000000088500000, 0x0000000088500000|100%| O|  |TAMS 0x0000000088400000, 0x0000000088400000| Untracked 
| 133|0x0000000088500000, 0x0000000088600000, 0x0000000088600000|100%| O|  |TAMS 0x0000000088500000, 0x0000000088500000| Untracked 
| 134|0x0000000088600000, 0x0000000088700000, 0x0000000088700000|100%| O|  |TAMS 0x0000000088600000, 0x0000000088600000| Untracked 
| 135|0x0000000088700000, 0x0000000088800000, 0x0000000088800000|100%| O|  |TAMS 0x0000000088700000, 0x0000000088700000| Untracked 
| 136|0x0000000088800000, 0x0000000088900000, 0x0000000088900000|100%| O|  |TAMS 0x0000000088800000, 0x0000000088800000| Untracked 
| 137|0x0000000088900000, 0x0000000088a00000, 0x0000000088a00000|100%| O|  |TAMS 0x0000000088900000, 0x0000000088900000| Untracked 
| 138|0x0000000088a00000, 0x0000000088b00000, 0x0000000088b00000|100%| O|  |TAMS 0x0000000088a00000, 0x0000000088a00000| Untracked 
| 139|0x0000000088b00000, 0x0000000088c00000, 0x0000000088c00000|100%| O|  |TAMS 0x0000000088b00000, 0x0000000088b00000| Untracked 
| 140|0x0000000088c00000, 0x0000000088d00000, 0x0000000088d00000|100%| O|  |TAMS 0x0000000088c00000, 0x0000000088c00000| Untracked 
| 141|0x0000000088d00000, 0x0000000088e00000, 0x0000000088e00000|100%| O|  |TAMS 0x0000000088d00000, 0x0000000088d00000| Untracked 
| 142|0x0000000088e00000, 0x0000000088f00000, 0x0000000088f00000|100%| O|  |TAMS 0x0000000088f00000, 0x0000000088e00000| Untracked 
| 143|0x0000000088f00000, 0x0000000089000000, 0x0000000089000000|100%| O|  |TAMS 0x0000000089000000, 0x0000000088f00000| Untracked 
| 144|0x0000000089000000, 0x0000000089100000, 0x0000000089100000|100%| O|  |TAMS 0x0000000089100000, 0x0000000089000000| Untracked 
| 145|0x0000000089100000, 0x0000000089200000, 0x0000000089200000|100%| O|  |TAMS 0x0000000089200000, 0x0000000089100000| Untracked 
| 146|0x0000000089200000, 0x0000000089300000, 0x0000000089300000|100%| O|  |TAMS 0x0000000089300000, 0x0000000089200000| Untracked 
| 147|0x0000000089300000, 0x0000000089400000, 0x0000000089400000|100%| O|  |TAMS 0x0000000089400000, 0x0000000089300000| Untracked 
| 148|0x0000000089400000, 0x0000000089500000, 0x0000000089500000|100%| O|  |TAMS 0x0000000089400000, 0x0000000089400000| Untracked 
| 149|0x0000000089500000, 0x0000000089600000, 0x0000000089600000|100%| O|  |TAMS 0x0000000089500000, 0x0000000089500000| Untracked 
| 150|0x0000000089600000, 0x0000000089700000, 0x0000000089700000|100%| O|  |TAMS 0x0000000089600000, 0x0000000089600000| Untracked 
| 151|0x0000000089700000, 0x0000000089800000, 0x0000000089800000|100%| O|  |TAMS 0x0000000089700000, 0x0000000089700000| Untracked 
| 152|0x0000000089800000, 0x0000000089900000, 0x0000000089900000|100%| O|  |TAMS 0x0000000089800000, 0x0000000089800000| Untracked 
| 153|0x0000000089900000, 0x0000000089a00000, 0x0000000089a00000|100%|HS|  |TAMS 0x0000000089900000, 0x0000000089900000| Complete 
| 154|0x0000000089a00000, 0x0000000089b00000, 0x0000000089b00000|100%| O|  |TAMS 0x0000000089a00000, 0x0000000089a00000| Untracked 
| 155|0x0000000089b00000, 0x0000000089c00000, 0x0000000089c00000|100%| O|  |TAMS 0x0000000089b00000, 0x0000000089b00000| Untracked 
| 156|0x0000000089c00000, 0x0000000089d00000, 0x0000000089d00000|100%| O|  |TAMS 0x0000000089c00000, 0x0000000089c00000| Untracked 
| 157|0x0000000089d00000, 0x0000000089e00000, 0x0000000089e00000|100%| O|  |TAMS 0x0000000089d00000, 0x0000000089d00000| Untracked 
| 158|0x0000000089e00000, 0x0000000089f00000, 0x0000000089f00000|100%| O|  |TAMS 0x0000000089e00000, 0x0000000089e00000| Untracked 
| 159|0x0000000089f00000, 0x000000008a000000, 0x000000008a000000|100%| O|  |TAMS 0x000000008a000000, 0x0000000089f00000| Untracked 
| 160|0x000000008a000000, 0x000000008a100000, 0x000000008a100000|100%| O|  |TAMS 0x000000008a000000, 0x000000008a000000| Untracked 
| 161|0x000000008a100000, 0x000000008a200000, 0x000000008a200000|100%| O|  |TAMS 0x000000008a100000, 0x000000008a100000| Untracked 
| 162|0x000000008a200000, 0x000000008a300000, 0x000000008a300000|100%| O|  |TAMS 0x000000008a300000, 0x000000008a200000| Untracked 
| 163|0x000000008a300000, 0x000000008a400000, 0x000000008a400000|100%| O|  |TAMS 0x000000008a400000, 0x000000008a300000| Untracked 
| 164|0x000000008a400000, 0x000000008a500000, 0x000000008a500000|100%| O|  |TAMS 0x000000008a500000, 0x000000008a400000| Untracked 
| 165|0x000000008a500000, 0x000000008a600000, 0x000000008a600000|100%| O|  |TAMS 0x000000008a600000, 0x000000008a500000| Untracked 
| 166|0x000000008a600000, 0x000000008a700000, 0x000000008a700000|100%| O|  |TAMS 0x000000008a700000, 0x000000008a600000| Untracked 
| 167|0x000000008a700000, 0x000000008a800000, 0x000000008a800000|100%| O|  |TAMS 0x000000008a800000, 0x000000008a700000| Untracked 
| 168|0x000000008a800000, 0x000000008a900000, 0x000000008a900000|100%| O|  |TAMS 0x000000008a900000, 0x000000008a800000| Untracked 
| 169|0x000000008a900000, 0x000000008aa00000, 0x000000008aa00000|100%| O|  |TAMS 0x000000008aa00000, 0x000000008a900000| Untracked 
| 170|0x000000008aa00000, 0x000000008ab00000, 0x000000008ab00000|100%| O|  |TAMS 0x000000008ab00000, 0x000000008aa00000| Untracked 
| 171|0x000000008ab00000, 0x000000008ac00000, 0x000000008ac00000|100%| O|  |TAMS 0x000000008ac00000, 0x000000008ab00000| Untracked 
| 172|0x000000008ac00000, 0x000000008ad00000, 0x000000008ad00000|100%| O|  |TAMS 0x000000008ac00000, 0x000000008ac00000| Untracked 
| 173|0x000000008ad00000, 0x000000008ae00000, 0x000000008ae00000|100%| O|  |TAMS 0x000000008ae00000, 0x000000008ad00000| Untracked 
| 174|0x000000008ae00000, 0x000000008af00000, 0x000000008af00000|100%| O|  |TAMS 0x000000008af00000, 0x000000008ae00000| Untracked 
| 175|0x000000008af00000, 0x000000008b000000, 0x000000008b000000|100%| O|  |TAMS 0x000000008b000000, 0x000000008af00000| Untracked 
| 176|0x000000008b000000, 0x000000008b100000, 0x000000008b100000|100%| O|  |TAMS 0x000000008b000000, 0x000000008b000000| Untracked 
| 177|0x000000008b100000, 0x000000008b200000, 0x000000008b200000|100%| O|  |TAMS 0x000000008b100000, 0x000000008b100000| Untracked 
| 178|0x000000008b200000, 0x000000008b300000, 0x000000008b300000|100%| O|  |TAMS 0x000000008b200000, 0x000000008b200000| Untracked 
| 179|0x000000008b300000, 0x000000008b400000, 0x000000008b400000|100%| O|  |TAMS 0x000000008b300000, 0x000000008b300000| Untracked 
| 180|0x000000008b400000, 0x000000008b500000, 0x000000008b500000|100%| O|  |TAMS 0x000000008b400000, 0x000000008b400000| Untracked 
| 181|0x000000008b500000, 0x000000008b600000, 0x000000008b600000|100%| O|  |TAMS 0x000000008b500000, 0x000000008b500000| Untracked 
| 182|0x000000008b600000, 0x000000008b700000, 0x000000008b700000|100%| O|  |TAMS 0x000000008b600000, 0x000000008b600000| Untracked 
| 183|0x000000008b700000, 0x000000008b800000, 0x000000008b800000|100%| O|  |TAMS 0x000000008b700000, 0x000000008b700000| Untracked 
| 184|0x000000008b800000, 0x000000008b900000, 0x000000008b900000|100%| O|  |TAMS 0x000000008b800000, 0x000000008b800000| Untracked 
| 185|0x000000008b900000, 0x000000008ba00000, 0x000000008ba00000|100%| O|  |TAMS 0x000000008b900000, 0x000000008b900000| Untracked 
| 186|0x000000008ba00000, 0x000000008bb00000, 0x000000008bb00000|100%| O|  |TAMS 0x000000008ba00000, 0x000000008ba00000| Untracked 
| 187|0x000000008bb00000, 0x000000008bc00000, 0x000000008bc00000|100%| O|  |TAMS 0x000000008bb00000, 0x000000008bb00000| Untracked 
| 188|0x000000008bc00000, 0x000000008bd00000, 0x000000008bd00000|100%| O|  |TAMS 0x000000008bc00000, 0x000000008bc00000| Untracked 
| 189|0x000000008bd00000, 0x000000008be00000, 0x000000008be00000|100%| O|  |TAMS 0x000000008bd00000, 0x000000008bd00000| Untracked 
| 190|0x000000008be00000, 0x000000008bf00000, 0x000000008bf00000|100%| O|  |TAMS 0x000000008be00000, 0x000000008be00000| Untracked 
| 191|0x000000008bf00000, 0x000000008c000000, 0x000000008c000000|100%| O|  |TAMS 0x000000008bf00000, 0x000000008bf00000| Untracked 
| 192|0x000000008c000000, 0x000000008c100000, 0x000000008c100000|100%| O|  |TAMS 0x000000008c100000, 0x000000008c000000| Untracked 
| 193|0x000000008c100000, 0x000000008c200000, 0x000000008c200000|100%| O|  |TAMS 0x000000008c100000, 0x000000008c100000| Untracked 
| 194|0x000000008c200000, 0x000000008c300000, 0x000000008c300000|100%| O|  |TAMS 0x000000008c200000, 0x000000008c200000| Untracked 
| 195|0x000000008c300000, 0x000000008c400000, 0x000000008c400000|100%| O|  |TAMS 0x000000008c300000, 0x000000008c300000| Untracked 
| 196|0x000000008c400000, 0x000000008c500000, 0x000000008c500000|100%| O|  |TAMS 0x000000008c400000, 0x000000008c400000| Untracked 
| 197|0x000000008c500000, 0x000000008c600000, 0x000000008c600000|100%| O|  |TAMS 0x000000008c500000, 0x000000008c500000| Untracked 
| 198|0x000000008c600000, 0x000000008c700000, 0x000000008c700000|100%| O|  |TAMS 0x000000008c600000, 0x000000008c600000| Untracked 
| 199|0x000000008c700000, 0x000000008c800000, 0x000000008c800000|100%| O|  |TAMS 0x000000008c700000, 0x000000008c700000| Untracked 
| 200|0x000000008c800000, 0x000000008c900000, 0x000000008c900000|100%|HS|  |TAMS 0x000000008c800000, 0x000000008c800000| Complete 
| 201|0x000000008c900000, 0x000000008ca00000, 0x000000008ca00000|100%|HS|  |TAMS 0x000000008c900000, 0x000000008c900000| Complete 
| 202|0x000000008ca00000, 0x000000008cb00000, 0x000000008cb00000|100%|HS|  |TAMS 0x000000008ca00000, 0x000000008ca00000| Complete 
| 203|0x000000008cb00000, 0x000000008cc00000, 0x000000008cc00000|100%|HC|  |TAMS 0x000000008cb00000, 0x000000008cb00000| Complete 
| 204|0x000000008cc00000, 0x000000008cd00000, 0x000000008cd00000|100%|HS|  |TAMS 0x000000008cc00000, 0x000000008cc00000| Complete 
| 205|0x000000008cd00000, 0x000000008ce00000, 0x000000008ce00000|100%|HS|  |TAMS 0x000000008cd00000, 0x000000008cd00000| Complete 
| 206|0x000000008ce00000, 0x000000008cf00000, 0x000000008cf00000|100%|HC|  |TAMS 0x000000008ce00000, 0x000000008ce00000| Complete 
| 207|0x000000008cf00000, 0x000000008d000000, 0x000000008d000000|100%| O|  |TAMS 0x000000008d000000, 0x000000008cf00000| Untracked 
| 208|0x000000008d000000, 0x000000008d100000, 0x000000008d100000|100%| O|  |TAMS 0x000000008d100000, 0x000000008d000000| Untracked 
| 209|0x000000008d100000, 0x000000008d200000, 0x000000008d200000|100%|HS|  |TAMS 0x000000008d100000, 0x000000008d100000| Complete 
| 210|0x000000008d200000, 0x000000008d300000, 0x000000008d300000|100%|HS|  |TAMS 0x000000008d200000, 0x000000008d200000| Complete 
| 211|0x000000008d300000, 0x000000008d400000, 0x000000008d400000|100%|HS|  |TAMS 0x000000008d300000, 0x000000008d300000| Complete 
| 212|0x000000008d400000, 0x000000008d500000, 0x000000008d500000|100%|HC|  |TAMS 0x000000008d400000, 0x000000008d400000| Complete 
| 213|0x000000008d500000, 0x000000008d600000, 0x000000008d600000|100%|HS|  |TAMS 0x000000008d500000, 0x000000008d500000| Complete 
| 214|0x000000008d600000, 0x000000008d700000, 0x000000008d700000|100%|HC|  |TAMS 0x000000008d600000, 0x000000008d600000| Complete 
| 215|0x000000008d700000, 0x000000008d800000, 0x000000008d800000|100%| O|  |TAMS 0x000000008d800000, 0x000000008d700000| Untracked 
| 216|0x000000008d800000, 0x000000008d900000, 0x000000008d900000|100%|HS|  |TAMS 0x000000008d800000, 0x000000008d800000| Complete 
| 217|0x000000008d900000, 0x000000008da00000, 0x000000008da00000|100%|HS|  |TAMS 0x000000008d900000, 0x000000008d900000| Complete 
| 218|0x000000008da00000, 0x000000008db00000, 0x000000008db00000|100%| O|  |TAMS 0x000000008da00000, 0x000000008da00000| Untracked 
| 219|0x000000008db00000, 0x000000008dc00000, 0x000000008dc00000|100%| O|  |TAMS 0x000000008db00000, 0x000000008db00000| Untracked 
| 220|0x000000008dc00000, 0x000000008dd00000, 0x000000008dd00000|100%| O|  |TAMS 0x000000008dc00000, 0x000000008dc00000| Untracked 
| 221|0x000000008dd00000, 0x000000008de00000, 0x000000008de00000|100%| O|  |TAMS 0x000000008dd00000, 0x000000008dd00000| Untracked 
| 222|0x000000008de00000, 0x000000008df00000, 0x000000008df00000|100%| O|  |TAMS 0x000000008de00000, 0x000000008de00000| Untracked 
| 223|0x000000008df00000, 0x000000008e000000, 0x000000008e000000|100%| O|  |TAMS 0x000000008df00000, 0x000000008df00000| Untracked 
| 224|0x000000008e000000, 0x000000008e100000, 0x000000008e100000|100%| O|  |TAMS 0x000000008e000000, 0x000000008e000000| Untracked 
| 225|0x000000008e100000, 0x000000008e200000, 0x000000008e200000|100%| O|  |TAMS 0x000000008e100000, 0x000000008e100000| Untracked 
| 226|0x000000008e200000, 0x000000008e300000, 0x000000008e300000|100%| O|  |TAMS 0x000000008e200000, 0x000000008e200000| Untracked 
| 227|0x000000008e300000, 0x000000008e400000, 0x000000008e400000|100%| O|  |TAMS 0x000000008e300000, 0x000000008e300000| Untracked 
| 228|0x000000008e400000, 0x000000008e500000, 0x000000008e500000|100%| O|  |TAMS 0x000000008e500000, 0x000000008e400000| Untracked 
| 229|0x000000008e500000, 0x000000008e600000, 0x000000008e600000|100%| O|  |TAMS 0x000000008e500000, 0x000000008e500000| Untracked 
| 230|0x000000008e600000, 0x000000008e700000, 0x000000008e700000|100%| O|  |TAMS 0x000000008e600000, 0x000000008e600000| Untracked 
| 231|0x000000008e700000, 0x000000008e800000, 0x000000008e800000|100%| O|  |TAMS 0x000000008e700000, 0x000000008e700000| Untracked 
| 232|0x000000008e800000, 0x000000008e900000, 0x000000008e900000|100%| O|  |TAMS 0x000000008e800000, 0x000000008e800000| Untracked 
| 233|0x000000008e900000, 0x000000008ea00000, 0x000000008ea00000|100%| O|  |TAMS 0x000000008e900000, 0x000000008e900000| Untracked 
| 234|0x000000008ea00000, 0x000000008eb00000, 0x000000008eb00000|100%| O|  |TAMS 0x000000008ea00000, 0x000000008ea00000| Untracked 
| 235|0x000000008eb00000, 0x000000008ec00000, 0x000000008ec00000|100%| O|  |TAMS 0x000000008eb00000, 0x000000008eb00000| Untracked 
| 236|0x000000008ec00000, 0x000000008ed00000, 0x000000008ed00000|100%|HS|  |TAMS 0x000000008ec00000, 0x000000008ec00000| Complete 
| 237|0x000000008ed00000, 0x000000008ee00000, 0x000000008ee00000|100%|HS|  |TAMS 0x000000008ed00000, 0x000000008ed00000| Complete 
| 238|0x000000008ee00000, 0x000000008ef00000, 0x000000008ef00000|100%|HS|  |TAMS 0x000000008ee00000, 0x000000008ee00000| Complete 
| 239|0x000000008ef00000, 0x000000008f000000, 0x000000008f000000|100%|HS|  |TAMS 0x000000008ef00000, 0x000000008ef00000| Complete 
| 240|0x000000008f000000, 0x000000008f100000, 0x000000008f100000|100%|HS|  |TAMS 0x000000008f000000, 0x000000008f000000| Complete 
| 241|0x000000008f100000, 0x000000008f200000, 0x000000008f200000|100%|HS|  |TAMS 0x000000008f100000, 0x000000008f100000| Complete 
| 242|0x000000008f200000, 0x000000008f300000, 0x000000008f300000|100%|HS|  |TAMS 0x000000008f200000, 0x000000008f200000| Complete 
| 243|0x000000008f300000, 0x000000008f400000, 0x000000008f400000|100%|HS|  |TAMS 0x000000008f300000, 0x000000008f300000| Complete 
| 244|0x000000008f400000, 0x000000008f500000, 0x000000008f500000|100%|HS|  |TAMS 0x000000008f400000, 0x000000008f400000| Complete 
| 245|0x000000008f500000, 0x000000008f600000, 0x000000008f600000|100%|HS|  |TAMS 0x000000008f500000, 0x000000008f500000| Complete 
| 246|0x000000008f600000, 0x000000008f700000, 0x000000008f700000|100%|HC|  |TAMS 0x000000008f600000, 0x000000008f600000| Complete 
| 247|0x000000008f700000, 0x000000008f800000, 0x000000008f800000|100%| O|  |TAMS 0x000000008f700000, 0x000000008f700000| Untracked 
| 248|0x000000008f800000, 0x000000008f900000, 0x000000008f900000|100%| O|  |TAMS 0x000000008f800000, 0x000000008f800000| Untracked 
| 249|0x000000008f900000, 0x000000008fa00000, 0x000000008fa00000|100%| O|  |TAMS 0x000000008f900000, 0x000000008f900000| Untracked 
| 250|0x000000008fa00000, 0x000000008fb00000, 0x000000008fb00000|100%| O|  |TAMS 0x000000008fa00000, 0x000000008fa00000| Untracked 
| 251|0x000000008fb00000, 0x000000008fc00000, 0x000000008fc00000|100%| O|  |TAMS 0x000000008fb00000, 0x000000008fb00000| Untracked 
| 252|0x000000008fc00000, 0x000000008fd00000, 0x000000008fd00000|100%| O|  |TAMS 0x000000008fc00000, 0x000000008fc00000| Untracked 
| 253|0x000000008fd00000, 0x000000008fe00000, 0x000000008fe00000|100%| O|  |TAMS 0x000000008fd00000, 0x000000008fd00000| Untracked 
| 254|0x000000008fe00000, 0x000000008ff00000, 0x000000008ff00000|100%| O|  |TAMS 0x000000008fe00000, 0x000000008fe00000| Untracked 
| 255|0x000000008ff00000, 0x0000000090000000, 0x0000000090000000|100%|HS|  |TAMS 0x000000008ff00000, 0x000000008ff00000| Complete 
| 256|0x0000000090000000, 0x0000000090100000, 0x0000000090100000|100%| O|  |TAMS 0x0000000090100000, 0x0000000090000000| Untracked 
| 257|0x0000000090100000, 0x0000000090200000, 0x0000000090200000|100%| O|  |TAMS 0x0000000090200000, 0x0000000090100000| Untracked 
| 258|0x0000000090200000, 0x0000000090300000, 0x0000000090300000|100%| O|  |TAMS 0x0000000090300000, 0x0000000090200000| Untracked 
| 259|0x0000000090300000, 0x0000000090400000, 0x0000000090400000|100%| O|  |TAMS 0x0000000090400000, 0x0000000090300000| Untracked 
| 260|0x0000000090400000, 0x0000000090500000, 0x0000000090500000|100%|HS|  |TAMS 0x0000000090400000, 0x0000000090400000| Complete 
| 261|0x0000000090500000, 0x0000000090600000, 0x0000000090600000|100%|HC|  |TAMS 0x0000000090500000, 0x0000000090500000| Complete 
| 262|0x0000000090600000, 0x0000000090700000, 0x0000000090700000|100%|HS|  |TAMS 0x0000000090600000, 0x0000000090600000| Complete 
| 263|0x0000000090700000, 0x0000000090800000, 0x0000000090800000|100%|HC|  |TAMS 0x0000000090700000, 0x0000000090700000| Complete 
| 264|0x0000000090800000, 0x0000000090900000, 0x0000000090900000|100%|HS|  |TAMS 0x0000000090800000, 0x0000000090800000| Complete 
| 265|0x0000000090900000, 0x0000000090a00000, 0x0000000090a00000|100%| O|  |TAMS 0x0000000090900000, 0x0000000090900000| Untracked 
| 266|0x0000000090a00000, 0x0000000090b00000, 0x0000000090b00000|100%| O|  |TAMS 0x0000000090a00000, 0x0000000090a00000| Untracked 
| 267|0x0000000090b00000, 0x0000000090c00000, 0x0000000090c00000|100%|HS|  |TAMS 0x0000000090b00000, 0x0000000090b00000| Complete 
| 268|0x0000000090c00000, 0x0000000090d00000, 0x0000000090d00000|100%| O|  |TAMS 0x0000000090c00000, 0x0000000090c00000| Untracked 
| 269|0x0000000090d00000, 0x0000000090e00000, 0x0000000090e00000|100%| O|  |TAMS 0x0000000090d00000, 0x0000000090d00000| Untracked 
| 270|0x0000000090e00000, 0x0000000090f00000, 0x0000000090f00000|100%|HS|  |TAMS 0x0000000090e00000, 0x0000000090e00000| Complete 
| 271|0x0000000090f00000, 0x0000000091000000, 0x0000000091000000|100%|HS|  |TAMS 0x0000000090f00000, 0x0000000090f00000| Complete 
| 272|0x0000000091000000, 0x0000000091100000, 0x0000000091100000|100%| O|  |TAMS 0x0000000091000000, 0x0000000091000000| Untracked 
| 273|0x0000000091100000, 0x0000000091200000, 0x0000000091200000|100%| O|  |TAMS 0x0000000091100000, 0x0000000091100000| Untracked 
| 274|0x0000000091200000, 0x0000000091300000, 0x0000000091300000|100%| O|  |TAMS 0x0000000091200000, 0x0000000091200000| Untracked 
| 275|0x0000000091300000, 0x0000000091400000, 0x0000000091400000|100%|HS|  |TAMS 0x0000000091300000, 0x0000000091300000| Complete 
| 276|0x0000000091400000, 0x0000000091500000, 0x0000000091500000|100%| O|  |TAMS 0x0000000091400000, 0x0000000091400000| Untracked 
| 277|0x0000000091500000, 0x0000000091600000, 0x0000000091600000|100%| O|  |TAMS 0x0000000091500000, 0x0000000091500000| Untracked 
| 278|0x0000000091600000, 0x0000000091700000, 0x0000000091700000|100%| O|  |TAMS 0x0000000091600000, 0x0000000091600000| Untracked 
| 279|0x0000000091700000, 0x0000000091800000, 0x0000000091800000|100%| O|  |TAMS 0x0000000091700000, 0x0000000091700000| Untracked 
| 280|0x0000000091800000, 0x0000000091900000, 0x0000000091900000|100%| O|  |TAMS 0x0000000091800000, 0x0000000091800000| Untracked 
| 281|0x0000000091900000, 0x0000000091a00000, 0x0000000091a00000|100%|HS|  |TAMS 0x0000000091900000, 0x0000000091900000| Complete 
| 282|0x0000000091a00000, 0x0000000091b00000, 0x0000000091b00000|100%| O|  |TAMS 0x0000000091a00000, 0x0000000091a00000| Untracked 
| 283|0x0000000091b00000, 0x0000000091c00000, 0x0000000091c00000|100%| O|  |TAMS 0x0000000091b00000, 0x0000000091b00000| Untracked 
| 284|0x0000000091c00000, 0x0000000091d00000, 0x0000000091d00000|100%| O|  |TAMS 0x0000000091c00000, 0x0000000091c00000| Untracked 
| 285|0x0000000091d00000, 0x0000000091e00000, 0x0000000091e00000|100%| O|  |TAMS 0x0000000091d00000, 0x0000000091d00000| Untracked 
| 286|0x0000000091e00000, 0x0000000091f00000, 0x0000000091f00000|100%| O|  |TAMS 0x0000000091e00000, 0x0000000091e00000| Untracked 
| 287|0x0000000091f00000, 0x0000000092000000, 0x0000000092000000|100%| O|  |TAMS 0x0000000091f00000, 0x0000000091f00000| Untracked 
| 288|0x0000000092000000, 0x0000000092100000, 0x0000000092100000|100%| O|  |TAMS 0x0000000092000000, 0x0000000092000000| Untracked 
| 289|0x0000000092100000, 0x0000000092200000, 0x0000000092200000|100%| O|  |TAMS 0x0000000092100000, 0x0000000092100000| Untracked 
| 290|0x0000000092200000, 0x0000000092300000, 0x0000000092300000|100%| O|  |TAMS 0x0000000092200000, 0x0000000092200000| Untracked 
| 291|0x0000000092300000, 0x0000000092400000, 0x0000000092400000|100%|HS|  |TAMS 0x0000000092300000, 0x0000000092300000| Complete 
| 292|0x0000000092400000, 0x0000000092500000, 0x0000000092500000|100%|HS|  |TAMS 0x0000000092400000, 0x0000000092400000| Complete 
| 293|0x0000000092500000, 0x0000000092600000, 0x0000000092600000|100%| O|  |TAMS 0x0000000092500000, 0x0000000092500000| Untracked 
| 294|0x0000000092600000, 0x0000000092700000, 0x0000000092700000|100%| O|  |TAMS 0x0000000092600000, 0x0000000092600000| Untracked 
| 295|0x0000000092700000, 0x0000000092800000, 0x0000000092800000|100%| O|  |TAMS 0x0000000092700000, 0x0000000092700000| Untracked 
| 296|0x0000000092800000, 0x0000000092900000, 0x0000000092900000|100%| O|  |TAMS 0x0000000092800000, 0x0000000092800000| Untracked 
| 297|0x0000000092900000, 0x0000000092a00000, 0x0000000092a00000|100%| O|  |TAMS 0x0000000092900000, 0x0000000092900000| Untracked 
| 298|0x0000000092a00000, 0x0000000092b00000, 0x0000000092b00000|100%| O|  |TAMS 0x0000000092a00000, 0x0000000092a00000| Untracked 
| 299|0x0000000092b00000, 0x0000000092c00000, 0x0000000092c00000|100%| O|  |TAMS 0x0000000092b00000, 0x0000000092b00000| Untracked 
| 300|0x0000000092c00000, 0x0000000092d00000, 0x0000000092d00000|100%| O|  |TAMS 0x0000000092c00000, 0x0000000092c00000| Untracked 
| 301|0x0000000092d00000, 0x0000000092e00000, 0x0000000092e00000|100%| O|  |TAMS 0x0000000092d00000, 0x0000000092d00000| Untracked 
| 302|0x0000000092e00000, 0x0000000092f00000, 0x0000000092f00000|100%| O|  |TAMS 0x0000000092e00000, 0x0000000092e00000| Untracked 
| 303|0x0000000092f00000, 0x0000000093000000, 0x0000000093000000|100%| O|  |TAMS 0x0000000092f00000, 0x0000000092f00000| Untracked 
| 304|0x0000000093000000, 0x0000000093100000, 0x0000000093100000|100%| O|  |TAMS 0x0000000093000000, 0x0000000093000000| Untracked 
| 305|0x0000000093100000, 0x0000000093200000, 0x0000000093200000|100%| O|  |TAMS 0x0000000093100000, 0x0000000093100000| Untracked 
| 306|0x0000000093200000, 0x0000000093300000, 0x0000000093300000|100%| O|  |TAMS 0x0000000093200000, 0x0000000093200000| Untracked 
| 307|0x0000000093300000, 0x0000000093400000, 0x0000000093400000|100%| O|  |TAMS 0x0000000093300000, 0x0000000093300000| Untracked 
| 308|0x0000000093400000, 0x0000000093500000, 0x0000000093500000|100%| O|  |TAMS 0x0000000093400000, 0x0000000093400000| Untracked 
| 309|0x0000000093500000, 0x0000000093600000, 0x0000000093600000|100%| O|  |TAMS 0x0000000093500000, 0x0000000093500000| Untracked 
| 310|0x0000000093600000, 0x0000000093700000, 0x0000000093700000|100%| O|  |TAMS 0x0000000093600000, 0x0000000093600000| Untracked 
| 311|0x0000000093700000, 0x0000000093800000, 0x0000000093800000|100%| O|  |TAMS 0x0000000093700000, 0x0000000093700000| Untracked 
| 312|0x0000000093800000, 0x0000000093900000, 0x0000000093900000|100%| O|  |TAMS 0x0000000093800000, 0x0000000093800000| Untracked 
| 313|0x0000000093900000, 0x0000000093a00000, 0x0000000093a00000|100%| O|  |TAMS 0x0000000093900000, 0x0000000093900000| Untracked 
| 314|0x0000000093a00000, 0x0000000093b00000, 0x0000000093b00000|100%| O|  |TAMS 0x0000000093a00000, 0x0000000093a00000| Untracked 
| 315|0x0000000093b00000, 0x0000000093c00000, 0x0000000093c00000|100%| O|  |TAMS 0x0000000093b00000, 0x0000000093b00000| Untracked 
| 316|0x0000000093c00000, 0x0000000093d00000, 0x0000000093d00000|100%| O|  |TAMS 0x0000000093c00000, 0x0000000093c00000| Untracked 
| 317|0x0000000093d00000, 0x0000000093e00000, 0x0000000093e00000|100%| O|  |TAMS 0x0000000093d00000, 0x0000000093d00000| Untracked 
| 318|0x0000000093e00000, 0x0000000093f00000, 0x0000000093f00000|100%| O|  |TAMS 0x0000000093e00000, 0x0000000093e00000| Untracked 
| 319|0x0000000093f00000, 0x0000000094000000, 0x0000000094000000|100%| O|  |TAMS 0x0000000093f00000, 0x0000000093f00000| Untracked 
| 320|0x0000000094000000, 0x0000000094100000, 0x0000000094100000|100%| O|  |TAMS 0x0000000094000000, 0x0000000094000000| Untracked 
| 321|0x0000000094100000, 0x0000000094200000, 0x0000000094200000|100%|HS|  |TAMS 0x0000000094100000, 0x0000000094100000| Complete 
| 322|0x0000000094200000, 0x0000000094300000, 0x0000000094300000|100%|HC|  |TAMS 0x0000000094200000, 0x0000000094200000| Complete 
| 323|0x0000000094300000, 0x0000000094400000, 0x0000000094400000|100%| O|  |TAMS 0x0000000094300000, 0x0000000094300000| Untracked 
| 324|0x0000000094400000, 0x0000000094500000, 0x0000000094500000|100%| O|  |TAMS 0x0000000094400000, 0x0000000094400000| Untracked 
| 325|0x0000000094500000, 0x0000000094600000, 0x0000000094600000|100%| O|  |TAMS 0x0000000094500000, 0x0000000094500000| Untracked 
| 326|0x0000000094600000, 0x0000000094700000, 0x0000000094700000|100%| O|  |TAMS 0x0000000094600000, 0x0000000094600000| Untracked 
| 327|0x0000000094700000, 0x0000000094800000, 0x0000000094800000|100%| O|  |TAMS 0x0000000094700000, 0x0000000094700000| Untracked 
| 328|0x0000000094800000, 0x0000000094900000, 0x0000000094900000|100%| O|  |TAMS 0x0000000094800000, 0x0000000094800000| Untracked 
| 329|0x0000000094900000, 0x0000000094a00000, 0x0000000094a00000|100%| O|  |TAMS 0x0000000094900000, 0x0000000094900000| Untracked 
| 330|0x0000000094a00000, 0x0000000094b00000, 0x0000000094b00000|100%| O|  |TAMS 0x0000000094a00000, 0x0000000094a00000| Untracked 
| 331|0x0000000094b00000, 0x0000000094c00000, 0x0000000094c00000|100%| O|  |TAMS 0x0000000094b00000, 0x0000000094b00000| Untracked 
| 332|0x0000000094c00000, 0x0000000094d00000, 0x0000000094d00000|100%| O|  |TAMS 0x0000000094c00000, 0x0000000094c00000| Untracked 
| 333|0x0000000094d00000, 0x0000000094e00000, 0x0000000094e00000|100%| O|  |TAMS 0x0000000094d00000, 0x0000000094d00000| Untracked 
| 334|0x0000000094e00000, 0x0000000094f00000, 0x0000000094f00000|100%| O|  |TAMS 0x0000000094e00000, 0x0000000094e00000| Untracked 
| 335|0x0000000094f00000, 0x0000000095000000, 0x0000000095000000|100%| O|  |TAMS 0x0000000094f00000, 0x0000000094f00000| Untracked 
| 336|0x0000000095000000, 0x0000000095100000, 0x0000000095100000|100%| O|  |TAMS 0x0000000095000000, 0x0000000095000000| Untracked 
| 337|0x0000000095100000, 0x0000000095200000, 0x0000000095200000|100%| O|  |TAMS 0x0000000095100000, 0x0000000095100000| Untracked 
| 338|0x0000000095200000, 0x0000000095300000, 0x0000000095300000|100%| O|  |TAMS 0x0000000095200000, 0x0000000095200000| Untracked 
| 339|0x0000000095300000, 0x0000000095400000, 0x0000000095400000|100%| O|  |TAMS 0x0000000095300000, 0x0000000095300000| Untracked 
| 340|0x0000000095400000, 0x0000000095500000, 0x0000000095500000|100%| O|  |TAMS 0x0000000095400000, 0x0000000095400000| Untracked 
| 341|0x0000000095500000, 0x0000000095600000, 0x0000000095600000|100%| O|  |TAMS 0x0000000095500000, 0x0000000095500000| Untracked 
| 342|0x0000000095600000, 0x0000000095700000, 0x0000000095700000|100%| O|  |TAMS 0x0000000095600000, 0x0000000095600000| Untracked 
| 343|0x0000000095700000, 0x0000000095800000, 0x0000000095800000|100%| O|  |TAMS 0x0000000095700000, 0x0000000095700000| Untracked 
| 344|0x0000000095800000, 0x0000000095900000, 0x0000000095900000|100%| O|  |TAMS 0x0000000095900000, 0x0000000095800000| Untracked 
| 345|0x0000000095900000, 0x0000000095a00000, 0x0000000095a00000|100%| O|  |TAMS 0x0000000095900000, 0x0000000095900000| Untracked 
| 346|0x0000000095a00000, 0x0000000095b00000, 0x0000000095b00000|100%| O|  |TAMS 0x0000000095a00000, 0x0000000095a00000| Untracked 
| 347|0x0000000095b00000, 0x0000000095c00000, 0x0000000095c00000|100%| O|  |TAMS 0x0000000095b00000, 0x0000000095b00000| Untracked 
| 348|0x0000000095c00000, 0x0000000095d00000, 0x0000000095d00000|100%| O|  |TAMS 0x0000000095c00000, 0x0000000095c00000| Untracked 
| 349|0x0000000095d00000, 0x0000000095e00000, 0x0000000095e00000|100%| O|  |TAMS 0x0000000095d00000, 0x0000000095d00000| Untracked 
| 350|0x0000000095e00000, 0x0000000095f00000, 0x0000000095f00000|100%| O|  |TAMS 0x0000000095e00000, 0x0000000095e00000| Untracked 
| 351|0x0000000095f00000, 0x0000000096000000, 0x0000000096000000|100%| O|  |TAMS 0x0000000095f00000, 0x0000000095f00000| Untracked 
| 352|0x0000000096000000, 0x0000000096100000, 0x0000000096100000|100%| O|  |TAMS 0x0000000096000000, 0x0000000096000000| Untracked 
| 353|0x0000000096100000, 0x0000000096200000, 0x0000000096200000|100%| O|  |TAMS 0x0000000096100000, 0x0000000096100000| Untracked 
| 354|0x0000000096200000, 0x0000000096300000, 0x0000000096300000|100%| O|  |TAMS 0x0000000096200000, 0x0000000096200000| Untracked 
| 355|0x0000000096300000, 0x0000000096400000, 0x0000000096400000|100%| O|  |TAMS 0x0000000096300000, 0x0000000096300000| Untracked 
| 356|0x0000000096400000, 0x0000000096500000, 0x0000000096500000|100%| O|  |TAMS 0x0000000096400000, 0x0000000096400000| Untracked 
| 357|0x0000000096500000, 0x0000000096600000, 0x0000000096600000|100%| O|  |TAMS 0x0000000096500000, 0x0000000096500000| Untracked 
| 358|0x0000000096600000, 0x0000000096700000, 0x0000000096700000|100%| O|  |TAMS 0x0000000096600000, 0x0000000096600000| Untracked 
| 359|0x0000000096700000, 0x0000000096800000, 0x0000000096800000|100%| O|  |TAMS 0x0000000096700000, 0x0000000096700000| Untracked 
| 360|0x0000000096800000, 0x0000000096900000, 0x0000000096900000|100%| O|  |TAMS 0x0000000096800000, 0x0000000096800000| Untracked 
| 361|0x0000000096900000, 0x0000000096a00000, 0x0000000096a00000|100%| O|  |TAMS 0x0000000096900000, 0x0000000096900000| Untracked 
| 362|0x0000000096a00000, 0x0000000096b00000, 0x0000000096b00000|100%| O|  |TAMS 0x0000000096a00000, 0x0000000096a00000| Untracked 
| 363|0x0000000096b00000, 0x0000000096c00000, 0x0000000096c00000|100%| O|  |TAMS 0x0000000096b00000, 0x0000000096b00000| Untracked 
| 364|0x0000000096c00000, 0x0000000096d00000, 0x0000000096d00000|100%| O|  |TAMS 0x0000000096c00000, 0x0000000096c00000| Untracked 
| 365|0x0000000096d00000, 0x0000000096e00000, 0x0000000096e00000|100%| O|  |TAMS 0x0000000096d00000, 0x0000000096d00000| Untracked 
| 366|0x0000000096e00000, 0x0000000096f00000, 0x0000000096f00000|100%| O|  |TAMS 0x0000000096e00000, 0x0000000096e00000| Untracked 
| 367|0x0000000096f00000, 0x0000000097000000, 0x0000000097000000|100%| O|  |TAMS 0x0000000096f00000, 0x0000000096f00000| Untracked 
| 368|0x0000000097000000, 0x0000000097100000, 0x0000000097100000|100%| O|  |TAMS 0x0000000097000000, 0x0000000097000000| Untracked 
| 369|0x0000000097100000, 0x0000000097200000, 0x0000000097200000|100%| O|  |TAMS 0x0000000097200000, 0x0000000097100000| Untracked 
| 370|0x0000000097200000, 0x0000000097300000, 0x0000000097300000|100%| O|  |TAMS 0x0000000097200000, 0x0000000097200000| Untracked 
| 371|0x0000000097300000, 0x0000000097400000, 0x0000000097400000|100%| O|  |TAMS 0x0000000097300000, 0x0000000097300000| Untracked 
| 372|0x0000000097400000, 0x0000000097500000, 0x0000000097500000|100%| O|  |TAMS 0x0000000097500000, 0x0000000097400000| Untracked 
| 373|0x0000000097500000, 0x0000000097600000, 0x0000000097600000|100%| O|  |TAMS 0x0000000097600000, 0x0000000097500000| Untracked 
| 374|0x0000000097600000, 0x0000000097700000, 0x0000000097700000|100%| O|  |TAMS 0x0000000097700000, 0x0000000097600000| Untracked 
| 375|0x0000000097700000, 0x0000000097800000, 0x0000000097800000|100%| O|  |TAMS 0x0000000097800000, 0x0000000097700000| Untracked 
| 376|0x0000000097800000, 0x0000000097900000, 0x0000000097900000|100%| O|  |TAMS 0x0000000097800000, 0x0000000097800000| Untracked 
| 377|0x0000000097900000, 0x0000000097a00000, 0x0000000097a00000|100%| O|  |TAMS 0x0000000097900000, 0x0000000097900000| Untracked 
| 378|0x0000000097a00000, 0x0000000097b00000, 0x0000000097b00000|100%| O|  |TAMS 0x0000000097a00000, 0x0000000097a00000| Untracked 
| 379|0x0000000097b00000, 0x0000000097c00000, 0x0000000097c00000|100%| O|  |TAMS 0x0000000097b00000, 0x0000000097b00000| Untracked 
| 380|0x0000000097c00000, 0x0000000097d00000, 0x0000000097d00000|100%| O|  |TAMS 0x0000000097c00000, 0x0000000097c00000| Untracked 
| 381|0x0000000097d00000, 0x0000000097e00000, 0x0000000097e00000|100%| O|  |TAMS 0x0000000097d00000, 0x0000000097d00000| Untracked 
| 382|0x0000000097e00000, 0x0000000097f00000, 0x0000000097f00000|100%| O|  |TAMS 0x0000000097e00000, 0x0000000097e00000| Untracked 
| 383|0x0000000097f00000, 0x0000000098000000, 0x0000000098000000|100%| O|  |TAMS 0x0000000097f00000, 0x0000000097f00000| Untracked 
| 384|0x0000000098000000, 0x0000000098100000, 0x0000000098100000|100%| O|  |TAMS 0x0000000098000000, 0x0000000098000000| Untracked 
| 385|0x0000000098100000, 0x0000000098200000, 0x0000000098200000|100%| O|  |TAMS 0x0000000098100000, 0x0000000098100000| Untracked 
| 386|0x0000000098200000, 0x0000000098300000, 0x0000000098300000|100%| O|  |TAMS 0x0000000098200000, 0x0000000098200000| Untracked 
| 387|0x0000000098300000, 0x0000000098400000, 0x0000000098400000|100%| O|  |TAMS 0x0000000098300000, 0x0000000098300000| Untracked 
| 388|0x0000000098400000, 0x0000000098500000, 0x0000000098500000|100%| O|  |TAMS 0x0000000098400000, 0x0000000098400000| Untracked 
| 389|0x0000000098500000, 0x0000000098600000, 0x0000000098600000|100%| O|  |TAMS 0x0000000098500000, 0x0000000098500000| Untracked 
| 390|0x0000000098600000, 0x0000000098700000, 0x0000000098700000|100%| O|  |TAMS 0x0000000098600000, 0x0000000098600000| Untracked 
| 391|0x0000000098700000, 0x0000000098800000, 0x0000000098800000|100%| O|  |TAMS 0x0000000098700000, 0x0000000098700000| Untracked 
| 392|0x0000000098800000, 0x0000000098900000, 0x0000000098900000|100%| O|  |TAMS 0x0000000098800000, 0x0000000098800000| Untracked 
| 393|0x0000000098900000, 0x0000000098a00000, 0x0000000098a00000|100%| O|  |TAMS 0x0000000098900000, 0x0000000098900000| Untracked 
| 394|0x0000000098a00000, 0x0000000098b00000, 0x0000000098b00000|100%| O|  |TAMS 0x0000000098a00000, 0x0000000098a00000| Untracked 
| 395|0x0000000098b00000, 0x0000000098c00000, 0x0000000098c00000|100%| O|  |TAMS 0x0000000098b00000, 0x0000000098b00000| Untracked 
| 396|0x0000000098c00000, 0x0000000098d00000, 0x0000000098d00000|100%| O|  |TAMS 0x0000000098c00000, 0x0000000098c00000| Untracked 
| 397|0x0000000098d00000, 0x0000000098e00000, 0x0000000098e00000|100%| O|  |TAMS 0x0000000098d00000, 0x0000000098d00000| Untracked 
| 398|0x0000000098e00000, 0x0000000098f00000, 0x0000000098f00000|100%| O|  |TAMS 0x0000000098e00000, 0x0000000098e00000| Untracked 
| 399|0x0000000098f00000, 0x0000000099000000, 0x0000000099000000|100%| O|  |TAMS 0x0000000098f00000, 0x0000000098f00000| Untracked 
| 400|0x0000000099000000, 0x0000000099100000, 0x0000000099100000|100%| O|  |TAMS 0x0000000099000000, 0x0000000099000000| Untracked 
| 401|0x0000000099100000, 0x0000000099200000, 0x0000000099200000|100%| O|  |TAMS 0x0000000099100000, 0x0000000099100000| Untracked 
| 402|0x0000000099200000, 0x0000000099300000, 0x0000000099300000|100%| O|  |TAMS 0x0000000099200000, 0x0000000099200000| Untracked 
| 403|0x0000000099300000, 0x0000000099400000, 0x0000000099400000|100%| O|  |TAMS 0x0000000099300000, 0x0000000099300000| Untracked 
| 404|0x0000000099400000, 0x0000000099500000, 0x0000000099500000|100%| O|  |TAMS 0x0000000099500000, 0x0000000099400000| Untracked 
| 405|0x0000000099500000, 0x0000000099600000, 0x0000000099600000|100%| O|  |TAMS 0x0000000099600000, 0x0000000099500000| Untracked 
| 406|0x0000000099600000, 0x0000000099700000, 0x0000000099700000|100%| O|  |TAMS 0x0000000099600000, 0x0000000099600000| Untracked 
| 407|0x0000000099700000, 0x000000009972d800, 0x0000000099800000| 17%| O|  |TAMS 0x0000000099700000, 0x0000000099700000| Untracked 
| 408|0x0000000099800000, 0x0000000099900000, 0x0000000099900000|100%|HS|  |TAMS 0x0000000099800000, 0x0000000099800000| Complete 
| 409|0x0000000099900000, 0x0000000099a00000, 0x0000000099a00000|100%|HC|  |TAMS 0x0000000099900000, 0x0000000099900000| Complete 
| 410|0x0000000099a00000, 0x0000000099a00000, 0x0000000099b00000|  0%| F|  |TAMS 0x0000000099a00000, 0x0000000099a00000| Untracked 
| 411|0x0000000099b00000, 0x0000000099b00000, 0x0000000099c00000|  0%| F|  |TAMS 0x0000000099b00000, 0x0000000099b00000| Untracked 
| 412|0x0000000099c00000, 0x0000000099c00000, 0x0000000099d00000|  0%| F|  |TAMS 0x0000000099c00000, 0x0000000099c00000| Untracked 
| 413|0x0000000099d00000, 0x0000000099d00000, 0x0000000099e00000|  0%| F|  |TAMS 0x0000000099d00000, 0x0000000099d00000| Untracked 
| 414|0x0000000099e00000, 0x0000000099e00000, 0x0000000099f00000|  0%| F|  |TAMS 0x0000000099e00000, 0x0000000099e00000| Untracked 
| 415|0x0000000099f00000, 0x0000000099f00000, 0x000000009a000000|  0%| F|  |TAMS 0x0000000099f00000, 0x0000000099f00000| Untracked 
| 416|0x000000009a000000, 0x000000009a000000, 0x000000009a100000|  0%| F|  |TAMS 0x000000009a000000, 0x000000009a000000| Untracked 
| 417|0x000000009a100000, 0x000000009a100000, 0x000000009a200000|  0%| F|  |TAMS 0x000000009a100000, 0x000000009a100000| Untracked 
| 418|0x000000009a200000, 0x000000009a200000, 0x000000009a300000|  0%| F|  |TAMS 0x000000009a200000, 0x000000009a200000| Untracked 
| 419|0x000000009a300000, 0x000000009a300000, 0x000000009a400000|  0%| F|  |TAMS 0x000000009a300000, 0x000000009a300000| Untracked 
| 420|0x000000009a400000, 0x000000009a400000, 0x000000009a500000|  0%| F|  |TAMS 0x000000009a400000, 0x000000009a400000| Untracked 
| 421|0x000000009a500000, 0x000000009a500000, 0x000000009a600000|  0%| F|  |TAMS 0x000000009a500000, 0x000000009a500000| Untracked 
| 422|0x000000009a600000, 0x000000009a700000, 0x000000009a700000|100%| O|  |TAMS 0x000000009a700000, 0x000000009a600000| Untracked 
| 423|0x000000009a700000, 0x000000009a700000, 0x000000009a800000|  0%| F|  |TAMS 0x000000009a700000, 0x000000009a700000| Untracked 
| 424|0x000000009a800000, 0x000000009a800000, 0x000000009a900000|  0%| F|  |TAMS 0x000000009a800000, 0x000000009a800000| Untracked 
| 425|0x000000009a900000, 0x000000009a900000, 0x000000009aa00000|  0%| F|  |TAMS 0x000000009a900000, 0x000000009a900000| Untracked 
| 426|0x000000009aa00000, 0x000000009aa00000, 0x000000009ab00000|  0%| F|  |TAMS 0x000000009aa00000, 0x000000009aa00000| Untracked 
| 427|0x000000009ab00000, 0x000000009ab00000, 0x000000009ac00000|  0%| F|  |TAMS 0x000000009ab00000, 0x000000009ab00000| Untracked 
| 428|0x000000009ac00000, 0x000000009ac00000, 0x000000009ad00000|  0%| F|  |TAMS 0x000000009ac00000, 0x000000009ac00000| Untracked 
| 429|0x000000009ad00000, 0x000000009ad00000, 0x000000009ae00000|  0%| F|  |TAMS 0x000000009ad00000, 0x000000009ad00000| Untracked 
| 430|0x000000009ae00000, 0x000000009ae00000, 0x000000009af00000|  0%| F|  |TAMS 0x000000009ae00000, 0x000000009ae00000| Untracked 
| 431|0x000000009af00000, 0x000000009b000000, 0x000000009b000000|100%| O|  |TAMS 0x000000009b000000, 0x000000009af00000| Untracked 
| 432|0x000000009b000000, 0x000000009b000000, 0x000000009b100000|  0%| F|  |TAMS 0x000000009b000000, 0x000000009b000000| Untracked 
| 433|0x000000009b100000, 0x000000009b100000, 0x000000009b200000|  0%| F|  |TAMS 0x000000009b100000, 0x000000009b100000| Untracked 
| 434|0x000000009b200000, 0x000000009b200000, 0x000000009b300000|  0%| F|  |TAMS 0x000000009b200000, 0x000000009b200000| Untracked 
| 435|0x000000009b300000, 0x000000009b300000, 0x000000009b400000|  0%| F|  |TAMS 0x000000009b300000, 0x000000009b300000| Untracked 
| 436|0x000000009b400000, 0x000000009b400000, 0x000000009b500000|  0%| F|  |TAMS 0x000000009b400000, 0x000000009b400000| Untracked 
| 437|0x000000009b500000, 0x000000009b500000, 0x000000009b600000|  0%| F|  |TAMS 0x000000009b500000, 0x000000009b500000| Untracked 
| 438|0x000000009b600000, 0x000000009b600000, 0x000000009b700000|  0%| F|  |TAMS 0x000000009b600000, 0x000000009b600000| Untracked 
| 439|0x000000009b700000, 0x000000009b700000, 0x000000009b800000|  0%| F|  |TAMS 0x000000009b700000, 0x000000009b700000| Untracked 
| 440|0x000000009b800000, 0x000000009b800000, 0x000000009b900000|  0%| F|  |TAMS 0x000000009b800000, 0x000000009b800000| Untracked 
| 441|0x000000009b900000, 0x000000009b900000, 0x000000009ba00000|  0%| F|  |TAMS 0x000000009b900000, 0x000000009b900000| Untracked 
| 442|0x000000009ba00000, 0x000000009ba00000, 0x000000009bb00000|  0%| F|  |TAMS 0x000000009ba00000, 0x000000009ba00000| Untracked 
| 443|0x000000009bb00000, 0x000000009bb00000, 0x000000009bc00000|  0%| F|  |TAMS 0x000000009bb00000, 0x000000009bb00000| Untracked 
| 444|0x000000009bc00000, 0x000000009bc00000, 0x000000009bd00000|  0%| F|  |TAMS 0x000000009bc00000, 0x000000009bc00000| Untracked 
| 445|0x000000009bd00000, 0x000000009bd00000, 0x000000009be00000|  0%| F|  |TAMS 0x000000009bd00000, 0x000000009bd00000| Untracked 
| 446|0x000000009be00000, 0x000000009be00000, 0x000000009bf00000|  0%| F|  |TAMS 0x000000009be00000, 0x000000009be00000| Untracked 
| 447|0x000000009bf00000, 0x000000009bf00000, 0x000000009c000000|  0%| F|  |TAMS 0x000000009bf00000, 0x000000009bf00000| Untracked 
| 448|0x000000009c000000, 0x000000009c000000, 0x000000009c100000|  0%| F|  |TAMS 0x000000009c000000, 0x000000009c000000| Untracked 
| 449|0x000000009c100000, 0x000000009c100000, 0x000000009c200000|  0%| F|  |TAMS 0x000000009c100000, 0x000000009c100000| Untracked 
| 450|0x000000009c200000, 0x000000009c200000, 0x000000009c300000|  0%| F|  |TAMS 0x000000009c200000, 0x000000009c200000| Untracked 
| 451|0x000000009c300000, 0x000000009c300000, 0x000000009c400000|  0%| F|  |TAMS 0x000000009c300000, 0x000000009c300000| Untracked 
| 452|0x000000009c400000, 0x000000009c400000, 0x000000009c500000|  0%| F|  |TAMS 0x000000009c400000, 0x000000009c400000| Untracked 
| 453|0x000000009c500000, 0x000000009c500000, 0x000000009c600000|  0%| F|  |TAMS 0x000000009c500000, 0x000000009c500000| Untracked 
| 454|0x000000009c600000, 0x000000009c600000, 0x000000009c700000|  0%| F|  |TAMS 0x000000009c600000, 0x000000009c600000| Untracked 
| 455|0x000000009c700000, 0x000000009c700000, 0x000000009c800000|  0%| F|  |TAMS 0x000000009c700000, 0x000000009c700000| Untracked 
| 456|0x000000009c800000, 0x000000009c800000, 0x000000009c900000|  0%| F|  |TAMS 0x000000009c800000, 0x000000009c800000| Untracked 
| 457|0x000000009c900000, 0x000000009c900000, 0x000000009ca00000|  0%| F|  |TAMS 0x000000009c900000, 0x000000009c900000| Untracked 
| 458|0x000000009ca00000, 0x000000009ca00000, 0x000000009cb00000|  0%| F|  |TAMS 0x000000009ca00000, 0x000000009ca00000| Untracked 
| 459|0x000000009cb00000, 0x000000009cb00000, 0x000000009cc00000|  0%| F|  |TAMS 0x000000009cb00000, 0x000000009cb00000| Untracked 
| 460|0x000000009cc00000, 0x000000009cc00000, 0x000000009cd00000|  0%| F|  |TAMS 0x000000009cc00000, 0x000000009cc00000| Untracked 
| 461|0x000000009cd00000, 0x000000009cd00000, 0x000000009ce00000|  0%| F|  |TAMS 0x000000009cd00000, 0x000000009cd00000| Untracked 
| 462|0x000000009ce00000, 0x000000009ce00000, 0x000000009cf00000|  0%| F|  |TAMS 0x000000009ce00000, 0x000000009ce00000| Untracked 
| 463|0x000000009cf00000, 0x000000009cf00000, 0x000000009d000000|  0%| F|  |TAMS 0x000000009cf00000, 0x000000009cf00000| Untracked 
| 464|0x000000009d000000, 0x000000009d000000, 0x000000009d100000|  0%| F|  |TAMS 0x000000009d000000, 0x000000009d000000| Untracked 
| 465|0x000000009d100000, 0x000000009d100000, 0x000000009d200000|  0%| F|  |TAMS 0x000000009d100000, 0x000000009d100000| Untracked 
| 466|0x000000009d200000, 0x000000009d200000, 0x000000009d300000|  0%| F|  |TAMS 0x000000009d200000, 0x000000009d200000| Untracked 
| 467|0x000000009d300000, 0x000000009d300000, 0x000000009d400000|  0%| F|  |TAMS 0x000000009d300000, 0x000000009d300000| Untracked 
| 468|0x000000009d400000, 0x000000009d400000, 0x000000009d500000|  0%| F|  |TAMS 0x000000009d400000, 0x000000009d400000| Untracked 
| 469|0x000000009d500000, 0x000000009d500000, 0x000000009d600000|  0%| F|  |TAMS 0x000000009d500000, 0x000000009d500000| Untracked 
| 470|0x000000009d600000, 0x000000009d600000, 0x000000009d700000|  0%| F|  |TAMS 0x000000009d600000, 0x000000009d600000| Untracked 
| 471|0x000000009d700000, 0x000000009d700000, 0x000000009d800000|  0%| F|  |TAMS 0x000000009d700000, 0x000000009d700000| Untracked 
| 472|0x000000009d800000, 0x000000009d800000, 0x000000009d900000|  0%| F|  |TAMS 0x000000009d800000, 0x000000009d800000| Untracked 
| 473|0x000000009d900000, 0x000000009d900000, 0x000000009da00000|  0%| F|  |TAMS 0x000000009d900000, 0x000000009d900000| Untracked 
| 474|0x000000009da00000, 0x000000009da00000, 0x000000009db00000|  0%| F|  |TAMS 0x000000009da00000, 0x000000009da00000| Untracked 
| 475|0x000000009db00000, 0x000000009db00000, 0x000000009dc00000|  0%| F|  |TAMS 0x000000009db00000, 0x000000009db00000| Untracked 
| 476|0x000000009dc00000, 0x000000009dc00000, 0x000000009dd00000|  0%| F|  |TAMS 0x000000009dc00000, 0x000000009dc00000| Untracked 
| 477|0x000000009dd00000, 0x000000009dd00000, 0x000000009de00000|  0%| F|  |TAMS 0x000000009dd00000, 0x000000009dd00000| Untracked 
| 478|0x000000009de00000, 0x000000009de00000, 0x000000009df00000|  0%| F|  |TAMS 0x000000009de00000, 0x000000009de00000| Untracked 
| 479|0x000000009df00000, 0x000000009df00000, 0x000000009e000000|  0%| F|  |TAMS 0x000000009df00000, 0x000000009df00000| Untracked 
| 480|0x000000009e000000, 0x000000009e000000, 0x000000009e100000|  0%| F|  |TAMS 0x000000009e000000, 0x000000009e000000| Untracked 
| 481|0x000000009e100000, 0x000000009e100000, 0x000000009e200000|  0%| F|  |TAMS 0x000000009e100000, 0x000000009e100000| Untracked 
| 482|0x000000009e200000, 0x000000009e200000, 0x000000009e300000|  0%| F|  |TAMS 0x000000009e200000, 0x000000009e200000| Untracked 
| 483|0x000000009e300000, 0x000000009e300000, 0x000000009e400000|  0%| F|  |TAMS 0x000000009e300000, 0x000000009e300000| Untracked 
| 484|0x000000009e400000, 0x000000009e400000, 0x000000009e500000|  0%| F|  |TAMS 0x000000009e400000, 0x000000009e400000| Untracked 
| 485|0x000000009e500000, 0x000000009e600000, 0x000000009e600000|100%| O|  |TAMS 0x000000009e600000, 0x000000009e500000| Untracked 
| 486|0x000000009e600000, 0x000000009e700000, 0x000000009e700000|100%| O|  |TAMS 0x000000009e700000, 0x000000009e600000| Untracked 
| 487|0x000000009e700000, 0x000000009e800000, 0x000000009e800000|100%| O|  |TAMS 0x000000009e800000, 0x000000009e700000| Untracked 
| 488|0x000000009e800000, 0x000000009e900000, 0x000000009e900000|100%|HS|  |TAMS 0x000000009e900000, 0x000000009e800000| Complete 
| 489|0x000000009e900000, 0x000000009ea00000, 0x000000009ea00000|100%|HC|  |TAMS 0x000000009ea00000, 0x000000009e900000| Complete 
| 490|0x000000009ea00000, 0x000000009eb00000, 0x000000009eb00000|100%|HS|  |TAMS 0x000000009eb00000, 0x000000009ea00000| Complete 
| 491|0x000000009eb00000, 0x000000009ec00000, 0x000000009ec00000|100%|HC|  |TAMS 0x000000009ec00000, 0x000000009eb00000| Complete 
| 492|0x000000009ec00000, 0x000000009ed00000, 0x000000009ed00000|100%|HS|  |TAMS 0x000000009ed00000, 0x000000009ec00000| Complete 
| 493|0x000000009ed00000, 0x000000009ee00000, 0x000000009ee00000|100%|HC|  |TAMS 0x000000009ee00000, 0x000000009ed00000| Complete 
| 494|0x000000009ee00000, 0x000000009ef00000, 0x000000009ef00000|100%|HS|  |TAMS 0x000000009ef00000, 0x000000009ee00000| Complete 
| 495|0x000000009ef00000, 0x000000009f000000, 0x000000009f000000|100%|HS|  |TAMS 0x000000009f000000, 0x000000009ef00000| Complete 
| 496|0x000000009f000000, 0x000000009f100000, 0x000000009f100000|100%|HS|  |TAMS 0x000000009f100000, 0x000000009f000000| Complete 
| 497|0x000000009f100000, 0x000000009f200000, 0x000000009f200000|100%|HC|  |TAMS 0x000000009f200000, 0x000000009f100000| Complete 
| 498|0x000000009f200000, 0x000000009f300000, 0x000000009f300000|100%|HS|  |TAMS 0x000000009f300000, 0x000000009f200000| Complete 
| 499|0x000000009f300000, 0x000000009f400000, 0x000000009f400000|100%|HC|  |TAMS 0x000000009f400000, 0x000000009f300000| Complete 
| 500|0x000000009f400000, 0x000000009f500000, 0x000000009f500000|100%|HS|  |TAMS 0x000000009f500000, 0x000000009f400000| Complete 
| 501|0x000000009f500000, 0x000000009f600000, 0x000000009f600000|100%|HC|  |TAMS 0x000000009f600000, 0x000000009f500000| Complete 
| 502|0x000000009f600000, 0x000000009f700000, 0x000000009f700000|100%|HC|  |TAMS 0x000000009f700000, 0x000000009f600000| Complete 
| 503|0x000000009f700000, 0x000000009f800000, 0x000000009f800000|100%|HS|  |TAMS 0x000000009f800000, 0x000000009f700000| Complete 
| 504|0x000000009f800000, 0x000000009f900000, 0x000000009f900000|100%|HC|  |TAMS 0x000000009f900000, 0x000000009f800000| Complete 
| 505|0x000000009f900000, 0x000000009f900000, 0x000000009fa00000|  0%| F|  |TAMS 0x000000009f900000, 0x000000009f900000| Untracked 
| 506|0x000000009fa00000, 0x000000009fa00000, 0x000000009fb00000|  0%| F|  |TAMS 0x000000009fa00000, 0x000000009fa00000| Untracked 
| 507|0x000000009fb00000, 0x000000009fb00000, 0x000000009fc00000|  0%| F|  |TAMS 0x000000009fb00000, 0x000000009fb00000| Untracked 
| 508|0x000000009fc00000, 0x000000009fc00000, 0x000000009fd00000|  0%| F|  |TAMS 0x000000009fc00000, 0x000000009fc00000| Untracked 
| 509|0x000000009fd00000, 0x000000009fd00000, 0x000000009fe00000|  0%| F|  |TAMS 0x000000009fd00000, 0x000000009fd00000| Untracked 
| 510|0x000000009fe00000, 0x000000009fe00000, 0x000000009ff00000|  0%| F|  |TAMS 0x000000009fe00000, 0x000000009fe00000| Untracked 
| 511|0x000000009ff00000, 0x000000009ff00000, 0x00000000a0000000|  0%| F|  |TAMS 0x000000009ff00000, 0x000000009ff00000| Untracked 
| 512|0x00000000a0000000, 0x00000000a0000000, 0x00000000a0100000|  0%| F|  |TAMS 0x00000000a0000000, 0x00000000a0000000| Untracked 
| 513|0x00000000a0100000, 0x00000000a0100000, 0x00000000a0200000|  0%| F|  |TAMS 0x00000000a0100000, 0x00000000a0100000| Untracked 
| 514|0x00000000a0200000, 0x00000000a0200000, 0x00000000a0300000|  0%| F|  |TAMS 0x00000000a0200000, 0x00000000a0200000| Untracked 
| 515|0x00000000a0300000, 0x00000000a0400000, 0x00000000a0400000|100%| O|  |TAMS 0x00000000a0400000, 0x00000000a0300000| Untracked 
| 516|0x00000000a0400000, 0x00000000a0500000, 0x00000000a0500000|100%|HS|  |TAMS 0x00000000a0500000, 0x00000000a0400000| Complete 
| 517|0x00000000a0500000, 0x00000000a0600000, 0x00000000a0600000|100%|HS|  |TAMS 0x00000000a0600000, 0x00000000a0500000| Complete 
| 518|0x00000000a0600000, 0x00000000a0700000, 0x00000000a0700000|100%|HS|  |TAMS 0x00000000a0700000, 0x00000000a0600000| Complete 
| 519|0x00000000a0700000, 0x00000000a0800000, 0x00000000a0800000|100%|HC|  |TAMS 0x00000000a0800000, 0x00000000a0700000| Complete 
| 520|0x00000000a0800000, 0x00000000a0900000, 0x00000000a0900000|100%|HC|  |TAMS 0x00000000a0900000, 0x00000000a0800000| Complete 
| 521|0x00000000a0900000, 0x00000000a0a00000, 0x00000000a0a00000|100%|HS|  |TAMS 0x00000000a0a00000, 0x00000000a0900000| Complete 
| 522|0x00000000a0a00000, 0x00000000a0b00000, 0x00000000a0b00000|100%| O|  |TAMS 0x00000000a0a00000, 0x00000000a0a00000| Untracked 
| 523|0x00000000a0b00000, 0x00000000a0c00000, 0x00000000a0c00000|100%| O|  |TAMS 0x00000000a0b00000, 0x00000000a0b00000| Untracked 
| 524|0x00000000a0c00000, 0x00000000a0d00000, 0x00000000a0d00000|100%| O|  |TAMS 0x00000000a0c00000, 0x00000000a0c00000| Untracked 
| 525|0x00000000a0d00000, 0x00000000a0e00000, 0x00000000a0e00000|100%|HS|  |TAMS 0x00000000a0e00000, 0x00000000a0d00000| Complete 
| 526|0x00000000a0e00000, 0x00000000a0f00000, 0x00000000a0f00000|100%|HC|  |TAMS 0x00000000a0f00000, 0x00000000a0e00000| Complete 
| 527|0x00000000a0f00000, 0x00000000a1000000, 0x00000000a1000000|100%| O|  |TAMS 0x00000000a0f00000, 0x00000000a0f00000| Untracked 
| 528|0x00000000a1000000, 0x00000000a1100000, 0x00000000a1100000|100%| O|  |TAMS 0x00000000a1000000, 0x00000000a1000000| Untracked 
| 529|0x00000000a1100000, 0x00000000a1200000, 0x00000000a1200000|100%| O|  |TAMS 0x00000000a1100000, 0x00000000a1100000| Untracked 
| 530|0x00000000a1200000, 0x00000000a1300000, 0x00000000a1300000|100%| O|  |TAMS 0x00000000a1200000, 0x00000000a1200000| Untracked 
| 531|0x00000000a1300000, 0x00000000a1400000, 0x00000000a1400000|100%|HS|  |TAMS 0x00000000a1400000, 0x00000000a1300000| Complete 
| 532|0x00000000a1400000, 0x00000000a1500000, 0x00000000a1500000|100%|HC|  |TAMS 0x00000000a1500000, 0x00000000a1400000| Complete 
| 533|0x00000000a1500000, 0x00000000a1600000, 0x00000000a1600000|100%|HS|  |TAMS 0x00000000a1600000, 0x00000000a1500000| Complete 
| 534|0x00000000a1600000, 0x00000000a1700000, 0x00000000a1700000|100%|HC|  |TAMS 0x00000000a1700000, 0x00000000a1600000| Complete 
| 535|0x00000000a1700000, 0x00000000a1800000, 0x00000000a1800000|100%|HC|  |TAMS 0x00000000a1800000, 0x00000000a1700000| Complete 
| 536|0x00000000a1800000, 0x00000000a1900000, 0x00000000a1900000|100%|HS|  |TAMS 0x00000000a1900000, 0x00000000a1800000| Complete 
| 537|0x00000000a1900000, 0x00000000a1a00000, 0x00000000a1a00000|100%|HC|  |TAMS 0x00000000a1a00000, 0x00000000a1900000| Complete 
| 538|0x00000000a1a00000, 0x00000000a1b00000, 0x00000000a1b00000|100%|HS|  |TAMS 0x00000000a1b00000, 0x00000000a1a00000| Complete 
| 539|0x00000000a1b00000, 0x00000000a1c00000, 0x00000000a1c00000|100%|HS|  |TAMS 0x00000000a1c00000, 0x00000000a1b00000| Complete 
| 540|0x00000000a1c00000, 0x00000000a1d00000, 0x00000000a1d00000|100%| O|  |TAMS 0x00000000a1c00000, 0x00000000a1c00000| Untracked 
| 541|0x00000000a1d00000, 0x00000000a1e00000, 0x00000000a1e00000|100%|HS|  |TAMS 0x00000000a1e00000, 0x00000000a1d00000| Complete 
| 542|0x00000000a1e00000, 0x00000000a1f00000, 0x00000000a1f00000|100%| O|  |TAMS 0x00000000a1e00000, 0x00000000a1e00000| Untracked 
| 543|0x00000000a1f00000, 0x00000000a2000000, 0x00000000a2000000|100%| O|  |TAMS 0x00000000a1f00000, 0x00000000a1f00000| Untracked 
| 544|0x00000000a2000000, 0x00000000a2100000, 0x00000000a2100000|100%|HS|  |TAMS 0x00000000a2100000, 0x00000000a2000000| Complete 
| 545|0x00000000a2100000, 0x00000000a2200000, 0x00000000a2200000|100%|HS|  |TAMS 0x00000000a2200000, 0x00000000a2100000| Complete 
| 546|0x00000000a2200000, 0x00000000a2300000, 0x00000000a2300000|100%|HC|  |TAMS 0x00000000a2300000, 0x00000000a2200000| Complete 
| 547|0x00000000a2300000, 0x00000000a2400000, 0x00000000a2400000|100%|HS|  |TAMS 0x00000000a2400000, 0x00000000a2300000| Complete 
| 548|0x00000000a2400000, 0x00000000a2500000, 0x00000000a2500000|100%|HC|  |TAMS 0x00000000a2500000, 0x00000000a2400000| Complete 
| 549|0x00000000a2500000, 0x00000000a2600000, 0x00000000a2600000|100%| O|  |TAMS 0x00000000a2500000, 0x00000000a2500000| Untracked 
| 550|0x00000000a2600000, 0x00000000a2700000, 0x00000000a2700000|100%|HS|  |TAMS 0x00000000a2700000, 0x00000000a2600000| Complete 
| 551|0x00000000a2700000, 0x00000000a2800000, 0x00000000a2800000|100%|HC|  |TAMS 0x00000000a2800000, 0x00000000a2700000| Complete 
| 552|0x00000000a2800000, 0x00000000a2900000, 0x00000000a2900000|100%| O|  |TAMS 0x00000000a2800000, 0x00000000a2800000| Untracked 
| 553|0x00000000a2900000, 0x00000000a2a00000, 0x00000000a2a00000|100%| O|  |TAMS 0x00000000a2a00000, 0x00000000a2900000| Untracked 
| 554|0x00000000a2a00000, 0x00000000a2b00000, 0x00000000a2b00000|100%| O|  |TAMS 0x00000000a2b00000, 0x00000000a2a00000| Untracked 
| 555|0x00000000a2b00000, 0x00000000a2c00000, 0x00000000a2c00000|100%| O|  |TAMS 0x00000000a2c00000, 0x00000000a2b00000| Untracked 
| 556|0x00000000a2c00000, 0x00000000a2d00000, 0x00000000a2d00000|100%| O|  |TAMS 0x00000000a2d00000, 0x00000000a2c00000| Untracked 
| 557|0x00000000a2d00000, 0x00000000a2e00000, 0x00000000a2e00000|100%| O|  |TAMS 0x00000000a2e00000, 0x00000000a2d00000| Untracked 
| 558|0x00000000a2e00000, 0x00000000a2f00000, 0x00000000a2f00000|100%| O|  |TAMS 0x00000000a2f00000, 0x00000000a2e00000| Untracked 
| 559|0x00000000a2f00000, 0x00000000a3000000, 0x00000000a3000000|100%| O|  |TAMS 0x00000000a3000000, 0x00000000a2f00000| Untracked 
| 560|0x00000000a3000000, 0x00000000a3100000, 0x00000000a3100000|100%| O|  |TAMS 0x00000000a3000000, 0x00000000a3000000| Untracked 
| 561|0x00000000a3100000, 0x00000000a3200000, 0x00000000a3200000|100%| O|  |TAMS 0x00000000a3100000, 0x00000000a3100000| Untracked 
| 562|0x00000000a3200000, 0x00000000a3300000, 0x00000000a3300000|100%| O|  |TAMS 0x00000000a3200000, 0x00000000a3200000| Untracked 
| 563|0x00000000a3300000, 0x00000000a3400000, 0x00000000a3400000|100%| O|  |TAMS 0x00000000a3300000, 0x00000000a3300000| Untracked 
| 564|0x00000000a3400000, 0x00000000a3500000, 0x00000000a3500000|100%| O|  |TAMS 0x00000000a3400000, 0x00000000a3400000| Untracked 
| 565|0x00000000a3500000, 0x00000000a3600000, 0x00000000a3600000|100%|HS|  |TAMS 0x00000000a3600000, 0x00000000a3500000| Complete 
| 566|0x00000000a3600000, 0x00000000a3700000, 0x00000000a3700000|100%|HC|  |TAMS 0x00000000a3700000, 0x00000000a3600000| Complete 
| 567|0x00000000a3700000, 0x00000000a3800000, 0x00000000a3800000|100%|HC|  |TAMS 0x00000000a3800000, 0x00000000a3700000| Complete 
| 568|0x00000000a3800000, 0x00000000a3900000, 0x00000000a3900000|100%| O|  |TAMS 0x00000000a3800000, 0x00000000a3800000| Untracked 
| 569|0x00000000a3900000, 0x00000000a3a00000, 0x00000000a3a00000|100%|HS|  |TAMS 0x00000000a3a00000, 0x00000000a3900000| Complete 
| 570|0x00000000a3a00000, 0x00000000a3a00000, 0x00000000a3b00000|  0%| F|  |TAMS 0x00000000a3a00000, 0x00000000a3a00000| Untracked 
| 571|0x00000000a3b00000, 0x00000000a3b00000, 0x00000000a3c00000|  0%| F|  |TAMS 0x00000000a3b00000, 0x00000000a3b00000| Untracked 
| 572|0x00000000a3c00000, 0x00000000a3d00000, 0x00000000a3d00000|100%|HS|  |TAMS 0x00000000a3d00000, 0x00000000a3c00000| Complete 
| 573|0x00000000a3d00000, 0x00000000a3e00000, 0x00000000a3e00000|100%|HC|  |TAMS 0x00000000a3e00000, 0x00000000a3d00000| Complete 
| 574|0x00000000a3e00000, 0x00000000a3f00000, 0x00000000a3f00000|100%|HS|  |TAMS 0x00000000a3f00000, 0x00000000a3e00000| Complete 
| 575|0x00000000a3f00000, 0x00000000a4000000, 0x00000000a4000000|100%|HC|  |TAMS 0x00000000a4000000, 0x00000000a3f00000| Complete 
| 576|0x00000000a4000000, 0x00000000a4100000, 0x00000000a4100000|100%|HS|  |TAMS 0x00000000a4100000, 0x00000000a4000000| Complete 
| 577|0x00000000a4100000, 0x00000000a4200000, 0x00000000a4200000|100%| O|  |TAMS 0x00000000a4200000, 0x00000000a4100000| Untracked 
| 578|0x00000000a4200000, 0x00000000a4300000, 0x00000000a4300000|100%| O|  |TAMS 0x00000000a4300000, 0x00000000a4200000| Untracked 
| 579|0x00000000a4300000, 0x00000000a4400000, 0x00000000a4400000|100%| O|  |TAMS 0x00000000a4400000, 0x00000000a4300000| Untracked 
| 580|0x00000000a4400000, 0x00000000a4500000, 0x00000000a4500000|100%| O|  |TAMS 0x00000000a4500000, 0x00000000a4400000| Untracked 
| 581|0x00000000a4500000, 0x00000000a4600000, 0x00000000a4600000|100%| O|  |TAMS 0x00000000a4600000, 0x00000000a4500000| Untracked 
| 582|0x00000000a4600000, 0x00000000a4700000, 0x00000000a4700000|100%| O|  |TAMS 0x00000000a4700000, 0x00000000a4600000| Untracked 
| 583|0x00000000a4700000, 0x00000000a4800000, 0x00000000a4800000|100%| O|  |TAMS 0x00000000a4800000, 0x00000000a4700000| Untracked 
| 584|0x00000000a4800000, 0x00000000a4900000, 0x00000000a4900000|100%| O|  |TAMS 0x00000000a4900000, 0x00000000a4800000| Untracked 
| 585|0x00000000a4900000, 0x00000000a4a00000, 0x00000000a4a00000|100%| O|  |TAMS 0x00000000a4a00000, 0x00000000a4900000| Untracked 
| 586|0x00000000a4a00000, 0x00000000a4b00000, 0x00000000a4b00000|100%| O|  |TAMS 0x00000000a4b00000, 0x00000000a4a00000| Untracked 
| 587|0x00000000a4b00000, 0x00000000a4c00000, 0x00000000a4c00000|100%| O|  |TAMS 0x00000000a4c00000, 0x00000000a4b00000| Untracked 
| 588|0x00000000a4c00000, 0x00000000a4d00000, 0x00000000a4d00000|100%| O|  |TAMS 0x00000000a4d00000, 0x00000000a4c00000| Untracked 
| 589|0x00000000a4d00000, 0x00000000a4e00000, 0x00000000a4e00000|100%| O|  |TAMS 0x00000000a4e00000, 0x00000000a4d00000| Untracked 
| 590|0x00000000a4e00000, 0x00000000a4f00000, 0x00000000a4f00000|100%| O|  |TAMS 0x00000000a4f00000, 0x00000000a4e00000| Untracked 
| 591|0x00000000a4f00000, 0x00000000a5000000, 0x00000000a5000000|100%| O|  |TAMS 0x00000000a5000000, 0x00000000a4f00000| Untracked 
| 592|0x00000000a5000000, 0x00000000a5100000, 0x00000000a5100000|100%| O|  |TAMS 0x00000000a5100000, 0x00000000a5000000| Untracked 
| 593|0x00000000a5100000, 0x00000000a5200000, 0x00000000a5200000|100%| O|  |TAMS 0x00000000a5200000, 0x00000000a5100000| Untracked 
| 594|0x00000000a5200000, 0x00000000a5300000, 0x00000000a5300000|100%| O|  |TAMS 0x00000000a5300000, 0x00000000a5200000| Untracked 
| 595|0x00000000a5300000, 0x00000000a5400000, 0x00000000a5400000|100%| O|  |TAMS 0x00000000a5400000, 0x00000000a5300000| Untracked 
| 596|0x00000000a5400000, 0x00000000a5500000, 0x00000000a5500000|100%| O|  |TAMS 0x00000000a5500000, 0x00000000a5400000| Untracked 
| 597|0x00000000a5500000, 0x00000000a5600000, 0x00000000a5600000|100%| O|  |TAMS 0x00000000a5600000, 0x00000000a5500000| Untracked 
| 598|0x00000000a5600000, 0x00000000a5700000, 0x00000000a5700000|100%| O|  |TAMS 0x00000000a5700000, 0x00000000a5600000| Untracked 
| 599|0x00000000a5700000, 0x00000000a5800000, 0x00000000a5800000|100%| O|  |TAMS 0x00000000a5800000, 0x00000000a5700000| Untracked 
| 600|0x00000000a5800000, 0x00000000a5900000, 0x00000000a5900000|100%| O|  |TAMS 0x00000000a5900000, 0x00000000a5800000| Untracked 
| 601|0x00000000a5900000, 0x00000000a5a00000, 0x00000000a5a00000|100%| O|  |TAMS 0x00000000a5a00000, 0x00000000a5900000| Untracked 
| 602|0x00000000a5a00000, 0x00000000a5b00000, 0x00000000a5b00000|100%| O|  |TAMS 0x00000000a5b00000, 0x00000000a5a00000| Untracked 
| 603|0x00000000a5b00000, 0x00000000a5c00000, 0x00000000a5c00000|100%| O|  |TAMS 0x00000000a5c00000, 0x00000000a5b00000| Untracked 
| 604|0x00000000a5c00000, 0x00000000a5d00000, 0x00000000a5d00000|100%| O|  |TAMS 0x00000000a5d00000, 0x00000000a5c00000| Untracked 
| 605|0x00000000a5d00000, 0x00000000a5e00000, 0x00000000a5e00000|100%| O|  |TAMS 0x00000000a5e00000, 0x00000000a5d00000| Untracked 
| 606|0x00000000a5e00000, 0x00000000a5f00000, 0x00000000a5f00000|100%| O|  |TAMS 0x00000000a5f00000, 0x00000000a5e00000| Untracked 
| 607|0x00000000a5f00000, 0x00000000a6000000, 0x00000000a6000000|100%| O|  |TAMS 0x00000000a6000000, 0x00000000a5f00000| Untracked 
| 608|0x00000000a6000000, 0x00000000a6100000, 0x00000000a6100000|100%| O|  |TAMS 0x00000000a6100000, 0x00000000a6000000| Untracked 
| 609|0x00000000a6100000, 0x00000000a6200000, 0x00000000a6200000|100%| O|  |TAMS 0x00000000a6200000, 0x00000000a6100000| Untracked 
| 610|0x00000000a6200000, 0x00000000a6300000, 0x00000000a6300000|100%| O|  |TAMS 0x00000000a6300000, 0x00000000a6200000| Untracked 
| 611|0x00000000a6300000, 0x00000000a6400000, 0x00000000a6400000|100%| O|  |TAMS 0x00000000a6400000, 0x00000000a6300000| Untracked 
| 612|0x00000000a6400000, 0x00000000a6500000, 0x00000000a6500000|100%| O|  |TAMS 0x00000000a6500000, 0x00000000a6400000| Untracked 
| 613|0x00000000a6500000, 0x00000000a6600000, 0x00000000a6600000|100%| O|  |TAMS 0x00000000a6600000, 0x00000000a6500000| Untracked 
| 614|0x00000000a6600000, 0x00000000a6700000, 0x00000000a6700000|100%| O|  |TAMS 0x00000000a6700000, 0x00000000a6600000| Untracked 
| 615|0x00000000a6700000, 0x00000000a6800000, 0x00000000a6800000|100%| O|  |TAMS 0x00000000a6800000, 0x00000000a6700000| Untracked 
| 616|0x00000000a6800000, 0x00000000a6900000, 0x00000000a6900000|100%| O|  |TAMS 0x00000000a6900000, 0x00000000a6800000| Untracked 
| 617|0x00000000a6900000, 0x00000000a6a00000, 0x00000000a6a00000|100%| O|  |TAMS 0x00000000a6a00000, 0x00000000a6900000| Untracked 
| 618|0x00000000a6a00000, 0x00000000a6b00000, 0x00000000a6b00000|100%| O|  |TAMS 0x00000000a6b00000, 0x00000000a6a00000| Untracked 
| 619|0x00000000a6b00000, 0x00000000a6c00000, 0x00000000a6c00000|100%| O|  |TAMS 0x00000000a6c00000, 0x00000000a6b00000| Untracked 
| 620|0x00000000a6c00000, 0x00000000a6d00000, 0x00000000a6d00000|100%| O|  |TAMS 0x00000000a6d00000, 0x00000000a6c00000| Untracked 
| 621|0x00000000a6d00000, 0x00000000a6e00000, 0x00000000a6e00000|100%| O|  |TAMS 0x00000000a6d0cc00, 0x00000000a6d00000| Untracked 
| 622|0x00000000a6e00000, 0x00000000a6f00000, 0x00000000a6f00000|100%| O|  |TAMS 0x00000000a6e00000, 0x00000000a6e00000| Untracked 
| 623|0x00000000a6f00000, 0x00000000a7000000, 0x00000000a7000000|100%| O|  |TAMS 0x00000000a6f00000, 0x00000000a6f00000| Untracked 
| 624|0x00000000a7000000, 0x00000000a7100000, 0x00000000a7100000|100%| O|  |TAMS 0x00000000a7000000, 0x00000000a7000000| Untracked 
| 625|0x00000000a7100000, 0x00000000a7200000, 0x00000000a7200000|100%| O|  |TAMS 0x00000000a7100000, 0x00000000a7100000| Untracked 
| 626|0x00000000a7200000, 0x00000000a7300000, 0x00000000a7300000|100%| O|  |TAMS 0x00000000a7200000, 0x00000000a7200000| Untracked 
| 627|0x00000000a7300000, 0x00000000a7400000, 0x00000000a7400000|100%| O|  |TAMS 0x00000000a7300000, 0x00000000a7300000| Untracked 
| 628|0x00000000a7400000, 0x00000000a7500000, 0x00000000a7500000|100%| O|  |TAMS 0x00000000a7400000, 0x00000000a7400000| Untracked 
| 629|0x00000000a7500000, 0x00000000a7600000, 0x00000000a7600000|100%| O|  |TAMS 0x00000000a7500000, 0x00000000a7500000| Untracked 
| 630|0x00000000a7600000, 0x00000000a7700000, 0x00000000a7700000|100%| O|  |TAMS 0x00000000a7600000, 0x00000000a7600000| Untracked 
| 631|0x00000000a7700000, 0x00000000a7800000, 0x00000000a7800000|100%| O|  |TAMS 0x00000000a7700000, 0x00000000a7700000| Untracked 
| 632|0x00000000a7800000, 0x00000000a7900000, 0x00000000a7900000|100%| O|  |TAMS 0x00000000a7800000, 0x00000000a7800000| Untracked 
| 633|0x00000000a7900000, 0x00000000a7a00000, 0x00000000a7a00000|100%| O|  |TAMS 0x00000000a7900000, 0x00000000a7900000| Untracked 
| 634|0x00000000a7a00000, 0x00000000a7b00000, 0x00000000a7b00000|100%| O|  |TAMS 0x00000000a7a00000, 0x00000000a7a00000| Untracked 
| 635|0x00000000a7b00000, 0x00000000a7c00000, 0x00000000a7c00000|100%| O|  |TAMS 0x00000000a7b00000, 0x00000000a7b00000| Untracked 
| 636|0x00000000a7c00000, 0x00000000a7d00000, 0x00000000a7d00000|100%| O|  |TAMS 0x00000000a7c00000, 0x00000000a7c00000| Untracked 
| 637|0x00000000a7d00000, 0x00000000a7e00000, 0x00000000a7e00000|100%| O|  |TAMS 0x00000000a7d00000, 0x00000000a7d00000| Untracked 
| 638|0x00000000a7e00000, 0x00000000a7f00000, 0x00000000a7f00000|100%| O|  |TAMS 0x00000000a7e00000, 0x00000000a7e00000| Untracked 
| 639|0x00000000a7f00000, 0x00000000a8000000, 0x00000000a8000000|100%| O|  |TAMS 0x00000000a7f00000, 0x00000000a7f00000| Untracked 
| 640|0x00000000a8000000, 0x00000000a8100000, 0x00000000a8100000|100%| O|  |TAMS 0x00000000a8000000, 0x00000000a8000000| Untracked 
| 641|0x00000000a8100000, 0x00000000a8200000, 0x00000000a8200000|100%| O|  |TAMS 0x00000000a8100000, 0x00000000a8100000| Untracked 
| 642|0x00000000a8200000, 0x00000000a8300000, 0x00000000a8300000|100%| O|  |TAMS 0x00000000a8200000, 0x00000000a8200000| Untracked 
| 643|0x00000000a8300000, 0x00000000a8400000, 0x00000000a8400000|100%| O|  |TAMS 0x00000000a8300000, 0x00000000a8300000| Untracked 
| 644|0x00000000a8400000, 0x00000000a8500000, 0x00000000a8500000|100%| O|  |TAMS 0x00000000a8400000, 0x00000000a8400000| Untracked 
| 645|0x00000000a8500000, 0x00000000a8600000, 0x00000000a8600000|100%| O|  |TAMS 0x00000000a8500000, 0x00000000a8500000| Untracked 
| 646|0x00000000a8600000, 0x00000000a8700000, 0x00000000a8700000|100%| O|  |TAMS 0x00000000a8600000, 0x00000000a8600000| Untracked 
| 647|0x00000000a8700000, 0x00000000a8800000, 0x00000000a8800000|100%| O|  |TAMS 0x00000000a8700000, 0x00000000a8700000| Untracked 
| 648|0x00000000a8800000, 0x00000000a8900000, 0x00000000a8900000|100%| O|  |TAMS 0x00000000a8800000, 0x00000000a8800000| Untracked 
| 649|0x00000000a8900000, 0x00000000a8a00000, 0x00000000a8a00000|100%| O|  |TAMS 0x00000000a8900000, 0x00000000a8900000| Untracked 
| 650|0x00000000a8a00000, 0x00000000a8b00000, 0x00000000a8b00000|100%| O|  |TAMS 0x00000000a8a00000, 0x00000000a8a00000| Untracked 
| 651|0x00000000a8b00000, 0x00000000a8c00000, 0x00000000a8c00000|100%| O|  |TAMS 0x00000000a8b00000, 0x00000000a8b00000| Untracked 
| 652|0x00000000a8c00000, 0x00000000a8d00000, 0x00000000a8d00000|100%| O|  |TAMS 0x00000000a8c00000, 0x00000000a8c00000| Untracked 
| 653|0x00000000a8d00000, 0x00000000a8e00000, 0x00000000a8e00000|100%| O|  |TAMS 0x00000000a8d00000, 0x00000000a8d00000| Untracked 
| 654|0x00000000a8e00000, 0x00000000a8f00000, 0x00000000a8f00000|100%| O|  |TAMS 0x00000000a8e00000, 0x00000000a8e00000| Untracked 
| 655|0x00000000a8f00000, 0x00000000a9000000, 0x00000000a9000000|100%| O|  |TAMS 0x00000000a8f00000, 0x00000000a8f00000| Untracked 
| 656|0x00000000a9000000, 0x00000000a9100000, 0x00000000a9100000|100%| O|  |TAMS 0x00000000a9000000, 0x00000000a9000000| Untracked 
| 657|0x00000000a9100000, 0x00000000a9200000, 0x00000000a9200000|100%| O|  |TAMS 0x00000000a9100000, 0x00000000a9100000| Untracked 
| 658|0x00000000a9200000, 0x00000000a9300000, 0x00000000a9300000|100%| O|  |TAMS 0x00000000a9200000, 0x00000000a9200000| Untracked 
| 659|0x00000000a9300000, 0x00000000a9400000, 0x00000000a9400000|100%| O|  |TAMS 0x00000000a9300000, 0x00000000a9300000| Untracked 
| 660|0x00000000a9400000, 0x00000000a9500000, 0x00000000a9500000|100%| O|  |TAMS 0x00000000a9400000, 0x00000000a9400000| Untracked 
| 661|0x00000000a9500000, 0x00000000a9600000, 0x00000000a9600000|100%| O|  |TAMS 0x00000000a9500000, 0x00000000a9500000| Untracked 
| 662|0x00000000a9600000, 0x00000000a9700000, 0x00000000a9700000|100%| O|  |TAMS 0x00000000a9600000, 0x00000000a9600000| Untracked 
| 663|0x00000000a9700000, 0x00000000a9800000, 0x00000000a9800000|100%| O|  |TAMS 0x00000000a9700000, 0x00000000a9700000| Untracked 
| 664|0x00000000a9800000, 0x00000000a9900000, 0x00000000a9900000|100%| O|  |TAMS 0x00000000a9800000, 0x00000000a9800000| Untracked 
| 665|0x00000000a9900000, 0x00000000a9a00000, 0x00000000a9a00000|100%| O|  |TAMS 0x00000000a9900000, 0x00000000a9900000| Untracked 
| 666|0x00000000a9a00000, 0x00000000a9b00000, 0x00000000a9b00000|100%| O|  |TAMS 0x00000000a9a00000, 0x00000000a9a00000| Untracked 
| 667|0x00000000a9b00000, 0x00000000a9c00000, 0x00000000a9c00000|100%| O|  |TAMS 0x00000000a9b00000, 0x00000000a9b00000| Untracked 
| 668|0x00000000a9c00000, 0x00000000a9d00000, 0x00000000a9d00000|100%| O|  |TAMS 0x00000000a9c00000, 0x00000000a9c00000| Untracked 
| 669|0x00000000a9d00000, 0x00000000a9e00000, 0x00000000a9e00000|100%| O|  |TAMS 0x00000000a9d00000, 0x00000000a9d00000| Untracked 
| 670|0x00000000a9e00000, 0x00000000a9f00000, 0x00000000a9f00000|100%| O|  |TAMS 0x00000000a9e00000, 0x00000000a9e00000| Untracked 
| 671|0x00000000a9f00000, 0x00000000aa000000, 0x00000000aa000000|100%| O|  |TAMS 0x00000000a9f00000, 0x00000000a9f00000| Untracked 
| 672|0x00000000aa000000, 0x00000000aa100000, 0x00000000aa100000|100%| O|  |TAMS 0x00000000aa000000, 0x00000000aa000000| Untracked 
| 673|0x00000000aa100000, 0x00000000aa200000, 0x00000000aa200000|100%| O|  |TAMS 0x00000000aa100000, 0x00000000aa100000| Untracked 
| 674|0x00000000aa200000, 0x00000000aa300000, 0x00000000aa300000|100%| O|  |TAMS 0x00000000aa200000, 0x00000000aa200000| Untracked 
| 675|0x00000000aa300000, 0x00000000aa400000, 0x00000000aa400000|100%| O|  |TAMS 0x00000000aa300000, 0x00000000aa300000| Untracked 
| 676|0x00000000aa400000, 0x00000000aa500000, 0x00000000aa500000|100%| O|  |TAMS 0x00000000aa400000, 0x00000000aa400000| Untracked 
| 677|0x00000000aa500000, 0x00000000aa600000, 0x00000000aa600000|100%| O|  |TAMS 0x00000000aa500000, 0x00000000aa500000| Untracked 
| 678|0x00000000aa600000, 0x00000000aa700000, 0x00000000aa700000|100%| O|  |TAMS 0x00000000aa600000, 0x00000000aa600000| Untracked 
| 679|0x00000000aa700000, 0x00000000aa800000, 0x00000000aa800000|100%| O|  |TAMS 0x00000000aa700000, 0x00000000aa700000| Untracked 
| 680|0x00000000aa800000, 0x00000000aa900000, 0x00000000aa900000|100%| O|  |TAMS 0x00000000aa800000, 0x00000000aa800000| Untracked 
| 681|0x00000000aa900000, 0x00000000aaa00000, 0x00000000aaa00000|100%| O|  |TAMS 0x00000000aa900000, 0x00000000aa900000| Untracked 
| 682|0x00000000aaa00000, 0x00000000aab00000, 0x00000000aab00000|100%| O|  |TAMS 0x00000000aaa00000, 0x00000000aaa00000| Untracked 
| 683|0x00000000aab00000, 0x00000000aac00000, 0x00000000aac00000|100%| O|  |TAMS 0x00000000aab00000, 0x00000000aab00000| Untracked 
| 684|0x00000000aac00000, 0x00000000aad00000, 0x00000000aad00000|100%| O|  |TAMS 0x00000000aac00000, 0x00000000aac00000| Untracked 
| 685|0x00000000aad00000, 0x00000000aae00000, 0x00000000aae00000|100%| O|  |TAMS 0x00000000aad00000, 0x00000000aad00000| Untracked 
| 686|0x00000000aae00000, 0x00000000aaf00000, 0x00000000aaf00000|100%| O|  |TAMS 0x00000000aae00000, 0x00000000aae00000| Untracked 
| 687|0x00000000aaf00000, 0x00000000ab000000, 0x00000000ab000000|100%| O|  |TAMS 0x00000000aaf00000, 0x00000000aaf00000| Untracked 
| 688|0x00000000ab000000, 0x00000000ab100000, 0x00000000ab100000|100%| O|  |TAMS 0x00000000ab000000, 0x00000000ab000000| Untracked 
| 689|0x00000000ab100000, 0x00000000ab200000, 0x00000000ab200000|100%| O|  |TAMS 0x00000000ab100000, 0x00000000ab100000| Untracked 
| 690|0x00000000ab200000, 0x00000000ab300000, 0x00000000ab300000|100%| O|  |TAMS 0x00000000ab200000, 0x00000000ab200000| Untracked 
| 691|0x00000000ab300000, 0x00000000ab400000, 0x00000000ab400000|100%| O|  |TAMS 0x00000000ab300000, 0x00000000ab300000| Untracked 
| 692|0x00000000ab400000, 0x00000000ab400000, 0x00000000ab500000|  0%| F|  |TAMS 0x00000000ab400000, 0x00000000ab400000| Untracked 
| 693|0x00000000ab500000, 0x00000000ab500000, 0x00000000ab600000|  0%| F|  |TAMS 0x00000000ab500000, 0x00000000ab500000| Untracked 
| 694|0x00000000ab600000, 0x00000000ab600000, 0x00000000ab700000|  0%| F|  |TAMS 0x00000000ab600000, 0x00000000ab600000| Untracked 
| 695|0x00000000ab700000, 0x00000000ab700000, 0x00000000ab800000|  0%| F|  |TAMS 0x00000000ab700000, 0x00000000ab700000| Untracked 
| 696|0x00000000ab800000, 0x00000000ab800000, 0x00000000ab900000|  0%| F|  |TAMS 0x00000000ab800000, 0x00000000ab800000| Untracked 
| 697|0x00000000ab900000, 0x00000000ab900000, 0x00000000aba00000|  0%| F|  |TAMS 0x00000000ab900000, 0x00000000ab900000| Untracked 
| 698|0x00000000aba00000, 0x00000000aba00000, 0x00000000abb00000|  0%| F|  |TAMS 0x00000000aba00000, 0x00000000aba00000| Untracked 
| 699|0x00000000abb00000, 0x00000000abb00000, 0x00000000abc00000|  0%| F|  |TAMS 0x00000000abb00000, 0x00000000abb00000| Untracked 
| 700|0x00000000abc00000, 0x00000000abc00000, 0x00000000abd00000|  0%| F|  |TAMS 0x00000000abc00000, 0x00000000abc00000| Untracked 
| 701|0x00000000abd00000, 0x00000000abd00000, 0x00000000abe00000|  0%| F|  |TAMS 0x00000000abd00000, 0x00000000abd00000| Untracked 
| 702|0x00000000abe00000, 0x00000000abe00000, 0x00000000abf00000|  0%| F|  |TAMS 0x00000000abe00000, 0x00000000abe00000| Untracked 
| 703|0x00000000abf00000, 0x00000000abf00000, 0x00000000ac000000|  0%| F|  |TAMS 0x00000000abf00000, 0x00000000abf00000| Untracked 
| 704|0x00000000ac000000, 0x00000000ac000000, 0x00000000ac100000|  0%| F|  |TAMS 0x00000000ac000000, 0x00000000ac000000| Untracked 
| 705|0x00000000ac100000, 0x00000000ac100000, 0x00000000ac200000|  0%| F|  |TAMS 0x00000000ac100000, 0x00000000ac100000| Untracked 
| 706|0x00000000ac200000, 0x00000000ac200000, 0x00000000ac300000|  0%| F|  |TAMS 0x00000000ac200000, 0x00000000ac200000| Untracked 
| 707|0x00000000ac300000, 0x00000000ac300000, 0x00000000ac400000|  0%| F|  |TAMS 0x00000000ac300000, 0x00000000ac300000| Untracked 
| 708|0x00000000ac400000, 0x00000000ac400000, 0x00000000ac500000|  0%| F|  |TAMS 0x00000000ac400000, 0x00000000ac400000| Untracked 
| 709|0x00000000ac500000, 0x00000000ac500000, 0x00000000ac600000|  0%| F|  |TAMS 0x00000000ac500000, 0x00000000ac500000| Untracked 
| 710|0x00000000ac600000, 0x00000000ac600000, 0x00000000ac700000|  0%| F|  |TAMS 0x00000000ac600000, 0x00000000ac600000| Untracked 
| 711|0x00000000ac700000, 0x00000000ac700000, 0x00000000ac800000|  0%| F|  |TAMS 0x00000000ac700000, 0x00000000ac700000| Untracked 
| 712|0x00000000ac800000, 0x00000000ac800000, 0x00000000ac900000|  0%| F|  |TAMS 0x00000000ac800000, 0x00000000ac800000| Untracked 
| 713|0x00000000ac900000, 0x00000000ac900000, 0x00000000aca00000|  0%| F|  |TAMS 0x00000000ac900000, 0x00000000ac900000| Untracked 
| 714|0x00000000aca00000, 0x00000000aca00000, 0x00000000acb00000|  0%| F|  |TAMS 0x00000000aca00000, 0x00000000aca00000| Untracked 
| 715|0x00000000acb00000, 0x00000000acb00000, 0x00000000acc00000|  0%| F|  |TAMS 0x00000000acb00000, 0x00000000acb00000| Untracked 
| 716|0x00000000acc00000, 0x00000000acc00000, 0x00000000acd00000|  0%| F|  |TAMS 0x00000000acc00000, 0x00000000acc00000| Untracked 
| 717|0x00000000acd00000, 0x00000000acd00000, 0x00000000ace00000|  0%| F|  |TAMS 0x00000000acd00000, 0x00000000acd00000| Untracked 
| 718|0x00000000ace00000, 0x00000000ace00000, 0x00000000acf00000|  0%| F|  |TAMS 0x00000000ace00000, 0x00000000ace00000| Untracked 
| 719|0x00000000acf00000, 0x00000000acf00000, 0x00000000ad000000|  0%| F|  |TAMS 0x00000000acf00000, 0x00000000acf00000| Untracked 
| 720|0x00000000ad000000, 0x00000000ad000000, 0x00000000ad100000|  0%| F|  |TAMS 0x00000000ad000000, 0x00000000ad000000| Untracked 
| 721|0x00000000ad100000, 0x00000000ad100000, 0x00000000ad200000|  0%| F|  |TAMS 0x00000000ad100000, 0x00000000ad100000| Untracked 
| 722|0x00000000ad200000, 0x00000000ad200000, 0x00000000ad300000|  0%| F|  |TAMS 0x00000000ad200000, 0x00000000ad200000| Untracked 
| 723|0x00000000ad300000, 0x00000000ad300000, 0x00000000ad400000|  0%| F|  |TAMS 0x00000000ad300000, 0x00000000ad300000| Untracked 
| 724|0x00000000ad400000, 0x00000000ad400000, 0x00000000ad500000|  0%| F|  |TAMS 0x00000000ad400000, 0x00000000ad400000| Untracked 
| 725|0x00000000ad500000, 0x00000000ad500000, 0x00000000ad600000|  0%| F|  |TAMS 0x00000000ad500000, 0x00000000ad500000| Untracked 
| 726|0x00000000ad600000, 0x00000000ad600000, 0x00000000ad700000|  0%| F|  |TAMS 0x00000000ad600000, 0x00000000ad600000| Untracked 
| 727|0x00000000ad700000, 0x00000000ad700000, 0x00000000ad800000|  0%| F|  |TAMS 0x00000000ad700000, 0x00000000ad700000| Untracked 
| 728|0x00000000ad800000, 0x00000000ad800000, 0x00000000ad900000|  0%| F|  |TAMS 0x00000000ad800000, 0x00000000ad800000| Untracked 
| 729|0x00000000ad900000, 0x00000000ad900000, 0x00000000ada00000|  0%| F|  |TAMS 0x00000000ad900000, 0x00000000ad900000| Untracked 
| 730|0x00000000ada00000, 0x00000000ada00000, 0x00000000adb00000|  0%| F|  |TAMS 0x00000000ada00000, 0x00000000ada00000| Untracked 
| 731|0x00000000adb00000, 0x00000000adb00000, 0x00000000adc00000|  0%| F|  |TAMS 0x00000000adb00000, 0x00000000adb00000| Untracked 
| 732|0x00000000adc00000, 0x00000000adc00000, 0x00000000add00000|  0%| F|  |TAMS 0x00000000adc00000, 0x00000000adc00000| Untracked 
| 733|0x00000000add00000, 0x00000000add00000, 0x00000000ade00000|  0%| F|  |TAMS 0x00000000add00000, 0x00000000add00000| Untracked 
| 734|0x00000000ade00000, 0x00000000ade00000, 0x00000000adf00000|  0%| F|  |TAMS 0x00000000ade00000, 0x00000000ade00000| Untracked 
| 735|0x00000000adf00000, 0x00000000adf38328, 0x00000000ae000000| 21%| S|CS|TAMS 0x00000000adf00000, 0x00000000adf00000| Complete 
| 736|0x00000000ae000000, 0x00000000ae000000, 0x00000000ae100000|  0%| F|  |TAMS 0x00000000ae000000, 0x00000000ae000000| Untracked 
| 737|0x00000000ae100000, 0x00000000ae100000, 0x00000000ae200000|  0%| F|  |TAMS 0x00000000ae100000, 0x00000000ae100000| Untracked 
| 738|0x00000000ae200000, 0x00000000ae200000, 0x00000000ae300000|  0%| F|  |TAMS 0x00000000ae200000, 0x00000000ae200000| Untracked 
| 739|0x00000000ae300000, 0x00000000ae300000, 0x00000000ae400000|  0%| F|  |TAMS 0x00000000ae300000, 0x00000000ae300000| Untracked 
| 740|0x00000000ae400000, 0x00000000ae400000, 0x00000000ae500000|  0%| F|  |TAMS 0x00000000ae400000, 0x00000000ae400000| Untracked 
| 741|0x00000000ae500000, 0x00000000ae500000, 0x00000000ae600000|  0%| F|  |TAMS 0x00000000ae500000, 0x00000000ae500000| Untracked 
| 742|0x00000000ae600000, 0x00000000ae600000, 0x00000000ae700000|  0%| F|  |TAMS 0x00000000ae600000, 0x00000000ae600000| Untracked 
| 743|0x00000000ae700000, 0x00000000ae700000, 0x00000000ae800000|  0%| F|  |TAMS 0x00000000ae700000, 0x00000000ae700000| Untracked 
| 744|0x00000000ae800000, 0x00000000ae800000, 0x00000000ae900000|  0%| F|  |TAMS 0x00000000ae800000, 0x00000000ae800000| Untracked 
| 745|0x00000000ae900000, 0x00000000ae900000, 0x00000000aea00000|  0%| F|  |TAMS 0x00000000ae900000, 0x00000000ae900000| Untracked 
| 746|0x00000000aea00000, 0x00000000aeb00000, 0x00000000aeb00000|100%| S|CS|TAMS 0x00000000aea00000, 0x00000000aea00000| Complete 
| 747|0x00000000aeb00000, 0x00000000aec00000, 0x00000000aec00000|100%| S|CS|TAMS 0x00000000aeb00000, 0x00000000aeb00000| Complete 
| 748|0x00000000aec00000, 0x00000000aed00000, 0x00000000aed00000|100%| S|CS|TAMS 0x00000000aec00000, 0x00000000aec00000| Complete 
| 749|0x00000000aed00000, 0x00000000aee00000, 0x00000000aee00000|100%| S|CS|TAMS 0x00000000aed00000, 0x00000000aed00000| Complete 
| 750|0x00000000aee00000, 0x00000000aef00000, 0x00000000aef00000|100%| S|CS|TAMS 0x00000000aee00000, 0x00000000aee00000| Complete 
| 751|0x00000000aef00000, 0x00000000aefbcec0, 0x00000000af000000| 73%| E|  |TAMS 0x00000000aef00000, 0x00000000aef00000| Complete 
| 752|0x00000000af000000, 0x00000000af100000, 0x00000000af100000|100%| S|CS|TAMS 0x00000000af000000, 0x00000000af000000| Complete 
| 753|0x00000000af100000, 0x00000000af200000, 0x00000000af200000|100%| S|CS|TAMS 0x00000000af100000, 0x00000000af100000| Complete 
| 754|0x00000000af200000, 0x00000000af300000, 0x00000000af300000|100%| S|CS|TAMS 0x00000000af200000, 0x00000000af200000| Complete 
| 755|0x00000000af300000, 0x00000000af400000, 0x00000000af400000|100%| S|CS|TAMS 0x00000000af300000, 0x00000000af300000| Complete 
| 756|0x00000000af400000, 0x00000000af500000, 0x00000000af500000|100%| E|CS|TAMS 0x00000000af400000, 0x00000000af400000| Complete 
| 757|0x00000000af500000, 0x00000000af600000, 0x00000000af600000|100%| E|CS|TAMS 0x00000000af500000, 0x00000000af500000| Complete 
| 758|0x00000000af600000, 0x00000000af700000, 0x00000000af700000|100%| E|CS|TAMS 0x00000000af600000, 0x00000000af600000| Complete 
| 759|0x00000000af700000, 0x00000000af800000, 0x00000000af800000|100%| E|CS|TAMS 0x00000000af700000, 0x00000000af700000| Complete 
| 760|0x00000000af800000, 0x00000000af900000, 0x00000000af900000|100%| E|CS|TAMS 0x00000000af800000, 0x00000000af800000| Complete 
| 761|0x00000000af900000, 0x00000000afa00000, 0x00000000afa00000|100%| E|CS|TAMS 0x00000000af900000, 0x00000000af900000| Complete 
| 762|0x00000000afa00000, 0x00000000afb00000, 0x00000000afb00000|100%| E|CS|TAMS 0x00000000afa00000, 0x00000000afa00000| Complete 
| 763|0x00000000afb00000, 0x00000000afc00000, 0x00000000afc00000|100%| E|CS|TAMS 0x00000000afb00000, 0x00000000afb00000| Complete 
| 764|0x00000000afc00000, 0x00000000afd00000, 0x00000000afd00000|100%| E|CS|TAMS 0x00000000afc00000, 0x00000000afc00000| Complete 
| 765|0x00000000afd00000, 0x00000000afe00000, 0x00000000afe00000|100%| E|CS|TAMS 0x00000000afd00000, 0x00000000afd00000| Complete 
| 766|0x00000000afe00000, 0x00000000aff00000, 0x00000000aff00000|100%| E|CS|TAMS 0x00000000afe00000, 0x00000000afe00000| Complete 
| 767|0x00000000aff00000, 0x00000000b0000000, 0x00000000b0000000|100%| E|CS|TAMS 0x00000000aff00000, 0x00000000aff00000| Complete 
| 768|0x00000000b0000000, 0x00000000b0100000, 0x00000000b0100000|100%| E|  |TAMS 0x00000000b0000000, 0x00000000b0000000| Complete 
| 769|0x00000000b0100000, 0x00000000b0200000, 0x00000000b0200000|100%| E|CS|TAMS 0x00000000b0100000, 0x00000000b0100000| Complete 
| 770|0x00000000b0200000, 0x00000000b0300000, 0x00000000b0300000|100%| E|CS|TAMS 0x00000000b0200000, 0x00000000b0200000| Complete 
| 771|0x00000000b0300000, 0x00000000b0400000, 0x00000000b0400000|100%| E|CS|TAMS 0x00000000b0300000, 0x00000000b0300000| Complete 
| 772|0x00000000b0400000, 0x00000000b0500000, 0x00000000b0500000|100%| E|CS|TAMS 0x00000000b0400000, 0x00000000b0400000| Complete 
| 773|0x00000000b0500000, 0x00000000b0600000, 0x00000000b0600000|100%| E|CS|TAMS 0x00000000b0500000, 0x00000000b0500000| Complete 
| 774|0x00000000b0600000, 0x00000000b0700000, 0x00000000b0700000|100%| E|CS|TAMS 0x00000000b0600000, 0x00000000b0600000| Complete 
| 775|0x00000000b0700000, 0x00000000b0800000, 0x00000000b0800000|100%| E|CS|TAMS 0x00000000b0700000, 0x00000000b0700000| Complete 
| 776|0x00000000b0800000, 0x00000000b0900000, 0x00000000b0900000|100%| E|CS|TAMS 0x00000000b0800000, 0x00000000b0800000| Complete 
| 777|0x00000000b0900000, 0x00000000b0a00000, 0x00000000b0a00000|100%| E|CS|TAMS 0x00000000b0900000, 0x00000000b0900000| Complete 
| 778|0x00000000b0a00000, 0x00000000b0b00000, 0x00000000b0b00000|100%| E|CS|TAMS 0x00000000b0a00000, 0x00000000b0a00000| Complete 
| 779|0x00000000b0b00000, 0x00000000b0c00000, 0x00000000b0c00000|100%| E|CS|TAMS 0x00000000b0b00000, 0x00000000b0b00000| Complete 
| 780|0x00000000b0c00000, 0x00000000b0d00000, 0x00000000b0d00000|100%| E|CS|TAMS 0x00000000b0c00000, 0x00000000b0c00000| Complete 
| 781|0x00000000b0d00000, 0x00000000b0e00000, 0x00000000b0e00000|100%| E|CS|TAMS 0x00000000b0d00000, 0x00000000b0d00000| Complete 
| 782|0x00000000b0e00000, 0x00000000b0f00000, 0x00000000b0f00000|100%| E|CS|TAMS 0x00000000b0e00000, 0x00000000b0e00000| Complete 
| 783|0x00000000b0f00000, 0x00000000b1000000, 0x00000000b1000000|100%| E|CS|TAMS 0x00000000b0f00000, 0x00000000b0f00000| Complete 
| 784|0x00000000b1000000, 0x00000000b1100000, 0x00000000b1100000|100%| E|CS|TAMS 0x00000000b1000000, 0x00000000b1000000| Complete 
| 785|0x00000000b1100000, 0x00000000b1200000, 0x00000000b1200000|100%| E|CS|TAMS 0x00000000b1100000, 0x00000000b1100000| Complete 
| 786|0x00000000b1200000, 0x00000000b1300000, 0x00000000b1300000|100%| E|CS|TAMS 0x00000000b1200000, 0x00000000b1200000| Complete 
| 787|0x00000000b1300000, 0x00000000b1400000, 0x00000000b1400000|100%| E|CS|TAMS 0x00000000b1300000, 0x00000000b1300000| Complete 
| 788|0x00000000b1400000, 0x00000000b1500000, 0x00000000b1500000|100%| E|CS|TAMS 0x00000000b1400000, 0x00000000b1400000| Complete 
| 789|0x00000000b1500000, 0x00000000b1600000, 0x00000000b1600000|100%| E|CS|TAMS 0x00000000b1500000, 0x00000000b1500000| Complete 
| 790|0x00000000b1600000, 0x00000000b1700000, 0x00000000b1700000|100%| E|CS|TAMS 0x00000000b1600000, 0x00000000b1600000| Complete 
| 791|0x00000000b1700000, 0x00000000b1800000, 0x00000000b1800000|100%| E|CS|TAMS 0x00000000b1700000, 0x00000000b1700000| Complete 
| 792|0x00000000b1800000, 0x00000000b1900000, 0x00000000b1900000|100%| E|CS|TAMS 0x00000000b1800000, 0x00000000b1800000| Complete 
| 793|0x00000000b1900000, 0x00000000b1a00000, 0x00000000b1a00000|100%| E|CS|TAMS 0x00000000b1900000, 0x00000000b1900000| Complete 
| 794|0x00000000b1a00000, 0x00000000b1b00000, 0x00000000b1b00000|100%| E|CS|TAMS 0x00000000b1a00000, 0x00000000b1a00000| Complete 
| 795|0x00000000b1b00000, 0x00000000b1c00000, 0x00000000b1c00000|100%| E|CS|TAMS 0x00000000b1b00000, 0x00000000b1b00000| Complete 
| 796|0x00000000b1c00000, 0x00000000b1d00000, 0x00000000b1d00000|100%| E|CS|TAMS 0x00000000b1c00000, 0x00000000b1c00000| Complete 
| 797|0x00000000b1d00000, 0x00000000b1e00000, 0x00000000b1e00000|100%| E|CS|TAMS 0x00000000b1d00000, 0x00000000b1d00000| Complete 
| 798|0x00000000b1e00000, 0x00000000b1f00000, 0x00000000b1f00000|100%| E|CS|TAMS 0x00000000b1e00000, 0x00000000b1e00000| Complete 
| 799|0x00000000b1f00000, 0x00000000b2000000, 0x00000000b2000000|100%| E|CS|TAMS 0x00000000b1f00000, 0x00000000b1f00000| Complete 
| 800|0x00000000b2000000, 0x00000000b2100000, 0x00000000b2100000|100%| E|CS|TAMS 0x00000000b2000000, 0x00000000b2000000| Complete 
| 801|0x00000000b2100000, 0x00000000b2200000, 0x00000000b2200000|100%| E|CS|TAMS 0x00000000b2100000, 0x00000000b2100000| Complete 
| 802|0x00000000b2200000, 0x00000000b2300000, 0x00000000b2300000|100%| E|CS|TAMS 0x00000000b2200000, 0x00000000b2200000| Complete 
| 803|0x00000000b2300000, 0x00000000b2400000, 0x00000000b2400000|100%| E|CS|TAMS 0x00000000b2300000, 0x00000000b2300000| Complete 
| 804|0x00000000b2400000, 0x00000000b2500000, 0x00000000b2500000|100%| E|CS|TAMS 0x00000000b2400000, 0x00000000b2400000| Complete 
| 805|0x00000000b2500000, 0x00000000b2600000, 0x00000000b2600000|100%| E|CS|TAMS 0x00000000b2500000, 0x00000000b2500000| Complete 
| 806|0x00000000b2600000, 0x00000000b2700000, 0x00000000b2700000|100%| E|CS|TAMS 0x00000000b2600000, 0x00000000b2600000| Complete 
| 807|0x00000000b2700000, 0x00000000b2800000, 0x00000000b2800000|100%| E|CS|TAMS 0x00000000b2700000, 0x00000000b2700000| Complete 
| 808|0x00000000b2800000, 0x00000000b2900000, 0x00000000b2900000|100%| E|CS|TAMS 0x00000000b2800000, 0x00000000b2800000| Complete 
| 809|0x00000000b2900000, 0x00000000b2a00000, 0x00000000b2a00000|100%| E|CS|TAMS 0x00000000b2900000, 0x00000000b2900000| Complete 
| 810|0x00000000b2a00000, 0x00000000b2b00000, 0x00000000b2b00000|100%| E|CS|TAMS 0x00000000b2a00000, 0x00000000b2a00000| Complete 
| 811|0x00000000b2b00000, 0x00000000b2c00000, 0x00000000b2c00000|100%| E|CS|TAMS 0x00000000b2b00000, 0x00000000b2b00000| Complete 
| 812|0x00000000b2c00000, 0x00000000b2d00000, 0x00000000b2d00000|100%| E|CS|TAMS 0x00000000b2c00000, 0x00000000b2c00000| Complete 
| 813|0x00000000b2d00000, 0x00000000b2e00000, 0x00000000b2e00000|100%| E|CS|TAMS 0x00000000b2d00000, 0x00000000b2d00000| Complete 
| 814|0x00000000b2e00000, 0x00000000b2f00000, 0x00000000b2f00000|100%| E|CS|TAMS 0x00000000b2e00000, 0x00000000b2e00000| Complete 
| 815|0x00000000b2f00000, 0x00000000b3000000, 0x00000000b3000000|100%| E|CS|TAMS 0x00000000b2f00000, 0x00000000b2f00000| Complete 
| 816|0x00000000b3000000, 0x00000000b3100000, 0x00000000b3100000|100%| E|CS|TAMS 0x00000000b3000000, 0x00000000b3000000| Complete 
| 817|0x00000000b3100000, 0x00000000b3200000, 0x00000000b3200000|100%| E|CS|TAMS 0x00000000b3100000, 0x00000000b3100000| Complete 
| 818|0x00000000b3200000, 0x00000000b3300000, 0x00000000b3300000|100%| E|CS|TAMS 0x00000000b3200000, 0x00000000b3200000| Complete 
| 819|0x00000000b3300000, 0x00000000b3400000, 0x00000000b3400000|100%| E|CS|TAMS 0x00000000b3300000, 0x00000000b3300000| Complete 
| 820|0x00000000b3400000, 0x00000000b3500000, 0x00000000b3500000|100%| E|CS|TAMS 0x00000000b3400000, 0x00000000b3400000| Complete 
| 821|0x00000000b3500000, 0x00000000b3600000, 0x00000000b3600000|100%| E|CS|TAMS 0x00000000b3500000, 0x00000000b3500000| Complete 
| 822|0x00000000b3600000, 0x00000000b3700000, 0x00000000b3700000|100%| E|CS|TAMS 0x00000000b3600000, 0x00000000b3600000| Complete 
| 823|0x00000000b3700000, 0x00000000b3800000, 0x00000000b3800000|100%| E|CS|TAMS 0x00000000b3700000, 0x00000000b3700000| Complete 
| 824|0x00000000b3800000, 0x00000000b3900000, 0x00000000b3900000|100%| E|CS|TAMS 0x00000000b3800000, 0x00000000b3800000| Complete 
| 825|0x00000000b3900000, 0x00000000b3a00000, 0x00000000b3a00000|100%| E|CS|TAMS 0x00000000b3900000, 0x00000000b3900000| Complete 
| 826|0x00000000b3a00000, 0x00000000b3b00000, 0x00000000b3b00000|100%| E|CS|TAMS 0x00000000b3a00000, 0x00000000b3a00000| Complete 
| 827|0x00000000b3b00000, 0x00000000b3c00000, 0x00000000b3c00000|100%| E|CS|TAMS 0x00000000b3b00000, 0x00000000b3b00000| Complete 
| 828|0x00000000b3c00000, 0x00000000b3d00000, 0x00000000b3d00000|100%| E|CS|TAMS 0x00000000b3c00000, 0x00000000b3c00000| Complete 
| 829|0x00000000b3d00000, 0x00000000b3e00000, 0x00000000b3e00000|100%| E|CS|TAMS 0x00000000b3d00000, 0x00000000b3d00000| Complete 
| 830|0x00000000b3e00000, 0x00000000b3f00000, 0x00000000b3f00000|100%| E|CS|TAMS 0x00000000b3e00000, 0x00000000b3e00000| Complete 
| 831|0x00000000b3f00000, 0x00000000b4000000, 0x00000000b4000000|100%| E|CS|TAMS 0x00000000b3f00000, 0x00000000b3f00000| Complete 
| 832|0x00000000b4000000, 0x00000000b4100000, 0x00000000b4100000|100%| E|CS|TAMS 0x00000000b4000000, 0x00000000b4000000| Complete 
| 833|0x00000000b4100000, 0x00000000b4200000, 0x00000000b4200000|100%| E|CS|TAMS 0x00000000b4100000, 0x00000000b4100000| Complete 
| 834|0x00000000b4200000, 0x00000000b4300000, 0x00000000b4300000|100%| E|CS|TAMS 0x00000000b4200000, 0x00000000b4200000| Complete 
| 835|0x00000000b4300000, 0x00000000b4400000, 0x00000000b4400000|100%| E|CS|TAMS 0x00000000b4300000, 0x00000000b4300000| Complete 
| 836|0x00000000b4400000, 0x00000000b4500000, 0x00000000b4500000|100%| E|CS|TAMS 0x00000000b4400000, 0x00000000b4400000| Complete 
| 837|0x00000000b4500000, 0x00000000b4600000, 0x00000000b4600000|100%| E|CS|TAMS 0x00000000b4500000, 0x00000000b4500000| Complete 
| 838|0x00000000b4600000, 0x00000000b4700000, 0x00000000b4700000|100%| E|CS|TAMS 0x00000000b4600000, 0x00000000b4600000| Complete 
| 839|0x00000000b4700000, 0x00000000b4800000, 0x00000000b4800000|100%| E|CS|TAMS 0x00000000b4700000, 0x00000000b4700000| Complete 
| 840|0x00000000b4800000, 0x00000000b4900000, 0x00000000b4900000|100%| E|CS|TAMS 0x00000000b4800000, 0x00000000b4800000| Complete 
| 841|0x00000000b4900000, 0x00000000b4a00000, 0x00000000b4a00000|100%| E|CS|TAMS 0x00000000b4900000, 0x00000000b4900000| Complete 
| 842|0x00000000b4a00000, 0x00000000b4b00000, 0x00000000b4b00000|100%| E|CS|TAMS 0x00000000b4a00000, 0x00000000b4a00000| Complete 
| 843|0x00000000b4b00000, 0x00000000b4c00000, 0x00000000b4c00000|100%| E|CS|TAMS 0x00000000b4b00000, 0x00000000b4b00000| Complete 
| 844|0x00000000b4c00000, 0x00000000b4d00000, 0x00000000b4d00000|100%| E|CS|TAMS 0x00000000b4c00000, 0x00000000b4c00000| Complete 
| 845|0x00000000b4d00000, 0x00000000b4e00000, 0x00000000b4e00000|100%| E|CS|TAMS 0x00000000b4d00000, 0x00000000b4d00000| Complete 
| 846|0x00000000b4e00000, 0x00000000b4f00000, 0x00000000b4f00000|100%| E|CS|TAMS 0x00000000b4e00000, 0x00000000b4e00000| Complete 
| 847|0x00000000b4f00000, 0x00000000b5000000, 0x00000000b5000000|100%| E|CS|TAMS 0x00000000b4f00000, 0x00000000b4f00000| Complete 
| 848|0x00000000b5000000, 0x00000000b5100000, 0x00000000b5100000|100%| E|CS|TAMS 0x00000000b5000000, 0x00000000b5000000| Complete 
| 849|0x00000000b5100000, 0x00000000b5200000, 0x00000000b5200000|100%| E|CS|TAMS 0x00000000b5100000, 0x00000000b5100000| Complete 
| 850|0x00000000b5200000, 0x00000000b5300000, 0x00000000b5300000|100%| E|CS|TAMS 0x00000000b5200000, 0x00000000b5200000| Complete 
| 851|0x00000000b5300000, 0x00000000b5400000, 0x00000000b5400000|100%| E|CS|TAMS 0x00000000b5300000, 0x00000000b5300000| Complete 
| 852|0x00000000b5400000, 0x00000000b5500000, 0x00000000b5500000|100%| E|CS|TAMS 0x00000000b5400000, 0x00000000b5400000| Complete 
| 853|0x00000000b5500000, 0x00000000b5600000, 0x00000000b5600000|100%| E|CS|TAMS 0x00000000b5500000, 0x00000000b5500000| Complete 
| 854|0x00000000b5600000, 0x00000000b5700000, 0x00000000b5700000|100%| E|CS|TAMS 0x00000000b5600000, 0x00000000b5600000| Complete 
| 855|0x00000000b5700000, 0x00000000b5800000, 0x00000000b5800000|100%| E|CS|TAMS 0x00000000b5700000, 0x00000000b5700000| Complete 
| 856|0x00000000b5800000, 0x00000000b5900000, 0x00000000b5900000|100%| E|CS|TAMS 0x00000000b5800000, 0x00000000b5800000| Complete 
| 857|0x00000000b5900000, 0x00000000b5a00000, 0x00000000b5a00000|100%| E|CS|TAMS 0x00000000b5900000, 0x00000000b5900000| Complete 
| 858|0x00000000b5a00000, 0x00000000b5b00000, 0x00000000b5b00000|100%| E|CS|TAMS 0x00000000b5a00000, 0x00000000b5a00000| Complete 
| 859|0x00000000b5b00000, 0x00000000b5c00000, 0x00000000b5c00000|100%| E|CS|TAMS 0x00000000b5b00000, 0x00000000b5b00000| Complete 
| 860|0x00000000b5c00000, 0x00000000b5d00000, 0x00000000b5d00000|100%| E|CS|TAMS 0x00000000b5c00000, 0x00000000b5c00000| Complete 
| 861|0x00000000b5d00000, 0x00000000b5e00000, 0x00000000b5e00000|100%| E|CS|TAMS 0x00000000b5d00000, 0x00000000b5d00000| Complete 
| 862|0x00000000b5e00000, 0x00000000b5f00000, 0x00000000b5f00000|100%| E|CS|TAMS 0x00000000b5e00000, 0x00000000b5e00000| Complete 
| 863|0x00000000b5f00000, 0x00000000b6000000, 0x00000000b6000000|100%| E|CS|TAMS 0x00000000b5f00000, 0x00000000b5f00000| Complete 
| 864|0x00000000b6000000, 0x00000000b6100000, 0x00000000b6100000|100%| E|CS|TAMS 0x00000000b6000000, 0x00000000b6000000| Complete 
| 865|0x00000000b6100000, 0x00000000b6200000, 0x00000000b6200000|100%| E|CS|TAMS 0x00000000b6100000, 0x00000000b6100000| Complete 
| 866|0x00000000b6200000, 0x00000000b6300000, 0x00000000b6300000|100%| E|CS|TAMS 0x00000000b6200000, 0x00000000b6200000| Complete 
| 867|0x00000000b6300000, 0x00000000b6400000, 0x00000000b6400000|100%| E|CS|TAMS 0x00000000b6300000, 0x00000000b6300000| Complete 
| 868|0x00000000b6400000, 0x00000000b6500000, 0x00000000b6500000|100%| E|CS|TAMS 0x00000000b6400000, 0x00000000b6400000| Complete 
| 869|0x00000000b6500000, 0x00000000b6600000, 0x00000000b6600000|100%| E|CS|TAMS 0x00000000b6500000, 0x00000000b6500000| Complete 
| 870|0x00000000b6600000, 0x00000000b6700000, 0x00000000b6700000|100%| E|CS|TAMS 0x00000000b6600000, 0x00000000b6600000| Complete 
| 871|0x00000000b6700000, 0x00000000b6800000, 0x00000000b6800000|100%| E|CS|TAMS 0x00000000b6700000, 0x00000000b6700000| Complete 
| 872|0x00000000b6800000, 0x00000000b6900000, 0x00000000b6900000|100%| E|CS|TAMS 0x00000000b6800000, 0x00000000b6800000| Complete 
| 873|0x00000000b6900000, 0x00000000b6a00000, 0x00000000b6a00000|100%| E|CS|TAMS 0x00000000b6900000, 0x00000000b6900000| Complete 
| 874|0x00000000b6a00000, 0x00000000b6b00000, 0x00000000b6b00000|100%| E|CS|TAMS 0x00000000b6a00000, 0x00000000b6a00000| Complete 
| 875|0x00000000b6b00000, 0x00000000b6c00000, 0x00000000b6c00000|100%| E|CS|TAMS 0x00000000b6b00000, 0x00000000b6b00000| Complete 
| 876|0x00000000b6c00000, 0x00000000b6d00000, 0x00000000b6d00000|100%| E|CS|TAMS 0x00000000b6c00000, 0x00000000b6c00000| Complete 
| 877|0x00000000b6d00000, 0x00000000b6e00000, 0x00000000b6e00000|100%| E|CS|TAMS 0x00000000b6d00000, 0x00000000b6d00000| Complete 
| 878|0x00000000b6e00000, 0x00000000b6f00000, 0x00000000b6f00000|100%| E|CS|TAMS 0x00000000b6e00000, 0x00000000b6e00000| Complete 
| 879|0x00000000b6f00000, 0x00000000b7000000, 0x00000000b7000000|100%| E|CS|TAMS 0x00000000b6f00000, 0x00000000b6f00000| Complete 
| 880|0x00000000b7000000, 0x00000000b7100000, 0x00000000b7100000|100%| E|CS|TAMS 0x00000000b7000000, 0x00000000b7000000| Complete 
| 881|0x00000000b7100000, 0x00000000b7200000, 0x00000000b7200000|100%| E|CS|TAMS 0x00000000b7100000, 0x00000000b7100000| Complete 
| 882|0x00000000b7200000, 0x00000000b7300000, 0x00000000b7300000|100%| E|CS|TAMS 0x00000000b7200000, 0x00000000b7200000| Complete 
| 883|0x00000000b7300000, 0x00000000b7400000, 0x00000000b7400000|100%| E|CS|TAMS 0x00000000b7300000, 0x00000000b7300000| Complete 
| 884|0x00000000b7400000, 0x00000000b7500000, 0x00000000b7500000|100%| E|CS|TAMS 0x00000000b7400000, 0x00000000b7400000| Complete 
| 885|0x00000000b7500000, 0x00000000b7600000, 0x00000000b7600000|100%| E|CS|TAMS 0x00000000b7500000, 0x00000000b7500000| Complete 
| 886|0x00000000b7600000, 0x00000000b7700000, 0x00000000b7700000|100%| E|CS|TAMS 0x00000000b7600000, 0x00000000b7600000| Complete 
| 887|0x00000000b7700000, 0x00000000b7800000, 0x00000000b7800000|100%| E|CS|TAMS 0x00000000b7700000, 0x00000000b7700000| Complete 
| 888|0x00000000b7800000, 0x00000000b7900000, 0x00000000b7900000|100%| E|CS|TAMS 0x00000000b7800000, 0x00000000b7800000| Complete 
| 889|0x00000000b7900000, 0x00000000b7a00000, 0x00000000b7a00000|100%| E|CS|TAMS 0x00000000b7900000, 0x00000000b7900000| Complete 
| 890|0x00000000b7a00000, 0x00000000b7b00000, 0x00000000b7b00000|100%| E|CS|TAMS 0x00000000b7a00000, 0x00000000b7a00000| Complete 
| 891|0x00000000b7b00000, 0x00000000b7c00000, 0x00000000b7c00000|100%| E|CS|TAMS 0x00000000b7b00000, 0x00000000b7b00000| Complete 
| 892|0x00000000b7c00000, 0x00000000b7d00000, 0x00000000b7d00000|100%| E|CS|TAMS 0x00000000b7c00000, 0x00000000b7c00000| Complete 
| 893|0x00000000b7d00000, 0x00000000b7e00000, 0x00000000b7e00000|100%| E|CS|TAMS 0x00000000b7d00000, 0x00000000b7d00000| Complete 
| 894|0x00000000b7e00000, 0x00000000b7f00000, 0x00000000b7f00000|100%| E|CS|TAMS 0x00000000b7e00000, 0x00000000b7e00000| Complete 
| 895|0x00000000b7f00000, 0x00000000b8000000, 0x00000000b8000000|100%| E|CS|TAMS 0x00000000b7f00000, 0x00000000b7f00000| Complete 
| 896|0x00000000b8000000, 0x00000000b8100000, 0x00000000b8100000|100%| E|CS|TAMS 0x00000000b8000000, 0x00000000b8000000| Complete 
| 897|0x00000000b8100000, 0x00000000b8200000, 0x00000000b8200000|100%| E|CS|TAMS 0x00000000b8100000, 0x00000000b8100000| Complete 
| 898|0x00000000b8200000, 0x00000000b8300000, 0x00000000b8300000|100%| E|CS|TAMS 0x00000000b8200000, 0x00000000b8200000| Complete 
| 899|0x00000000b8300000, 0x00000000b8400000, 0x00000000b8400000|100%| E|CS|TAMS 0x00000000b8300000, 0x00000000b8300000| Complete 
| 900|0x00000000b8400000, 0x00000000b8500000, 0x00000000b8500000|100%| E|CS|TAMS 0x00000000b8400000, 0x00000000b8400000| Complete 
| 901|0x00000000b8500000, 0x00000000b8600000, 0x00000000b8600000|100%| E|CS|TAMS 0x00000000b8500000, 0x00000000b8500000| Complete 
| 902|0x00000000b8600000, 0x00000000b8700000, 0x00000000b8700000|100%| E|CS|TAMS 0x00000000b8600000, 0x00000000b8600000| Complete 
| 903|0x00000000b8700000, 0x00000000b8800000, 0x00000000b8800000|100%| E|CS|TAMS 0x00000000b8700000, 0x00000000b8700000| Complete 
| 904|0x00000000b8800000, 0x00000000b8900000, 0x00000000b8900000|100%| E|CS|TAMS 0x00000000b8800000, 0x00000000b8800000| Complete 
| 905|0x00000000b8900000, 0x00000000b8a00000, 0x00000000b8a00000|100%| E|CS|TAMS 0x00000000b8900000, 0x00000000b8900000| Complete 
| 906|0x00000000b8a00000, 0x00000000b8b00000, 0x00000000b8b00000|100%| E|CS|TAMS 0x00000000b8a00000, 0x00000000b8a00000| Complete 
| 907|0x00000000b8b00000, 0x00000000b8c00000, 0x00000000b8c00000|100%| E|CS|TAMS 0x00000000b8b00000, 0x00000000b8b00000| Complete 
| 908|0x00000000b8c00000, 0x00000000b8d00000, 0x00000000b8d00000|100%| E|CS|TAMS 0x00000000b8c00000, 0x00000000b8c00000| Complete 
| 909|0x00000000b8d00000, 0x00000000b8e00000, 0x00000000b8e00000|100%| E|CS|TAMS 0x00000000b8d00000, 0x00000000b8d00000| Complete 
| 910|0x00000000b8e00000, 0x00000000b8f00000, 0x00000000b8f00000|100%| E|CS|TAMS 0x00000000b8e00000, 0x00000000b8e00000| Complete 
| 911|0x00000000b8f00000, 0x00000000b9000000, 0x00000000b9000000|100%| E|CS|TAMS 0x00000000b8f00000, 0x00000000b8f00000| Complete 
| 912|0x00000000b9000000, 0x00000000b9100000, 0x00000000b9100000|100%| E|CS|TAMS 0x00000000b9000000, 0x00000000b9000000| Complete 
| 913|0x00000000b9100000, 0x00000000b9200000, 0x00000000b9200000|100%| E|CS|TAMS 0x00000000b9100000, 0x00000000b9100000| Complete 
| 914|0x00000000b9200000, 0x00000000b9300000, 0x00000000b9300000|100%| E|CS|TAMS 0x00000000b9200000, 0x00000000b9200000| Complete 
| 915|0x00000000b9300000, 0x00000000b9400000, 0x00000000b9400000|100%| E|CS|TAMS 0x00000000b9300000, 0x00000000b9300000| Complete 
| 916|0x00000000b9400000, 0x00000000b9500000, 0x00000000b9500000|100%| E|CS|TAMS 0x00000000b9400000, 0x00000000b9400000| Complete 
| 917|0x00000000b9500000, 0x00000000b9600000, 0x00000000b9600000|100%| E|CS|TAMS 0x00000000b9500000, 0x00000000b9500000| Complete 
| 918|0x00000000b9600000, 0x00000000b9700000, 0x00000000b9700000|100%| E|CS|TAMS 0x00000000b9600000, 0x00000000b9600000| Complete 
| 919|0x00000000b9700000, 0x00000000b9800000, 0x00000000b9800000|100%| E|CS|TAMS 0x00000000b9700000, 0x00000000b9700000| Complete 
| 920|0x00000000b9800000, 0x00000000b9900000, 0x00000000b9900000|100%| E|CS|TAMS 0x00000000b9800000, 0x00000000b9800000| Complete 
| 921|0x00000000b9900000, 0x00000000b9a00000, 0x00000000b9a00000|100%| E|CS|TAMS 0x00000000b9900000, 0x00000000b9900000| Complete 
| 922|0x00000000b9a00000, 0x00000000b9b00000, 0x00000000b9b00000|100%| E|CS|TAMS 0x00000000b9a00000, 0x00000000b9a00000| Complete 
| 923|0x00000000b9b00000, 0x00000000b9c00000, 0x00000000b9c00000|100%| E|CS|TAMS 0x00000000b9b00000, 0x00000000b9b00000| Complete 
| 924|0x00000000b9c00000, 0x00000000b9d00000, 0x00000000b9d00000|100%| E|CS|TAMS 0x00000000b9c00000, 0x00000000b9c00000| Complete 
| 925|0x00000000b9d00000, 0x00000000b9e00000, 0x00000000b9e00000|100%| E|CS|TAMS 0x00000000b9d00000, 0x00000000b9d00000| Complete 
| 926|0x00000000b9e00000, 0x00000000b9f00000, 0x00000000b9f00000|100%| E|CS|TAMS 0x00000000b9e00000, 0x00000000b9e00000| Complete 
| 927|0x00000000b9f00000, 0x00000000ba000000, 0x00000000ba000000|100%| E|CS|TAMS 0x00000000b9f00000, 0x00000000b9f00000| Complete 
| 928|0x00000000ba000000, 0x00000000ba100000, 0x00000000ba100000|100%| E|CS|TAMS 0x00000000ba000000, 0x00000000ba000000| Complete 
| 929|0x00000000ba100000, 0x00000000ba200000, 0x00000000ba200000|100%| E|CS|TAMS 0x00000000ba100000, 0x00000000ba100000| Complete 
| 930|0x00000000ba200000, 0x00000000ba300000, 0x00000000ba300000|100%| E|CS|TAMS 0x00000000ba200000, 0x00000000ba200000| Complete 
| 931|0x00000000ba300000, 0x00000000ba400000, 0x00000000ba400000|100%| E|CS|TAMS 0x00000000ba300000, 0x00000000ba300000| Complete 
| 932|0x00000000ba400000, 0x00000000ba500000, 0x00000000ba500000|100%| E|CS|TAMS 0x00000000ba400000, 0x00000000ba400000| Complete 
| 933|0x00000000ba500000, 0x00000000ba600000, 0x00000000ba600000|100%| E|CS|TAMS 0x00000000ba500000, 0x00000000ba500000| Complete 
| 934|0x00000000ba600000, 0x00000000ba700000, 0x00000000ba700000|100%| E|CS|TAMS 0x00000000ba600000, 0x00000000ba600000| Complete 
| 935|0x00000000ba700000, 0x00000000ba800000, 0x00000000ba800000|100%| E|CS|TAMS 0x00000000ba700000, 0x00000000ba700000| Complete 
| 936|0x00000000ba800000, 0x00000000ba900000, 0x00000000ba900000|100%| E|CS|TAMS 0x00000000ba800000, 0x00000000ba800000| Complete 
| 937|0x00000000ba900000, 0x00000000baa00000, 0x00000000baa00000|100%| E|CS|TAMS 0x00000000ba900000, 0x00000000ba900000| Complete 
| 938|0x00000000baa00000, 0x00000000bab00000, 0x00000000bab00000|100%| E|CS|TAMS 0x00000000baa00000, 0x00000000baa00000| Complete 
| 939|0x00000000bab00000, 0x00000000bac00000, 0x00000000bac00000|100%| E|CS|TAMS 0x00000000bab00000, 0x00000000bab00000| Complete 
| 940|0x00000000bac00000, 0x00000000bad00000, 0x00000000bad00000|100%| E|CS|TAMS 0x00000000bac00000, 0x00000000bac00000| Complete 
| 941|0x00000000bad00000, 0x00000000bae00000, 0x00000000bae00000|100%| E|CS|TAMS 0x00000000bad00000, 0x00000000bad00000| Complete 
| 942|0x00000000bae00000, 0x00000000baf00000, 0x00000000baf00000|100%| E|CS|TAMS 0x00000000bae00000, 0x00000000bae00000| Complete 
| 943|0x00000000baf00000, 0x00000000bb000000, 0x00000000bb000000|100%| E|CS|TAMS 0x00000000baf00000, 0x00000000baf00000| Complete 
| 944|0x00000000bb000000, 0x00000000bb100000, 0x00000000bb100000|100%| E|CS|TAMS 0x00000000bb000000, 0x00000000bb000000| Complete 
| 945|0x00000000bb100000, 0x00000000bb200000, 0x00000000bb200000|100%| E|CS|TAMS 0x00000000bb100000, 0x00000000bb100000| Complete 
| 946|0x00000000bb200000, 0x00000000bb300000, 0x00000000bb300000|100%| E|CS|TAMS 0x00000000bb200000, 0x00000000bb200000| Complete 
| 947|0x00000000bb300000, 0x00000000bb400000, 0x00000000bb400000|100%| E|CS|TAMS 0x00000000bb300000, 0x00000000bb300000| Complete 
| 948|0x00000000bb400000, 0x00000000bb500000, 0x00000000bb500000|100%| E|CS|TAMS 0x00000000bb400000, 0x00000000bb400000| Complete 
| 949|0x00000000bb500000, 0x00000000bb600000, 0x00000000bb600000|100%| E|CS|TAMS 0x00000000bb500000, 0x00000000bb500000| Complete 
| 950|0x00000000bb600000, 0x00000000bb700000, 0x00000000bb700000|100%| E|CS|TAMS 0x00000000bb600000, 0x00000000bb600000| Complete 
| 951|0x00000000bb700000, 0x00000000bb800000, 0x00000000bb800000|100%| E|CS|TAMS 0x00000000bb700000, 0x00000000bb700000| Complete 
| 952|0x00000000bb800000, 0x00000000bb900000, 0x00000000bb900000|100%| E|CS|TAMS 0x00000000bb800000, 0x00000000bb800000| Complete 
| 953|0x00000000bb900000, 0x00000000bba00000, 0x00000000bba00000|100%| E|CS|TAMS 0x00000000bb900000, 0x00000000bb900000| Complete 
| 954|0x00000000bba00000, 0x00000000bbb00000, 0x00000000bbb00000|100%| E|CS|TAMS 0x00000000bba00000, 0x00000000bba00000| Complete 
| 955|0x00000000bbb00000, 0x00000000bbc00000, 0x00000000bbc00000|100%| E|CS|TAMS 0x00000000bbb00000, 0x00000000bbb00000| Complete 
| 956|0x00000000bbc00000, 0x00000000bbd00000, 0x00000000bbd00000|100%| E|CS|TAMS 0x00000000bbc00000, 0x00000000bbc00000| Complete 
| 957|0x00000000bbd00000, 0x00000000bbe00000, 0x00000000bbe00000|100%| E|CS|TAMS 0x00000000bbd00000, 0x00000000bbd00000| Complete 
| 958|0x00000000bbe00000, 0x00000000bbf00000, 0x00000000bbf00000|100%| E|CS|TAMS 0x00000000bbe00000, 0x00000000bbe00000| Complete 
| 959|0x00000000bbf00000, 0x00000000bc000000, 0x00000000bc000000|100%| E|CS|TAMS 0x00000000bbf00000, 0x00000000bbf00000| Complete 
| 960|0x00000000bc000000, 0x00000000bc100000, 0x00000000bc100000|100%| E|CS|TAMS 0x00000000bc000000, 0x00000000bc000000| Complete 
| 961|0x00000000bc100000, 0x00000000bc200000, 0x00000000bc200000|100%| E|CS|TAMS 0x00000000bc100000, 0x00000000bc100000| Complete 
| 962|0x00000000bc200000, 0x00000000bc300000, 0x00000000bc300000|100%| E|CS|TAMS 0x00000000bc200000, 0x00000000bc200000| Complete 
| 963|0x00000000bc300000, 0x00000000bc400000, 0x00000000bc400000|100%| E|CS|TAMS 0x00000000bc300000, 0x00000000bc300000| Complete 
| 964|0x00000000bc400000, 0x00000000bc500000, 0x00000000bc500000|100%| E|CS|TAMS 0x00000000bc400000, 0x00000000bc400000| Complete 
| 965|0x00000000bc500000, 0x00000000bc600000, 0x00000000bc600000|100%| E|CS|TAMS 0x00000000bc500000, 0x00000000bc500000| Complete 
| 966|0x00000000bc600000, 0x00000000bc700000, 0x00000000bc700000|100%| E|CS|TAMS 0x00000000bc600000, 0x00000000bc600000| Complete 
| 967|0x00000000bc700000, 0x00000000bc800000, 0x00000000bc800000|100%| E|CS|TAMS 0x00000000bc700000, 0x00000000bc700000| Complete 
| 968|0x00000000bc800000, 0x00000000bc900000, 0x00000000bc900000|100%| E|CS|TAMS 0x00000000bc800000, 0x00000000bc800000| Complete 
| 969|0x00000000bc900000, 0x00000000bca00000, 0x00000000bca00000|100%| E|CS|TAMS 0x00000000bc900000, 0x00000000bc900000| Complete 
| 970|0x00000000bca00000, 0x00000000bcb00000, 0x00000000bcb00000|100%| E|CS|TAMS 0x00000000bca00000, 0x00000000bca00000| Complete 
| 971|0x00000000bcb00000, 0x00000000bcc00000, 0x00000000bcc00000|100%| E|CS|TAMS 0x00000000bcb00000, 0x00000000bcb00000| Complete 
| 972|0x00000000bcc00000, 0x00000000bcd00000, 0x00000000bcd00000|100%| E|CS|TAMS 0x00000000bcc00000, 0x00000000bcc00000| Complete 
| 973|0x00000000bcd00000, 0x00000000bce00000, 0x00000000bce00000|100%| E|CS|TAMS 0x00000000bcd00000, 0x00000000bcd00000| Complete 
| 974|0x00000000bce00000, 0x00000000bcf00000, 0x00000000bcf00000|100%| E|CS|TAMS 0x00000000bce00000, 0x00000000bce00000| Complete 
| 975|0x00000000bcf00000, 0x00000000bd000000, 0x00000000bd000000|100%| E|CS|TAMS 0x00000000bcf00000, 0x00000000bcf00000| Complete 
| 976|0x00000000bd000000, 0x00000000bd100000, 0x00000000bd100000|100%| E|CS|TAMS 0x00000000bd000000, 0x00000000bd000000| Complete 
| 977|0x00000000bd100000, 0x00000000bd200000, 0x00000000bd200000|100%| E|CS|TAMS 0x00000000bd100000, 0x00000000bd100000| Complete 
| 978|0x00000000bd200000, 0x00000000bd300000, 0x00000000bd300000|100%| E|CS|TAMS 0x00000000bd200000, 0x00000000bd200000| Complete 
| 979|0x00000000bd300000, 0x00000000bd400000, 0x00000000bd400000|100%| E|CS|TAMS 0x00000000bd300000, 0x00000000bd300000| Complete 
| 980|0x00000000bd400000, 0x00000000bd500000, 0x00000000bd500000|100%| E|CS|TAMS 0x00000000bd400000, 0x00000000bd400000| Complete 
| 981|0x00000000bd500000, 0x00000000bd600000, 0x00000000bd600000|100%| E|CS|TAMS 0x00000000bd500000, 0x00000000bd500000| Complete 
| 982|0x00000000bd600000, 0x00000000bd700000, 0x00000000bd700000|100%| E|CS|TAMS 0x00000000bd600000, 0x00000000bd600000| Complete 
| 983|0x00000000bd700000, 0x00000000bd800000, 0x00000000bd800000|100%| E|CS|TAMS 0x00000000bd700000, 0x00000000bd700000| Complete 
| 984|0x00000000bd800000, 0x00000000bd900000, 0x00000000bd900000|100%| E|CS|TAMS 0x00000000bd800000, 0x00000000bd800000| Complete 
| 985|0x00000000bd900000, 0x00000000bda00000, 0x00000000bda00000|100%| E|CS|TAMS 0x00000000bd900000, 0x00000000bd900000| Complete 
| 986|0x00000000bda00000, 0x00000000bdb00000, 0x00000000bdb00000|100%| E|CS|TAMS 0x00000000bda00000, 0x00000000bda00000| Complete 
| 987|0x00000000bdb00000, 0x00000000bdc00000, 0x00000000bdc00000|100%| E|CS|TAMS 0x00000000bdb00000, 0x00000000bdb00000| Complete 
| 988|0x00000000bdc00000, 0x00000000bdd00000, 0x00000000bdd00000|100%| E|CS|TAMS 0x00000000bdc00000, 0x00000000bdc00000| Complete 
| 989|0x00000000bdd00000, 0x00000000bde00000, 0x00000000bde00000|100%| E|CS|TAMS 0x00000000bdd00000, 0x00000000bdd00000| Complete 
| 990|0x00000000bde00000, 0x00000000bdf00000, 0x00000000bdf00000|100%| E|CS|TAMS 0x00000000bde00000, 0x00000000bde00000| Complete 
| 991|0x00000000bdf00000, 0x00000000be000000, 0x00000000be000000|100%| E|CS|TAMS 0x00000000bdf00000, 0x00000000bdf00000| Complete 
| 992|0x00000000be000000, 0x00000000be100000, 0x00000000be100000|100%| E|CS|TAMS 0x00000000be000000, 0x00000000be000000| Complete 
| 993|0x00000000be100000, 0x00000000be200000, 0x00000000be200000|100%| E|CS|TAMS 0x00000000be100000, 0x00000000be100000| Complete 
| 994|0x00000000be200000, 0x00000000be300000, 0x00000000be300000|100%| E|CS|TAMS 0x00000000be200000, 0x00000000be200000| Complete 
| 995|0x00000000be300000, 0x00000000be400000, 0x00000000be400000|100%| E|CS|TAMS 0x00000000be300000, 0x00000000be300000| Complete 
| 996|0x00000000be400000, 0x00000000be500000, 0x00000000be500000|100%| E|CS|TAMS 0x00000000be400000, 0x00000000be400000| Complete 
| 997|0x00000000be500000, 0x00000000be600000, 0x00000000be600000|100%| E|CS|TAMS 0x00000000be500000, 0x00000000be500000| Complete 
| 998|0x00000000be600000, 0x00000000be700000, 0x00000000be700000|100%| E|CS|TAMS 0x00000000be600000, 0x00000000be600000| Complete 
| 999|0x00000000be700000, 0x00000000be800000, 0x00000000be800000|100%| E|CS|TAMS 0x00000000be700000, 0x00000000be700000| Complete 
|1000|0x00000000be800000, 0x00000000be900000, 0x00000000be900000|100%| E|CS|TAMS 0x00000000be800000, 0x00000000be800000| Complete 
|1001|0x00000000be900000, 0x00000000bea00000, 0x00000000bea00000|100%| E|CS|TAMS 0x00000000be900000, 0x00000000be900000| Complete 
|1002|0x00000000bea00000, 0x00000000beb00000, 0x00000000beb00000|100%| E|CS|TAMS 0x00000000bea00000, 0x00000000bea00000| Complete 
|1003|0x00000000beb00000, 0x00000000bec00000, 0x00000000bec00000|100%| E|CS|TAMS 0x00000000beb00000, 0x00000000beb00000| Complete 
|1004|0x00000000bec00000, 0x00000000bed00000, 0x00000000bed00000|100%| E|CS|TAMS 0x00000000bec00000, 0x00000000bec00000| Complete 
|1005|0x00000000bed00000, 0x00000000bee00000, 0x00000000bee00000|100%| E|CS|TAMS 0x00000000bed00000, 0x00000000bed00000| Complete 
|1006|0x00000000bee00000, 0x00000000bef00000, 0x00000000bef00000|100%| E|CS|TAMS 0x00000000bee00000, 0x00000000bee00000| Complete 
|1007|0x00000000bef00000, 0x00000000bf000000, 0x00000000bf000000|100%| E|CS|TAMS 0x00000000bef00000, 0x00000000bef00000| Complete 
|1008|0x00000000bf000000, 0x00000000bf100000, 0x00000000bf100000|100%| E|CS|TAMS 0x00000000bf000000, 0x00000000bf000000| Complete 
|1009|0x00000000bf100000, 0x00000000bf200000, 0x00000000bf200000|100%| E|CS|TAMS 0x00000000bf100000, 0x00000000bf100000| Complete 
|1010|0x00000000bf200000, 0x00000000bf300000, 0x00000000bf300000|100%| E|CS|TAMS 0x00000000bf200000, 0x00000000bf200000| Complete 
|1011|0x00000000bf300000, 0x00000000bf400000, 0x00000000bf400000|100%| E|CS|TAMS 0x00000000bf300000, 0x00000000bf300000| Complete 
|1012|0x00000000bf400000, 0x00000000bf500000, 0x00000000bf500000|100%| E|CS|TAMS 0x00000000bf400000, 0x00000000bf400000| Complete 
|1013|0x00000000bf500000, 0x00000000bf600000, 0x00000000bf600000|100%| E|CS|TAMS 0x00000000bf500000, 0x00000000bf500000| Complete 
|1014|0x00000000bf600000, 0x00000000bf700000, 0x00000000bf700000|100%| E|CS|TAMS 0x00000000bf600000, 0x00000000bf600000| Complete 
|1015|0x00000000bf700000, 0x00000000bf800000, 0x00000000bf800000|100%| E|CS|TAMS 0x00000000bf700000, 0x00000000bf700000| Complete 
|1016|0x00000000bf800000, 0x00000000bf900000, 0x00000000bf900000|100%| E|CS|TAMS 0x00000000bf800000, 0x00000000bf800000| Complete 
|1017|0x00000000bf900000, 0x00000000bfa00000, 0x00000000bfa00000|100%| E|CS|TAMS 0x00000000bf900000, 0x00000000bf900000| Complete 
|1018|0x00000000bfa00000, 0x00000000bfb00000, 0x00000000bfb00000|100%| E|CS|TAMS 0x00000000bfa00000, 0x00000000bfa00000| Complete 
|1019|0x00000000bfb00000, 0x00000000bfc00000, 0x00000000bfc00000|100%| E|CS|TAMS 0x00000000bfb00000, 0x00000000bfb00000| Complete 
|1020|0x00000000bfc00000, 0x00000000bfd00000, 0x00000000bfd00000|100%| E|CS|TAMS 0x00000000bfc00000, 0x00000000bfc00000| Complete 
|1021|0x00000000bfd00000, 0x00000000bfe00000, 0x00000000bfe00000|100%| E|CS|TAMS 0x00000000bfd00000, 0x00000000bfd00000| Complete 
|1022|0x00000000bfe00000, 0x00000000bff00000, 0x00000000bff00000|100%| E|CS|TAMS 0x00000000bfe00000, 0x00000000bfe00000| Complete 
|1023|0x00000000bff00000, 0x00000000c0000000, 0x00000000c0000000|100%| E|CS|TAMS 0x00000000bff00000, 0x00000000bff00000| Complete 
|1024|0x00000000c0000000, 0x00000000c0100000, 0x00000000c0100000|100%| E|CS|TAMS 0x00000000c0000000, 0x00000000c0000000| Complete 
|1025|0x00000000c0100000, 0x00000000c0200000, 0x00000000c0200000|100%| E|CS|TAMS 0x00000000c0100000, 0x00000000c0100000| Complete 
|1026|0x00000000c0200000, 0x00000000c0300000, 0x00000000c0300000|100%| E|CS|TAMS 0x00000000c0200000, 0x00000000c0200000| Complete 
|1027|0x00000000c0300000, 0x00000000c0400000, 0x00000000c0400000|100%| E|CS|TAMS 0x00000000c0300000, 0x00000000c0300000| Complete 
|1028|0x00000000c0400000, 0x00000000c0500000, 0x00000000c0500000|100%| E|CS|TAMS 0x00000000c0400000, 0x00000000c0400000| Complete 
|1029|0x00000000c0500000, 0x00000000c0600000, 0x00000000c0600000|100%| E|CS|TAMS 0x00000000c0500000, 0x00000000c0500000| Complete 
|1030|0x00000000c0600000, 0x00000000c0700000, 0x00000000c0700000|100%| E|CS|TAMS 0x00000000c0600000, 0x00000000c0600000| Complete 
|1031|0x00000000c0700000, 0x00000000c0800000, 0x00000000c0800000|100%| E|CS|TAMS 0x00000000c0700000, 0x00000000c0700000| Complete 
|1032|0x00000000c0800000, 0x00000000c0900000, 0x00000000c0900000|100%| E|CS|TAMS 0x00000000c0800000, 0x00000000c0800000| Complete 
|1033|0x00000000c0900000, 0x00000000c0a00000, 0x00000000c0a00000|100%| E|CS|TAMS 0x00000000c0900000, 0x00000000c0900000| Complete 
|1034|0x00000000c0a00000, 0x00000000c0b00000, 0x00000000c0b00000|100%| E|CS|TAMS 0x00000000c0a00000, 0x00000000c0a00000| Complete 
|1035|0x00000000c0b00000, 0x00000000c0c00000, 0x00000000c0c00000|100%| E|CS|TAMS 0x00000000c0b00000, 0x00000000c0b00000| Complete 
|1036|0x00000000c0c00000, 0x00000000c0d00000, 0x00000000c0d00000|100%| E|CS|TAMS 0x00000000c0c00000, 0x00000000c0c00000| Complete 
|1037|0x00000000c0d00000, 0x00000000c0e00000, 0x00000000c0e00000|100%| E|CS|TAMS 0x00000000c0d00000, 0x00000000c0d00000| Complete 
|1038|0x00000000c0e00000, 0x00000000c0f00000, 0x00000000c0f00000|100%| E|CS|TAMS 0x00000000c0e00000, 0x00000000c0e00000| Complete 
|1039|0x00000000c0f00000, 0x00000000c1000000, 0x00000000c1000000|100%| E|CS|TAMS 0x00000000c0f00000, 0x00000000c0f00000| Complete 
|1040|0x00000000c1000000, 0x00000000c1100000, 0x00000000c1100000|100%| E|CS|TAMS 0x00000000c1000000, 0x00000000c1000000| Complete 
|1041|0x00000000c1100000, 0x00000000c1200000, 0x00000000c1200000|100%| E|CS|TAMS 0x00000000c1100000, 0x00000000c1100000| Complete 
|1042|0x00000000c1200000, 0x00000000c1300000, 0x00000000c1300000|100%| E|CS|TAMS 0x00000000c1200000, 0x00000000c1200000| Complete 
|1043|0x00000000c1300000, 0x00000000c1400000, 0x00000000c1400000|100%| E|CS|TAMS 0x00000000c1300000, 0x00000000c1300000| Complete 
|1044|0x00000000c1400000, 0x00000000c1500000, 0x00000000c1500000|100%| E|CS|TAMS 0x00000000c1400000, 0x00000000c1400000| Complete 
|1045|0x00000000c1500000, 0x00000000c1600000, 0x00000000c1600000|100%| E|CS|TAMS 0x00000000c1500000, 0x00000000c1500000| Complete 
|1046|0x00000000c1600000, 0x00000000c1700000, 0x00000000c1700000|100%| E|CS|TAMS 0x00000000c1600000, 0x00000000c1600000| Complete 
|1047|0x00000000c1700000, 0x00000000c1800000, 0x00000000c1800000|100%| E|CS|TAMS 0x00000000c1700000, 0x00000000c1700000| Complete 
|1048|0x00000000c1800000, 0x00000000c1900000, 0x00000000c1900000|100%| E|CS|TAMS 0x00000000c1800000, 0x00000000c1800000| Complete 
|1049|0x00000000c1900000, 0x00000000c1a00000, 0x00000000c1a00000|100%| E|CS|TAMS 0x00000000c1900000, 0x00000000c1900000| Complete 
|1050|0x00000000c1a00000, 0x00000000c1b00000, 0x00000000c1b00000|100%| E|CS|TAMS 0x00000000c1a00000, 0x00000000c1a00000| Complete 
|1051|0x00000000c1b00000, 0x00000000c1c00000, 0x00000000c1c00000|100%| E|CS|TAMS 0x00000000c1b00000, 0x00000000c1b00000| Complete 
|1052|0x00000000c1c00000, 0x00000000c1d00000, 0x00000000c1d00000|100%| E|CS|TAMS 0x00000000c1c00000, 0x00000000c1c00000| Complete 
|1053|0x00000000c1d00000, 0x00000000c1e00000, 0x00000000c1e00000|100%| E|CS|TAMS 0x00000000c1d00000, 0x00000000c1d00000| Complete 
|1054|0x00000000c1e00000, 0x00000000c1f00000, 0x00000000c1f00000|100%| E|CS|TAMS 0x00000000c1e00000, 0x00000000c1e00000| Complete 
|1055|0x00000000c1f00000, 0x00000000c2000000, 0x00000000c2000000|100%| E|CS|TAMS 0x00000000c1f00000, 0x00000000c1f00000| Complete 
|1056|0x00000000c2000000, 0x00000000c2100000, 0x00000000c2100000|100%| E|CS|TAMS 0x00000000c2000000, 0x00000000c2000000| Complete 
|1057|0x00000000c2100000, 0x00000000c2200000, 0x00000000c2200000|100%| E|CS|TAMS 0x00000000c2100000, 0x00000000c2100000| Complete 
|1058|0x00000000c2200000, 0x00000000c2300000, 0x00000000c2300000|100%| E|CS|TAMS 0x00000000c2200000, 0x00000000c2200000| Complete 
|1059|0x00000000c2300000, 0x00000000c2400000, 0x00000000c2400000|100%| E|CS|TAMS 0x00000000c2300000, 0x00000000c2300000| Complete 
|1060|0x00000000c2400000, 0x00000000c2500000, 0x00000000c2500000|100%| E|CS|TAMS 0x00000000c2400000, 0x00000000c2400000| Complete 
|1061|0x00000000c2500000, 0x00000000c2600000, 0x00000000c2600000|100%| E|CS|TAMS 0x00000000c2500000, 0x00000000c2500000| Complete 
|1062|0x00000000c2600000, 0x00000000c2700000, 0x00000000c2700000|100%| E|CS|TAMS 0x00000000c2600000, 0x00000000c2600000| Complete 
|1063|0x00000000c2700000, 0x00000000c2800000, 0x00000000c2800000|100%| E|CS|TAMS 0x00000000c2700000, 0x00000000c2700000| Complete 

Card table byte_map: [0x0000012a5ffe0000,0x0000012a603e0000] _byte_map_base: 0x0000012a5fbe0000

Marking Bits (Prev, Next): (CMBitMap*) 0x0000012a4d428050, (CMBitMap*) 0x0000012a4d428010
 Prev Bits: [0x0000012a627e0000, 0x0000012a647e0000)
 Next Bits: [0x0000012a607e0000, 0x0000012a627e0000)

Polling page: 0x0000012a4b390000

Metaspace:

Usage:
  Non-class:    122.86 MB used.
      Class:     18.68 MB used.
       Both:    141.54 MB used.

Virtual space:
  Non-class space:      128.00 MB reserved,     123.44 MB ( 96%) committed,  2 nodes.
      Class space:        1.00 GB reserved,      19.25 MB (  2%) committed,  1 nodes.
             Both:        1.12 GB reserved,     142.69 MB ( 12%) committed. 

Chunk freelists:
   Non-Class:  4.48 MB
       Class:  12.76 MB
        Both:  17.24 MB

MaxMetaspaceSize: unlimited
CompressedClassSpaceSize: 1.00 GB
Initial GC threshold: 21.00 MB
Current GC threshold: 199.38 MB
CDS: off
MetaspaceReclaimPolicy: balanced
 - commit_granule_bytes: 65536.
 - commit_granule_words: 8192.
 - virtual_space_node_default_size: 8388608.
 - enlarge_chunks_in_place: 1.
 - new_chunks_are_fully_committed: 0.
 - uncommit_free_chunks: 1.
 - use_allocation_guard: 0.
 - handle_deallocations: 1.


Internal statistics:

num_allocs_failed_limit: 6.
num_arena_births: 1994.
num_arena_deaths: 12.
num_vsnodes_births: 3.
num_vsnodes_deaths: 0.
num_space_committed: 2281.
num_space_uncommitted: 0.
num_chunks_returned_to_freelist: 19.
num_chunks_taken_from_freelist: 7828.
num_chunk_merges: 9.
num_chunk_splits: 5098.
num_chunks_enlarged: 3263.
num_inconsistent_stats: 0.

CodeHeap 'non-profiled nmethods': size=120000Kb used=17296Kb max_used=17296Kb free=102703Kb
 bounds [0x0000012a58380000, 0x0000012a59470000, 0x0000012a5f8b0000]
CodeHeap 'profiled nmethods': size=120000Kb used=44467Kb max_used=44467Kb free=75532Kb
 bounds [0x0000012a508b0000, 0x0000012a53420000, 0x0000012a57de0000]
CodeHeap 'non-nmethods': size=5760Kb used=2477Kb max_used=2522Kb free=3282Kb
 bounds [0x0000012a57de0000, 0x0000012a58070000, 0x0000012a58380000]
 total_blobs=23700 nmethods=22674 adapters=938
 compilation: enabled
              stopped_count=0, restarted_count=0
 full_count=0

Compilation events (20 events):
Event: 857.309 Thread 0x0000012a674bcaf0 29016       3       org.jetbrains.kotlin.gradle.internal.kapt.incremental.ClassTypeExtractorVisitor::getAbiTypes (134 bytes)
Event: 857.313 Thread 0x0000012a674bcaf0 nmethod 29016 0x0000012a53416310 code [0x0000012a534166a0, 0x0000012a53417f88]
Event: 857.313 Thread 0x0000012a674bcaf0 29017       3       org.jetbrains.kotlin.gradle.internal.kapt.incremental.ClassTypeExtractorVisitor::getPrivateTypes (148 bytes)
Event: 857.316 Thread 0x0000012a674bcaf0 nmethod 29017 0x0000012a53418890 code [0x0000012a53418c40, 0x0000012a5341a618]
Event: 857.380 Thread 0x0000012a674bcaf0 29019       3       java.io.ObjectOutputStream::write (13 bytes)
Event: 857.380 Thread 0x0000012a674bcaf0 nmethod 29019 0x0000012a5341af90 code [0x0000012a5341b140, 0x0000012a5341b2a8]
Event: 857.403 Thread 0x0000012a674bcaf0 29020       3       org.jetbrains.org.objectweb.asm.MethodVisitor::visitAnnotableParameterCount (17 bytes)
Event: 857.403 Thread 0x0000012a674bcaf0 nmethod 29020 0x0000012a5341b390 code [0x0000012a5341b540, 0x0000012a5341b748]
Event: 857.591 Thread 0x0000012a674bcaf0 29024       2       org.jetbrains.kotlin.gradle.internal.kapt.incremental.FieldTypeExtractorVisitor::visitAnnotation (53 bytes)
Event: 857.593 Thread 0x0000012a674bcaf0 nmethod 29024 0x0000012a5341b810 code [0x0000012a5341ba40, 0x0000012a5341bf58]
Event: 857.593 Thread 0x0000012a674bcaf0 29025       2       org.jetbrains.org.objectweb.asm.FieldVisitor::visitAnnotation (19 bytes)
Event: 857.593 Thread 0x0000012a674bcaf0 nmethod 29025 0x0000012a5341c310 code [0x0000012a5341c4c0, 0x0000012a5341c628]
Event: 857.874 Thread 0x0000012a674bcaf0 29032       2       java.io.ObjectOutputStream$BlockDataOutputStream::writeUTF (46 bytes)
Event: 857.875 Thread 0x0000012a674bcaf0 nmethod 29032 0x0000012a5341c710 code [0x0000012a5341c8e0, 0x0000012a5341cb78]
Event: 857.897 Thread 0x0000012a674b8950 nmethod 28951 0x0000012a59458490 code [0x0000012a59458a00, 0x0000012a5945fe88]
Event: 857.898 Thread 0x0000012a674b8950 28960       4       org.jetbrains.org.objectweb.asm.ClassReader::readField (667 bytes)
Event: 857.991 Thread 0x0000012a674bcaf0 29033 %     3       org.jetbrains.org.objectweb.asm.SymbolTable::addConstantIntegerOrFloat @ 13 (100 bytes)
Event: 857.993 Thread 0x0000012a674bcaf0 nmethod 29033% 0x0000012a5341cd10 code [0x0000012a5341cf20, 0x0000012a5341d518]
Event: 858.007 Thread 0x0000012a674bcaf0 29035       3       org.jetbrains.org.objectweb.asm.SymbolTable::addConstantIntegerOrFloat (100 bytes)
Event: 858.008 Thread 0x0000012a674bcaf0 nmethod 29035 0x0000012a5341d790 code [0x0000012a5341d9a0, 0x0000012a5341ded8]

GC Heap History (20 events):
Event: 762.426 GC heap before
{Heap before GC invocations=99 (full 0):
 garbage-first heap   total 1089536K, used 634785K [0x0000000080000000, 0x0000000100000000)
  region size 1024K, 53 young (54272K), 14 survivors (14336K)
 Metaspace       used 127553K, committed 128576K, reserved 1179648K
  class space    used 17321K, committed 17856K, reserved 1048576K
}
Event: 762.470 GC heap after
{Heap after GC invocations=100 (full 0):
 garbage-first heap   total 1089536K, used 601047K [0x0000000080000000, 0x0000000100000000)
  region size 1024K, 5 young (5120K), 5 survivors (5120K)
 Metaspace       used 127553K, committed 128576K, reserved 1179648K
  class space    used 17321K, committed 17856K, reserved 1048576K
}
Event: 767.073 GC heap before
{Heap before GC invocations=100 (full 0):
 garbage-first heap   total 1089536K, used 745431K [0x0000000080000000, 0x0000000100000000)
  region size 1024K, 119 young (121856K), 5 survivors (5120K)
 Metaspace       used 131300K, committed 132288K, reserved 1179648K
  class space    used 17645K, committed 18112K, reserved 1048576K
}
Event: 767.142 GC heap after
{Heap after GC invocations=101 (full 0):
 garbage-first heap   total 1089536K, used 613095K [0x0000000080000000, 0x0000000100000000)
  region size 1024K, 15 young (15360K), 15 survivors (15360K)
 Metaspace       used 131300K, committed 132288K, reserved 1179648K
  class space    used 17645K, committed 18112K, reserved 1048576K
}
Event: 769.808 GC heap before
{Heap before GC invocations=101 (full 0):
 garbage-first heap   total 1089536K, used 750311K [0x0000000080000000, 0x0000000100000000)
  region size 1024K, 148 young (151552K), 15 survivors (15360K)
 Metaspace       used 133273K, committed 134208K, reserved 1179648K
  class space    used 17825K, committed 18304K, reserved 1048576K
}
Event: 769.855 GC heap after
{Heap after GC invocations=102 (full 0):
 garbage-first heap   total 1089536K, used 607502K [0x0000000080000000, 0x0000000100000000)
  region size 1024K, 3 young (3072K), 3 survivors (3072K)
 Metaspace       used 133273K, committed 134208K, reserved 1179648K
  class space    used 17825K, committed 18304K, reserved 1048576K
}
Event: 782.772 GC heap before
{Heap before GC invocations=102 (full 0):
 garbage-first heap   total 1089536K, used 895246K [0x0000000080000000, 0x0000000100000000)
  region size 1024K, 285 young (291840K), 3 survivors (3072K)
 Metaspace       used 137020K, committed 138112K, reserved 1179648K
  class space    used 18218K, committed 18752K, reserved 1048576K
}
Event: 782.998 GC heap after
{Heap after GC invocations=103 (full 0):
 garbage-first heap   total 1089536K, used 619616K [0x0000000080000000, 0x0000000100000000)
  region size 1024K, 15 young (15360K), 15 survivors (15360K)
 Metaspace       used 137020K, committed 138112K, reserved 1179648K
  class space    used 18218K, committed 18752K, reserved 1048576K
}
Event: 788.598 GC heap before
{Heap before GC invocations=103 (full 0):
 garbage-first heap   total 1089536K, used 706656K [0x0000000080000000, 0x0000000100000000)
  region size 1024K, 101 young (103424K), 15 survivors (15360K)
 Metaspace       used 137548K, committed 138624K, reserved 1179648K
  class space    used 18276K, committed 18816K, reserved 1048576K
}
Event: 788.680 GC heap after
{Heap after GC invocations=104 (full 0):
 garbage-first heap   total 1089536K, used 622647K [0x0000000080000000, 0x0000000100000000)
  region size 1024K, 4 young (4096K), 4 survivors (4096K)
 Metaspace       used 137548K, committed 138624K, reserved 1179648K
  class space    used 18276K, committed 18816K, reserved 1048576K
}
Event: 792.326 GC heap before
{Heap before GC invocations=104 (full 0):
 garbage-first heap   total 1089536K, used 895031K [0x0000000080000000, 0x0000000100000000)
  region size 1024K, 271 young (277504K), 4 survivors (4096K)
 Metaspace       used 137687K, committed 138752K, reserved 1179648K
  class space    used 18294K, committed 18816K, reserved 1048576K
}
Event: 792.352 GC heap after
{Heap after GC invocations=105 (full 0):
 garbage-first heap   total 1089536K, used 622288K [0x0000000080000000, 0x0000000100000000)
  region size 1024K, 4 young (4096K), 4 survivors (4096K)
 Metaspace       used 137687K, committed 138752K, reserved 1179648K
  class space    used 18294K, committed 18816K, reserved 1048576K
}
Event: 795.318 GC heap before
{Heap before GC invocations=105 (full 0):
 garbage-first heap   total 1089536K, used 928464K [0x0000000080000000, 0x0000000100000000)
  region size 1024K, 304 young (311296K), 4 survivors (4096K)
 Metaspace       used 140628K, committed 141760K, reserved 1179648K
  class space    used 18565K, committed 19136K, reserved 1048576K
}
Event: 795.394 GC heap after
{Heap after GC invocations=106 (full 0):
 garbage-first heap   total 1089536K, used 627806K [0x0000000080000000, 0x0000000100000000)
  region size 1024K, 9 young (9216K), 9 survivors (9216K)
 Metaspace       used 140628K, committed 141760K, reserved 1179648K
  class space    used 18565K, committed 19136K, reserved 1048576K
}
Event: 797.571 GC heap before
{Heap before GC invocations=106 (full 0):
 garbage-first heap   total 1089536K, used 935006K [0x0000000080000000, 0x0000000100000000)
  region size 1024K, 310 young (317440K), 9 survivors (9216K)
 Metaspace       used 140951K, committed 142016K, reserved 1179648K
  class space    used 18584K, committed 19136K, reserved 1048576K
}
Event: 797.631 GC heap after
{Heap after GC invocations=107 (full 0):
 garbage-first heap   total 1089536K, used 626378K [0x0000000080000000, 0x0000000100000000)
  region size 1024K, 8 young (8192K), 8 survivors (8192K)
 Metaspace       used 140951K, committed 142016K, reserved 1179648K
  class space    used 18584K, committed 19136K, reserved 1048576K
}
Event: 799.117 GC heap before
{Heap before GC invocations=107 (full 0):
 garbage-first heap   total 1089536K, used 943818K [0x0000000080000000, 0x0000000100000000)
  region size 1024K, 317 young (324608K), 8 survivors (8192K)
 Metaspace       used 140988K, committed 142080K, reserved 1179648K
  class space    used 18584K, committed 19136K, reserved 1048576K
}
Event: 799.144 GC heap after
{Heap after GC invocations=108 (full 0):
 garbage-first heap   total 1089536K, used 629942K [0x0000000080000000, 0x0000000100000000)
  region size 1024K, 11 young (11264K), 11 survivors (11264K)
 Metaspace       used 140988K, committed 142080K, reserved 1179648K
  class space    used 18584K, committed 19136K, reserved 1048576K
}
Event: 800.261 GC heap before
{Heap before GC invocations=108 (full 0):
 garbage-first heap   total 1089536K, used 947382K [0x0000000080000000, 0x0000000100000000)
  region size 1024K, 319 young (326656K), 11 survivors (11264K)
 Metaspace       used 141000K, committed 142080K, reserved 1179648K
  class space    used 18584K, committed 19136K, reserved 1048576K
}
Event: 800.279 GC heap after
{Heap after GC invocations=109 (full 0):
 garbage-first heap   total 1089536K, used 630166K [0x0000000080000000, 0x0000000100000000)
  region size 1024K, 10 young (10240K), 10 survivors (10240K)
 Metaspace       used 141000K, committed 142080K, reserved 1179648K
  class space    used 18584K, committed 19136K, reserved 1048576K
}

Dll operation events (3 events):
Event: 0.026 Loaded shared library C:\Program Files\Android\Android Studio\jbr\bin\java.dll
Event: 0.275 Loaded shared library C:\Program Files\Android\Android Studio\jbr\bin\zip.dll
Event: 0.936 Loaded shared library C:\Program Files\Android\Android Studio\jbr\bin\verify.dll

Deoptimization events (20 events):
Event: 856.830 Thread 0x0000012a72a62bb0 Uncommon trap: trap_request=0xffffff45 fr.pc=0x0000012a5912f2dc relative=0x0000000000004d1c
Event: 856.830 Thread 0x0000012a72a62bb0 Uncommon trap: reason=unstable_if action=reinterpret pc=0x0000012a5912f2dc method=org.jetbrains.org.objectweb.asm.ClassWriter.toByteArray()[B @ 121 c2
Event: 856.830 Thread 0x0000012a72a62bb0 DEOPT PACKING pc=0x0000012a5912f2dc sp=0x0000001cc97fb9e0
Event: 856.830 Thread 0x0000012a72a62bb0 DEOPT UNPACKING pc=0x0000012a57e369a3 sp=0x0000001cc97fb9a0 mode 2
Event: 857.098 Thread 0x0000012a72a60a00 Uncommon trap: trap_request=0xffffffde fr.pc=0x0000012a59455f88 relative=0x0000000000002cc8
Event: 857.098 Thread 0x0000012a72a60a00 Uncommon trap: reason=class_check action=maybe_recompile pc=0x0000012a59455f88 method=org.jetbrains.org.objectweb.asm.ClassReader.readElementValue(Lorg/jetbrains/org/objectweb/asm/AnnotationVisitor;ILjava/lang/String;[C)I @ 556 c2
Event: 857.099 Thread 0x0000012a72a60a00 DEOPT PACKING pc=0x0000012a59455f88 sp=0x0000001cc9bfb390
Event: 857.099 Thread 0x0000012a72a60a00 DEOPT UNPACKING pc=0x0000012a57e369a3 sp=0x0000001cc9bfb308 mode 2
Event: 857.099 Thread 0x0000012a72a60a00 Uncommon trap: trap_request=0xffffffde fr.pc=0x0000012a59455f40 relative=0x0000000000002c80
Event: 857.099 Thread 0x0000012a72a60a00 Uncommon trap: reason=class_check action=maybe_recompile pc=0x0000012a59455f40 method=org.jetbrains.org.objectweb.asm.ClassReader.readElementValue(Lorg/jetbrains/org/objectweb/asm/AnnotationVisitor;ILjava/lang/String;[C)I @ 536 c2
Event: 857.099 Thread 0x0000012a72a60a00 DEOPT PACKING pc=0x0000012a59455f40 sp=0x0000001cc9bfb1d0
Event: 857.099 Thread 0x0000012a72a60a00 DEOPT UNPACKING pc=0x0000012a57e369a3 sp=0x0000001cc9bfb150 mode 2
Event: 857.099 Thread 0x0000012a72a60a00 Uncommon trap: trap_request=0xffffffde fr.pc=0x0000012a59455f88 relative=0x0000000000002cc8
Event: 857.099 Thread 0x0000012a72a60a00 Uncommon trap: reason=class_check action=maybe_recompile pc=0x0000012a59455f88 method=org.jetbrains.org.objectweb.asm.ClassReader.readElementValue(Lorg/jetbrains/org/objectweb/asm/AnnotationVisitor;ILjava/lang/String;[C)I @ 556 c2
Event: 857.099 Thread 0x0000012a72a60a00 DEOPT PACKING pc=0x0000012a59455f88 sp=0x0000001cc9bfb390
Event: 857.100 Thread 0x0000012a72a60a00 DEOPT UNPACKING pc=0x0000012a57e369a3 sp=0x0000001cc9bfb308 mode 2
Event: 857.871 Thread 0x0000012a7b445050 Uncommon trap: trap_request=0xffffff45 fr.pc=0x0000012a58d9a3bc relative=0x000000000000077c
Event: 857.871 Thread 0x0000012a7b445050 Uncommon trap: reason=unstable_if action=reinterpret pc=0x0000012a58d9a3bc method=java.io.ObjectOutputStream$BlockDataOutputStream.writeShort(I)V @ 9 c2
Event: 857.871 Thread 0x0000012a7b445050 DEOPT PACKING pc=0x0000012a58d9a3bc sp=0x0000001cc92f7c20
Event: 857.871 Thread 0x0000012a7b445050 DEOPT UNPACKING pc=0x0000012a57e369a3 sp=0x0000001cc92f7b80 mode 2

Classes unloaded (6 events):
Event: 39.914 Thread 0x0000012a6722d490 Unloading class 0x0000000100e1d800 'java/lang/invoke/LambdaForm$DMH+0x0000000100e1d800'
Event: 39.915 Thread 0x0000012a6722d490 Unloading class 0x0000000100e1d400 'java/lang/invoke/LambdaForm$DMH+0x0000000100e1d400'
Event: 39.915 Thread 0x0000012a6722d490 Unloading class 0x0000000100e1d000 'java/lang/invoke/LambdaForm$DMH+0x0000000100e1d000'
Event: 39.915 Thread 0x0000012a6722d490 Unloading class 0x0000000100e1cc00 'java/lang/invoke/LambdaForm$DMH+0x0000000100e1cc00'
Event: 39.915 Thread 0x0000012a6722d490 Unloading class 0x0000000100e1c000 'java/lang/invoke/LambdaForm$DMH+0x0000000100e1c000'
Event: 39.915 Thread 0x0000012a6722d490 Unloading class 0x0000000100e1c800 'java/lang/invoke/LambdaForm$DMH+0x0000000100e1c800'

Classes redefined (0 events):
No events

Internal exceptions (20 events):
Event: 791.940 Thread 0x0000012a72c87a90 Exception <a 'sun/nio/fs/WindowsException'{0x00000000b4086a48}> (0x00000000b4086a48) 
thrown [s\src\hotspot\share\prims\jni.cpp, line 517]
Event: 804.755 Thread 0x0000012a7b445520 Exception <a 'java/lang/NoSuchMethodError'{0x00000000b4a2b1f8}: static Lorg/jetbrains/kotlin/incremental/ChangedFiles$Unknown;.<clinit>()V> (0x00000000b4a2b1f8) 
thrown [s\src\hotspot\share\prims\jni.cpp, line 1108]
Event: 804.759 Thread 0x0000012a7b445520 Exception <a 'java/lang/NoSuchMethodError'{0x00000000b4a5b880}: static Lorg/jetbrains/kotlin/incremental/ClasspathChanges$ClasspathSnapshotEnabled$NotAvailableForNonIncrementalRun;.<clinit>()V> (0x00000000b4a5b880) 
thrown [s\src\hotspot\share\prims\jni.cpp, line 1108]
Event: 804.759 Thread 0x0000012a7b445520 Exception <a 'java/lang/NoSuchMethodError'{0x00000000b4a5d6b8}: static Lorg/jetbrains/kotlin/incremental/ClasspathChanges$ClasspathSnapshotEnabled;.<clinit>()V> (0x00000000b4a5d6b8) 
thrown [s\src\hotspot\share\prims\jni.cpp, line 1108]
Event: 804.759 Thread 0x0000012a7b445520 Exception <a 'java/lang/NoSuchMethodError'{0x00000000b4a5f350}: static Lorg/jetbrains/kotlin/incremental/ClasspathChanges;.<clinit>()V> (0x00000000b4a5f350) 
thrown [s\src\hotspot\share\prims\jni.cpp, line 1108]
Event: 807.471 Thread 0x0000012a6e5a8380 Exception <a 'java/lang/NoSuchMethodError'{0x00000000b42ded30}: static Lorg/jetbrains/kotlin/daemon/common/LoopbackNetworkInterface$AbstractClientLoopbackSocketFactory;.<clinit>()V> (0x00000000b42ded30) 
thrown [s\src\hotspot\share\prims\jni.cpp, line 1108]
Event: 807.471 Thread 0x0000012a6e5a8380 Exception <a 'java/lang/NoSuchMethodError'{0x00000000b42ea740}: static Lorg/jetbrains/kotlin/daemon/common/LoopbackNetworkInterface$ClientLoopbackSocketFactory;.<clinit>()V> (0x00000000b42ea740) 
thrown [s\src\hotspot\share\prims\jni.cpp, line 1108]
Event: 807.495 Thread 0x0000012a6e5a8380 Exception <a 'java/lang/NoSuchMethodError'{0x00000000b413bf40}: 'java.lang.Object java.lang.invoke.Invokers$Holder.linkToTargetMethod(java.lang.Object, int, java.lang.Object, java.lang.Object, java.lang.Object)'> (0x00000000b413bf40) 
thrown [s\src\hotspot\share\interpreter\linkResolver.cpp, line 771]
Event: 807.507 Thread 0x0000012a6e5a8380 Exception <a 'java/lang/NoSuchMethodError'{0x00000000b414c880}: static [Ljava/rmi/server/ObjID;.<clinit>()V> (0x00000000b414c880) 
thrown [s\src\hotspot\share\prims\jni.cpp, line 1108]
Event: 807.515 Thread 0x0000012a6e5a8380 Exception <a 'java/lang/NoSuchMethodError'{0x00000000b416feb0}: static [B.<clinit>()V> (0x00000000b416feb0) 
thrown [s\src\hotspot\share\prims\jni.cpp, line 1108]
Event: 807.531 Thread 0x0000012a7b4e2580 Exception <a 'java/lang/InterruptedException'{0x00000000b41c04a8}> (0x00000000b41c04a8) 
thrown [s\src\hotspot\share\runtime\objectMonitor.cpp, line 1658]
Event: 807.534 Thread 0x0000012a7b4e2580 Exception <a 'java/lang/NoSuchMethodError'{0x00000000b41c8b08}: 'java.lang.Object java.lang.invoke.DirectMethodHandle$Holder.newInvokeSpecial(java.lang.Object, java.lang.Object, int, java.lang.Object, long)'> (0x00000000b41c8b08) 
thrown [s\src\hotspot\share\interpreter\linkResolver.cpp, line 771]
Event: 807.567 Thread 0x0000012a6e5a8380 Exception <a 'java/lang/NoSuchMethodError'{0x00000000b4035d60}: static Lorg/jetbrains/kotlin/daemon/common/CompileService$CallResult;.<clinit>()V> (0x00000000b4035d60) 
thrown [s\src\hotspot\share\prims\jni.cpp, line 1108]
Event: 807.568 Thread 0x0000012a6e5a8380 Exception <a 'java/lang/NoSuchMethodError'{0x00000000b4041a28}: static Lorg/jetbrains/kotlin/daemon/common/CompileService$CallResult$Good;.<clinit>()V> (0x00000000b4041a28) 
thrown [s\src\hotspot\share\prims\jni.cpp, line 1108]
Event: 807.570 Thread 0x0000012a6e5a8380 Exception <a 'java/lang/NoSuchMethodError'{0x00000000b404edd0}: static Lorg/jetbrains/kotlin/daemon/common/DaemonJVMOptions;.<clinit>()V> (0x00000000b404edd0) 
thrown [s\src\hotspot\share\prims\jni.cpp, line 1108]
Event: 807.581 Thread 0x0000012a6e5a8380 Exception <a 'java/lang/NoSuchMethodError'{0x00000000b40688d0}: static Lorg/jetbrains/kotlin/daemon/common/CompileService$CallResult$Ok;.<clinit>()V> (0x00000000b40688d0) 
thrown [s\src\hotspot\share\prims\jni.cpp, line 1108]
Event: 807.617 Thread 0x0000012a6e5a8380 Implicit null exception at 0x0000012a5841bc6f to 0x0000012a5841c3e8
Event: 807.618 Thread 0x0000012a6e5a8380 Implicit null exception at 0x0000012a58937fac to 0x0000012a58937fef
Event: 807.641 Thread 0x0000012a6e5a8380 Exception <a 'java/lang/NoSuchMethodError'{0x00000000b3e44a00}: static [Ljava/lang/Integer;.<clinit>()V> (0x00000000b3e44a00) 
thrown [s\src\hotspot\share\prims\jni.cpp, line 1108]
Event: 856.963 Thread 0x0000012a72a63080 Exception <a 'java/lang/NoSuchMethodError'{0x00000000b2927a18}: static Lorg/jetbrains/kotlin/gradle/internal/kapt/incremental/ClasspathEntryData;.<clinit>()V> (0x00000000b2927a18) 
thrown [s\src\hotspot\share\prims\jni.cpp, line 1108]

VM Operations (20 events):
Event: 807.384 Executing VM operation: Cleanup
Event: 807.384 Executing VM operation: Cleanup done
Event: 807.548 Executing VM operation: HandshakeAllThreads
Event: 807.548 Executing VM operation: HandshakeAllThreads done
Event: 808.548 Executing VM operation: Cleanup
Event: 808.548 Executing VM operation: Cleanup done
Event: 809.548 Executing VM operation: Cleanup
Event: 809.548 Executing VM operation: Cleanup done
Event: 848.578 Executing VM operation: Cleanup
Event: 848.594 Executing VM operation: Cleanup done
Event: 849.594 Executing VM operation: Cleanup
Event: 849.594 Executing VM operation: Cleanup done
Event: 853.596 Executing VM operation: Cleanup
Event: 853.600 Executing VM operation: Cleanup done
Event: 854.600 Executing VM operation: Cleanup
Event: 854.635 Executing VM operation: Cleanup done
Event: 855.635 Executing VM operation: Cleanup
Event: 855.636 Executing VM operation: Cleanup done
Event: 856.637 Executing VM operation: Cleanup
Event: 856.688 Executing VM operation: Cleanup done

Events (20 events):
Event: 807.638 loading class sun/rmi/server/LoaderHandler$Loader done
Event: 807.648 loading class java/rmi/server/ServerNotActiveException
Event: 807.648 loading class java/rmi/server/ServerNotActiveException done
Event: 807.656 loading class sun/rmi/transport/DGCAckHandler
Event: 807.656 loading class sun/rmi/transport/DGCAckHandler done
Event: 807.665 loading class sun/rmi/transport/DGCAckHandler$1
Event: 807.665 loading class sun/rmi/transport/DGCAckHandler$1 done
Event: 807.779 loading class sun/rmi/transport/tcp/TCPTransport$ConnectionHandler
Event: 807.780 loading class sun/rmi/transport/tcp/TCPTransport$ConnectionHandler done
Event: 807.781 Thread 0x0000012a782f42b0 Thread added: 0x0000012a782f42b0
Event: 807.790 loading class sun/rmi/transport/Transport$1
Event: 807.790 loading class sun/rmi/transport/Transport$1 done
Event: 807.793 loading class sun/rmi/transport/DGCImpl$LeaseInfo
Event: 807.794 loading class sun/rmi/transport/DGCImpl$LeaseInfo done
Event: 807.794 loading class sun/rmi/transport/DGCImpl$1
Event: 807.794 loading class sun/rmi/transport/DGCImpl$1 done
Event: 807.794 loading class sun/rmi/transport/SequenceEntry
Event: 807.795 loading class sun/rmi/transport/SequenceEntry done
Event: 856.666 loading class jdk/internal/reflect/UnsafeQualifiedStaticIntegerFieldAccessorImpl
Event: 856.736 loading class jdk/internal/reflect/UnsafeQualifiedStaticIntegerFieldAccessorImpl done


Dynamic libraries:
0x00007ff609840000 - 0x00007ff60984a000 	C:\Program Files\Android\Android Studio\jbr\bin\java.exe
0x00007ffb0b5b0000 - 0x00007ffb0b7a8000 	C:\WINDOWS\SYSTEM32\ntdll.dll
0x00007ffb0adc0000 - 0x00007ffb0ae7d000 	C:\WINDOWS\System32\KERNEL32.DLL
0x00007ffb08e90000 - 0x00007ffb09186000 	C:\WINDOWS\System32\KERNELBASE.dll
0x00007ffb092a0000 - 0x00007ffb093a0000 	C:\WINDOWS\System32\ucrtbase.dll
0x00007ffaf5590000 - 0x00007ffaf55a7000 	C:\Program Files\Android\Android Studio\jbr\bin\jli.dll
0x00007ffafedd0000 - 0x00007ffafedeb000 	C:\Program Files\Android\Android Studio\jbr\bin\VCRUNTIME140.dll
0x00007ffb09a60000 - 0x00007ffb09bfe000 	C:\WINDOWS\System32\USER32.dll
0x00007ffb093a0000 - 0x00007ffb093c2000 	C:\WINDOWS\System32\win32u.dll
0x00007ffb09880000 - 0x00007ffb098ac000 	C:\WINDOWS\System32\GDI32.dll
0x00007ffb09480000 - 0x00007ffb0959a000 	C:\WINDOWS\System32\gdi32full.dll
0x00007ffb08df0000 - 0x00007ffb08e8d000 	C:\WINDOWS\System32\msvcp_win.dll
0x00007ffaf3680000 - 0x00007ffaf391a000 	C:\WINDOWS\WinSxS\amd64_microsoft.windows.common-controls_6595b64144ccf1df_6.0.19041.1110_none_60b5254171f9507e\COMCTL32.dll
0x00007ffb0a2f0000 - 0x00007ffb0a38e000 	C:\WINDOWS\System32\msvcrt.dll
0x00007ffb097c0000 - 0x00007ffb097f0000 	C:\WINDOWS\System32\IMM32.DLL
0x00007ffb04720000 - 0x00007ffb0472c000 	C:\Program Files\Android\Android Studio\jbr\bin\vcruntime140_1.dll
0x00007ffaf0100000 - 0x00007ffaf018d000 	C:\Program Files\Android\Android Studio\jbr\bin\msvcp140.dll
0x00007ffae7260000 - 0x00007ffae7ee0000 	C:\Program Files\Android\Android Studio\jbr\bin\server\jvm.dll
0x00007ffb09c00000 - 0x00007ffb09cae000 	C:\WINDOWS\System32\ADVAPI32.dll
0x00007ffb099c0000 - 0x00007ffb09a5c000 	C:\WINDOWS\System32\sechost.dll
0x00007ffb0aae0000 - 0x00007ffb0ac06000 	C:\WINDOWS\System32\RPCRT4.dll
0x00007ffb046c0000 - 0x00007ffb046c9000 	C:\WINDOWS\SYSTEM32\WSOCK32.dll
0x00007ffb0ae80000 - 0x00007ffb0aeeb000 	C:\WINDOWS\System32\WS2_32.dll
0x00007ffaff4a0000 - 0x00007ffaff4c7000 	C:\WINDOWS\SYSTEM32\WINMM.dll
0x00007ffaff4d0000 - 0x00007ffaff4da000 	C:\WINDOWS\SYSTEM32\VERSION.dll
0x00007ffb06b20000 - 0x00007ffb06b32000 	C:\WINDOWS\SYSTEM32\kernel.appcore.dll
0x00007ffb04660000 - 0x00007ffb0466a000 	C:\Program Files\Android\Android Studio\jbr\bin\jimage.dll
0x00007ffaf5a20000 - 0x00007ffaf5c04000 	C:\WINDOWS\SYSTEM32\DBGHELP.DLL
0x00007ffaf5720000 - 0x00007ffaf5754000 	C:\WINDOWS\SYSTEM32\dbgcore.DLL
0x00007ffb09190000 - 0x00007ffb09212000 	C:\WINDOWS\System32\bcryptPrimitives.dll
0x00007ffaf79f0000 - 0x00007ffaf79fe000 	C:\Program Files\Android\Android Studio\jbr\bin\instrument.dll
0x00007ffaf7b10000 - 0x00007ffaf7b35000 	C:\Program Files\Android\Android Studio\jbr\bin\java.dll
0x00007ffb02af0000 - 0x00007ffb02b08000 	C:\Program Files\Android\Android Studio\jbr\bin\zip.dll
0x00007ffb0a390000 - 0x00007ffb0aad5000 	C:\WINDOWS\System32\SHELL32.dll
0x00007ffb06d20000 - 0x00007ffb074bb000 	C:\WINDOWS\SYSTEM32\windows.storage.dll
0x00007ffb0b160000 - 0x00007ffb0b4b4000 	C:\WINDOWS\System32\combase.dll
0x00007ffb08600000 - 0x00007ffb0862e000 	C:\WINDOWS\SYSTEM32\Wldp.dll
0x00007ffb098b0000 - 0x00007ffb0995d000 	C:\WINDOWS\System32\SHCORE.dll
0x00007ffb09df0000 - 0x00007ffb09e45000 	C:\WINDOWS\System32\shlwapi.dll
0x00007ffb08bc0000 - 0x00007ffb08be5000 	C:\WINDOWS\SYSTEM32\profapi.dll
0x00007ffafce50000 - 0x00007ffafce69000 	C:\Program Files\Android\Android Studio\jbr\bin\net.dll
0x00007ffafefb0000 - 0x00007ffaff0ba000 	C:\WINDOWS\SYSTEM32\WINHTTP.dll
0x00007ffb08360000 - 0x00007ffb083ca000 	C:\WINDOWS\system32\mswsock.dll
0x00007ffaf7af0000 - 0x00007ffaf7b06000 	C:\Program Files\Android\Android Studio\jbr\bin\nio.dll
0x00007ffafed20000 - 0x00007ffafed30000 	C:\Program Files\Android\Android Studio\jbr\bin\verify.dll
0x00007ffaf06c0000 - 0x00007ffaf06e7000 	C:\Users\james\.gradle\native\68d5fa5c4cc2d200863cafc0d521ce42e7d3e7ee720ec0a83991735586a16f82\windows-amd64\native-platform.dll
0x00007ffad2de0000 - 0x00007ffad2f24000 	C:\Users\james\.gradle\native\e376f236ea51e6404a007f0833ffe2c6e607c4080706a723a18a27aeea778392\windows-amd64\native-platform-file-events.dll
0x00007ffaf7a10000 - 0x00007ffaf7a19000 	C:\Program Files\Android\Android Studio\jbr\bin\management.dll
0x00007ffaf7a00000 - 0x00007ffaf7a0b000 	C:\Program Files\Android\Android Studio\jbr\bin\management_ext.dll
0x00007ffb09de0000 - 0x00007ffb09de8000 	C:\WINDOWS\System32\PSAPI.DLL
0x00007ffb08560000 - 0x00007ffb08578000 	C:\WINDOWS\SYSTEM32\CRYPTSP.dll
0x00007ffb07c70000 - 0x00007ffb07ca4000 	C:\WINDOWS\system32\rsaenh.dll
0x00007ffb09220000 - 0x00007ffb09247000 	C:\WINDOWS\System32\bcrypt.dll
0x00007ffb08b80000 - 0x00007ffb08bae000 	C:\WINDOWS\SYSTEM32\USERENV.dll
0x00007ffb08550000 - 0x00007ffb0855c000 	C:\WINDOWS\SYSTEM32\CRYPTBASE.dll
0x00007ffb08050000 - 0x00007ffb0808b000 	C:\WINDOWS\SYSTEM32\IPHLPAPI.DLL
0x00007ffb0b070000 - 0x00007ffb0b078000 	C:\WINDOWS\System32\NSI.dll
0x00007ffafc600000 - 0x00007ffafc617000 	C:\WINDOWS\SYSTEM32\dhcpcsvc6.DLL
0x00007ffaff3f0000 - 0x00007ffaff40d000 	C:\WINDOWS\SYSTEM32\dhcpcsvc.DLL
0x00007ffb08090000 - 0x00007ffb0815a000 	C:\WINDOWS\SYSTEM32\DNSAPI.dll
0x00007ffaf7d70000 - 0x00007ffaf7d77000 	C:\WINDOWS\system32\wshunix.dll
0x00007ffa99630000 - 0x00007ffa99647000 	C:\WINDOWS\system32\napinsp.dll
0x00007ffa99610000 - 0x00007ffa9962b000 	C:\WINDOWS\system32\pnrpnsp.dll
0x00007ffb03050000 - 0x00007ffb03065000 	C:\WINDOWS\system32\wshbth.dll
0x00007ffb045a0000 - 0x00007ffb045bd000 	C:\WINDOWS\system32\NLAapi.dll
0x00007ffa995f0000 - 0x00007ffa99602000 	C:\WINDOWS\System32\winrnr.dll
0x00007ffaf87e0000 - 0x00007ffaf87ea000 	C:\Windows\System32\rasadhlp.dll
0x00007ffaf8800000 - 0x00007ffaf8882000 	C:\WINDOWS\System32\fwpuclnt.dll
0x00007ffb07d90000 - 0x00007ffb07dc3000 	C:\WINDOWS\SYSTEM32\ntmarta.dll
0x00007ffb064a0000 - 0x00007ffb06531000 	C:\WINDOWS\system32\apphelp.dll
0x00007ffafed30000 - 0x00007ffafed4e000 	C:\Users\james\AppData\Local\Temp\native-platform1397815073359317827dir\native-platform.dll
0x00007ffb04600000 - 0x00007ffb04607000 	C:\Program Files\Android\Android Studio\jbr\bin\rmi.dll

dbghelp: loaded successfully - version: 4.0.5 - missing functions: none
symbol engine: initialized successfully - sym options: 0x614 - pdb path: .;C:\Program Files\Android\Android Studio\jbr\bin;C:\WINDOWS\SYSTEM32;C:\WINDOWS\WinSxS\amd64_microsoft.windows.common-controls_6595b64144ccf1df_6.0.19041.1110_none_60b5254171f9507e;C:\Program Files\Android\Android Studio\jbr\bin\server;C:\Users\james\.gradle\native\68d5fa5c4cc2d200863cafc0d521ce42e7d3e7ee720ec0a83991735586a16f82\windows-amd64;C:\Users\james\.gradle\native\e376f236ea51e6404a007f0833ffe2c6e607c4080706a723a18a27aeea778392\windows-amd64;C:\Users\james\AppData\Local\Temp\native-platform1397815073359317827dir

VM Arguments:
jvm_args: --add-opens=java.base/java.util=ALL-UNNAMED --add-opens=java.base/java.lang=ALL-UNNAMED --add-opens=java.base/java.lang.invoke=ALL-UNNAMED --add-opens=java.prefs/java.util.prefs=ALL-UNNAMED --add-opens=java.base/java.nio.charset=ALL-UNNAMED --add-opens=java.base/java.net=ALL-UNNAMED --add-opens=java.base/java.util.concurrent.atomic=ALL-UNNAMED -Xmx2048m -Dfile.encoding=UTF-8 -Duser.country=TR -Duser.language=tr -Duser.variant -javaagent:C:\Users\james\.gradle\wrapper\dists\gradle-8.2-bin\bbg7u40eoinfdyxsxr3z4i7ta\gradle-8.2\lib\agents\gradle-instrumentation-agent-8.2.jar 
java_command: org.gradle.launcher.daemon.bootstrap.GradleDaemon 8.2
java_class_path (initial): C:\Users\james\.gradle\wrapper\dists\gradle-8.2-bin\bbg7u40eoinfdyxsxr3z4i7ta\gradle-8.2\lib\gradle-launcher-8.2.jar
Launcher Type: SUN_STANDARD

[Global flags]
     intx CICompilerCount                          = 4                                         {product} {ergonomic}
     uint ConcGCThreads                            = 2                                         {product} {ergonomic}
     uint G1ConcRefinementThreads                  = 8                                         {product} {ergonomic}
   size_t G1HeapRegionSize                         = 1048576                                   {product} {ergonomic}
    uintx GCDrainStackTargetSize                   = 64                                        {product} {ergonomic}
   size_t InitialHeapSize                          = 117440512                                 {product} {ergonomic}
   size_t MarkStackSize                            = 4194304                                   {product} {ergonomic}
   size_t MaxHeapSize                              = 2147483648                                {product} {command line}
   size_t MaxNewSize                               = 1287651328                                {product} {ergonomic}
   size_t MinHeapDeltaBytes                        = 1048576                                   {product} {ergonomic}
   size_t MinHeapSize                              = 8388608                                   {product} {ergonomic}
    uintx NonNMethodCodeHeapSize                   = 5839372                                {pd product} {ergonomic}
    uintx NonProfiledCodeHeapSize                  = 122909434                              {pd product} {ergonomic}
    uintx ProfiledCodeHeapSize                     = 122909434                              {pd product} {ergonomic}
    uintx ReservedCodeCacheSize                    = 251658240                              {pd product} {ergonomic}
     bool SegmentedCodeCache                       = true                                      {product} {ergonomic}
   size_t SoftMaxHeapSize                          = 2147483648                             {manageable} {ergonomic}
     bool UseCompressedClassPointers               = true                           {product lp64_product} {ergonomic}
     bool UseCompressedOops                        = true                           {product lp64_product} {ergonomic}
     bool UseG1GC                                  = true                                      {product} {ergonomic}
     bool UseLargePagesIndividualAllocation        = false                                  {pd product} {ergonomic}

Logging:
Log output configuration:
 #0: stdout all=warning uptime,level,tags
 #1: stderr all=off uptime,level,tags

Environment Variables:
PATH=C:\Program Files\Common Files\Oracle\Java\javapath;C:\WINDOWS\system32;C:\WINDOWS;C:\WINDOWS\System32\Wbem;C:\WINDOWS\System32\WindowsPowerShell\v1.0\;C:\WINDOWS\System32\OpenSSH\;C:\Program Files\Git\cmd;C:\Users\james\AppData\Local\Microsoft\WindowsApps
USERNAME=james
OS=Windows_NT
PROCESSOR_IDENTIFIER=AMD64 Family 23 Model 24 Stepping 1, AuthenticAMD
TMP=C:\Users\james\AppData\Local\Temp
TEMP=C:\Users\james\AppData\Local\Temp


JNI global refs:
JNI global refs: 29, weak refs: 12

JNI global refs memory usage: 843, weak refs: 841

OOME stack traces (most recent first):
Classloader memory used:
Loader org.gradle.internal.classloader.VisitableURLClassLoader$InstrumentingVisitableURLClassLoader: 7614K
Loader org.gradle.internal.classloader.VisitableURLClassLoader                         : 5242K
Loader bootstrap                                                                       : 3591K
Loader org.gradle.initialization.MixInLegacyTypesClassLoader                           : 1360K
Loader jdk.internal.reflect.DelegatingClassLoader                                      : 203K
Loader jdk.internal.loader.ClassLoaders$PlatformClassLoader                            : 73535B
Loader jdk.internal.loader.ClassLoaders$AppClassLoader                                 : 28359B
Loader org.gradle.groovy.scripts.internal.DefaultScriptCompilationHandler$ScriptClassLoader: 3061B
Loader org.codehaus.groovy.runtime.callsite.CallSiteClassLoader                        : 802B
Loader sun.reflect.misc.MethodUtil                                                     : 519B

Classes loaded by more than one classloader:
Class Program                                                                         : loaded 5 times (x 70B)
Class org.gradle.internal.installation.GradleInstallation                             : loaded 2 times (x 73B)
Class [Lcom.google.common.collect.MapMakerInternalMap$Segment;                        : loaded 2 times (x 67B)
Class com.google.common.collect.Iterators$MergingIterator                             : loaded 2 times (x 79B)
Class com.google.common.io.Closer$SuppressingSuppressor                               : loaded 2 times (x 73B)
Class net.rubygrapefruit.platform.internal.FunctionResult$Failure                     : loaded 2 times (x 77B)
Class org.objectweb.asm.ModuleVisitor                                                 : loaded 2 times (x 79B)
Class com.google.common.io.ByteSource                                                 : loaded 2 times (x 82B)
Class [Lcom.google.common.collect.AbstractMapEntry;                                   : loaded 2 times (x 67B)
Class com.google.common.io.AppendableWriter                                           : loaded 2 times (x 98B)
Class com.google.common.collect.ImmutableRangeSet$AsSet                               : loaded 2 times (x 233B)
Class com.google.common.collect.SingletonImmutableList                                : loaded 2 times (x 167B)
Class com.google.common.cache.CacheLoader$SupplierToCacheLoader                       : loaded 2 times (x 73B)
Class org.gradle.internal.classpath.ClassPath                                         : loaded 2 times (x 68B)
Class com.google.common.io.FileWriteMode                                              : loaded 2 times (x 77B)
Class com.google.common.cache.RemovalListener                                         : loaded 2 times (x 68B)
Class org.gradle.api.internal.classpath.DefaultModuleRegistry                         : loaded 2 times (x 84B)
Class com.google.common.collect.FluentIterable$1                                      : loaded 2 times (x 79B)
Class com.google.common.collect.FluentIterable$2                                      : loaded 2 times (x 79B)
Class com.google.common.collect.FluentIterable$3                                      : loaded 2 times (x 79B)
Class Settings_gradle$1$1                                                             : loaded 2 times (x 72B)
Class com.google.common.collect.ImmutableEnumSet                                      : loaded 2 times (x 144B)
Class [Lcom.google.common.collect.MapMaker$Dummy;                                     : loaded 2 times (x 67B)
Class com.google.common.collect.ListMultimap                                          : loaded 2 times (x 68B)
Class com.google.common.base.CharMatcher$JavaDigit                                    : loaded 2 times (x 109B)
Class com.google.common.base.CharMatcher$Digit                                        : loaded 2 times (x 110B)
Class com.google.common.collect.AbstractMultimap                                      : loaded 2 times (x 121B)
Class com.google.common.io.ByteSource$ConcatenatedByteSource                          : loaded 2 times (x 83B)
Class com.google.common.cache.CacheBuilder$OneWeigher                                 : loaded 2 times (x 80B)
Class org.gradle.api.Action                                                           : loaded 2 times (x 68B)
Class com.google.common.io.ByteSource$SlicedByteSource                                : loaded 2 times (x 83B)
Class com.google.common.io.ByteArrayDataOutput                                        : loaded 2 times (x 68B)
Class com.google.common.collect.ImmutableEntry                                        : loaded 2 times (x 80B)
Class com.google.common.collect.Lists$StringAsImmutableList                           : loaded 2 times (x 167B)
Class com.google.common.cache.LocalCache$StrongEntry                                  : loaded 2 times (x 106B)
Class com.google.common.collect.MapMakerInternalMap$InternalEntryHelper               : loaded 2 times (x 68B)
Class org.objectweb.asm.FieldWriter                                                   : loaded 2 times (x 76B)
Class com.google.common.base.CharMatcher                                              : loaded 2 times (x 109B)
Class com.google.common.io.CharSource$AsByteSource                                    : loaded 2 times (x 83B)
Class com.google.common.base.CharMatcher$IsNot                                        : loaded 2 times (x 109B)
Class com.google.common.collect.RegularImmutableSortedSet                             : loaded 2 times (x 233B)
Class com.google.common.collect.Maps$IteratorBasedAbstractMap                         : loaded 2 times (x 123B)
Class net.rubygrapefruit.platform.internal.FunctionResult                             : loaded 2 times (x 75B)
Class com.google.common.collect.SetMultimap                                           : loaded 2 times (x 68B)
Class com.google.common.base.Splitter                                                 : loaded 2 times (x 70B)
Class [Lcom.google.common.cache.Weigher;                                              : loaded 2 times (x 67B)
Class com.google.common.collect.Iterators$ArrayItr                                    : loaded 2 times (x 95B)
Class com.google.common.collect.MapMakerInternalMap$Strength                          : loaded 2 times (x 78B)
Class com.google.common.cache.LocalCache$Segment                                      : loaded 2 times (x 152B)
Class org.gradle.api.internal.DefaultClassPathProvider                                : loaded 2 times (x 74B)
Class org.gradle.internal.installation.GradleInstallation$1                           : loaded 2 times (x 73B)
Class com.google.common.cache.LocalCache$AbstractReferenceEntry                       : loaded 2 times (x 105B)
Class org.objectweb.asm.Type                                                          : loaded 2 times (x 70B)
Class com.google.common.util.concurrent.AbstractFuture$Failure                        : loaded 2 times (x 70B)
Class com.google.common.base.CharMatcher$BitSetMatcher                                : loaded 2 times (x 110B)
Class org.jetbrains.kotlin.name.FqNameUnsafe                                          : loaded 2 times (x 70B)
Class com.google.common.collect.ImmutableMap$IteratorBasedImmutableMap                : loaded 2 times (x 123B)
Class com.google.common.reflect.Reflection                                            : loaded 2 times (x 69B)
Class com.google.common.io.Files$FileByteSource                                       : loaded 2 times (x 83B)
Class com.google.common.collect.ImmutableMap                                          : loaded 2 times (x 118B)
Class org.jetbrains.kotlin.config.LanguageFeature                                     : loaded 2 times (x 78B)
Class com.google.common.base.Converter                                                : loaded 2 times (x 88B)
Class com.google.common.collect.ImmutableSortedSetFauxverideShim                      : loaded 2 times (x 145B)
Class com.google.common.collect.ImmutableSet$EmptySetBuilderImpl                      : loaded 2 times (x 74B)
Class org.jetbrains.kotlin.config.JvmDefaultMode                                      : loaded 2 times (x 77B)
Class [Lorg.jetbrains.kotlin.config.JvmDefaultMode;                                   : loaded 2 times (x 67B)
Class com.google.common.io.CharSource$ConcatenatedCharSource                          : loaded 2 times (x 84B)
Class com.google.common.base.Equivalence                                              : loaded 2 times (x 80B)
Class com.google.common.primitives.Ints                                               : loaded 2 times (x 69B)
Class com.google.common.cache.LocalCache$EntryFactory$1                               : loaded 2 times (x 81B)
Class com.google.common.cache.LocalCache$EntryFactory$2                               : loaded 2 times (x 81B)
Class com.google.common.cache.LocalCache$EntryFactory$3                               : loaded 2 times (x 81B)
Class com.google.common.cache.LocalCache$EntryFactory$4                               : loaded 2 times (x 81B)
Class com.google.common.cache.LocalCache$EntryFactory$5                               : loaded 2 times (x 81B)
Class com.google.common.cache.LocalCache$EntryFactory$6                               : loaded 2 times (x 81B)
Class com.google.common.reflect.TypeResolver$TypeVariableKey                          : loaded 2 times (x 70B)
Class com.google.common.cache.LocalCache$EntryFactory$7                               : loaded 2 times (x 81B)
Class com.google.common.cache.LocalCache$EntryFactory$8                               : loaded 2 times (x 81B)
Class com.google.common.base.Predicate                                                : loaded 2 times (x 68B)
Class com.google.common.cache.LocalCache$StrongValueReference                         : loaded 2 times (x 88B)
Class org.gradle.internal.classloader.FilteringClassLoader                            : loaded 2 times (x 102B)
Class com.google.common.collect.AbstractMapBasedMultimap$WrappedCollection            : loaded 2 times (x 122B)
Class com.google.common.reflect.TypeResolver$TypeTable                                : loaded 2 times (x 71B)
Class com.google.common.reflect.Invokable$MethodInvokable                             : loaded 2 times (x 103B)
Class com.google.common.collect.RegularImmutableSet                                   : loaded 2 times (x 146B)
Class [Lcom.google.common.cache.LocalCache$Strength;                                  : loaded 2 times (x 67B)
Class org.gradle.internal.classpath.DefaultClassPath$ImmutableUniqueList$Builder      : loaded 2 times (x 73B)
Class com.google.common.collect.AbstractRangeSet                                      : loaded 2 times (x 112B)
Class com.google.common.collect.Maps$8                                                : loaded 2 times (x 80B)
Class com.google.common.base.PatternCompiler                                          : loaded 2 times (x 68B)
Class [Lcom.google.common.cache.CacheBuilder$NullListener;                            : loaded 2 times (x 67B)
Class com.google.common.io.CharStreams$NullWriter                                     : loaded 2 times (x 97B)
Class com.google.common.base.CharMatcher$InRange                                      : loaded 2 times (x 109B)
Class com.google.common.collect.Maps$KeySet                                           : loaded 2 times (x 135B)
Class com.google.common.collect.ImmutableMultimap$EntryCollection                     : loaded 2 times (x 125B)
Class com.google.common.collect.Sets$SetView                                          : loaded 2 times (x 136B)
Class com.google.common.collect.BiMap                                                 : loaded 2 times (x 68B)
Class com.google.common.collect.Lists                                                 : loaded 2 times (x 69B)
Class org.objectweb.asm.AnnotationWriter                                              : loaded 2 times (x 77B)
Class com.google.common.math.IntMath$1                                                : loaded 2 times (x 69B)
Class org.gradle.internal.classloader.ClassLoaderVisitor                              : loaded 2 times (x 74B)
Class org.objectweb.asm.Label                                                         : loaded 2 times (x 71B)
Class com.google.common.cache.CacheBuilder$NullListener                               : loaded 2 times (x 80B)
Class com.google.common.collect.ImmutableMultimap                                     : loaded 2 times (x 145B)
Class org.apache.commons.io.filefilter.IOFileFilter                                   : loaded 2 times (x 68B)
Class com.google.common.math.MathPreconditions                                        : loaded 2 times (x 69B)
Class com.google.common.io.ByteStreams$1                                              : loaded 2 times (x 83B)
Class org.gradle.internal.service.DefaultServiceLocator                               : loaded 2 times (x 81B)
Class org.gradle.internal.service.UnknownServiceException                             : loaded 2 times (x 81B)
Class com.google.common.util.concurrent.AbstractFuture$SynchronizedHelper             : loaded 2 times (x 76B)
Class com.google.common.collect.ArrayListMultimap                                     : loaded 2 times (x 170B)
Class com.google.common.base.Strings                                                  : loaded 2 times (x 69B)
Class com.google.common.io.Closer                                                     : loaded 2 times (x 76B)
Class com.google.common.cache.LocalCache$Values                                       : loaded 2 times (x 116B)
Class com.google.common.cache.CacheLoader$InvalidCacheLoadException                   : loaded 2 times (x 80B)
Class org.gradle.internal.classloader.DefaultClassLoaderFactory                       : loaded 2 times (x 80B)
Class com.google.common.collect.UnmodifiableIterator                                  : loaded 2 times (x 78B)
Class com.google.common.base.Stopwatch                                                : loaded 2 times (x 70B)
Class com.google.common.reflect.Types                                                 : loaded 2 times (x 69B)
Class com.google.common.base.Platform$JdkPatternCompiler                              : loaded 2 times (x 73B)
Class net.rubygrapefruit.platform.ProcessLauncher                                     : loaded 2 times (x 68B)
Class com.google.common.collect.Interners$InternerImpl                                : loaded 2 times (x 73B)
Class com.google.common.cache.LocalCache$LoadingValueReference                        : loaded 2 times (x 94B)
Class com.google.common.base.CharMatcher$SingleWidth                                  : loaded 2 times (x 110B)
Class com.google.common.collect.Hashing                                               : loaded 2 times (x 69B)
Class com.google.common.io.ByteStreams$LimitedInputStream                             : loaded 2 times (x 90B)
Class com.google.common.collect.MapMakerInternalMap$AbstractStrongKeyEntry            : loaded 2 times (x 80B)
Class com.google.common.collect.ImmutableRangeSet$ComplementRanges                    : loaded 2 times (x 167B)
Class org.objectweb.asm.Context                                                       : loaded 2 times (x 70B)
Class [Lcom.google.common.reflect.Types$ClassOwnership;                               : loaded 2 times (x 67B)
Class com.google.common.base.JdkPattern                                               : loaded 2 times (x 73B)
Class com.google.common.base.Optional                                                 : loaded 2 times (x 78B)
Class com.google.common.collect.Multimap                                              : loaded 2 times (x 68B)
Class com.google.common.base.FunctionalEquivalence                                    : loaded 2 times (x 81B)
Class org.jetbrains.kotlin.config.AnalysisFlag                                        : loaded 2 times (x 70B)
Class org.objectweb.asm.AnnotationVisitor                                             : loaded 2 times (x 76B)
Class org.objectweb.asm.RecordComponentWriter                                         : loaded 2 times (x 76B)
Class com.google.common.cache.LocalCache$1                                            : loaded 2 times (x 87B)
Class com.google.common.cache.LocalCache$2                                            : loaded 2 times (x 140B)
Class com.google.common.collect.RegularImmutableBiMap                                 : loaded 2 times (x 146B)
Class org.gradle.internal.classloader.VisitableURLClassLoader$Spec                    : loaded 2 times (x 72B)
Class org.gradle.api.GradleException                                                  : loaded 2 times (x 80B)
Class com.google.common.base.CharMatcher$JavaLetterOrDigit                            : loaded 2 times (x 109B)
Class org.gradle.api.internal.classpath.ModuleRegistry                                : loaded 2 times (x 68B)
Class com.google.common.collect.ForwardingObject                                      : loaded 2 times (x 70B)
Class com.google.common.reflect.TypeToken$1                                           : loaded 2 times (x 106B)
Class com.google.common.cache.CacheBuilder                                            : loaded 2 times (x 70B)
Class com.google.common.reflect.TypeToken$2                                           : loaded 2 times (x 106B)
Class org.objectweb.asm.ByteVector                                                    : loaded 2 times (x 77B)
Class com.google.common.collect.ImmutableCollection                                   : loaded 2 times (x 123B)
Class com.google.common.collect.ImmutableRangeSet                                     : loaded 2 times (x 113B)
Class com.google.common.base.PairwiseEquivalence                                      : loaded 2 times (x 81B)
Class com.google.common.base.Ticker                                                   : loaded 2 times (x 70B)
Class org.jetbrains.kotlin.name.FqName                                                : loaded 2 times (x 70B)
Class org.gradle.api.internal.ClassPathProvider                                       : loaded 2 times (x 68B)
Class com.google.common.base.Ascii                                                    : loaded 2 times (x 69B)
Class com.google.common.collect.RegularImmutableMap$Values                            : loaded 2 times (x 167B)
Class org.objectweb.asm.ModuleWriter                                                  : loaded 2 times (x 80B)
Class org.gradle.internal.classloader.ClasspathUtil$1                                 : loaded 2 times (x 74B)
Class com.google.common.io.ByteSource$AsCharSource                                    : loaded 2 times (x 84B)
Class com.google.common.collect.ImmutableEnumMap                                      : loaded 2 times (x 123B)
Class com.google.common.collect.ForwardingMap                                         : loaded 2 times (x 130B)
Class com.google.common.collect.ImmutableList$ReverseImmutableList                    : loaded 2 times (x 168B)
Class net.rubygrapefruit.platform.internal.Platform$Posix                             : loaded 2 times (x 79B)
Class [Lorg.jetbrains.kotlin.config.ExplicitApiMode;                                  : loaded 2 times (x 67B)
Class com.google.common.cache.AbstractCache$StatsCounter                              : loaded 2 times (x 68B)
Class org.objectweb.asm.FieldVisitor                                                  : loaded 2 times (x 75B)
Class org.objectweb.asm.Symbol                                                        : loaded 2 times (x 71B)
Class com.google.common.reflect.TypeToken                                             : loaded 2 times (x 71B)
Class com.google.common.cache.LocalCache$Strength$1                                   : loaded 2 times (x 79B)
Class com.google.common.collect.EmptyImmutableListMultimap                            : loaded 2 times (x 174B)
Class com.google.common.cache.LocalCache$Strength$2                                   : loaded 2 times (x 79B)
Class com.google.common.cache.LocalCache$Strength$3                                   : loaded 2 times (x 79B)
Class org.gradle.internal.classloader.ClassLoaderFactory                              : loaded 2 times (x 68B)
Class com.google.common.collect.ObjectArrays                                          : loaded 2 times (x 69B)
Class com.google.common.base.Absent                                                   : loaded 2 times (x 78B)
Class com.google.common.util.concurrent.AbstractFuture$Waiter                         : loaded 2 times (x 70B)
Class com.google.common.util.concurrent.Uninterruptibles                              : loaded 2 times (x 69B)
Class com.google.common.collect.Iterators$10                                          : loaded 2 times (x 79B)
Class com.google.common.collect.Iterators$EmptyModifiableIterator                     : loaded 2 times (x 84B)
Class com.google.common.collect.ImmutableList                                         : loaded 2 times (x 166B)
Class org.gradle.api.internal.classpath.ManifestUtil                                  : loaded 2 times (x 69B)
Class org.gradle.api.specs.Spec                                                       : loaded 2 times (x 68B)
Class com.google.common.collect.RangeSet                                              : loaded 2 times (x 68B)
Class com.google.common.cache.CacheLoader$UnsupportedLoadingOperationException        : loaded 2 times (x 80B)
Class com.google.common.base.CharMatcher$Whitespace                                   : loaded 2 times (x 110B)
Class com.google.common.util.concurrent.ListenableFuture                              : loaded 2 times (x 68B)
Class com.google.common.collect.MapMaker$Dummy                                        : loaded 2 times (x 77B)
Class com.google.common.collect.Iterators$1                                           : loaded 2 times (x 79B)
Class com.google.common.collect.BaseImmutableMultimap                                 : loaded 2 times (x 121B)
Class com.google.common.collect.Iterators$4                                           : loaded 2 times (x 80B)
Class com.google.common.collect.RegularImmutableMap$BucketOverflowException           : loaded 2 times (x 80B)
Class com.google.common.collect.Iterators$5                                           : loaded 2 times (x 80B)
Class com.google.common.util.concurrent.AbstractFuture$UnsafeAtomicHelper             : loaded 2 times (x 76B)
Class com.google.common.base.Joiner                                                   : loaded 2 times (x 77B)
Class com.google.common.base.Equivalence$Equals                                       : loaded 2 times (x 80B)
Class com.google.common.base.Preconditions                                            : loaded 2 times (x 69B)
Class com.google.common.base.Function                                                 : loaded 2 times (x 68B)
Class com.google.common.collect.Iterators$9                                           : loaded 2 times (x 79B)
Class [Lnet.rubygrapefruit.platform.internal.FunctionResult$Failure;                  : loaded 2 times (x 67B)
Class net.rubygrapefruit.platform.internal.Platform$Windows                           : loaded 2 times (x 77B)
Class org.gradle.internal.IoActions                                                   : loaded 2 times (x 69B)
Class com.google.common.collect.MapMakerInternalMap$StrongKeyDummyValueEntry$Helper   : loaded 2 times (x 77B)
Class org.jetbrains.kotlin.config.LanguageFeature$State                               : loaded 2 times (x 80B)
Class com.google.common.cache.ReferenceEntry                                          : loaded 2 times (x 68B)
Class com.google.common.collect.RegularImmutableMap$KeySet                            : loaded 2 times (x 148B)
Class com.google.common.collect.CollectPreconditions                                  : loaded 2 times (x 69B)
Class com.google.common.primitives.IntsMethodsForWeb                                  : loaded 2 times (x 69B)
Class com.google.common.collect.RangeGwtSerializationDependencies                     : loaded 2 times (x 69B)
Class com.google.common.collect.Maps                                                  : loaded 2 times (x 69B)
Class com.google.common.collect.RegularImmutableMap                                   : loaded 2 times (x 119B)
Class com.google.common.collect.AbstractIndexedListIterator                           : loaded 2 times (x 94B)
Class com.google.common.collect.ImmutableMultimap$Builder                             : loaded 2 times (x 81B)
Class net.rubygrapefruit.platform.internal.NativeLibraryLocator                       : loaded 2 times (x 71B)
Class com.google.common.base.CharMatcher$None                                         : loaded 2 times (x 110B)
Class [Lorg.objectweb.asm.Attribute;                                                  : loaded 2 times (x 67B)
Class org.gradle.api.internal.classpath.EffectiveClassPath                            : loaded 2 times (x 88B)
Class com.google.common.collect.UnmodifiableListIterator                              : loaded 2 times (x 93B)
Class com.google.common.io.Files                                                      : loaded 2 times (x 69B)
Class com.google.common.cache.CacheLoader$FunctionToCacheLoader                       : loaded 2 times (x 73B)
Class com.google.common.cache.CacheBuilder$1                                          : loaded 2 times (x 83B)
Class com.google.common.cache.CacheBuilder$2                                          : loaded 2 times (x 77B)
Class com.google.common.collect.ImmutableList$1                                       : loaded 2 times (x 95B)
Class com.google.common.base.Splitter$Strategy                                        : loaded 2 times (x 68B)
Class com.google.common.cache.CacheBuilder$3                                          : loaded 2 times (x 70B)
Class com.google.common.io.CharStreams                                                : loaded 2 times (x 69B)
Class com.google.common.collect.ImmutableMapEntrySet$RegularEntrySet                  : loaded 2 times (x 149B)
Class [Lcom.google.common.cache.RemovalListener;                                      : loaded 2 times (x 67B)
Class [Lcom.google.common.collect.ImmutableMapEntry;                                  : loaded 2 times (x 67B)
Class net.rubygrapefruit.platform.internal.Platform$Unsupported                       : loaded 2 times (x 77B)
Class com.google.common.collect.Interners                                             : loaded 2 times (x 69B)
Class com.google.common.collect.MapMakerInternalMap$Strength$1                        : loaded 2 times (x 78B)
Class org.gradle.internal.installation.CurrentGradleInstallation                      : loaded 2 times (x 71B)
Class com.google.common.collect.MapMakerInternalMap$Strength$2                        : loaded 2 times (x 78B)
Class org.gradle.internal.agents.InstrumentingClassLoader                             : loaded 2 times (x 68B)
Class org.gradle.internal.installation.CurrentGradleInstallationLocator               : loaded 2 times (x 69B)
Class [Lcom.google.common.cache.LocalCache$Segment;                                   : loaded 2 times (x 67B)
Class org.gradle.api.internal.classpath.Module                                        : loaded 2 times (x 68B)
Class com.google.common.io.ByteSource$ByteArrayByteSource                             : loaded 2 times (x 83B)
Class com.google.common.collect.ImmutableSortedSet                                    : loaded 2 times (x 233B)
Class com.google.common.base.Splitter$1$1                                             : loaded 2 times (x 84B)
Class net.rubygrapefruit.platform.internal.NativeLibraryLoader                        : loaded 2 times (x 71B)
Class com.google.common.collect.MapMakerInternalMap$Segment                           : loaded 2 times (x 140B)
Class com.google.common.collect.ImmutableSet$JdkBackedSetBuilderImpl                  : loaded 2 times (x 74B)
Class com.google.common.reflect.Types$TypeVariableInvocationHandler                   : loaded 2 times (x 73B)
Class com.google.common.reflect.Types$ClassOwnership                                  : loaded 2 times (x 78B)
Class com.google.common.collect.ImmutableSet$RegularSetBuilderImpl                    : loaded 2 times (x 75B)
Class [Lorg.objectweb.asm.AnnotationWriter;                                           : loaded 2 times (x 67B)
Class org.gradle.internal.service.CachingServiceLocator                               : loaded 2 times (x 80B)
Class [Lcom.google.common.collect.ImmutableEntry;                                     : loaded 2 times (x 67B)
Class net.rubygrapefruit.platform.internal.Platform$Linux64Bit                        : loaded 2 times (x 81B)
Class com.google.common.collect.Sets$ImprovedAbstractSet                              : loaded 2 times (x 133B)
Class com.google.common.collect.AbstractMapBasedMultimap$AsMap                        : loaded 2 times (x 126B)
Class org.gradle.internal.classpath.DefaultClassPath                                  : loaded 2 times (x 88B)
Class com.google.common.collect.MapMakerInternalMap$1                                 : loaded 2 times (x 81B)
Class com.google.common.util.concurrent.AbstractFuture$SetFuture                      : loaded 2 times (x 73B)
Class com.google.common.collect.CollectCollectors                                     : loaded 2 times (x 69B)
Class com.google.common.collect.TransformedIterator                                   : loaded 2 times (x 78B)
Class com.google.common.base.Splitter$SplittingIterator                               : loaded 2 times (x 82B)
Class com.google.common.collect.ImmutableMultisetGwtSerializationDependencies         : loaded 2 times (x 123B)
Class com.google.common.reflect.TypeParameter                                         : loaded 2 times (x 70B)
Class com.google.common.collect.ImmutableListMultimap                                 : loaded 2 times (x 174B)
Class com.google.common.cache.LocalCache$LocalManualCache$1                           : loaded 2 times (x 73B)
Class Build_gradle$1                                                                  : loaded 2 times (x 72B)
Class Build_gradle$2                                                                  : loaded 2 times (x 76B)
Class org.jetbrains.kotlin.config.ExplicitApiMode                                     : loaded 2 times (x 77B)
Class com.google.common.reflect.Types$ClassOwnership$1LocalClass                      : loaded 2 times (x 69B)
Class [Lcom.google.common.collect.AbstractIterator$State;                             : loaded 2 times (x 67B)
Class org.objectweb.asm.SymbolTable$Entry                                             : loaded 2 times (x 72B)
Class [Lcom.google.common.cache.LocalCache$EntryFactory;                              : loaded 2 times (x 67B)
Class net.rubygrapefruit.platform.internal.jni.NativeLibraryFunctions                 : loaded 2 times (x 69B)
Class com.google.common.base.CharMatcher$Is                                           : loaded 2 times (x 109B)
Class com.google.common.base.Platform                                                 : loaded 2 times (x 69B)
Class com.google.common.collect.RegularImmutableAsList                                : loaded 2 times (x 176B)
Class com.google.common.base.Suppliers$NonSerializableMemoizingSupplier               : loaded 2 times (x 77B)
Class com.google.common.collect.PeekingIterator                                       : loaded 2 times (x 68B)
Class com.google.common.collect.ImmutableSetMultimap                                  : loaded 2 times (x 178B)
Class com.google.common.reflect.TypeResolver$TypeTable$1                              : loaded 2 times (x 71B)
Class com.google.common.collect.ImmutableMapEntrySet                                  : loaded 2 times (x 149B)
Class com.google.common.cache.CacheLoader                                             : loaded 2 times (x 72B)
Class com.google.common.collect.ImmutableBiMapFauxverideShim                          : loaded 2 times (x 118B)
Class org.objectweb.asm.MethodTooLargeException                                       : loaded 2 times (x 81B)
Class com.google.common.cache.Cache                                                   : loaded 2 times (x 68B)
Class com.google.common.collect.Maps$EntrySet                                         : loaded 2 times (x 134B)
Class org.jetbrains.kotlin.config.ApiVersion                                          : loaded 2 times (x 84B)
Class org.gradle.internal.classloader.SystemClassLoaderSpec                           : loaded 2 times (x 69B)
Class com.google.common.io.LineBuffer                                                 : loaded 2 times (x 73B)
Class com.google.common.util.concurrent.internal.InternalFutureFailureAccess          : loaded 2 times (x 70B)
Class com.google.common.io.CharSource$StringCharSource                                : loaded 2 times (x 84B)
Class net.rubygrapefruit.platform.internal.Platform$FreeBSD64Bit                      : loaded 2 times (x 80B)
Class com.google.common.base.Charsets                                                 : loaded 2 times (x 69B)
Class org.jetbrains.kotlin.utils.DescriptionAware                                     : loaded 2 times (x 68B)
Class com.google.common.primitives.Ints$IntConverter                                  : loaded 2 times (x 88B)
Class com.google.common.collect.SingletonImmutableSet                                 : loaded 2 times (x 144B)
Class com.google.common.collect.Interners$InternerBuilder                             : loaded 2 times (x 74B)
Class com.google.common.reflect.Types$TypeVariableImpl                                : loaded 2 times (x 70B)
Class [Lcom.google.common.base.AbstractIterator$State;                                : loaded 2 times (x 67B)
Class com.google.common.collect.ImmutableMap$Builder                                  : loaded 2 times (x 80B)
Class com.google.common.io.LineReader$1                                               : loaded 2 times (x 73B)
Class net.rubygrapefruit.platform.internal.Platform$MacOs                             : loaded 2 times (x 80B)
Class com.google.common.base.AbstractIterator                                         : loaded 2 times (x 78B)
Class org.objectweb.asm.ClassWriter                                                   : loaded 2 times (x 104B)
Class com.google.common.collect.Range                                                 : loaded 2 times (x 85B)
Class org.jetbrains.kotlin.config.LanguageVersion                                     : loaded 2 times (x 89B)
Class com.google.common.base.AbstractIterator$1                                       : loaded 2 times (x 69B)
Class [Lcom.google.common.cache.CacheBuilder$OneWeigher;                              : loaded 2 times (x 67B)
Class net.rubygrapefruit.platform.NativeIntegrationLinkageException                   : loaded 2 times (x 80B)
Class com.google.common.collect.Iterators                                             : loaded 2 times (x 69B)
Class com.google.common.base.CharMatcher$1                                            : loaded 2 times (x 111B)
Class com.google.common.base.CharMatcher$Ascii                                        : loaded 2 times (x 110B)
Class com.google.common.cache.LocalCache$ComputingValueReference                      : loaded 2 times (x 94B)
Class com.google.common.cache.LocalCache$SoftValueReference                           : loaded 2 times (x 95B)
Class com.google.common.collect.ImmutableList$SerializedForm                          : loaded 2 times (x 71B)
Class org.gradle.api.UncheckedIOException                                             : loaded 2 times (x 80B)
Class com.google.common.base.CharMatcher$And                                          : loaded 2 times (x 110B)
Class com.google.common.io.Files$FileByteSink                                         : loaded 2 times (x 75B)
Class [Lcom.google.common.io.FileWriteMode;                                           : loaded 2 times (x 67B)
Class com.google.common.collect.IndexedImmutableSet                                   : loaded 2 times (x 148B)
Class com.google.common.base.ExtraObjectsMethodsForWeb                                : loaded 2 times (x 69B)
Class com.google.common.collect.IndexedImmutableSet$1                                 : loaded 2 times (x 172B)
Class com.google.common.collect.AbstractListMultimap                                  : loaded 2 times (x 170B)
Class com.google.common.base.CharMatcher$Any                                          : loaded 2 times (x 110B)
Class com.google.common.reflect.TypeCapture                                           : loaded 2 times (x 69B)
Class com.google.common.cache.LocalCache$Strength                                     : loaded 2 times (x 79B)
Class com.google.common.collect.AbstractMapBasedMultimap$KeySet                       : loaded 2 times (x 135B)
Class com.google.common.collect.SortedIterable                                        : loaded 2 times (x 68B)
Class com.google.common.collect.ArrayListMultimapGwtSerializationDependencies         : loaded 2 times (x 170B)
Class com.google.common.base.CharMatcher$RangesMatcher                                : loaded 2 times (x 110B)
Class com.google.common.collect.AbstractMapBasedMultimap$RandomAccessWrappedList      : loaded 2 times (x 165B)
Class org.objectweb.asm.Handler                                                       : loaded 2 times (x 70B)
Class net.rubygrapefruit.platform.internal.Platform$Linux32Bit                        : loaded 2 times (x 81B)
Class com.google.common.collect.ImmutableList$SubList                                 : loaded 2 times (x 168B)
Class net.rubygrapefruit.platform.internal.Platform$MacOs64Bit                        : loaded 2 times (x 80B)
Class com.google.common.cache.LocalCache$ValueReference                               : loaded 2 times (x 68B)
Class org.objectweb.asm.ClassReader                                                   : loaded 2 times (x 91B)
Class com.google.common.io.Java8Compatibility                                         : loaded 2 times (x 69B)
Class org.gradle.internal.classloader.ClasspathUtil                                   : loaded 2 times (x 69B)
Class org.apache.commons.io.FileUtils                                                 : loaded 2 times (x 69B)
Class org.objectweb.asm.CurrentFrame                                                  : loaded 2 times (x 71B)
Class com.google.common.util.concurrent.AbstractFuture                                : loaded 2 times (x 93B)
Class com.google.common.reflect.TypeResolver                                          : loaded 2 times (x 70B)
Class com.google.common.base.Splitter$1                                               : loaded 2 times (x 75B)
Class com.google.common.collect.TransformedListIterator                               : loaded 2 times (x 91B)
Class com.google.common.cache.LocalCache$ValueIterator                                : loaded 2 times (x 84B)
Class com.google.common.base.Ticker$1                                                 : loaded 2 times (x 70B)
Class com.google.common.collect.Maps$BiMapConverter                                   : loaded 2 times (x 88B)
Class org.gradle.api.internal.DefaultClassPathRegistry                                : loaded 2 times (x 74B)
Class org.jetbrains.kotlin.config.LanguageOrApiVersion                                : loaded 2 times (x 68B)
Class com.google.common.collect.AbstractIterator$State                                : loaded 2 times (x 77B)
Class com.google.common.util.concurrent.AbstractFuture$Cancellation                   : loaded 2 times (x 70B)
Class [Lorg.objectweb.asm.Symbol;                                                     : loaded 2 times (x 67B)
Class com.google.common.collect.Interner                                              : loaded 2 times (x 68B)
Class com.google.common.collect.ImmutableSet$SetBuilderImpl                           : loaded 2 times (x 74B)
Class org.gradle.api.internal.classpath.DefaultModuleRegistry$DefaultModule           : loaded 2 times (x 84B)
Class net.rubygrapefruit.platform.internal.Platform                                   : loaded 2 times (x 77B)
Class com.google.common.io.LineReader                                                 : loaded 2 times (x 70B)
Class com.google.common.base.CharMatcher$JavaIsoControl                               : loaded 2 times (x 110B)
Class com.google.common.collect.ImmutableMap$1                                        : loaded 2 times (x 79B)
Class org.jetbrains.kotlin.config.JvmDefaultMode$Companion                            : loaded 2 times (x 69B)
Class com.google.common.base.CharMatcher$Or                                           : loaded 2 times (x 110B)
Class com.google.common.base.Suppliers$SupplierOfInstance                             : loaded 2 times (x 77B)
Class org.objectweb.asm.RecordComponentVisitor                                        : loaded 2 times (x 75B)
Class com.google.common.reflect.Types$ClassOwnership$1                                : loaded 2 times (x 78B)
Class com.google.common.reflect.Invokable                                             : loaded 2 times (x 99B)
Class com.google.common.reflect.Types$ClassOwnership$2                                : loaded 2 times (x 78B)
Class com.google.common.reflect.Types$ClassOwnership$3                                : loaded 2 times (x 69B)
Class com.google.common.cache.LocalCache$HashIterator                                 : loaded 2 times (x 84B)
Class com.google.common.collect.Iterables                                             : loaded 2 times (x 69B)
Class com.google.common.base.CharMatcher$JavaLowerCase                                : loaded 2 times (x 109B)
Class com.google.common.cache.LocalCache$WriteThroughEntry                            : loaded 2 times (x 77B)
Class org.objectweb.asm.ClassTooLargeException                                        : loaded 2 times (x 81B)
Class org.gradle.api.internal.classpath.UnknownModuleException                        : loaded 2 times (x 80B)
Class com.google.common.collect.FluentIterable                                        : loaded 2 times (x 79B)
Class com.google.common.util.concurrent.AbstractFuture$Listener                       : loaded 2 times (x 70B)
Class com.google.common.collect.Iterables$4                                           : loaded 2 times (x 79B)
Class org.objectweb.asm.Edge                                                          : loaded 2 times (x 70B)
Class com.google.common.collect.Maps$EntryTransformer                                 : loaded 2 times (x 68B)
Class com.google.common.collect.ImmutableCollection$Builder                           : loaded 2 times (x 74B)
Class com.google.common.io.ByteArrayDataInput                                         : loaded 2 times (x 68B)
Class net.rubygrapefruit.platform.internal.Platform$Window64Bit                       : loaded 2 times (x 77B)
Class org.apache.commons.io.FilenameUtils                                             : loaded 2 times (x 69B)
Class [Lorg.objectweb.asm.SymbolTable$Entry;                                          : loaded 2 times (x 67B)
Class com.google.common.reflect.Types$JavaVersion                                     : loaded 2 times (x 81B)
Class com.google.common.collect.SingletonImmutableBiMap                               : loaded 2 times (x 141B)
Class com.google.common.base.CommonPattern                                            : loaded 2 times (x 72B)
Class com.google.common.base.Suppliers$MemoizingSupplier                              : loaded 2 times (x 77B)
Class com.google.common.base.Suppliers                                                : loaded 2 times (x 69B)
Class net.rubygrapefruit.platform.internal.Platform$FreeBSD32Bit                      : loaded 2 times (x 80B)
Class [Lcom.google.common.collect.Iterators$EmptyModifiableIterator;                  : loaded 2 times (x 67B)
Class org.objectweb.asm.ClassVisitor                                                  : loaded 2 times (x 86B)
Class com.google.common.cache.LoadingCache                                            : loaded 2 times (x 68B)
Class org.gradle.internal.service.ServiceLookupException                              : loaded 2 times (x 80B)
Class com.google.common.collect.MapMakerInternalMap$StrongKeyDummyValueSegment        : loaded 2 times (x 140B)
Class org.gradle.cache.GlobalCache                                                    : loaded 2 times (x 68B)
Class com.google.common.base.Present                                                  : loaded 2 times (x 79B)
Class com.google.common.base.CharMatcher$NegatedFastMatcher                           : loaded 2 times (x 111B)
Class [Lorg.gradle.api.internal.ClassPathProvider;                                    : loaded 2 times (x 67B)
Class com.google.common.util.concurrent.AbstractFuture$SafeAtomicHelper               : loaded 2 times (x 77B)
Class com.google.common.collect.ImmutableMultimap$Values                              : loaded 2 times (x 124B)
Class net.rubygrapefruit.platform.internal.Platform$FreeBSD                           : loaded 2 times (x 80B)
Class org.gradle.util.internal.GUtil                                                  : loaded 2 times (x 69B)
Class net.rubygrapefruit.platform.internal.Platform$Unix                              : loaded 2 times (x 80B)
Class com.google.common.math.IntMath                                                  : loaded 2 times (x 69B)
Class [Lcom.google.common.reflect.Types$JavaVersion;                                  : loaded 2 times (x 67B)
Class net.rubygrapefruit.platform.Process                                             : loaded 2 times (x 68B)
Class com.google.common.collect.AbstractIterator                                      : loaded 2 times (x 80B)
Class org.gradle.internal.classloader.ClassLoaderSpec                                 : loaded 2 times (x 69B)
Class com.google.common.io.LineProcessor                                              : loaded 2 times (x 68B)
Class com.google.common.base.NullnessCasts                                            : loaded 2 times (x 69B)
Class com.google.common.io.CharSink                                                   : loaded 2 times (x 77B)
Class org.objectweb.asm.Frame                                                         : loaded 2 times (x 71B)
Class com.google.common.cache.LocalCache$LocalManualCache                             : loaded 2 times (x 97B)
Class com.google.common.collect.AbstractMapEntry                                      : loaded 2 times (x 79B)
Class com.google.common.collect.ImmutableList$Builder                                 : loaded 2 times (x 75B)
Class com.google.common.base.CharMatcher$Negated                                      : loaded 2 times (x 111B)
Class net.rubygrapefruit.platform.NativeIntegrationUnavailableException               : loaded 2 times (x 80B)
Class com.google.common.cache.CacheLoader$1                                           : loaded 2 times (x 73B)
Class net.rubygrapefruit.platform.NativeIntegration                                   : loaded 2 times (x 68B)
Class [Lcom.google.common.collect.MapMakerInternalMap$Strength;                       : loaded 2 times (x 67B)
Class com.google.common.util.concurrent.AbstractFuture$TrustedFuture                  : loaded 2 times (x 95B)
Class com.google.common.collect.MapMakerInternalMap$InternalEntry                     : loaded 2 times (x 68B)
Class org.apache.commons.io.FileExistsException                                       : loaded 2 times (x 80B)
Class com.google.common.collect.Maps$ViewCachingAbstractMap                           : loaded 2 times (x 123B)
Class org.jetbrains.kotlin.config.ExplicitApiMode$Companion                           : loaded 2 times (x 69B)
Class com.google.common.collect.Sets                                                  : loaded 2 times (x 69B)
Class com.google.common.collect.ImmutableSet$Builder                                  : loaded 2 times (x 83B)
Class com.google.common.collect.MapMakerInternalMap                                   : loaded 2 times (x 159B)
Class com.google.common.base.CharMatcher$ForPredicate                                 : loaded 2 times (x 110B)
Class com.google.common.collect.ImmutableMap$MapViewOfValuesAsSingletonSets           : loaded 2 times (x 123B)
Class net.rubygrapefruit.platform.internal.Platform$MacOs32Bit                        : loaded 2 times (x 80B)
Class com.google.common.collect.ImmutableMapKeySet                                    : loaded 2 times (x 148B)
Class com.google.common.base.MoreObjects                                              : loaded 2 times (x 69B)
Class com.google.common.collect.SortedMapDifference                                   : loaded 2 times (x 68B)
Class org.objectweb.asm.SymbolTable                                                   : loaded 2 times (x 70B)
Class [Lorg.objectweb.asm.AnnotationVisitor;                                          : loaded 2 times (x 67B)
Class com.google.common.cache.CacheStats                                              : loaded 2 times (x 69B)
Class org.objectweb.asm.Attribute                                                     : loaded 2 times (x 75B)
Class org.gradle.internal.classloader.VisitableURLClassLoader                         : loaded 2 times (x 114B)
Class com.google.common.cache.LocalCache$LocalLoadingCache                            : loaded 2 times (x 132B)
Class com.google.common.io.CharSource$CharSequenceCharSource                          : loaded 2 times (x 84B)
Class com.google.common.base.Supplier                                                 : loaded 2 times (x 68B)
Class com.google.common.collect.ImmutableMultimap$Keys                                : loaded 2 times (x 164B)
Class com.google.common.base.Objects                                                  : loaded 2 times (x 69B)
Class com.google.common.util.concurrent.AbstractFuture$AtomicHelper                   : loaded 2 times (x 76B)
Class com.google.common.collect.ImmutableBiMap                                        : loaded 2 times (x 141B)
Class org.gradle.internal.Cast                                                        : loaded 2 times (x 69B)
Class com.google.common.hash.PrimitiveSink                                            : loaded 2 times (x 68B)
Class com.google.common.collect.NullnessCasts                                         : loaded 2 times (x 69B)
Class Build_gradle                                                                    : loaded 2 times (x 128B)
Class com.google.common.io.CharSource$EmptyCharSource                                 : loaded 2 times (x 84B)
Class org.gradle.api.internal.ClassPathRegistry                                       : loaded 2 times (x 68B)
Class com.google.common.cache.LocalCache$EntryFactory                                 : loaded 2 times (x 81B)
Class com.google.common.util.concurrent.UncheckedExecutionException                   : loaded 2 times (x 80B)
Class com.google.common.collect.ImmutableSet                                          : loaded 2 times (x 143B)
Class org.gradle.internal.classloader.VisitableURLClassLoader$InstrumentingVisitableURLClassLoader: loaded 2 times (x 120B)
Class org.gradle.internal.classloader.ClassLoaderHierarchy                            : loaded 2 times (x 68B)
Class com.google.common.io.Closer$Suppressor                                          : loaded 2 times (x 68B)
Class net.rubygrapefruit.platform.internal.LibraryDef                                 : loaded 2 times (x 70B)
Class com.google.common.collect.AbstractMapBasedMultimap$WrappedList                  : loaded 2 times (x 165B)
Class [Lorg.objectweb.asm.Type;                                                       : loaded 2 times (x 67B)
Class com.google.common.collect.MapMakerInternalMap$WeakValueReference                : loaded 2 times (x 68B)
Class com.google.common.base.AbstractIterator$State                                   : loaded 2 times (x 77B)
Class org.jetbrains.kotlin.config.LanguageVersionSettings                             : loaded 2 times (x 68B)
Class com.google.common.cache.Weigher                                                 : loaded 2 times (x 68B)
Class com.google.common.collect.MapMakerInternalMap$StrongValueEntry                  : loaded 2 times (x 68B)
Class com.google.common.base.CharMatcher$NamedFastMatcher                             : loaded 2 times (x 110B)
Class org.gradle.internal.InternalTransformer                                         : loaded 2 times (x 68B)
Class org.gradle.internal.service.ServiceLocator                                      : loaded 2 times (x 68B)
Class Settings_gradle$1                                                               : loaded 2 times (x 72B)
Class net.rubygrapefruit.platform.internal.Platform$Linux                             : loaded 2 times (x 81B)
Class com.google.common.collect.ImmutableRangeSet$1                                   : loaded 2 times (x 169B)
Class com.google.common.util.concurrent.SettableFuture                                : loaded 2 times (x 95B)
Class net.rubygrapefruit.platform.NativeException                                     : loaded 2 times (x 80B)
Class net.rubygrapefruit.platform.Native                                              : loaded 2 times (x 69B)
Class com.google.common.io.Files$2                                                    : loaded 2 times (x 74B)
Class com.google.common.collect.ImmutableMapEntry                                     : loaded 2 times (x 83B)
Class com.google.common.reflect.Types$ParameterizedTypeImpl                           : loaded 2 times (x 79B)
Class net.rubygrapefruit.platform.internal.Platform$Window32Bit                       : loaded 2 times (x 77B)
Class com.google.common.io.ByteStreams                                                : loaded 2 times (x 69B)
Class org.jetbrains.kotlin.name.Name                                                  : loaded 2 times (x 73B)
Class com.google.common.base.CharMatcher$Invisible                                    : loaded 2 times (x 110B)
Class com.google.common.base.Joiner$1                                                 : loaded 2 times (x 78B)
Class com.google.common.collect.MapMaker                                              : loaded 2 times (x 70B)
Class com.google.common.base.Joiner$2                                                 : loaded 2 times (x 77B)
Class com.google.common.collect.ImmutableMultiset                                     : loaded 2 times (x 161B)
Class com.google.common.reflect.Types$JavaVersion$1                                   : loaded 2 times (x 81B)
Class com.google.common.base.CharMatcher$FastMatcher                                  : loaded 2 times (x 109B)
Class com.google.common.reflect.Types$JavaVersion$2                                   : loaded 2 times (x 81B)
Class [Lorg.objectweb.asm.Label;                                                      : loaded 2 times (x 67B)
Class com.google.common.reflect.Types$JavaVersion$3                                   : loaded 2 times (x 81B)
Class org.gradle.internal.classpath.DefaultClassPath$ImmutableUniqueList              : loaded 2 times (x 159B)
Class com.google.common.reflect.Types$JavaVersion$4                                   : loaded 2 times (x 81B)
Class com.google.common.reflect.Types$JavaVersion$5                                   : loaded 2 times (x 69B)
Class com.google.common.base.CharMatcher$JavaLetter                                   : loaded 2 times (x 109B)
Class com.google.common.collect.ImmutableMultimap$1                                   : loaded 2 times (x 80B)
Class com.google.common.collect.ImmutableMultimap$2                                   : loaded 2 times (x 79B)
Class org.gradle.internal.classpath.TransformedClassPath                              : loaded 2 times (x 94B)
Class com.google.common.collect.MapDifference                                         : loaded 2 times (x 68B)
Class com.google.common.io.ByteSource$EmptyByteSource                                 : loaded 2 times (x 83B)
Class com.google.common.reflect.TypeToken$SimpleTypeToken                             : loaded 2 times (x 71B)
Class com.google.common.collect.Sets$1                                                : loaded 2 times (x 137B)
Class com.google.common.collect.Sets$2                                                : loaded 2 times (x 137B)
Class com.google.common.util.concurrent.AbstractFuture$Trusted                        : loaded 2 times (x 68B)
Class com.google.common.collect.Sets$3                                                : loaded 2 times (x 137B)
Class com.google.common.graph.SuccessorsFunction                                      : loaded 2 times (x 68B)
Class com.google.common.collect.Sets$4                                                : loaded 2 times (x 137B)
Class com.google.common.reflect.Types$NativeTypeVariableEquals                        : loaded 2 times (x 69B)
Class Settings_gradle                                                                 : loaded 2 times (x 126B)
Class com.google.common.io.ByteSink                                                   : loaded 2 times (x 74B)
Class com.google.common.collect.AbstractMapBasedMultimap$WrappedCollection$WrappedIterator: loaded 2 times (x 82B)
Class org.objectweb.asm.MethodWriter                                                  : loaded 2 times (x 104B)
Class com.google.common.collect.Platform                                              : loaded 2 times (x 69B)
Class com.google.common.collect.ImmutableAsList                                       : loaded 2 times (x 169B)
Class com.google.common.util.concurrent.ExecutionError                                : loaded 2 times (x 80B)
Class com.google.common.io.ByteSink$AsCharSink                                        : loaded 2 times (x 78B)
Class com.google.common.base.Equivalence$Identity                                     : loaded 2 times (x 80B)
Class com.google.common.base.CharMatcher$AnyOf                                        : loaded 2 times (x 110B)
Class com.google.common.base.CharMatcher$IsEither                                     : loaded 2 times (x 109B)
Class com.google.common.collect.AbstractIterator$1                                    : loaded 2 times (x 69B)
Class com.google.common.io.CharSource                                                 : loaded 2 times (x 83B)
Class com.google.common.cache.LocalCache                                              : loaded 2 times (x 185B)
Class com.google.common.collect.ImmutableRangeSet$Builder                             : loaded 2 times (x 75B)
Class org.jetbrains.kotlin.name.FqNameUnsafe$1                                        : loaded 2 times (x 72B)
Class com.google.common.collect.RegularImmutableList                                  : loaded 2 times (x 172B)
Class com.google.common.util.concurrent.AbstractFuture$UnsafeAtomicHelper$1           : loaded 2 times (x 74B)
Class com.google.common.base.CharMatcher$JavaUpperCase                                : loaded 2 times (x 109B)
Class com.google.common.collect.Multiset                                              : loaded 2 times (x 68B)
Class com.google.common.collect.ImmutableSet$CachingAsList                            : loaded 2 times (x 145B)
Class com.google.common.reflect.Invokable$ConstructorInvokable                        : loaded 2 times (x 103B)
Class org.objectweb.asm.MethodVisitor                                                 : loaded 2 times (x 103B)
Class com.google.common.collect.AbstractMapBasedMultimap$KeySet$1                     : loaded 2 times (x 80B)
Class com.google.common.collect.ImmutableMapEntry$NonTerminalImmutableMapEntry        : loaded 2 times (x 83B)
Class com.google.common.collect.AbstractMapBasedMultimap                              : loaded 2 times (x 137B)


---------------  S Y S T E M  ---------------

OS:
 Windows 10 , 64 bit Build 19041 (10.0.19041.3393)
OS uptime: 0 days 5:41 hours

CPU: total 8 (initial active 8) (8 cores per cpu, 2 threads per core) family 23 model 24 stepping 1 microcode 0x0, cx8, cmov, fxsr, ht, mmx, 3dnowpref, sse, sse2, sse3, ssse3, sse4a, sse4.1, sse4.2, popcnt, lzcnt, tsc, tscinvbit, avx, avx2, aes, clmul, bmi1, bmi2, adx, sha, fma, vzeroupper, clflush, clflushopt

Memory: 4k page, system-wide physical 7103M (14M free)
TotalPageFile size 17343M (AvailPageFile size 6M)
current process WorkingSet (physical memory assigned to process): 329M, peak: 818M
current process commit charge ("private bytes"): 1524M, peak: 1529M

vm_info: OpenJDK 64-Bit Server VM (17.0.7+0-b2043.56-10550314) for windows-amd64 JRE (17.0.7+0-b2043.56-10550314), built on Jul 24 2023 18:27:45 by "androidbuild" with MS VC++ 16.10 / 16.11 (VS2019)

END.
