#
# There is insufficient memory for the Java Runtime Environment to continue.
# Native memory allocation (mmap) failed to map 492830720 bytes for G1 virtual space
# Possible reasons:
#   The system is out of physical RAM or swap space
#   The process is running with CompressedOops enabled, and the Java Heap may be blocking the growth of the native heap
# Possible solutions:
#   Reduce memory load on the system
#   Increase physical memory or swap space
#   Check if swap backing store is full
#   Decrease Java heap size (-Xmx/-Xms)
#   Decrease number of Java threads
#   Decrease Java thread stack sizes (-Xss)
#   Set larger code cache with -XX:ReservedCodeCacheSize=
#   JVM is running with Unscaled Compressed Oops mode in which the Java heap is
#     placed in the first 4GB address space. The Java Heap base address is the
#     maximum limit for the native heap growth. Please use -XX:HeapBaseMinAddress
#     to set the Java Heap base and to place the Java Heap above 4GB virtual address.
# This output file may be truncated or incomplete.
#
#  Out of Memory Error (os_windows.cpp:3771), pid=12000, tid=8660
#
# JRE version: OpenJDK Runtime Environment (17.0.7) (build 17.0.7+0-b2043.56-10550314)
# Java VM: OpenJDK 64-Bit Server VM (17.0.7+0-b2043.56-10550314, mixed mode, tiered, compressed oops, compressed class ptrs, g1 gc, windows-amd64)
# No core dump will be written. Minidumps are not enabled by default on client versions of Windows
#

---------------  S U M M A R Y ------------

Command Line: --add-opens=java.base/java.util=ALL-UNNAMED --add-opens=java.base/java.lang=ALL-UNNAMED --add-opens=java.base/java.lang.invoke=ALL-UNNAMED --add-opens=java.prefs/java.util.prefs=ALL-UNNAMED --add-opens=java.base/java.nio.charset=ALL-UNNAMED --add-opens=java.base/java.net=ALL-UNNAMED --add-opens=java.base/java.util.concurrent.atomic=ALL-UNNAMED -Xmx2048m -Dfile.encoding=UTF-8 -Duser.country=TR -Duser.language=tr -Duser.variant -javaagent:C:\Users\james\.gradle\wrapper\dists\gradle-8.2-bin\bbg7u40eoinfdyxsxr3z4i7ta\gradle-8.2\lib\agents\gradle-instrumentation-agent-8.2.jar org.gradle.launcher.daemon.bootstrap.GradleDaemon 8.2

Host: AMD Ryzen 5 3500U with Radeon Vega Mobile Gfx  , 8 cores, 6G,  Windows 10 , 64 bit Build 19041 (10.0.19041.3393)
Time: Sat Apr 13 20:18:45 2024 Türkiye Standart Saati elapsed time: 271.147980 seconds (0d 0h 4m 31s)

---------------  T H R E A D  ---------------

Current thread (0x0000014ad7a5ac50):  VMThread "VM Thread" [stack: 0x0000001e5e600000,0x0000001e5e700000] [id=8660]

Stack: [0x0000001e5e600000,0x0000001e5e700000]
Native frames: (J=compiled Java code, j=interpreted, Vv=VM code, C=native code)
V  [jvm.dll+0x683bfa]
V  [jvm.dll+0x8430a4]
V  [jvm.dll+0x8449be]
V  [jvm.dll+0x845023]
V  [jvm.dll+0x24ad2f]
V  [jvm.dll+0x680ac9]
V  [jvm.dll+0x67519a]
V  [jvm.dll+0x30b3cb]
V  [jvm.dll+0x312876]
V  [jvm.dll+0x36221e]
V  [jvm.dll+0x36244f]
V  [jvm.dll+0x2e14a8]
V  [jvm.dll+0x2df684]
V  [jvm.dll+0x2dec8c]
V  [jvm.dll+0x32382b]
V  [jvm.dll+0x8496eb]
V  [jvm.dll+0x84a424]
V  [jvm.dll+0x84a93d]
V  [jvm.dll+0x84ad14]
V  [jvm.dll+0x84ade0]
V  [jvm.dll+0x7f2aea]
V  [jvm.dll+0x682a35]
C  [ucrtbase.dll+0x21bb2]
C  [KERNEL32.DLL+0x17344]
C  [ntdll.dll+0x526b1]

VM_Operation (0x0000001e64cfbc10): G1CollectForAllocation, mode: safepoint, requested by thread 0x0000014ae213cd40


---------------  P R O C E S S  ---------------

Threads class SMR info:
_java_thread_list=0x0000014ae2a7a210, length=110, elements={
0x0000014abdbeba20, 0x0000014ad7a5ffd0, 0x0000014ad7a60e90, 0x0000014ad7a8e560,
0x0000014adc008070, 0x0000014adc008930, 0x0000014adc0091f0, 0x0000014adc00d390,
0x0000014adc00dc90, 0x0000014adc047c10, 0x0000014ad79e8f30, 0x0000014adc286430,
0x0000014add771240, 0x0000014addfd12b0, 0x0000014addc86370, 0x0000014ade8c2550,
0x0000014ade8c4bd0, 0x0000014ade8c33c0, 0x0000014ade8c5570, 0x0000014ade8c5a40,
0x0000014ade8c3d60, 0x0000014ade8c2080, 0x0000014ae03e0a80, 0x0000014ae03deda0,
0x0000014ae03e4440, 0x0000014ae03de400, 0x0000014ae03e35d0, 0x0000014ae03e4910,
0x0000014ae03e2c30, 0x0000014ae03e1dc0, 0x0000014ae03e2290, 0x0000014ae1a83400,
0x0000014ae2c29ed0, 0x0000014ae2c29060, 0x0000014ae22bd800, 0x0000014ae22bc4c0,
0x0000014ae1a4d480, 0x0000014ae2c2a870, 0x0000014ae18fae70, 0x0000014ae22bdcd0,
0x0000014ae1a4e2f0, 0x0000014ae907c030, 0x0000014ae907b690, 0x0000014ae9079010,
0x0000014ae1a4d950, 0x0000014ae1a4ec90, 0x0000014ae1a4e7c0, 0x0000014ae2dcbac0,
0x0000014ae2dcdc70, 0x0000014ae18fbce0, 0x0000014ae18fb810, 0x0000014ae18f9190,
0x0000014ae18f9660, 0x0000014ae1a4f160, 0x0000014ae1a4f630, 0x0000014ae1a4fb00,
0x0000014ae1a4ffd0, 0x0000014ae22bbff0, 0x0000014ae1a504a0, 0x0000014ae1a50e40,
0x0000014ae1a4de20, 0x0000014ae1470530, 0x0000014ae2dcbf90, 0x0000014ae22ca1c0,
0x0000014ae22ca690, 0x0000014ae22c9cf0, 0x0000014ae22c6cd0, 0x0000014ae22c71a0,
0x0000014ae22c7670, 0x0000014ae22c9350, 0x0000014ae907c9d0, 0x0000014ae1470a00,
0x0000014ae213bed0, 0x0000014ae213d210, 0x0000014ae22be670, 0x0000014adedd9570,
0x0000014ae2dceae0, 0x0000014adedd9a40, 0x0000014ae22c89b0, 0x0000014ae22c84e0,
0x0000014ae22c9820, 0x0000014ae22c7b40, 0x0000014ae22c8010, 0x0000014adedd8bd0,
0x0000014adedda3e0, 0x0000014adedd90a0, 0x0000014ae918b8e0, 0x0000014ae918c750,
0x0000014ae918a0d0, 0x0000014ae918af40, 0x0000014ae9189730, 0x0000014ae907a820,
0x0000014ae9079e80, 0x0000014ae918d0f0, 0x0000014ae9189c00, 0x0000014ae918a5a0,
0x0000014ae918aa70, 0x0000014ae918cc20, 0x0000014ae213e080, 0x0000014ae213f3c0,
0x0000014ae213c3a0, 0x0000014ae213c870, 0x0000014ae213cd40, 0x0000014ae2dcc460,
0x0000014ae2dcc930, 0x0000014ae2dcd2d0, 0x0000014ae2dcd7a0, 0x0000014ae918bdb0,
0x0000014ae1470ed0, 0x0000014adc1a24f0
}

Java Threads: ( => current thread )
  0x0000014abdbeba20 JavaThread "main" [_thread_blocked, id=16076, stack(0x0000001e5e000000,0x0000001e5e100000)]
  0x0000014ad7a5ffd0 JavaThread "Reference Handler" daemon [_thread_blocked, id=12812, stack(0x0000001e5e700000,0x0000001e5e800000)]
  0x0000014ad7a60e90 JavaThread "Finalizer" daemon [_thread_blocked, id=15152, stack(0x0000001e5e800000,0x0000001e5e900000)]
  0x0000014ad7a8e560 JavaThread "Signal Dispatcher" daemon [_thread_blocked, id=5160, stack(0x0000001e5e900000,0x0000001e5ea00000)]
  0x0000014adc008070 JavaThread "Attach Listener" daemon [_thread_blocked, id=15880, stack(0x0000001e5ea00000,0x0000001e5eb00000)]
  0x0000014adc008930 JavaThread "Service Thread" daemon [_thread_blocked, id=4400, stack(0x0000001e5eb00000,0x0000001e5ec00000)]
  0x0000014adc0091f0 JavaThread "Monitor Deflation Thread" daemon [_thread_blocked, id=10036, stack(0x0000001e5ec00000,0x0000001e5ed00000)]
  0x0000014adc00d390 JavaThread "C2 CompilerThread0" daemon [_thread_blocked, id=11352, stack(0x0000001e5ed00000,0x0000001e5ee00000)]
  0x0000014adc00dc90 JavaThread "C1 CompilerThread0" daemon [_thread_blocked, id=7096, stack(0x0000001e5ee00000,0x0000001e5ef00000)]
  0x0000014adc047c10 JavaThread "Sweeper thread" daemon [_thread_blocked, id=10052, stack(0x0000001e5ef00000,0x0000001e5f000000)]
  0x0000014ad79e8f30 JavaThread "Common-Cleaner" daemon [_thread_blocked, id=6344, stack(0x0000001e5f000000,0x0000001e5f100000)]
  0x0000014adc286430 JavaThread "Notification Thread" daemon [_thread_blocked, id=5908, stack(0x0000001e5f100000,0x0000001e5f200000)]
  0x0000014add771240 JavaThread "Daemon health stats" [_thread_blocked, id=4480, stack(0x0000001e5f800000,0x0000001e5f900000)]
  0x0000014addfd12b0 JavaThread "Incoming local TCP Connector on port 60224" [_thread_in_native, id=5052, stack(0x0000001e5f900000,0x0000001e5fa00000)]
  0x0000014addc86370 JavaThread "Daemon periodic checks" [_thread_blocked, id=2932, stack(0x0000001e5fa00000,0x0000001e5fb00000)]
  0x0000014ade8c2550 JavaThread "Cache worker for journal cache (C:\Users\james\.gradle\caches\journal-1)" [_thread_blocked, id=15136, stack(0x0000001e60600000,0x0000001e60700000)]
  0x0000014ade8c4bd0 JavaThread "File lock request listener" [_thread_in_native, id=7560, stack(0x0000001e60700000,0x0000001e60800000)]
  0x0000014ade8c33c0 JavaThread "Cache worker for file hash cache (C:\Users\james\.gradle\caches\8.2\fileHashes)" [_thread_blocked, id=10156, stack(0x0000001e60800000,0x0000001e60900000)]
  0x0000014ade8c5570 JavaThread "File watcher server" daemon [_thread_blocked, id=8140, stack(0x0000001e60900000,0x0000001e60a00000)]
  0x0000014ade8c5a40 JavaThread "File watcher consumer" daemon [_thread_blocked, id=13228, stack(0x0000001e60a00000,0x0000001e60b00000)]
  0x0000014ade8c3d60 JavaThread "Cache worker for file content cache (C:\Users\james\.gradle\caches\8.2\fileContent)" [_thread_blocked, id=14504, stack(0x0000001e60d00000,0x0000001e60e00000)]
  0x0000014ade8c2080 JavaThread "Cache worker for execution history cache (C:\Users\james\.gradle\caches\8.2\executionHistory)" [_thread_blocked, id=10656, stack(0x0000001e61000000,0x0000001e61100000)]
  0x0000014ae03e0a80 JavaThread "jar transforms" [_thread_blocked, id=15264, stack(0x0000001e61200000,0x0000001e61300000)]
  0x0000014ae03deda0 JavaThread "jar transforms Thread 2" [_thread_blocked, id=15840, stack(0x0000001e61300000,0x0000001e61400000)]
  0x0000014ae03e4440 JavaThread "Cache worker for kotlin-dsl (C:\Users\james\.gradle\caches\8.2\kotlin-dsl)" [_thread_blocked, id=5296, stack(0x0000001e61400000,0x0000001e61500000)]
  0x0000014ae03de400 JavaThread "jar transforms Thread 3" [_thread_blocked, id=7824, stack(0x0000001e61500000,0x0000001e61600000)]
  0x0000014ae03e35d0 JavaThread "jar transforms Thread 4" [_thread_blocked, id=12728, stack(0x0000001e61600000,0x0000001e61700000)]
  0x0000014ae03e4910 JavaThread "jar transforms Thread 5" [_thread_blocked, id=14052, stack(0x0000001e61700000,0x0000001e61800000)]
  0x0000014ae03e2c30 JavaThread "jar transforms Thread 6" [_thread_blocked, id=8272, stack(0x0000001e61800000,0x0000001e61900000)]
  0x0000014ae03e1dc0 JavaThread "jar transforms Thread 7" [_thread_blocked, id=4288, stack(0x0000001e61b00000,0x0000001e61c00000)]
  0x0000014ae03e2290 JavaThread "jar transforms Thread 8" [_thread_blocked, id=7700, stack(0x0000001e61c00000,0x0000001e61d00000)]
  0x0000014ae1a83400 JavaThread "Memory manager" [_thread_blocked, id=7968, stack(0x0000001e62600000,0x0000001e62700000)]
  0x0000014ae2c29ed0 JavaThread "RMI Scheduler(0)" daemon [_thread_blocked, id=2576, stack(0x0000001e68200000,0x0000001e68300000)]
  0x0000014ae2c29060 JavaThread "RMI GC Daemon" daemon [_thread_blocked, id=4108, stack(0x0000001e68400000,0x0000001e68500000)]
  0x0000014ae22bd800 JavaThread "RMI TCP Accept-0" daemon [_thread_in_native, id=2136, stack(0x0000001e68500000,0x0000001e68600000)]
  0x0000014ae22bc4c0 JavaThread "RMI Reaper" [_thread_blocked, id=5996, stack(0x0000001e68600000,0x0000001e68700000)]
  0x0000014ae1a4d480 JavaThread "ForkJoinPool.commonPool-worker-1" daemon [_thread_blocked, id=8096, stack(0x0000001e68d00000,0x0000001e68e00000)]
  0x0000014ae2c2a870 JavaThread "ForkJoinPool.commonPool-worker-3" daemon [_thread_blocked, id=15640, stack(0x0000001e68f00000,0x0000001e69000000)]
  0x0000014ae18fae70 JavaThread "ForkJoinPool.commonPool-worker-6" daemon [_thread_blocked, id=16372, stack(0x0000001e69200000,0x0000001e69300000)]
  0x0000014ae22bdcd0 JavaThread "ForkJoinPool.commonPool-worker-7" daemon [_thread_blocked, id=2772, stack(0x0000001e69300000,0x0000001e69400000)]
  0x0000014ae1a4e2f0 JavaThread "Daemon Thread 2" [_thread_blocked, id=15816, stack(0x0000001e5dd00000,0x0000001e5de00000)]
  0x0000014ae907c030 JavaThread "Handler for socket connection from /127.0.0.1:60224 to /127.0.0.1:60418" [_thread_in_native, id=4232, stack(0x0000001e5de00000,0x0000001e5df00000)]
  0x0000014ae907b690 JavaThread "Cancel handler" [_thread_blocked, id=8344, stack(0x0000001e5df00000,0x0000001e5e000000)]
  0x0000014ae9079010 JavaThread "Daemon worker Thread 2" [_thread_blocked, id=9340, stack(0x0000001e5f700000,0x0000001e5f800000)]
  0x0000014ae1a4d950 JavaThread "Asynchronous log dispatcher for DefaultDaemonConnection: socket connection from /127.0.0.1:60224 to /127.0.0.1:60418" [_thread_blocked, id=9648, stack(0x0000001e5fb00000,0x0000001e5fc00000)]
  0x0000014ae1a4ec90 JavaThread "Stdin handler" [_thread_blocked, id=11660, stack(0x0000001e5fc00000,0x0000001e5fd00000)]
  0x0000014ae1a4e7c0 JavaThread "Daemon client event forwarder" [_thread_blocked, id=9060, stack(0x0000001e5fd00000,0x0000001e5fe00000)]
  0x0000014ae2dcbac0 JavaThread "Cache worker for checksums cache (D:\TaskFour\.gradle\8.2\checksums)" [_thread_blocked, id=13416, stack(0x0000001e5fe00000,0x0000001e5ff00000)]
  0x0000014ae2dcdc70 JavaThread "Cache worker for cache directory md-rule (C:\Users\james\.gradle\caches\8.2\md-rule)" [_thread_blocked, id=4084, stack(0x0000001e5ff00000,0x0000001e60000000)]
  0x0000014ae18fbce0 JavaThread "Cache worker for file hash cache (D:\TaskFour\.gradle\8.2\fileHashes)" [_thread_blocked, id=6860, stack(0x0000001e60000000,0x0000001e60100000)]
  0x0000014ae18fb810 JavaThread "Cache worker for cache directory md-supplier (C:\Users\james\.gradle\caches\8.2\md-supplier)" [_thread_blocked, id=14416, stack(0x0000001e60100000,0x0000001e60200000)]
  0x0000014ae18f9190 JavaThread "Cache worker for dependencies-accessors (D:\TaskFour\.gradle\8.2\dependencies-accessors)" [_thread_blocked, id=8464, stack(0x0000001e60b00000,0x0000001e60c00000)]
  0x0000014ae18f9660 JavaThread "Cache worker for Build Output Cleanup Cache (D:\TaskFour\.gradle\buildOutputCleanup)" [_thread_blocked, id=1264, stack(0x0000001e60c00000,0x0000001e60d00000)]
  0x0000014ae1a4f160 JavaThread "Unconstrained build operations" [_thread_blocked, id=8952, stack(0x0000001e60e00000,0x0000001e60f00000)]
  0x0000014ae1a4f630 JavaThread "Unconstrained build operations Thread 2" [_thread_blocked, id=14668, stack(0x0000001e60f00000,0x0000001e61000000)]
  0x0000014ae1a4fb00 JavaThread "Unconstrained build operations Thread 3" [_thread_blocked, id=8832, stack(0x0000001e61900000,0x0000001e61a00000)]
  0x0000014ae1a4ffd0 JavaThread "Unconstrained build operations Thread 4" [_thread_blocked, id=15568, stack(0x0000001e61a00000,0x0000001e61b00000)]
  0x0000014ae22bbff0 JavaThread "Unconstrained build operations Thread 5" [_thread_blocked, id=11336, stack(0x0000001e61d00000,0x0000001e61e00000)]
  0x0000014ae1a504a0 JavaThread "Unconstrained build operations Thread 6" [_thread_blocked, id=3440, stack(0x0000001e61e00000,0x0000001e61f00000)]
  0x0000014ae1a50e40 JavaThread "Unconstrained build operations Thread 7" [_thread_blocked, id=15616, stack(0x0000001e61f00000,0x0000001e62000000)]
  0x0000014ae1a4de20 JavaThread "build event listener" [_thread_blocked, id=7752, stack(0x0000001e62000000,0x0000001e62100000)]
  0x0000014ae1470530 JavaThread "build event listener" [_thread_blocked, id=11328, stack(0x0000001e62100000,0x0000001e62200000)]
  0x0000014ae2dcbf90 JavaThread "included builds" [_thread_blocked, id=6812, stack(0x0000001e62200000,0x0000001e62300000)]
  0x0000014ae22ca1c0 JavaThread "Execution worker" [_thread_blocked, id=11432, stack(0x0000001e62300000,0x0000001e62400000)]
  0x0000014ae22ca690 JavaThread "Execution worker Thread 2" [_thread_blocked, id=16100, stack(0x0000001e62500000,0x0000001e62600000)]
  0x0000014ae22c9cf0 JavaThread "Execution worker Thread 3" [_thread_blocked, id=10776, stack(0x0000001e62700000,0x0000001e62800000)]
  0x0000014ae22c6cd0 JavaThread "Execution worker Thread 4" [_thread_blocked, id=13468, stack(0x0000001e62800000,0x0000001e62900000)]
  0x0000014ae22c71a0 JavaThread "Execution worker Thread 5" [_thread_blocked, id=9936, stack(0x0000001e62900000,0x0000001e62a00000)]
  0x0000014ae22c7670 JavaThread "Execution worker Thread 6" [_thread_blocked, id=6108, stack(0x0000001e62a00000,0x0000001e62b00000)]
  0x0000014ae22c9350 JavaThread "Execution worker Thread 7" [_thread_blocked, id=7840, stack(0x0000001e62b00000,0x0000001e62c00000)]
  0x0000014ae907c9d0 JavaThread "Cache worker for execution history cache (D:\TaskFour\.gradle\8.2\executionHistory)" [_thread_blocked, id=9308, stack(0x0000001e62c00000,0x0000001e62d00000)]
  0x0000014ae1470a00 JavaThread "Unconstrained build operations Thread 8" [_thread_blocked, id=2064, stack(0x0000001e62d00000,0x0000001e62e00000)]
  0x0000014ae213bed0 JavaThread "Unconstrained build operations Thread 9" [_thread_blocked, id=14700, stack(0x0000001e62e00000,0x0000001e62f00000)]
  0x0000014ae213d210 JavaThread "Unconstrained build operations Thread 10" [_thread_blocked, id=10168, stack(0x0000001e62f00000,0x0000001e63000000)]
  0x0000014ae22be670 JavaThread "Unconstrained build operations Thread 11" [_thread_blocked, id=15772, stack(0x0000001e63000000,0x0000001e63100000)]
  0x0000014adedd9570 JavaThread "Unconstrained build operations Thread 12" [_thread_blocked, id=2108, stack(0x0000001e63100000,0x0000001e63200000)]
  0x0000014ae2dceae0 JavaThread "Unconstrained build operations Thread 13" [_thread_blocked, id=6420, stack(0x0000001e63200000,0x0000001e63300000)]
  0x0000014adedd9a40 JavaThread "Unconstrained build operations Thread 14" [_thread_blocked, id=14120, stack(0x0000001e63300000,0x0000001e63400000)]
  0x0000014ae22c89b0 JavaThread "Unconstrained build operations Thread 15" [_thread_blocked, id=15776, stack(0x0000001e63400000,0x0000001e63500000)]
  0x0000014ae22c84e0 JavaThread "Unconstrained build operations Thread 16" [_thread_blocked, id=5276, stack(0x0000001e63500000,0x0000001e63600000)]
  0x0000014ae22c9820 JavaThread "Unconstrained build operations Thread 17" [_thread_blocked, id=1732, stack(0x0000001e63600000,0x0000001e63700000)]
  0x0000014ae22c7b40 JavaThread "Unconstrained build operations Thread 18" [_thread_blocked, id=6412, stack(0x0000001e63700000,0x0000001e63800000)]
  0x0000014ae22c8010 JavaThread "Unconstrained build operations Thread 19" [_thread_blocked, id=11180, stack(0x0000001e63800000,0x0000001e63900000)]
  0x0000014adedd8bd0 JavaThread "Unconstrained build operations Thread 20" [_thread_blocked, id=14828, stack(0x0000001e63900000,0x0000001e63a00000)]
  0x0000014adedda3e0 JavaThread "Unconstrained build operations Thread 21" [_thread_blocked, id=7360, stack(0x0000001e63a00000,0x0000001e63b00000)]
  0x0000014adedd90a0 JavaThread "Unconstrained build operations Thread 22" [_thread_blocked, id=1428, stack(0x0000001e63b00000,0x0000001e63c00000)]
  0x0000014ae918b8e0 JavaThread "Unconstrained build operations Thread 23" [_thread_blocked, id=6424, stack(0x0000001e63c00000,0x0000001e63d00000)]
  0x0000014ae918c750 JavaThread "Unconstrained build operations Thread 24" [_thread_blocked, id=13544, stack(0x0000001e63d00000,0x0000001e63e00000)]
  0x0000014ae918a0d0 JavaThread "Unconstrained build operations Thread 25" [_thread_blocked, id=12520, stack(0x0000001e63e00000,0x0000001e63f00000)]
  0x0000014ae918af40 JavaThread "Unconstrained build operations Thread 26" [_thread_blocked, id=6776, stack(0x0000001e63f00000,0x0000001e64000000)]
  0x0000014ae9189730 JavaThread "Unconstrained build operations Thread 27" [_thread_blocked, id=14676, stack(0x0000001e64000000,0x0000001e64100000)]
  0x0000014ae907a820 JavaThread "Unconstrained build operations Thread 28" [_thread_blocked, id=6160, stack(0x0000001e64100000,0x0000001e64200000)]
  0x0000014ae9079e80 JavaThread "Unconstrained build operations Thread 29" [_thread_blocked, id=752, stack(0x0000001e64200000,0x0000001e64300000)]
  0x0000014ae918d0f0 JavaThread "Unconstrained build operations Thread 30" [_thread_blocked, id=14764, stack(0x0000001e64300000,0x0000001e64400000)]
  0x0000014ae9189c00 JavaThread "Unconstrained build operations Thread 31" [_thread_blocked, id=13988, stack(0x0000001e64400000,0x0000001e64500000)]
  0x0000014ae918a5a0 JavaThread "Unconstrained build operations Thread 32" [_thread_blocked, id=4280, stack(0x0000001e64500000,0x0000001e64600000)]
  0x0000014ae918aa70 JavaThread "Unconstrained build operations Thread 33" [_thread_blocked, id=8088, stack(0x0000001e64600000,0x0000001e64700000)]
  0x0000014ae918cc20 JavaThread "Unconstrained build operations Thread 34" [_thread_blocked, id=12136, stack(0x0000001e64700000,0x0000001e64800000)]
  0x0000014ae213e080 JavaThread "Unconstrained build operations Thread 35" [_thread_blocked, id=15836, stack(0x0000001e64800000,0x0000001e64900000)]
  0x0000014ae213f3c0 JavaThread "Unconstrained build operations Thread 36" [_thread_blocked, id=6868, stack(0x0000001e64900000,0x0000001e64a00000)]
  0x0000014ae213c3a0 JavaThread "Unconstrained build operations Thread 37" [_thread_blocked, id=8924, stack(0x0000001e64a00000,0x0000001e64b00000)]
  0x0000014ae213c870 JavaThread "Unconstrained build operations Thread 38" [_thread_blocked, id=12824, stack(0x0000001e64b00000,0x0000001e64c00000)]
  0x0000014ae213cd40 JavaThread "WorkerExecutor Queue" [_thread_blocked, id=12692, stack(0x0000001e64c00000,0x0000001e64d00000)]
  0x0000014ae2dcc460 JavaThread "Unconstrained build operations Thread 39" [_thread_blocked, id=10604, stack(0x0000001e64d00000,0x0000001e64e00000)]
  0x0000014ae2dcc930 JavaThread "Unconstrained build operations Thread 40" [_thread_blocked, id=11544, stack(0x0000001e64e00000,0x0000001e64f00000)]
  0x0000014ae2dcd2d0 JavaThread "Unconstrained build operations Thread 41" [_thread_blocked, id=13884, stack(0x0000001e64f00000,0x0000001e65000000)]
  0x0000014ae2dcd7a0 JavaThread "Unconstrained build operations Thread 42" [_thread_blocked, id=12052, stack(0x0000001e65000000,0x0000001e65100000)]
  0x0000014ae918bdb0 JavaThread "RMI TCP Connection(2)-127.0.0.1" daemon [_thread_in_native, id=2144, stack(0x0000001e65200000,0x0000001e65300000)]
  0x0000014ae1470ed0 JavaThread "WorkerExecutor Queue Thread 2" [_thread_blocked, id=13952, stack(0x0000001e65100000,0x0000001e65200000)]
  0x0000014adc1a24f0 JavaThread "C2 CompilerThread1" daemon [_thread_blocked, id=11816, stack(0x0000001e65400000,0x0000001e65500000)]

Other Threads:
=>0x0000014ad7a5ac50 VMThread "VM Thread" [stack: 0x0000001e5e600000,0x0000001e5e700000] [id=8660]
  0x0000014abdc61b00 WatcherThread [stack: 0x0000001e5f200000,0x0000001e5f300000] [id=13764]
  0x0000014abdc46bf0 GCTaskThread "GC Thread#0" [stack: 0x0000001e5e100000,0x0000001e5e200000] [id=14556]
  0x0000014adcb4eb50 GCTaskThread "GC Thread#1" [stack: 0x0000001e5f400000,0x0000001e5f500000] [id=11172]
  0x0000014adcf561f0 GCTaskThread "GC Thread#2" [stack: 0x0000001e5f500000,0x0000001e5f600000] [id=12504]
  0x0000014adcc72b80 GCTaskThread "GC Thread#3" [stack: 0x0000001e5f600000,0x0000001e5f700000] [id=15452]
  0x0000014add1020f0 GCTaskThread "GC Thread#4" [stack: 0x0000001e5f300000,0x0000001e5f400000] [id=7328]
  0x0000014ade0cf5b0 GCTaskThread "GC Thread#5" [stack: 0x0000001e60200000,0x0000001e60300000] [id=5892]
  0x0000014add4dfdf0 GCTaskThread "GC Thread#6" [stack: 0x0000001e60300000,0x0000001e60400000] [id=9000]
  0x0000014add876590 GCTaskThread "GC Thread#7" [stack: 0x0000001e60400000,0x0000001e60500000] [id=14636]
  0x0000014abdc57a40 ConcurrentGCThread "G1 Main Marker" [stack: 0x0000001e5e200000,0x0000001e5e300000] [id=6624]
  0x0000014abdc58b00 ConcurrentGCThread "G1 Conc#0" [stack: 0x0000001e5e300000,0x0000001e5e400000] [id=10764]
  0x0000014adda5ad80 ConcurrentGCThread "G1 Conc#1" [stack: 0x0000001e60500000,0x0000001e60600000] [id=11340]
  0x0000014ad78b40b0 ConcurrentGCThread "G1 Refine#0" [stack: 0x0000001e5e400000,0x0000001e5e500000] [id=8268]
  0x0000014ade6c5490 ConcurrentGCThread "G1 Refine#1" [stack: 0x0000001e61100000,0x0000001e61200000] [id=15572]
  0x0000014adf6325e0 ConcurrentGCThread "G1 Refine#2" [stack: 0x0000001e62400000,0x0000001e62500000] [id=9544]
  0x0000014ae8e55c10 ConcurrentGCThread "G1 Refine#3" [stack: 0x0000001e67d00000,0x0000001e67e00000] [id=7828]
  0x0000014adf20dfc0 ConcurrentGCThread "G1 Refine#4" [stack: 0x0000001e67e00000,0x0000001e67f00000] [id=8048]
  0x0000014ae8e4b920 ConcurrentGCThread "G1 Refine#5" [stack: 0x0000001e67f00000,0x0000001e68000000] [id=4744]
  0x0000014ae92e0c30 ConcurrentGCThread "G1 Refine#6" [stack: 0x0000001e68000000,0x0000001e68100000] [id=1408]
  0x0000014adf20ee20 ConcurrentGCThread "G1 Refine#7" [stack: 0x0000001e65300000,0x0000001e65400000] [id=12072]
  0x0000014ad78b44f0 ConcurrentGCThread "G1 Service" [stack: 0x0000001e5e500000,0x0000001e5e600000] [id=12016]

Threads with active compile tasks:

VM state: at safepoint (normal execution)

VM Mutex/Monitor currently owned by a thread:  ([mutex/lock_event])
[0x0000014abdbe6aa0] Threads_lock - owner thread: 0x0000014ad7a5ac50
[0x0000014abdbe6bc0] Heap_lock - owner thread: 0x0000014ae213cd40

Heap address: 0x0000000080000000, size: 2048 MB, Compressed Oops mode: 32-bit

CDS archive(s) not mapped
Compressed class space mapped at: 0x0000000100000000-0x0000000140000000, reserved size: 1073741824
Narrow klass base: 0x0000000000000000, Narrow klass shift: 3, Narrow klass range: 0x140000000

GC Precious Log:
 CPUs: 8 total, 8 available
 Memory: 7103M
 Large Page Support: Disabled
 NUMA Support: Disabled
 Compressed Oops: Enabled (32-bit)
 Heap Region Size: 1M
 Heap Min Capacity: 8M
 Heap Initial Capacity: 112M
 Heap Max Capacity: 2G
 Pre-touch: Disabled
 Parallel Workers: 8
 Concurrent Workers: 2
 Concurrent Refinement Workers: 8
 Periodic GC: Disabled

Heap:
 garbage-first heap   total 589824K, used 391168K [0x0000000080000000, 0x0000000100000000)
  region size 1024K, 13 young (13312K), 13 survivors (13312K)
 Metaspace       used 176537K, committed 177472K, reserved 1245184K
  class space    used 23589K, committed 24064K, reserved 1048576K

Heap Regions: E=young(eden), S=young(survivor), O=old, HS=humongous(starts), HC=humongous(continues), CS=collection set, F=free, OA=open archive, CA=closed archive, TAMS=top-at-mark-start (previous, next)
|   0|0x0000000080000000, 0x0000000080100000, 0x0000000080100000|100%|HS|  |TAMS 0x0000000080100000, 0x0000000080000000| Complete 
|   1|0x0000000080100000, 0x0000000080200000, 0x0000000080200000|100%|HC|  |TAMS 0x0000000080200000, 0x0000000080100000| Complete 
|   2|0x0000000080200000, 0x0000000080300000, 0x0000000080300000|100%|HC|  |TAMS 0x0000000080300000, 0x0000000080200000| Complete 
|   3|0x0000000080300000, 0x0000000080400000, 0x0000000080400000|100%|HC|  |TAMS 0x0000000080400000, 0x0000000080300000| Complete 
|   4|0x0000000080400000, 0x0000000080500000, 0x0000000080500000|100%| O|  |TAMS 0x0000000080500000, 0x0000000080400000| Untracked 
|   5|0x0000000080500000, 0x0000000080600000, 0x0000000080600000|100%| O|  |TAMS 0x0000000080600000, 0x0000000080500000| Untracked 
|   6|0x0000000080600000, 0x0000000080700000, 0x0000000080700000|100%| O|  |TAMS 0x0000000080700000, 0x0000000080600000| Untracked 
|   7|0x0000000080700000, 0x0000000080800000, 0x0000000080800000|100%| O|  |TAMS 0x0000000080800000, 0x0000000080700000| Untracked 
|   8|0x0000000080800000, 0x0000000080900000, 0x0000000080900000|100%| O|  |TAMS 0x0000000080900000, 0x0000000080800000| Untracked 
|   9|0x0000000080900000, 0x0000000080a00000, 0x0000000080a00000|100%| O|  |TAMS 0x0000000080a00000, 0x0000000080900000| Untracked 
|  10|0x0000000080a00000, 0x0000000080b00000, 0x0000000080b00000|100%| O|  |TAMS 0x0000000080b00000, 0x0000000080a00000| Untracked 
|  11|0x0000000080b00000, 0x0000000080c00000, 0x0000000080c00000|100%| O|  |TAMS 0x0000000080c00000, 0x0000000080b00000| Untracked 
|  12|0x0000000080c00000, 0x0000000080d00000, 0x0000000080d00000|100%| O|  |TAMS 0x0000000080d00000, 0x0000000080c00000| Untracked 
|  13|0x0000000080d00000, 0x0000000080e00000, 0x0000000080e00000|100%| O|  |TAMS 0x0000000080e00000, 0x0000000080d00000| Untracked 
|  14|0x0000000080e00000, 0x0000000080f00000, 0x0000000080f00000|100%| O|  |TAMS 0x0000000080f00000, 0x0000000080e00000| Untracked 
|  15|0x0000000080f00000, 0x0000000081000000, 0x0000000081000000|100%| O|  |TAMS 0x0000000081000000, 0x0000000080f00000| Untracked 
|  16|0x0000000081000000, 0x0000000081100000, 0x0000000081100000|100%| O|  |TAMS 0x0000000081100000, 0x0000000081000000| Untracked 
|  17|0x0000000081100000, 0x0000000081200000, 0x0000000081200000|100%| O|  |TAMS 0x0000000081200000, 0x0000000081100000| Untracked 
|  18|0x0000000081200000, 0x0000000081300000, 0x0000000081300000|100%| O|  |TAMS 0x0000000081300000, 0x0000000081200000| Untracked 
|  19|0x0000000081300000, 0x0000000081400000, 0x0000000081400000|100%| O|  |TAMS 0x0000000081400000, 0x0000000081300000| Untracked 
|  20|0x0000000081400000, 0x0000000081500000, 0x0000000081500000|100%| O|  |TAMS 0x0000000081500000, 0x0000000081400000| Untracked 
|  21|0x0000000081500000, 0x0000000081600000, 0x0000000081600000|100%| O|  |TAMS 0x0000000081600000, 0x0000000081500000| Untracked 
|  22|0x0000000081600000, 0x0000000081700000, 0x0000000081700000|100%| O|  |TAMS 0x0000000081700000, 0x0000000081600000| Untracked 
|  23|0x0000000081700000, 0x0000000081800000, 0x0000000081800000|100%|HS|  |TAMS 0x0000000081800000, 0x0000000081700000| Complete 
|  24|0x0000000081800000, 0x0000000081900000, 0x0000000081900000|100%| O|  |TAMS 0x0000000081900000, 0x0000000081800000| Untracked 
|  25|0x0000000081900000, 0x0000000081a00000, 0x0000000081a00000|100%| O|  |TAMS 0x0000000081a00000, 0x0000000081900000| Untracked 
|  26|0x0000000081a00000, 0x0000000081b00000, 0x0000000081b00000|100%| O|  |TAMS 0x0000000081b00000, 0x0000000081a00000| Untracked 
|  27|0x0000000081b00000, 0x0000000081c00000, 0x0000000081c00000|100%| O|  |TAMS 0x0000000081c00000, 0x0000000081b00000| Untracked 
|  28|0x0000000081c00000, 0x0000000081d00000, 0x0000000081d00000|100%| O|  |TAMS 0x0000000081d00000, 0x0000000081c00000| Untracked 
|  29|0x0000000081d00000, 0x0000000081e00000, 0x0000000081e00000|100%| O|  |TAMS 0x0000000081e00000, 0x0000000081d00000| Untracked 
|  30|0x0000000081e00000, 0x0000000081f00000, 0x0000000081f00000|100%| O|  |TAMS 0x0000000081f00000, 0x0000000081e00000| Untracked 
|  31|0x0000000081f00000, 0x0000000082000000, 0x0000000082000000|100%| O|  |TAMS 0x0000000082000000, 0x0000000081f00000| Untracked 
|  32|0x0000000082000000, 0x0000000082100000, 0x0000000082100000|100%| O|  |TAMS 0x0000000082100000, 0x0000000082000000| Untracked 
|  33|0x0000000082100000, 0x0000000082200000, 0x0000000082200000|100%| O|  |TAMS 0x0000000082200000, 0x0000000082100000| Untracked 
|  34|0x0000000082200000, 0x0000000082300000, 0x0000000082300000|100%| O|  |TAMS 0x0000000082200000, 0x0000000082200000| Untracked 
|  35|0x0000000082300000, 0x0000000082400000, 0x0000000082400000|100%| O|  |TAMS 0x0000000082300000, 0x0000000082300000| Untracked 
|  36|0x0000000082400000, 0x0000000082500000, 0x0000000082500000|100%| O|  |TAMS 0x0000000082500000, 0x0000000082400000| Untracked 
|  37|0x0000000082500000, 0x0000000082600000, 0x0000000082600000|100%| O|  |TAMS 0x0000000082500000, 0x0000000082500000| Untracked 
|  38|0x0000000082600000, 0x0000000082700000, 0x0000000082700000|100%| O|  |TAMS 0x0000000082700000, 0x0000000082600000| Untracked 
|  39|0x0000000082700000, 0x0000000082800000, 0x0000000082800000|100%| O|  |TAMS 0x0000000082700000, 0x0000000082700000| Untracked 
|  40|0x0000000082800000, 0x0000000082900000, 0x0000000082900000|100%| O|  |TAMS 0x0000000082900000, 0x0000000082800000| Untracked 
|  41|0x0000000082900000, 0x0000000082a00000, 0x0000000082a00000|100%|HS|  |TAMS 0x0000000082a00000, 0x0000000082900000| Complete 
|  42|0x0000000082a00000, 0x0000000082b00000, 0x0000000082b00000|100%|HS|  |TAMS 0x0000000082b00000, 0x0000000082a00000| Complete 
|  43|0x0000000082b00000, 0x0000000082c00000, 0x0000000082c00000|100%|HS|  |TAMS 0x0000000082c00000, 0x0000000082b00000| Complete 
|  44|0x0000000082c00000, 0x0000000082d00000, 0x0000000082d00000|100%|HS|  |TAMS 0x0000000082d00000, 0x0000000082c00000| Complete 
|  45|0x0000000082d00000, 0x0000000082e00000, 0x0000000082e00000|100%|HC|  |TAMS 0x0000000082e00000, 0x0000000082d00000| Complete 
|  46|0x0000000082e00000, 0x0000000082f00000, 0x0000000082f00000|100%|HS|  |TAMS 0x0000000082f00000, 0x0000000082e00000| Complete 
|  47|0x0000000082f00000, 0x0000000083000000, 0x0000000083000000|100%|HC|  |TAMS 0x0000000083000000, 0x0000000082f00000| Complete 
|  48|0x0000000083000000, 0x0000000083100000, 0x0000000083100000|100%|HS|  |TAMS 0x0000000083100000, 0x0000000083000000| Complete 
|  49|0x0000000083100000, 0x0000000083200000, 0x0000000083200000|100%|HC|  |TAMS 0x0000000083200000, 0x0000000083100000| Complete 
|  50|0x0000000083200000, 0x0000000083300000, 0x0000000083300000|100%|HC|  |TAMS 0x0000000083300000, 0x0000000083200000| Complete 
|  51|0x0000000083300000, 0x0000000083400000, 0x0000000083400000|100%|HC|  |TAMS 0x0000000083400000, 0x0000000083300000| Complete 
|  52|0x0000000083400000, 0x0000000083500000, 0x0000000083500000|100%| O|  |TAMS 0x0000000083500000, 0x0000000083400000| Untracked 
|  53|0x0000000083500000, 0x0000000083600000, 0x0000000083600000|100%|HS|  |TAMS 0x0000000083600000, 0x0000000083500000| Complete 
|  54|0x0000000083600000, 0x0000000083700000, 0x0000000083700000|100%| O|  |TAMS 0x0000000083700000, 0x0000000083600000| Untracked 
|  55|0x0000000083700000, 0x0000000083800000, 0x0000000083800000|100%| O|  |TAMS 0x0000000083800000, 0x0000000083700000| Untracked 
|  56|0x0000000083800000, 0x0000000083900000, 0x0000000083900000|100%| O|  |TAMS 0x0000000083900000, 0x0000000083800000| Untracked 
|  57|0x0000000083900000, 0x0000000083a00000, 0x0000000083a00000|100%| O|  |TAMS 0x0000000083a00000, 0x0000000083900000| Untracked 
|  58|0x0000000083a00000, 0x0000000083b00000, 0x0000000083b00000|100%| O|  |TAMS 0x0000000083b00000, 0x0000000083a00000| Untracked 
|  59|0x0000000083b00000, 0x0000000083c00000, 0x0000000083c00000|100%| O|  |TAMS 0x0000000083c00000, 0x0000000083b00000| Untracked 
|  60|0x0000000083c00000, 0x0000000083d00000, 0x0000000083d00000|100%| O|  |TAMS 0x0000000083d00000, 0x0000000083c00000| Untracked 
|  61|0x0000000083d00000, 0x0000000083e00000, 0x0000000083e00000|100%| O|  |TAMS 0x0000000083e00000, 0x0000000083d00000| Untracked 
|  62|0x0000000083e00000, 0x0000000083f00000, 0x0000000083f00000|100%| O|  |TAMS 0x0000000083f00000, 0x0000000083e00000| Untracked 
|  63|0x0000000083f00000, 0x0000000084000000, 0x0000000084000000|100%| O|  |TAMS 0x0000000084000000, 0x0000000083f00000| Untracked 
|  64|0x0000000084000000, 0x0000000084100000, 0x0000000084100000|100%|HS|  |TAMS 0x0000000084100000, 0x0000000084000000| Complete 
|  65|0x0000000084100000, 0x0000000084200000, 0x0000000084200000|100%|HC|  |TAMS 0x0000000084200000, 0x0000000084100000| Complete 
|  66|0x0000000084200000, 0x0000000084300000, 0x0000000084300000|100%|HC|  |TAMS 0x0000000084300000, 0x0000000084200000| Complete 
|  67|0x0000000084300000, 0x0000000084400000, 0x0000000084400000|100%|HC|  |TAMS 0x0000000084400000, 0x0000000084300000| Complete 
|  68|0x0000000084400000, 0x0000000084500000, 0x0000000084500000|100%| O|  |TAMS 0x0000000084500000, 0x0000000084400000| Untracked 
|  69|0x0000000084500000, 0x0000000084600000, 0x0000000084600000|100%| O|  |TAMS 0x0000000084600000, 0x0000000084500000| Untracked 
|  70|0x0000000084600000, 0x0000000084700000, 0x0000000084700000|100%| O|  |TAMS 0x0000000084700000, 0x0000000084600000| Untracked 
|  71|0x0000000084700000, 0x0000000084800000, 0x0000000084800000|100%| O|  |TAMS 0x0000000084800000, 0x0000000084700000| Untracked 
|  72|0x0000000084800000, 0x0000000084900000, 0x0000000084900000|100%| O|  |TAMS 0x0000000084900000, 0x0000000084800000| Untracked 
|  73|0x0000000084900000, 0x0000000084a00000, 0x0000000084a00000|100%| O|  |TAMS 0x0000000084a00000, 0x0000000084900000| Untracked 
|  74|0x0000000084a00000, 0x0000000084b00000, 0x0000000084b00000|100%| O|  |TAMS 0x0000000084b00000, 0x0000000084a00000| Untracked 
|  75|0x0000000084b00000, 0x0000000084c00000, 0x0000000084c00000|100%| O|  |TAMS 0x0000000084b00000, 0x0000000084b00000| Untracked 
|  76|0x0000000084c00000, 0x0000000084d00000, 0x0000000084d00000|100%| O|  |TAMS 0x0000000084c00000, 0x0000000084c00000| Untracked 
|  77|0x0000000084d00000, 0x0000000084e00000, 0x0000000084e00000|100%| O|  |TAMS 0x0000000084d00000, 0x0000000084d00000| Untracked 
|  78|0x0000000084e00000, 0x0000000084f00000, 0x0000000084f00000|100%| O|  |TAMS 0x0000000084f00000, 0x0000000084e00000| Untracked 
|  79|0x0000000084f00000, 0x0000000085000000, 0x0000000085000000|100%| O|  |TAMS 0x0000000085000000, 0x0000000084f00000| Untracked 
|  80|0x0000000085000000, 0x0000000085100000, 0x0000000085100000|100%| O|  |TAMS 0x0000000085100000, 0x0000000085000000| Untracked 
|  81|0x0000000085100000, 0x0000000085200000, 0x0000000085200000|100%| O|  |TAMS 0x0000000085200000, 0x0000000085100000| Untracked 
|  82|0x0000000085200000, 0x0000000085300000, 0x0000000085300000|100%| O|  |TAMS 0x0000000085300000, 0x0000000085200000| Untracked 
|  83|0x0000000085300000, 0x0000000085400000, 0x0000000085400000|100%| O|  |TAMS 0x0000000085400000, 0x0000000085300000| Untracked 
|  84|0x0000000085400000, 0x0000000085500000, 0x0000000085500000|100%| O|  |TAMS 0x0000000085500000, 0x0000000085400000| Untracked 
|  85|0x0000000085500000, 0x0000000085600000, 0x0000000085600000|100%| O|  |TAMS 0x0000000085600000, 0x0000000085500000| Untracked 
|  86|0x0000000085600000, 0x0000000085700000, 0x0000000085700000|100%| O|  |TAMS 0x0000000085700000, 0x0000000085600000| Untracked 
|  87|0x0000000085700000, 0x0000000085800000, 0x0000000085800000|100%| O|  |TAMS 0x0000000085800000, 0x0000000085700000| Untracked 
|  88|0x0000000085800000, 0x0000000085900000, 0x0000000085900000|100%| O|  |TAMS 0x0000000085900000, 0x0000000085800000| Untracked 
|  89|0x0000000085900000, 0x0000000085a00000, 0x0000000085a00000|100%| O|  |TAMS 0x0000000085a00000, 0x0000000085900000| Untracked 
|  90|0x0000000085a00000, 0x0000000085b00000, 0x0000000085b00000|100%| O|  |TAMS 0x0000000085b00000, 0x0000000085a00000| Untracked 
|  91|0x0000000085b00000, 0x0000000085c00000, 0x0000000085c00000|100%| O|  |TAMS 0x0000000085c00000, 0x0000000085b00000| Untracked 
|  92|0x0000000085c00000, 0x0000000085d00000, 0x0000000085d00000|100%| O|  |TAMS 0x0000000085d00000, 0x0000000085c00000| Untracked 
|  93|0x0000000085d00000, 0x0000000085e00000, 0x0000000085e00000|100%| O|  |TAMS 0x0000000085e00000, 0x0000000085d00000| Untracked 
|  94|0x0000000085e00000, 0x0000000085f00000, 0x0000000085f00000|100%| O|  |TAMS 0x0000000085e00000, 0x0000000085e00000| Untracked 
|  95|0x0000000085f00000, 0x0000000086000000, 0x0000000086000000|100%| O|  |TAMS 0x0000000086000000, 0x0000000085f00000| Untracked 
|  96|0x0000000086000000, 0x0000000086100000, 0x0000000086100000|100%| O|  |TAMS 0x0000000086000000, 0x0000000086000000| Untracked 
|  97|0x0000000086100000, 0x0000000086200000, 0x0000000086200000|100%| O|  |TAMS 0x0000000086200000, 0x0000000086100000| Untracked 
|  98|0x0000000086200000, 0x0000000086300000, 0x0000000086300000|100%| O|  |TAMS 0x0000000086300000, 0x0000000086200000| Untracked 
|  99|0x0000000086300000, 0x0000000086400000, 0x0000000086400000|100%| O|  |TAMS 0x0000000086400000, 0x0000000086300000| Untracked 
| 100|0x0000000086400000, 0x0000000086500000, 0x0000000086500000|100%| O|  |TAMS 0x0000000086500000, 0x0000000086400000| Untracked 
| 101|0x0000000086500000, 0x0000000086600000, 0x0000000086600000|100%| O|  |TAMS 0x0000000086600000, 0x0000000086500000| Untracked 
| 102|0x0000000086600000, 0x0000000086700000, 0x0000000086700000|100%| O|  |TAMS 0x0000000086700000, 0x0000000086600000| Untracked 
| 103|0x0000000086700000, 0x0000000086800000, 0x0000000086800000|100%| O|  |TAMS 0x0000000086700000, 0x0000000086700000| Untracked 
| 104|0x0000000086800000, 0x0000000086900000, 0x0000000086900000|100%| O|  |TAMS 0x0000000086900000, 0x0000000086800000| Untracked 
| 105|0x0000000086900000, 0x0000000086a00000, 0x0000000086a00000|100%| O|  |TAMS 0x0000000086a00000, 0x0000000086900000| Untracked 
| 106|0x0000000086a00000, 0x0000000086b00000, 0x0000000086b00000|100%| O|  |TAMS 0x0000000086b00000, 0x0000000086a00000| Untracked 
| 107|0x0000000086b00000, 0x0000000086c00000, 0x0000000086c00000|100%| O|  |TAMS 0x0000000086b00000, 0x0000000086b00000| Untracked 
| 108|0x0000000086c00000, 0x0000000086d00000, 0x0000000086d00000|100%| O|  |TAMS 0x0000000086c00000, 0x0000000086c00000| Untracked 
| 109|0x0000000086d00000, 0x0000000086e00000, 0x0000000086e00000|100%| O|  |TAMS 0x0000000086e00000, 0x0000000086d00000| Untracked 
| 110|0x0000000086e00000, 0x0000000086f00000, 0x0000000086f00000|100%| O|  |TAMS 0x0000000086f00000, 0x0000000086e00000| Untracked 
| 111|0x0000000086f00000, 0x0000000087000000, 0x0000000087000000|100%| O|  |TAMS 0x0000000087000000, 0x0000000086f00000| Untracked 
| 112|0x0000000087000000, 0x0000000087100000, 0x0000000087100000|100%| O|  |TAMS 0x0000000087100000, 0x0000000087000000| Untracked 
| 113|0x0000000087100000, 0x0000000087200000, 0x0000000087200000|100%| O|  |TAMS 0x0000000087200000, 0x0000000087100000| Untracked 
| 114|0x0000000087200000, 0x0000000087300000, 0x0000000087300000|100%| O|  |TAMS 0x0000000087200000, 0x0000000087200000| Untracked 
| 115|0x0000000087300000, 0x0000000087400000, 0x0000000087400000|100%| O|  |TAMS 0x0000000087400000, 0x0000000087300000| Untracked 
| 116|0x0000000087400000, 0x0000000087500000, 0x0000000087500000|100%| O|  |TAMS 0x0000000087500000, 0x0000000087400000| Untracked 
| 117|0x0000000087500000, 0x0000000087600000, 0x0000000087600000|100%| O|  |TAMS 0x0000000087600000, 0x0000000087500000| Untracked 
| 118|0x0000000087600000, 0x0000000087700000, 0x0000000087700000|100%| O|  |TAMS 0x0000000087700000, 0x0000000087600000| Untracked 
| 119|0x0000000087700000, 0x0000000087800000, 0x0000000087800000|100%| O|  |TAMS 0x0000000087800000, 0x0000000087700000| Untracked 
| 120|0x0000000087800000, 0x0000000087900000, 0x0000000087900000|100%| O|  |TAMS 0x0000000087800000, 0x0000000087800000| Untracked 
| 121|0x0000000087900000, 0x0000000087a00000, 0x0000000087a00000|100%|HS|  |TAMS 0x0000000087a00000, 0x0000000087900000| Complete 
| 122|0x0000000087a00000, 0x0000000087b00000, 0x0000000087b00000|100%| O|  |TAMS 0x0000000087a00000, 0x0000000087a00000| Untracked 
| 123|0x0000000087b00000, 0x0000000087c00000, 0x0000000087c00000|100%|HS|  |TAMS 0x0000000087c00000, 0x0000000087b00000| Complete 
| 124|0x0000000087c00000, 0x0000000087d00000, 0x0000000087d00000|100%|HC|  |TAMS 0x0000000087d00000, 0x0000000087c00000| Complete 
| 125|0x0000000087d00000, 0x0000000087e00000, 0x0000000087e00000|100%| O|  |TAMS 0x0000000087e00000, 0x0000000087d00000| Untracked 
| 126|0x0000000087e00000, 0x0000000087f00000, 0x0000000087f00000|100%| O|  |TAMS 0x0000000087f00000, 0x0000000087e00000| Untracked 
| 127|0x0000000087f00000, 0x0000000088000000, 0x0000000088000000|100%| O|  |TAMS 0x0000000087f00000, 0x0000000087f00000| Untracked 
| 128|0x0000000088000000, 0x0000000088100000, 0x0000000088100000|100%| O|  |TAMS 0x0000000088000000, 0x0000000088000000| Untracked 
| 129|0x0000000088100000, 0x0000000088200000, 0x0000000088200000|100%| O|  |TAMS 0x0000000088100000, 0x0000000088100000| Untracked 
| 130|0x0000000088200000, 0x0000000088300000, 0x0000000088300000|100%| O|  |TAMS 0x0000000088200000, 0x0000000088200000| Untracked 
| 131|0x0000000088300000, 0x0000000088400000, 0x0000000088400000|100%| O|  |TAMS 0x0000000088300000, 0x0000000088300000| Untracked 
| 132|0x0000000088400000, 0x0000000088500000, 0x0000000088500000|100%| O|  |TAMS 0x0000000088400000, 0x0000000088400000| Untracked 
| 133|0x0000000088500000, 0x0000000088600000, 0x0000000088600000|100%| O|  |TAMS 0x0000000088600000, 0x0000000088500000| Untracked 
| 134|0x0000000088600000, 0x0000000088700000, 0x0000000088700000|100%| O|  |TAMS 0x0000000088700000, 0x0000000088600000| Untracked 
| 135|0x0000000088700000, 0x0000000088800000, 0x0000000088800000|100%| O|  |TAMS 0x0000000088800000, 0x0000000088700000| Untracked 
| 136|0x0000000088800000, 0x0000000088900000, 0x0000000088900000|100%| O|  |TAMS 0x0000000088800000, 0x0000000088800000| Untracked 
| 137|0x0000000088900000, 0x0000000088a00000, 0x0000000088a00000|100%| O|  |TAMS 0x0000000088a00000, 0x0000000088900000| Untracked 
| 138|0x0000000088a00000, 0x0000000088b00000, 0x0000000088b00000|100%| O|  |TAMS 0x0000000088b00000, 0x0000000088a00000| Untracked 
| 139|0x0000000088b00000, 0x0000000088c00000, 0x0000000088c00000|100%| O|  |TAMS 0x0000000088c00000, 0x0000000088b00000| Untracked 
| 140|0x0000000088c00000, 0x0000000088d00000, 0x0000000088d00000|100%| O|  |TAMS 0x0000000088d00000, 0x0000000088c00000| Untracked 
| 141|0x0000000088d00000, 0x0000000088e00000, 0x0000000088e00000|100%| O|  |TAMS 0x0000000088e00000, 0x0000000088d00000| Untracked 
| 142|0x0000000088e00000, 0x0000000088f00000, 0x0000000088f00000|100%| O|  |TAMS 0x0000000088f00000, 0x0000000088e00000| Untracked 
| 143|0x0000000088f00000, 0x0000000089000000, 0x0000000089000000|100%| O|  |TAMS 0x0000000088f00000, 0x0000000088f00000| Untracked 
| 144|0x0000000089000000, 0x0000000089100000, 0x0000000089100000|100%| O|  |TAMS 0x0000000089000000, 0x0000000089000000| Untracked 
| 145|0x0000000089100000, 0x0000000089200000, 0x0000000089200000|100%| O|  |TAMS 0x0000000089100000, 0x0000000089100000| Untracked 
| 146|0x0000000089200000, 0x0000000089300000, 0x0000000089300000|100%| O|  |TAMS 0x0000000089200000, 0x0000000089200000| Untracked 
| 147|0x0000000089300000, 0x0000000089400000, 0x0000000089400000|100%| O|  |TAMS 0x0000000089300000, 0x0000000089300000| Untracked 
| 148|0x0000000089400000, 0x0000000089500000, 0x0000000089500000|100%| O|  |TAMS 0x0000000089400000, 0x0000000089400000| Untracked 
| 149|0x0000000089500000, 0x0000000089600000, 0x0000000089600000|100%| O|  |TAMS 0x0000000089500000, 0x0000000089500000| Untracked 
| 150|0x0000000089600000, 0x0000000089700000, 0x0000000089700000|100%| O|  |TAMS 0x0000000089600000, 0x0000000089600000| Untracked 
| 151|0x0000000089700000, 0x0000000089800000, 0x0000000089800000|100%| O|  |TAMS 0x0000000089700000, 0x0000000089700000| Untracked 
| 152|0x0000000089800000, 0x0000000089900000, 0x0000000089900000|100%| O|  |TAMS 0x0000000089800000, 0x0000000089800000| Untracked 
| 153|0x0000000089900000, 0x0000000089a00000, 0x0000000089a00000|100%| O|  |TAMS 0x0000000089900000, 0x0000000089900000| Untracked 
| 154|0x0000000089a00000, 0x0000000089b00000, 0x0000000089b00000|100%| O|  |TAMS 0x0000000089a00000, 0x0000000089a00000| Untracked 
| 155|0x0000000089b00000, 0x0000000089c00000, 0x0000000089c00000|100%| O|  |TAMS 0x0000000089b00000, 0x0000000089b00000| Untracked 
| 156|0x0000000089c00000, 0x0000000089d00000, 0x0000000089d00000|100%| O|  |TAMS 0x0000000089c00000, 0x0000000089c00000| Untracked 
| 157|0x0000000089d00000, 0x0000000089e00000, 0x0000000089e00000|100%| O|  |TAMS 0x0000000089d00000, 0x0000000089d00000| Untracked 
| 158|0x0000000089e00000, 0x0000000089f00000, 0x0000000089f00000|100%| O|  |TAMS 0x0000000089f00000, 0x0000000089e00000| Untracked 
| 159|0x0000000089f00000, 0x000000008a000000, 0x000000008a000000|100%| O|  |TAMS 0x000000008a000000, 0x0000000089f00000| Untracked 
| 160|0x000000008a000000, 0x000000008a100000, 0x000000008a100000|100%| O|  |TAMS 0x000000008a000000, 0x000000008a000000| Untracked 
| 161|0x000000008a100000, 0x000000008a200000, 0x000000008a200000|100%| O|  |TAMS 0x000000008a100000, 0x000000008a100000| Untracked 
| 162|0x000000008a200000, 0x000000008a300000, 0x000000008a300000|100%| O|  |TAMS 0x000000008a200000, 0x000000008a200000| Untracked 
| 163|0x000000008a300000, 0x000000008a400000, 0x000000008a400000|100%| O|  |TAMS 0x000000008a300000, 0x000000008a300000| Untracked 
| 164|0x000000008a400000, 0x000000008a500000, 0x000000008a500000|100%| O|  |TAMS 0x000000008a400000, 0x000000008a400000| Untracked 
| 165|0x000000008a500000, 0x000000008a600000, 0x000000008a600000|100%| O|  |TAMS 0x000000008a600000, 0x000000008a500000| Untracked 
| 166|0x000000008a600000, 0x000000008a700000, 0x000000008a700000|100%| O|  |TAMS 0x000000008a700000, 0x000000008a600000| Untracked 
| 167|0x000000008a700000, 0x000000008a800000, 0x000000008a800000|100%| O|  |TAMS 0x000000008a700000, 0x000000008a700000| Untracked 
| 168|0x000000008a800000, 0x000000008a900000, 0x000000008a900000|100%| O|  |TAMS 0x000000008a900000, 0x000000008a800000| Untracked 
| 169|0x000000008a900000, 0x000000008aa00000, 0x000000008aa00000|100%| O|  |TAMS 0x000000008aa00000, 0x000000008a900000| Untracked 
| 170|0x000000008aa00000, 0x000000008ab00000, 0x000000008ab00000|100%| O|  |TAMS 0x000000008aa00000, 0x000000008aa00000| Untracked 
| 171|0x000000008ab00000, 0x000000008ac00000, 0x000000008ac00000|100%| O|  |TAMS 0x000000008ab00000, 0x000000008ab00000| Untracked 
| 172|0x000000008ac00000, 0x000000008ad00000, 0x000000008ad00000|100%| O|  |TAMS 0x000000008ac00000, 0x000000008ac00000| Untracked 
| 173|0x000000008ad00000, 0x000000008ae00000, 0x000000008ae00000|100%| O|  |TAMS 0x000000008ad00000, 0x000000008ad00000| Untracked 
| 174|0x000000008ae00000, 0x000000008af00000, 0x000000008af00000|100%| O|  |TAMS 0x000000008ae00000, 0x000000008ae00000| Untracked 
| 175|0x000000008af00000, 0x000000008b000000, 0x000000008b000000|100%| O|  |TAMS 0x000000008af00000, 0x000000008af00000| Untracked 
| 176|0x000000008b000000, 0x000000008b100000, 0x000000008b100000|100%| O|  |TAMS 0x000000008b000000, 0x000000008b000000| Untracked 
| 177|0x000000008b100000, 0x000000008b200000, 0x000000008b200000|100%| O|  |TAMS 0x000000008b100000, 0x000000008b100000| Untracked 
| 178|0x000000008b200000, 0x000000008b300000, 0x000000008b300000|100%| O|  |TAMS 0x000000008b200000, 0x000000008b200000| Untracked 
| 179|0x000000008b300000, 0x000000008b400000, 0x000000008b400000|100%| O|  |TAMS 0x000000008b300000, 0x000000008b300000| Untracked 
| 180|0x000000008b400000, 0x000000008b500000, 0x000000008b500000|100%| O|  |TAMS 0x000000008b400000, 0x000000008b400000| Untracked 
| 181|0x000000008b500000, 0x000000008b600000, 0x000000008b600000|100%| O|  |TAMS 0x000000008b500000, 0x000000008b500000| Untracked 
| 182|0x000000008b600000, 0x000000008b700000, 0x000000008b700000|100%| O|  |TAMS 0x000000008b600000, 0x000000008b600000| Untracked 
| 183|0x000000008b700000, 0x000000008b800000, 0x000000008b800000|100%| O|  |TAMS 0x000000008b700000, 0x000000008b700000| Untracked 
| 184|0x000000008b800000, 0x000000008b900000, 0x000000008b900000|100%| O|  |TAMS 0x000000008b800000, 0x000000008b800000| Untracked 
| 185|0x000000008b900000, 0x000000008ba00000, 0x000000008ba00000|100%| O|  |TAMS 0x000000008b900000, 0x000000008b900000| Untracked 
| 186|0x000000008ba00000, 0x000000008bb00000, 0x000000008bb00000|100%| O|  |TAMS 0x000000008ba00000, 0x000000008ba00000| Untracked 
| 187|0x000000008bb00000, 0x000000008bc00000, 0x000000008bc00000|100%| O|  |TAMS 0x000000008bb00000, 0x000000008bb00000| Untracked 
| 188|0x000000008bc00000, 0x000000008bd00000, 0x000000008bd00000|100%| O|  |TAMS 0x000000008bc00000, 0x000000008bc00000| Untracked 
| 189|0x000000008bd00000, 0x000000008be00000, 0x000000008be00000|100%| O|  |TAMS 0x000000008bd00000, 0x000000008bd00000| Untracked 
| 190|0x000000008be00000, 0x000000008bf00000, 0x000000008bf00000|100%| O|  |TAMS 0x000000008be00000, 0x000000008be00000| Untracked 
| 191|0x000000008bf00000, 0x000000008c000000, 0x000000008c000000|100%| O|  |TAMS 0x000000008bf00000, 0x000000008bf00000| Untracked 
| 192|0x000000008c000000, 0x000000008c100000, 0x000000008c100000|100%| O|  |TAMS 0x000000008c000000, 0x000000008c000000| Untracked 
| 193|0x000000008c100000, 0x000000008c200000, 0x000000008c200000|100%| O|  |TAMS 0x000000008c100000, 0x000000008c100000| Untracked 
| 194|0x000000008c200000, 0x000000008c300000, 0x000000008c300000|100%| O|  |TAMS 0x000000008c200000, 0x000000008c200000| Untracked 
| 195|0x000000008c300000, 0x000000008c400000, 0x000000008c400000|100%| O|  |TAMS 0x000000008c300000, 0x000000008c300000| Untracked 
| 196|0x000000008c400000, 0x000000008c500000, 0x000000008c500000|100%| O|  |TAMS 0x000000008c400000, 0x000000008c400000| Untracked 
| 197|0x000000008c500000, 0x000000008c600000, 0x000000008c600000|100%| O|  |TAMS 0x000000008c500000, 0x000000008c500000| Untracked 
| 198|0x000000008c600000, 0x000000008c700000, 0x000000008c700000|100%| O|  |TAMS 0x000000008c600000, 0x000000008c600000| Untracked 
| 199|0x000000008c700000, 0x000000008c800000, 0x000000008c800000|100%| O|  |TAMS 0x000000008c700000, 0x000000008c700000| Untracked 
| 200|0x000000008c800000, 0x000000008c900000, 0x000000008c900000|100%| O|  |TAMS 0x000000008c800000, 0x000000008c800000| Untracked 
| 201|0x000000008c900000, 0x000000008ca00000, 0x000000008ca00000|100%| O|  |TAMS 0x000000008c900000, 0x000000008c900000| Untracked 
| 202|0x000000008ca00000, 0x000000008cb00000, 0x000000008cb00000|100%| O|  |TAMS 0x000000008ca00000, 0x000000008ca00000| Untracked 
| 203|0x000000008cb00000, 0x000000008cc00000, 0x000000008cc00000|100%| O|  |TAMS 0x000000008cb00000, 0x000000008cb00000| Untracked 
| 204|0x000000008cc00000, 0x000000008cd00000, 0x000000008cd00000|100%| O|  |TAMS 0x000000008cc00000, 0x000000008cc00000| Untracked 
| 205|0x000000008cd00000, 0x000000008ce00000, 0x000000008ce00000|100%| O|  |TAMS 0x000000008cd00000, 0x000000008cd00000| Untracked 
| 206|0x000000008ce00000, 0x000000008cf00000, 0x000000008cf00000|100%| O|  |TAMS 0x000000008ce00000, 0x000000008ce00000| Untracked 
| 207|0x000000008cf00000, 0x000000008d000000, 0x000000008d000000|100%| O|  |TAMS 0x000000008cf00000, 0x000000008cf00000| Untracked 
| 208|0x000000008d000000, 0x000000008d100000, 0x000000008d100000|100%| O|  |TAMS 0x000000008d000000, 0x000000008d000000| Untracked 
| 209|0x000000008d100000, 0x000000008d200000, 0x000000008d200000|100%| O|  |TAMS 0x000000008d100000, 0x000000008d100000| Untracked 
| 210|0x000000008d200000, 0x000000008d300000, 0x000000008d300000|100%| O|  |TAMS 0x000000008d200000, 0x000000008d200000| Untracked 
| 211|0x000000008d300000, 0x000000008d400000, 0x000000008d400000|100%| O|  |TAMS 0x000000008d300000, 0x000000008d300000| Untracked 
| 212|0x000000008d400000, 0x000000008d500000, 0x000000008d500000|100%| O|  |TAMS 0x000000008d400000, 0x000000008d400000| Untracked 
| 213|0x000000008d500000, 0x000000008d600000, 0x000000008d600000|100%| O|  |TAMS 0x000000008d500000, 0x000000008d500000| Untracked 
| 214|0x000000008d600000, 0x000000008d700000, 0x000000008d700000|100%| O|  |TAMS 0x000000008d600000, 0x000000008d600000| Untracked 
| 215|0x000000008d700000, 0x000000008d800000, 0x000000008d800000|100%| O|  |TAMS 0x000000008d700000, 0x000000008d700000| Untracked 
| 216|0x000000008d800000, 0x000000008d900000, 0x000000008d900000|100%| O|  |TAMS 0x000000008d800000, 0x000000008d800000| Untracked 
| 217|0x000000008d900000, 0x000000008da00000, 0x000000008da00000|100%| O|  |TAMS 0x000000008d900000, 0x000000008d900000| Untracked 
| 218|0x000000008da00000, 0x000000008db00000, 0x000000008db00000|100%| O|  |TAMS 0x000000008da00000, 0x000000008da00000| Untracked 
| 219|0x000000008db00000, 0x000000008dc00000, 0x000000008dc00000|100%| O|  |TAMS 0x000000008db00000, 0x000000008db00000| Untracked 
| 220|0x000000008dc00000, 0x000000008dd00000, 0x000000008dd00000|100%| O|  |TAMS 0x000000008dc00000, 0x000000008dc00000| Untracked 
| 221|0x000000008dd00000, 0x000000008de00000, 0x000000008de00000|100%| O|  |TAMS 0x000000008dd00000, 0x000000008dd00000| Untracked 
| 222|0x000000008de00000, 0x000000008df00000, 0x000000008df00000|100%| O|  |TAMS 0x000000008de00000, 0x000000008de00000| Untracked 
| 223|0x000000008df00000, 0x000000008e000000, 0x000000008e000000|100%| O|  |TAMS 0x000000008df00000, 0x000000008df00000| Untracked 
| 224|0x000000008e000000, 0x000000008e100000, 0x000000008e100000|100%|HS|  |TAMS 0x000000008e100000, 0x000000008e000000| Complete 
| 225|0x000000008e100000, 0x000000008e200000, 0x000000008e200000|100%|HC|  |TAMS 0x000000008e200000, 0x000000008e100000| Complete 
| 226|0x000000008e200000, 0x000000008e300000, 0x000000008e300000|100%|HC|  |TAMS 0x000000008e300000, 0x000000008e200000| Complete 
| 227|0x000000008e300000, 0x000000008e400000, 0x000000008e400000|100%| O|  |TAMS 0x000000008e300000, 0x000000008e300000| Untracked 
| 228|0x000000008e400000, 0x000000008e500000, 0x000000008e500000|100%| O|  |TAMS 0x000000008e400000, 0x000000008e400000| Untracked 
| 229|0x000000008e500000, 0x000000008e600000, 0x000000008e600000|100%| O|  |TAMS 0x000000008e500000, 0x000000008e500000| Untracked 
| 230|0x000000008e600000, 0x000000008e700000, 0x000000008e700000|100%| O|  |TAMS 0x000000008e600000, 0x000000008e600000| Untracked 
| 231|0x000000008e700000, 0x000000008e800000, 0x000000008e800000|100%| O|  |TAMS 0x000000008e700000, 0x000000008e700000| Untracked 
| 232|0x000000008e800000, 0x000000008e900000, 0x000000008e900000|100%| O|  |TAMS 0x000000008e800000, 0x000000008e800000| Untracked 
| 233|0x000000008e900000, 0x000000008ea00000, 0x000000008ea00000|100%| O|  |TAMS 0x000000008e900000, 0x000000008e900000| Untracked 
| 234|0x000000008ea00000, 0x000000008eb00000, 0x000000008eb00000|100%| O|  |TAMS 0x000000008ea00000, 0x000000008ea00000| Untracked 
| 235|0x000000008eb00000, 0x000000008ec00000, 0x000000008ec00000|100%| O|  |TAMS 0x000000008eb00000, 0x000000008eb00000| Untracked 
| 236|0x000000008ec00000, 0x000000008ed00000, 0x000000008ed00000|100%| O|  |TAMS 0x000000008ec00000, 0x000000008ec00000| Untracked 
| 237|0x000000008ed00000, 0x000000008ee00000, 0x000000008ee00000|100%| O|  |TAMS 0x000000008ed00000, 0x000000008ed00000| Untracked 
| 238|0x000000008ee00000, 0x000000008ef00000, 0x000000008ef00000|100%| O|  |TAMS 0x000000008ee00000, 0x000000008ee00000| Untracked 
| 239|0x000000008ef00000, 0x000000008f000000, 0x000000008f000000|100%| O|  |TAMS 0x000000008ef00000, 0x000000008ef00000| Untracked 
| 240|0x000000008f000000, 0x000000008f100000, 0x000000008f100000|100%| O|  |TAMS 0x000000008f000000, 0x000000008f000000| Untracked 
| 241|0x000000008f100000, 0x000000008f200000, 0x000000008f200000|100%| O|  |TAMS 0x000000008f100000, 0x000000008f100000| Untracked 
| 242|0x000000008f200000, 0x000000008f300000, 0x000000008f300000|100%| O|  |TAMS 0x000000008f200000, 0x000000008f200000| Untracked 
| 243|0x000000008f300000, 0x000000008f400000, 0x000000008f400000|100%| O|  |TAMS 0x000000008f300000, 0x000000008f300000| Untracked 
| 244|0x000000008f400000, 0x000000008f500000, 0x000000008f500000|100%| O|  |TAMS 0x000000008f400000, 0x000000008f400000| Untracked 
| 245|0x000000008f500000, 0x000000008f600000, 0x000000008f600000|100%| O|  |TAMS 0x000000008f500000, 0x000000008f500000| Untracked 
| 246|0x000000008f600000, 0x000000008f700000, 0x000000008f700000|100%| O|  |TAMS 0x000000008f600000, 0x000000008f600000| Untracked 
| 247|0x000000008f700000, 0x000000008f800000, 0x000000008f800000|100%| O|  |TAMS 0x000000008f700000, 0x000000008f700000| Untracked 
| 248|0x000000008f800000, 0x000000008f900000, 0x000000008f900000|100%| O|  |TAMS 0x000000008f800000, 0x000000008f800000| Untracked 
| 249|0x000000008f900000, 0x000000008fa00000, 0x000000008fa00000|100%| O|  |TAMS 0x000000008f900000, 0x000000008f900000| Untracked 
| 250|0x000000008fa00000, 0x000000008fb00000, 0x000000008fb00000|100%| O|  |TAMS 0x000000008fa00000, 0x000000008fa00000| Untracked 
| 251|0x000000008fb00000, 0x000000008fc00000, 0x000000008fc00000|100%| O|  |TAMS 0x000000008fb00000, 0x000000008fb00000| Untracked 
| 252|0x000000008fc00000, 0x000000008fd00000, 0x000000008fd00000|100%| O|  |TAMS 0x000000008fc00000, 0x000000008fc00000| Untracked 
| 253|0x000000008fd00000, 0x000000008fe00000, 0x000000008fe00000|100%| O|  |TAMS 0x000000008fd00000, 0x000000008fd00000| Untracked 
| 254|0x000000008fe00000, 0x000000008ff00000, 0x000000008ff00000|100%| O|  |TAMS 0x000000008fe00000, 0x000000008fe00000| Untracked 
| 255|0x000000008ff00000, 0x0000000090000000, 0x0000000090000000|100%| O|  |TAMS 0x000000008ff00000, 0x000000008ff00000| Untracked 
| 256|0x0000000090000000, 0x0000000090100000, 0x0000000090100000|100%| O|  |TAMS 0x0000000090000000, 0x0000000090000000| Untracked 
| 257|0x0000000090100000, 0x0000000090200000, 0x0000000090200000|100%| O|  |TAMS 0x0000000090100000, 0x0000000090100000| Untracked 
| 258|0x0000000090200000, 0x0000000090300000, 0x0000000090300000|100%| O|  |TAMS 0x0000000090200000, 0x0000000090200000| Untracked 
| 259|0x0000000090300000, 0x0000000090300000, 0x0000000090400000|  0%| F|  |TAMS 0x0000000090300000, 0x0000000090300000| Untracked 
| 260|0x0000000090400000, 0x0000000090400000, 0x0000000090500000|  0%| F|  |TAMS 0x0000000090400000, 0x0000000090400000| Untracked 
| 261|0x0000000090500000, 0x0000000090500000, 0x0000000090600000|  0%| F|  |TAMS 0x0000000090500000, 0x0000000090500000| Untracked 
| 262|0x0000000090600000, 0x0000000090600000, 0x0000000090700000|  0%| F|  |TAMS 0x0000000090600000, 0x0000000090600000| Untracked 
| 263|0x0000000090700000, 0x0000000090700000, 0x0000000090800000|  0%| F|  |TAMS 0x0000000090700000, 0x0000000090700000| Untracked 
| 264|0x0000000090800000, 0x0000000090800000, 0x0000000090900000|  0%| F|  |TAMS 0x0000000090800000, 0x0000000090800000| Untracked 
| 265|0x0000000090900000, 0x0000000090900000, 0x0000000090a00000|  0%| F|  |TAMS 0x0000000090900000, 0x0000000090900000| Untracked 
| 266|0x0000000090a00000, 0x0000000090a00000, 0x0000000090b00000|  0%| F|  |TAMS 0x0000000090a00000, 0x0000000090a00000| Untracked 
| 267|0x0000000090b00000, 0x0000000090b00000, 0x0000000090c00000|  0%| F|  |TAMS 0x0000000090b00000, 0x0000000090b00000| Untracked 
| 268|0x0000000090c00000, 0x0000000090c00000, 0x0000000090d00000|  0%| F|  |TAMS 0x0000000090c00000, 0x0000000090c00000| Untracked 
| 269|0x0000000090d00000, 0x0000000090d00000, 0x0000000090e00000|  0%| F|  |TAMS 0x0000000090d00000, 0x0000000090d00000| Untracked 
| 270|0x0000000090e00000, 0x0000000090e00000, 0x0000000090f00000|  0%| F|  |TAMS 0x0000000090e00000, 0x0000000090e00000| Untracked 
| 271|0x0000000090f00000, 0x0000000090f00000, 0x0000000091000000|  0%| F|  |TAMS 0x0000000090f00000, 0x0000000090f00000| Untracked 
| 272|0x0000000091000000, 0x0000000091000000, 0x0000000091100000|  0%| F|  |TAMS 0x0000000091000000, 0x0000000091000000| Untracked 
| 273|0x0000000091100000, 0x0000000091100000, 0x0000000091200000|  0%| F|  |TAMS 0x0000000091100000, 0x0000000091100000| Untracked 
| 274|0x0000000091200000, 0x0000000091200000, 0x0000000091300000|  0%| F|  |TAMS 0x0000000091200000, 0x0000000091200000| Untracked 
| 275|0x0000000091300000, 0x0000000091300000, 0x0000000091400000|  0%| F|  |TAMS 0x0000000091300000, 0x0000000091300000| Untracked 
| 276|0x0000000091400000, 0x0000000091400000, 0x0000000091500000|  0%| F|  |TAMS 0x0000000091400000, 0x0000000091400000| Untracked 
| 277|0x0000000091500000, 0x0000000091500000, 0x0000000091600000|  0%| F|  |TAMS 0x0000000091500000, 0x0000000091500000| Untracked 
| 278|0x0000000091600000, 0x0000000091600000, 0x0000000091700000|  0%| F|  |TAMS 0x0000000091600000, 0x0000000091600000| Untracked 
| 279|0x0000000091700000, 0x0000000091700000, 0x0000000091800000|  0%| F|  |TAMS 0x0000000091700000, 0x0000000091700000| Untracked 
| 280|0x0000000091800000, 0x0000000091800000, 0x0000000091900000|  0%| F|  |TAMS 0x0000000091800000, 0x0000000091800000| Untracked 
| 281|0x0000000091900000, 0x0000000091900000, 0x0000000091a00000|  0%| F|  |TAMS 0x0000000091900000, 0x0000000091900000| Untracked 
| 282|0x0000000091a00000, 0x0000000091a00000, 0x0000000091b00000|  0%| F|  |TAMS 0x0000000091a00000, 0x0000000091a00000| Untracked 
| 283|0x0000000091b00000, 0x0000000091b00000, 0x0000000091c00000|  0%| F|  |TAMS 0x0000000091b00000, 0x0000000091b00000| Untracked 
| 284|0x0000000091c00000, 0x0000000091c00000, 0x0000000091d00000|  0%| F|  |TAMS 0x0000000091c00000, 0x0000000091c00000| Untracked 
| 285|0x0000000091d00000, 0x0000000091d00000, 0x0000000091e00000|  0%| F|  |TAMS 0x0000000091d00000, 0x0000000091d00000| Untracked 
| 286|0x0000000091e00000, 0x0000000091e00000, 0x0000000091f00000|  0%| F|  |TAMS 0x0000000091e00000, 0x0000000091e00000| Untracked 
| 287|0x0000000091f00000, 0x0000000091f00000, 0x0000000092000000|  0%| F|  |TAMS 0x0000000091f00000, 0x0000000091f00000| Untracked 
| 288|0x0000000092000000, 0x0000000092000000, 0x0000000092100000|  0%| F|  |TAMS 0x0000000092000000, 0x0000000092000000| Untracked 
| 289|0x0000000092100000, 0x0000000092100000, 0x0000000092200000|  0%| F|  |TAMS 0x0000000092100000, 0x0000000092100000| Untracked 
| 290|0x0000000092200000, 0x0000000092200000, 0x0000000092300000|  0%| F|  |TAMS 0x0000000092200000, 0x0000000092200000| Untracked 
| 291|0x0000000092300000, 0x0000000092300000, 0x0000000092400000|  0%| F|  |TAMS 0x0000000092300000, 0x0000000092300000| Untracked 
| 292|0x0000000092400000, 0x0000000092400000, 0x0000000092500000|  0%| F|  |TAMS 0x0000000092400000, 0x0000000092400000| Untracked 
| 293|0x0000000092500000, 0x0000000092500000, 0x0000000092600000|  0%| F|  |TAMS 0x0000000092500000, 0x0000000092500000| Untracked 
| 294|0x0000000092600000, 0x0000000092600000, 0x0000000092700000|  0%| F|  |TAMS 0x0000000092600000, 0x0000000092600000| Untracked 
| 295|0x0000000092700000, 0x0000000092700000, 0x0000000092800000|  0%| F|  |TAMS 0x0000000092700000, 0x0000000092700000| Untracked 
| 296|0x0000000092800000, 0x0000000092800000, 0x0000000092900000|  0%| F|  |TAMS 0x0000000092800000, 0x0000000092800000| Untracked 
| 297|0x0000000092900000, 0x0000000092900000, 0x0000000092a00000|  0%| F|  |TAMS 0x0000000092900000, 0x0000000092900000| Untracked 
| 298|0x0000000092a00000, 0x0000000092a00000, 0x0000000092b00000|  0%| F|  |TAMS 0x0000000092a00000, 0x0000000092a00000| Untracked 
| 299|0x0000000092b00000, 0x0000000092b00000, 0x0000000092c00000|  0%| F|  |TAMS 0x0000000092b00000, 0x0000000092b00000| Untracked 
| 300|0x0000000092c00000, 0x0000000092c00000, 0x0000000092d00000|  0%| F|  |TAMS 0x0000000092c00000, 0x0000000092c00000| Untracked 
| 301|0x0000000092d00000, 0x0000000092d00000, 0x0000000092e00000|  0%| F|  |TAMS 0x0000000092d00000, 0x0000000092d00000| Untracked 
| 302|0x0000000092e00000, 0x0000000092e00000, 0x0000000092f00000|  0%| F|  |TAMS 0x0000000092e00000, 0x0000000092e00000| Untracked 
| 303|0x0000000092f00000, 0x0000000092f00000, 0x0000000093000000|  0%| F|  |TAMS 0x0000000092f00000, 0x0000000092f00000| Untracked 
| 304|0x0000000093000000, 0x0000000093000000, 0x0000000093100000|  0%| F|  |TAMS 0x0000000093000000, 0x0000000093000000| Untracked 
| 305|0x0000000093100000, 0x0000000093100000, 0x0000000093200000|  0%| F|  |TAMS 0x0000000093100000, 0x0000000093100000| Untracked 
| 306|0x0000000093200000, 0x0000000093200000, 0x0000000093300000|  0%| F|  |TAMS 0x0000000093200000, 0x0000000093200000| Untracked 
| 307|0x0000000093300000, 0x0000000093300000, 0x0000000093400000|  0%| F|  |TAMS 0x0000000093300000, 0x0000000093300000| Untracked 
| 308|0x0000000093400000, 0x0000000093400000, 0x0000000093500000|  0%| F|  |TAMS 0x0000000093400000, 0x0000000093400000| Untracked 
| 309|0x0000000093500000, 0x0000000093500000, 0x0000000093600000|  0%| F|  |TAMS 0x0000000093500000, 0x0000000093500000| Untracked 
| 310|0x0000000093600000, 0x0000000093600000, 0x0000000093700000|  0%| F|  |TAMS 0x0000000093600000, 0x0000000093600000| Untracked 
| 311|0x0000000093700000, 0x0000000093700000, 0x0000000093800000|  0%| F|  |TAMS 0x0000000093700000, 0x0000000093700000| Untracked 
| 312|0x0000000093800000, 0x0000000093800000, 0x0000000093900000|  0%| F|  |TAMS 0x0000000093800000, 0x0000000093800000| Untracked 
| 313|0x0000000093900000, 0x0000000093900000, 0x0000000093a00000|  0%| F|  |TAMS 0x0000000093900000, 0x0000000093900000| Untracked 
| 314|0x0000000093a00000, 0x0000000093a00000, 0x0000000093b00000|  0%| F|  |TAMS 0x0000000093a00000, 0x0000000093a00000| Untracked 
| 315|0x0000000093b00000, 0x0000000093b00000, 0x0000000093c00000|  0%| F|  |TAMS 0x0000000093b00000, 0x0000000093b00000| Untracked 
| 316|0x0000000093c00000, 0x0000000093c00000, 0x0000000093d00000|  0%| F|  |TAMS 0x0000000093c00000, 0x0000000093c00000| Untracked 
| 317|0x0000000093d00000, 0x0000000093d00000, 0x0000000093e00000|  0%| F|  |TAMS 0x0000000093d00000, 0x0000000093d00000| Untracked 
| 318|0x0000000093e00000, 0x0000000093e00000, 0x0000000093f00000|  0%| F|  |TAMS 0x0000000093e00000, 0x0000000093e00000| Untracked 
| 319|0x0000000093f00000, 0x0000000093f00000, 0x0000000094000000|  0%| F|  |TAMS 0x0000000093f00000, 0x0000000093f00000| Untracked 
| 320|0x0000000094000000, 0x0000000094000000, 0x0000000094100000|  0%| F|  |TAMS 0x0000000094000000, 0x0000000094000000| Untracked 
| 321|0x0000000094100000, 0x0000000094100000, 0x0000000094200000|  0%| F|  |TAMS 0x0000000094100000, 0x0000000094100000| Untracked 
| 322|0x0000000094200000, 0x0000000094200000, 0x0000000094300000|  0%| F|  |TAMS 0x0000000094200000, 0x0000000094200000| Untracked 
| 323|0x0000000094300000, 0x0000000094300000, 0x0000000094400000|  0%| F|  |TAMS 0x0000000094300000, 0x0000000094300000| Untracked 
| 324|0x0000000094400000, 0x0000000094400000, 0x0000000094500000|  0%| F|  |TAMS 0x0000000094400000, 0x0000000094400000| Untracked 
| 325|0x0000000094500000, 0x0000000094500000, 0x0000000094600000|  0%| F|  |TAMS 0x0000000094500000, 0x0000000094500000| Untracked 
| 326|0x0000000094600000, 0x0000000094600000, 0x0000000094700000|  0%| F|  |TAMS 0x0000000094600000, 0x0000000094600000| Untracked 
| 327|0x0000000094700000, 0x0000000094700000, 0x0000000094800000|  0%| F|  |TAMS 0x0000000094700000, 0x0000000094700000| Untracked 
| 328|0x0000000094800000, 0x0000000094800000, 0x0000000094900000|  0%| F|  |TAMS 0x0000000094800000, 0x0000000094800000| Untracked 
| 329|0x0000000094900000, 0x0000000094900000, 0x0000000094a00000|  0%| F|  |TAMS 0x0000000094900000, 0x0000000094900000| Untracked 
| 330|0x0000000094a00000, 0x0000000094a00000, 0x0000000094b00000|  0%| F|  |TAMS 0x0000000094a00000, 0x0000000094a00000| Untracked 
| 331|0x0000000094b00000, 0x0000000094b00000, 0x0000000094c00000|  0%| F|  |TAMS 0x0000000094b00000, 0x0000000094b00000| Untracked 
| 332|0x0000000094c00000, 0x0000000094c00000, 0x0000000094d00000|  0%| F|  |TAMS 0x0000000094c00000, 0x0000000094c00000| Untracked 
| 333|0x0000000094d00000, 0x0000000094d00000, 0x0000000094e00000|  0%| F|  |TAMS 0x0000000094d00000, 0x0000000094d00000| Untracked 
| 334|0x0000000094e00000, 0x0000000094e00000, 0x0000000094f00000|  0%| F|  |TAMS 0x0000000094e00000, 0x0000000094e00000| Untracked 
| 335|0x0000000094f00000, 0x0000000094f00000, 0x0000000095000000|  0%| F|  |TAMS 0x0000000094f00000, 0x0000000094f00000| Untracked 
| 336|0x0000000095000000, 0x0000000095000000, 0x0000000095100000|  0%| F|  |TAMS 0x0000000095000000, 0x0000000095000000| Untracked 
| 337|0x0000000095100000, 0x0000000095100000, 0x0000000095200000|  0%| F|  |TAMS 0x0000000095100000, 0x0000000095100000| Untracked 
| 338|0x0000000095200000, 0x0000000095200000, 0x0000000095300000|  0%| F|  |TAMS 0x0000000095200000, 0x0000000095200000| Untracked 
| 339|0x0000000095300000, 0x0000000095300000, 0x0000000095400000|  0%| F|  |TAMS 0x0000000095300000, 0x0000000095300000| Untracked 
| 340|0x0000000095400000, 0x0000000095400000, 0x0000000095500000|  0%| F|  |TAMS 0x0000000095400000, 0x0000000095400000| Untracked 
| 341|0x0000000095500000, 0x0000000095500000, 0x0000000095600000|  0%| F|  |TAMS 0x0000000095500000, 0x0000000095500000| Untracked 
| 342|0x0000000095600000, 0x0000000095600000, 0x0000000095700000|  0%| F|  |TAMS 0x0000000095600000, 0x0000000095600000| Untracked 
| 343|0x0000000095700000, 0x0000000095700000, 0x0000000095800000|  0%| F|  |TAMS 0x0000000095700000, 0x0000000095700000| Untracked 
| 344|0x0000000095800000, 0x0000000095800000, 0x0000000095900000|  0%| F|  |TAMS 0x0000000095800000, 0x0000000095800000| Untracked 
| 345|0x0000000095900000, 0x0000000095900000, 0x0000000095a00000|  0%| F|  |TAMS 0x0000000095900000, 0x0000000095900000| Untracked 
| 346|0x0000000095a00000, 0x0000000095a00000, 0x0000000095b00000|  0%| F|  |TAMS 0x0000000095a00000, 0x0000000095a00000| Untracked 
| 347|0x0000000095b00000, 0x0000000095b00000, 0x0000000095c00000|  0%| F|  |TAMS 0x0000000095b00000, 0x0000000095b00000| Untracked 
| 348|0x0000000095c00000, 0x0000000095c00000, 0x0000000095d00000|  0%| F|  |TAMS 0x0000000095c00000, 0x0000000095c00000| Untracked 
| 349|0x0000000095d00000, 0x0000000095d00000, 0x0000000095e00000|  0%| F|  |TAMS 0x0000000095d00000, 0x0000000095d00000| Untracked 
| 350|0x0000000095e00000, 0x0000000095e00000, 0x0000000095f00000|  0%| F|  |TAMS 0x0000000095e00000, 0x0000000095e00000| Untracked 
| 351|0x0000000095f00000, 0x0000000095f00000, 0x0000000096000000|  0%| F|  |TAMS 0x0000000095f00000, 0x0000000095f00000| Untracked 
| 352|0x0000000096000000, 0x0000000096000000, 0x0000000096100000|  0%| F|  |TAMS 0x0000000096000000, 0x0000000096000000| Untracked 
| 353|0x0000000096100000, 0x0000000096100000, 0x0000000096200000|  0%| F|  |TAMS 0x0000000096100000, 0x0000000096100000| Untracked 
| 354|0x0000000096200000, 0x0000000096200000, 0x0000000096300000|  0%| F|  |TAMS 0x0000000096200000, 0x0000000096200000| Untracked 
| 355|0x0000000096300000, 0x0000000096300000, 0x0000000096400000|  0%| F|  |TAMS 0x0000000096300000, 0x0000000096300000| Untracked 
| 356|0x0000000096400000, 0x0000000096500000, 0x0000000096500000|100%| S|CS|TAMS 0x0000000096400000, 0x0000000096400000| Complete 
| 357|0x0000000096500000, 0x0000000096600000, 0x0000000096600000|100%| S|CS|TAMS 0x0000000096500000, 0x0000000096500000| Complete 
| 358|0x0000000096600000, 0x0000000096700000, 0x0000000096700000|100%| S|CS|TAMS 0x0000000096600000, 0x0000000096600000| Complete 
| 359|0x0000000096700000, 0x0000000096800000, 0x0000000096800000|100%| S|CS|TAMS 0x0000000096700000, 0x0000000096700000| Complete 
| 360|0x0000000096800000, 0x0000000096900000, 0x0000000096900000|100%| S|CS|TAMS 0x0000000096800000, 0x0000000096800000| Complete 
| 361|0x0000000096900000, 0x0000000096a00000, 0x0000000096a00000|100%| S|CS|TAMS 0x0000000096900000, 0x0000000096900000| Complete 
| 362|0x0000000096a00000, 0x0000000096b00000, 0x0000000096b00000|100%| S|CS|TAMS 0x0000000096a00000, 0x0000000096a00000| Complete 
| 363|0x0000000096b00000, 0x0000000096c00000, 0x0000000096c00000|100%| S|CS|TAMS 0x0000000096b00000, 0x0000000096b00000| Complete 
| 364|0x0000000096c00000, 0x0000000096d00000, 0x0000000096d00000|100%| S|CS|TAMS 0x0000000096c00000, 0x0000000096c00000| Complete 
| 365|0x0000000096d00000, 0x0000000096e00000, 0x0000000096e00000|100%| S|CS|TAMS 0x0000000096d00000, 0x0000000096d00000| Complete 
| 366|0x0000000096e00000, 0x0000000096f00000, 0x0000000096f00000|100%| S|CS|TAMS 0x0000000096e00000, 0x0000000096e00000| Complete 
| 367|0x0000000096f00000, 0x0000000097000000, 0x0000000097000000|100%| S|CS|TAMS 0x0000000096f00000, 0x0000000096f00000| Complete 
| 368|0x0000000097000000, 0x0000000097100000, 0x0000000097100000|100%| S|CS|TAMS 0x0000000097000000, 0x0000000097000000| Complete 
| 369|0x0000000097100000, 0x0000000097100000, 0x0000000097200000|  0%| F|  |TAMS 0x0000000097100000, 0x0000000097100000| Untracked 
| 370|0x0000000097200000, 0x0000000097200000, 0x0000000097300000|  0%| F|  |TAMS 0x0000000097200000, 0x0000000097200000| Untracked 
| 371|0x0000000097300000, 0x0000000097300000, 0x0000000097400000|  0%| F|  |TAMS 0x0000000097300000, 0x0000000097300000| Untracked 
| 372|0x0000000097400000, 0x0000000097400000, 0x0000000097500000|  0%| F|  |TAMS 0x0000000097400000, 0x0000000097400000| Untracked 
| 373|0x0000000097500000, 0x0000000097500000, 0x0000000097600000|  0%| F|  |TAMS 0x0000000097500000, 0x0000000097500000| Untracked 
| 374|0x0000000097600000, 0x0000000097600000, 0x0000000097700000|  0%| F|  |TAMS 0x0000000097600000, 0x0000000097600000| Untracked 
| 375|0x0000000097700000, 0x0000000097700000, 0x0000000097800000|  0%| F|  |TAMS 0x0000000097700000, 0x0000000097700000| Untracked 
| 376|0x0000000097800000, 0x0000000097800000, 0x0000000097900000|  0%| F|  |TAMS 0x0000000097800000, 0x0000000097800000| Untracked 
| 377|0x0000000097900000, 0x0000000097900000, 0x0000000097a00000|  0%| F|  |TAMS 0x0000000097900000, 0x0000000097900000| Untracked 
| 378|0x0000000097a00000, 0x0000000097a00000, 0x0000000097b00000|  0%| F|  |TAMS 0x0000000097a00000, 0x0000000097a00000| Untracked 
| 379|0x0000000097b00000, 0x0000000097b00000, 0x0000000097c00000|  0%| F|  |TAMS 0x0000000097b00000, 0x0000000097b00000| Untracked 
| 380|0x0000000097c00000, 0x0000000097c00000, 0x0000000097d00000|  0%| F|  |TAMS 0x0000000097c00000, 0x0000000097c00000| Untracked 
| 381|0x0000000097d00000, 0x0000000097d00000, 0x0000000097e00000|  0%| F|  |TAMS 0x0000000097d00000, 0x0000000097d00000| Untracked 
| 382|0x0000000097e00000, 0x0000000097e00000, 0x0000000097f00000|  0%| F|  |TAMS 0x0000000097e00000, 0x0000000097e00000| Untracked 
| 383|0x0000000097f00000, 0x0000000098000000, 0x0000000098000000|100%| O|  |TAMS 0x0000000098000000, 0x0000000097f00000| Untracked 
| 384|0x0000000098000000, 0x0000000098100000, 0x0000000098100000|100%| O|  |TAMS 0x0000000098100000, 0x0000000098000000| Untracked 
| 385|0x0000000098100000, 0x0000000098200000, 0x0000000098200000|100%| O|  |TAMS 0x0000000098200000, 0x0000000098100000| Untracked 
| 386|0x0000000098200000, 0x0000000098300000, 0x0000000098300000|100%| O|  |TAMS 0x0000000098300000, 0x0000000098200000| Untracked 
| 387|0x0000000098300000, 0x0000000098400000, 0x0000000098400000|100%| O|  |TAMS 0x0000000098400000, 0x0000000098300000| Untracked 
| 388|0x0000000098400000, 0x0000000098500000, 0x0000000098500000|100%| O|  |TAMS 0x0000000098500000, 0x0000000098400000| Untracked 
| 389|0x0000000098500000, 0x0000000098600000, 0x0000000098600000|100%| O|  |TAMS 0x0000000098600000, 0x0000000098500000| Untracked 
| 390|0x0000000098600000, 0x0000000098700000, 0x0000000098700000|100%| O|  |TAMS 0x0000000098700000, 0x0000000098600000| Untracked 
| 391|0x0000000098700000, 0x0000000098700000, 0x0000000098800000|  0%| F|  |TAMS 0x0000000098700000, 0x0000000098700000| Untracked 
| 392|0x0000000098800000, 0x0000000098900000, 0x0000000098900000|100%| O|  |TAMS 0x0000000098900000, 0x0000000098800000| Untracked 
| 393|0x0000000098900000, 0x0000000098a00000, 0x0000000098a00000|100%| O|  |TAMS 0x0000000098a00000, 0x0000000098900000| Untracked 
| 394|0x0000000098a00000, 0x0000000098b00000, 0x0000000098b00000|100%| O|  |TAMS 0x0000000098b00000, 0x0000000098a00000| Untracked 
| 395|0x0000000098b00000, 0x0000000098c00000, 0x0000000098c00000|100%| O|  |TAMS 0x0000000098c00000, 0x0000000098b00000| Untracked 
| 396|0x0000000098c00000, 0x0000000098d00000, 0x0000000098d00000|100%| O|  |TAMS 0x0000000098d00000, 0x0000000098c00000| Untracked 
| 397|0x0000000098d00000, 0x0000000098e00000, 0x0000000098e00000|100%| O|  |TAMS 0x0000000098e00000, 0x0000000098d00000| Untracked 
| 398|0x0000000098e00000, 0x0000000098f00000, 0x0000000098f00000|100%| O|  |TAMS 0x0000000098f00000, 0x0000000098e00000| Untracked 
| 399|0x0000000098f00000, 0x0000000099000000, 0x0000000099000000|100%| O|  |TAMS 0x0000000099000000, 0x0000000098f00000| Untracked 
| 400|0x0000000099000000, 0x0000000099100000, 0x0000000099100000|100%| O|  |TAMS 0x0000000099100000, 0x0000000099000000| Untracked 
| 401|0x0000000099100000, 0x0000000099200000, 0x0000000099200000|100%| O|  |TAMS 0x0000000099200000, 0x0000000099100000| Untracked 
| 402|0x0000000099200000, 0x0000000099300000, 0x0000000099300000|100%| O|  |TAMS 0x0000000099300000, 0x0000000099200000| Untracked 
| 403|0x0000000099300000, 0x0000000099400000, 0x0000000099400000|100%| O|  |TAMS 0x0000000099400000, 0x0000000099300000| Untracked 
| 404|0x0000000099400000, 0x0000000099500000, 0x0000000099500000|100%| O|  |TAMS 0x0000000099500000, 0x0000000099400000| Untracked 
| 405|0x0000000099500000, 0x0000000099600000, 0x0000000099600000|100%| O|  |TAMS 0x0000000099600000, 0x0000000099500000| Untracked 
| 406|0x0000000099600000, 0x0000000099600000, 0x0000000099700000|  0%| F|  |TAMS 0x0000000099600000, 0x0000000099600000| Untracked 
| 407|0x0000000099700000, 0x0000000099800000, 0x0000000099800000|100%| O|  |TAMS 0x0000000099800000, 0x0000000099700000| Untracked 
| 408|0x0000000099800000, 0x0000000099900000, 0x0000000099900000|100%|HS|  |TAMS 0x0000000099900000, 0x0000000099800000| Complete 
| 409|0x0000000099900000, 0x0000000099a00000, 0x0000000099a00000|100%|HC|  |TAMS 0x0000000099a00000, 0x0000000099900000| Complete 
| 410|0x0000000099a00000, 0x0000000099b00000, 0x0000000099b00000|100%| O|  |TAMS 0x0000000099b00000, 0x0000000099a00000| Untracked 
| 411|0x0000000099b00000, 0x0000000099c00000, 0x0000000099c00000|100%| O|  |TAMS 0x0000000099c00000, 0x0000000099b00000| Untracked 
| 412|0x0000000099c00000, 0x0000000099d00000, 0x0000000099d00000|100%|HS|  |TAMS 0x0000000099d00000, 0x0000000099c00000| Complete 
| 413|0x0000000099d00000, 0x0000000099e00000, 0x0000000099e00000|100%|HC|  |TAMS 0x0000000099e00000, 0x0000000099d00000| Complete 
| 414|0x0000000099e00000, 0x0000000099f00000, 0x0000000099f00000|100%| O|  |TAMS 0x0000000099f00000, 0x0000000099e00000| Untracked 
| 415|0x0000000099f00000, 0x000000009a000000, 0x000000009a000000|100%| O|  |TAMS 0x000000009a000000, 0x0000000099f00000| Untracked 
| 416|0x000000009a000000, 0x000000009a100000, 0x000000009a100000|100%| O|  |TAMS 0x000000009a100000, 0x000000009a000000| Untracked 
| 417|0x000000009a100000, 0x000000009a200000, 0x000000009a200000|100%| O|  |TAMS 0x000000009a200000, 0x000000009a100000| Untracked 
| 418|0x000000009a200000, 0x000000009a300000, 0x000000009a300000|100%| O|  |TAMS 0x000000009a300000, 0x000000009a200000| Untracked 
| 419|0x000000009a300000, 0x000000009a400000, 0x000000009a400000|100%| O|  |TAMS 0x000000009a400000, 0x000000009a300000| Untracked 
| 420|0x000000009a400000, 0x000000009a400000, 0x000000009a500000|  0%| F|  |TAMS 0x000000009a400000, 0x000000009a400000| Untracked 
| 421|0x000000009a500000, 0x000000009a600000, 0x000000009a600000|100%| O|  |TAMS 0x000000009a600000, 0x000000009a500000| Untracked 
| 422|0x000000009a600000, 0x000000009a700000, 0x000000009a700000|100%| O|  |TAMS 0x000000009a700000, 0x000000009a600000| Untracked 
| 423|0x000000009a700000, 0x000000009a800000, 0x000000009a800000|100%| O|  |TAMS 0x000000009a800000, 0x000000009a700000| Untracked 
| 424|0x000000009a800000, 0x000000009a900000, 0x000000009a900000|100%| O|  |TAMS 0x000000009a900000, 0x000000009a800000| Untracked 
| 425|0x000000009a900000, 0x000000009aa00000, 0x000000009aa00000|100%| O|  |TAMS 0x000000009aa00000, 0x000000009a900000| Untracked 
| 426|0x000000009aa00000, 0x000000009ab00000, 0x000000009ab00000|100%| O|  |TAMS 0x000000009ab00000, 0x000000009aa00000| Untracked 
| 427|0x000000009ab00000, 0x000000009ac00000, 0x000000009ac00000|100%| O|  |TAMS 0x000000009ac00000, 0x000000009ab00000| Untracked 
| 428|0x000000009ac00000, 0x000000009ad00000, 0x000000009ad00000|100%| O|  |TAMS 0x000000009ad00000, 0x000000009ac00000| Untracked 
| 429|0x000000009ad00000, 0x000000009ae00000, 0x000000009ae00000|100%| O|  |TAMS 0x000000009ae00000, 0x000000009ad00000| Untracked 
| 430|0x000000009ae00000, 0x000000009af00000, 0x000000009af00000|100%| O|  |TAMS 0x000000009af00000, 0x000000009ae00000| Untracked 
| 431|0x000000009af00000, 0x000000009af00000, 0x000000009b000000|  0%| F|  |TAMS 0x000000009af00000, 0x000000009af00000| Untracked 
| 432|0x000000009b000000, 0x000000009b100000, 0x000000009b100000|100%| O|  |TAMS 0x000000009b100000, 0x000000009b000000| Untracked 
| 433|0x000000009b100000, 0x000000009b200000, 0x000000009b200000|100%| O|  |TAMS 0x000000009b200000, 0x000000009b100000| Untracked 
| 434|0x000000009b200000, 0x000000009b300000, 0x000000009b300000|100%| O|  |TAMS 0x000000009b300000, 0x000000009b200000| Untracked 
| 435|0x000000009b300000, 0x000000009b400000, 0x000000009b400000|100%| O|  |TAMS 0x000000009b400000, 0x000000009b300000| Untracked 
| 436|0x000000009b400000, 0x000000009b500000, 0x000000009b500000|100%| O|  |TAMS 0x000000009b500000, 0x000000009b400000| Untracked 
| 437|0x000000009b500000, 0x000000009b600000, 0x000000009b600000|100%| O|  |TAMS 0x000000009b600000, 0x000000009b500000| Untracked 
| 438|0x000000009b600000, 0x000000009b700000, 0x000000009b700000|100%| O|  |TAMS 0x000000009b700000, 0x000000009b600000| Untracked 
| 439|0x000000009b700000, 0x000000009b800000, 0x000000009b800000|100%| O|  |TAMS 0x000000009b800000, 0x000000009b700000| Untracked 
| 440|0x000000009b800000, 0x000000009b900000, 0x000000009b900000|100%| O|  |TAMS 0x000000009b900000, 0x000000009b800000| Untracked 
| 441|0x000000009b900000, 0x000000009ba00000, 0x000000009ba00000|100%| O|  |TAMS 0x000000009ba00000, 0x000000009b900000| Untracked 
| 442|0x000000009ba00000, 0x000000009bb00000, 0x000000009bb00000|100%| O|  |TAMS 0x000000009bb00000, 0x000000009ba00000| Untracked 
| 443|0x000000009bb00000, 0x000000009bc00000, 0x000000009bc00000|100%| O|  |TAMS 0x000000009bc00000, 0x000000009bb00000| Untracked 
| 444|0x000000009bc00000, 0x000000009bd00000, 0x000000009bd00000|100%| O|  |TAMS 0x000000009bd00000, 0x000000009bc00000| Untracked 
| 445|0x000000009bd00000, 0x000000009be00000, 0x000000009be00000|100%| O|  |TAMS 0x000000009be00000, 0x000000009bd00000| Untracked 
| 446|0x000000009be00000, 0x000000009bf00000, 0x000000009bf00000|100%| O|  |TAMS 0x000000009bf00000, 0x000000009be00000| Untracked 
| 447|0x000000009bf00000, 0x000000009c000000, 0x000000009c000000|100%| O|  |TAMS 0x000000009c000000, 0x000000009bf00000| Untracked 
| 448|0x000000009c000000, 0x000000009c100000, 0x000000009c100000|100%| O|  |TAMS 0x000000009c100000, 0x000000009c000000| Untracked 
| 449|0x000000009c100000, 0x000000009c200000, 0x000000009c200000|100%| O|  |TAMS 0x000000009c200000, 0x000000009c100000| Untracked 
| 450|0x000000009c200000, 0x000000009c300000, 0x000000009c300000|100%| O|  |TAMS 0x000000009c300000, 0x000000009c200000| Untracked 
| 451|0x000000009c300000, 0x000000009c400000, 0x000000009c400000|100%| O|  |TAMS 0x000000009c400000, 0x000000009c300000| Untracked 
| 452|0x000000009c400000, 0x000000009c500000, 0x000000009c500000|100%| O|  |TAMS 0x000000009c500000, 0x000000009c400000| Untracked 
| 453|0x000000009c500000, 0x000000009c600000, 0x000000009c600000|100%| O|  |TAMS 0x000000009c600000, 0x000000009c500000| Untracked 
| 454|0x000000009c600000, 0x000000009c700000, 0x000000009c700000|100%| O|  |TAMS 0x000000009c700000, 0x000000009c600000| Untracked 
| 455|0x000000009c700000, 0x000000009c800000, 0x000000009c800000|100%| O|  |TAMS 0x000000009c800000, 0x000000009c700000| Untracked 
| 456|0x000000009c800000, 0x000000009c900000, 0x000000009c900000|100%| O|  |TAMS 0x000000009c900000, 0x000000009c800000| Untracked 
| 457|0x000000009c900000, 0x000000009ca00000, 0x000000009ca00000|100%| O|  |TAMS 0x000000009ca00000, 0x000000009c900000| Untracked 
| 458|0x000000009ca00000, 0x000000009cb00000, 0x000000009cb00000|100%| O|  |TAMS 0x000000009cb00000, 0x000000009ca00000| Untracked 
| 459|0x000000009cb00000, 0x000000009cc00000, 0x000000009cc00000|100%| O|  |TAMS 0x000000009cc00000, 0x000000009cb00000| Untracked 
| 460|0x000000009cc00000, 0x000000009cd00000, 0x000000009cd00000|100%| O|  |TAMS 0x000000009cd00000, 0x000000009cc00000| Untracked 
| 461|0x000000009cd00000, 0x000000009ce00000, 0x000000009ce00000|100%| O|  |TAMS 0x000000009ce00000, 0x000000009cd00000| Untracked 
| 462|0x000000009ce00000, 0x000000009cf00000, 0x000000009cf00000|100%| O|  |TAMS 0x000000009cf00000, 0x000000009ce00000| Untracked 
| 463|0x000000009cf00000, 0x000000009d000000, 0x000000009d000000|100%| O|  |TAMS 0x000000009d000000, 0x000000009cf00000| Untracked 
| 464|0x000000009d000000, 0x000000009d100000, 0x000000009d100000|100%| O|  |TAMS 0x000000009d100000, 0x000000009d000000| Untracked 
| 465|0x000000009d100000, 0x000000009d200000, 0x000000009d200000|100%| O|  |TAMS 0x000000009d200000, 0x000000009d100000| Untracked 
| 466|0x000000009d200000, 0x000000009d300000, 0x000000009d300000|100%| O|  |TAMS 0x000000009d300000, 0x000000009d200000| Untracked 
| 467|0x000000009d300000, 0x000000009d400000, 0x000000009d400000|100%| O|  |TAMS 0x000000009d400000, 0x000000009d300000| Untracked 
| 468|0x000000009d400000, 0x000000009d500000, 0x000000009d500000|100%| O|  |TAMS 0x000000009d500000, 0x000000009d400000| Untracked 
| 469|0x000000009d500000, 0x000000009d600000, 0x000000009d600000|100%| O|  |TAMS 0x000000009d600000, 0x000000009d500000| Untracked 
| 470|0x000000009d600000, 0x000000009d700000, 0x000000009d700000|100%| O|  |TAMS 0x000000009d700000, 0x000000009d600000| Untracked 
| 471|0x000000009d700000, 0x000000009d800000, 0x000000009d800000|100%| O|  |TAMS 0x000000009d800000, 0x000000009d700000| Untracked 
| 472|0x000000009d800000, 0x000000009d900000, 0x000000009d900000|100%| O|  |TAMS 0x000000009d900000, 0x000000009d800000| Untracked 
| 473|0x000000009d900000, 0x000000009da00000, 0x000000009da00000|100%| O|  |TAMS 0x000000009da00000, 0x000000009d900000| Untracked 
| 474|0x000000009da00000, 0x000000009db00000, 0x000000009db00000|100%| O|  |TAMS 0x000000009db00000, 0x000000009da00000| Untracked 
| 475|0x000000009db00000, 0x000000009dc00000, 0x000000009dc00000|100%| O|  |TAMS 0x000000009dc00000, 0x000000009db00000| Untracked 
| 476|0x000000009dc00000, 0x000000009dd00000, 0x000000009dd00000|100%| O|  |TAMS 0x000000009dd00000, 0x000000009dc00000| Untracked 
| 477|0x000000009dd00000, 0x000000009de00000, 0x000000009de00000|100%| O|  |TAMS 0x000000009de00000, 0x000000009dd00000| Untracked 
| 478|0x000000009de00000, 0x000000009df00000, 0x000000009df00000|100%| O|  |TAMS 0x000000009dedfe00, 0x000000009de00000| Untracked 
| 479|0x000000009df00000, 0x000000009e000000, 0x000000009e000000|100%| O|  |TAMS 0x000000009df00000, 0x000000009df00000| Untracked 
| 480|0x000000009e000000, 0x000000009e100000, 0x000000009e100000|100%| O|  |TAMS 0x000000009e000000, 0x000000009e000000| Untracked 
| 481|0x000000009e100000, 0x000000009e200000, 0x000000009e200000|100%| O|  |TAMS 0x000000009e100000, 0x000000009e100000| Untracked 
| 482|0x000000009e200000, 0x000000009e300000, 0x000000009e300000|100%| O|  |TAMS 0x000000009e200000, 0x000000009e200000| Untracked 
| 483|0x000000009e300000, 0x000000009e400000, 0x000000009e400000|100%| O|  |TAMS 0x000000009e300000, 0x000000009e300000| Untracked 
| 484|0x000000009e400000, 0x000000009e500000, 0x000000009e500000|100%| O|  |TAMS 0x000000009e400000, 0x000000009e400000| Untracked 
| 485|0x000000009e500000, 0x000000009e600000, 0x000000009e600000|100%| O|  |TAMS 0x000000009e500000, 0x000000009e500000| Untracked 
| 486|0x000000009e600000, 0x000000009e700000, 0x000000009e700000|100%| O|  |TAMS 0x000000009e600000, 0x000000009e600000| Untracked 
| 487|0x000000009e700000, 0x000000009e800000, 0x000000009e800000|100%| O|  |TAMS 0x000000009e700000, 0x000000009e700000| Untracked 
| 488|0x000000009e800000, 0x000000009e900000, 0x000000009e900000|100%| O|  |TAMS 0x000000009e800000, 0x000000009e800000| Untracked 
| 489|0x000000009e900000, 0x000000009ea00000, 0x000000009ea00000|100%| O|  |TAMS 0x000000009e900000, 0x000000009e900000| Untracked 
| 490|0x000000009ea00000, 0x000000009eb00000, 0x000000009eb00000|100%| O|  |TAMS 0x000000009ea00000, 0x000000009ea00000| Untracked 
| 491|0x000000009eb00000, 0x000000009ec00000, 0x000000009ec00000|100%| O|  |TAMS 0x000000009eb00000, 0x000000009eb00000| Untracked 
| 492|0x000000009ec00000, 0x000000009ed00000, 0x000000009ed00000|100%| O|  |TAMS 0x000000009ec00000, 0x000000009ec00000| Untracked 
| 493|0x000000009ed00000, 0x000000009ed00000, 0x000000009ee00000|  0%| F|  |TAMS 0x000000009ed00000, 0x000000009ed00000| Untracked 
| 494|0x000000009ee00000, 0x000000009ee00000, 0x000000009ef00000|  0%| F|  |TAMS 0x000000009ee00000, 0x000000009ee00000| Untracked 
| 495|0x000000009ef00000, 0x000000009ef00000, 0x000000009f000000|  0%| F|  |TAMS 0x000000009ef00000, 0x000000009ef00000| Untracked 
| 496|0x000000009f000000, 0x000000009f000000, 0x000000009f100000|  0%| F|  |TAMS 0x000000009f000000, 0x000000009f000000| Untracked 
| 497|0x000000009f100000, 0x000000009f100000, 0x000000009f200000|  0%| F|  |TAMS 0x000000009f100000, 0x000000009f100000| Untracked 
| 498|0x000000009f200000, 0x000000009f200000, 0x000000009f300000|  0%| F|  |TAMS 0x000000009f200000, 0x000000009f200000| Untracked 
| 499|0x000000009f300000, 0x000000009f300000, 0x000000009f400000|  0%| F|  |TAMS 0x000000009f300000, 0x000000009f300000| Untracked 
| 500|0x000000009f400000, 0x000000009f400000, 0x000000009f500000|  0%| F|  |TAMS 0x000000009f400000, 0x000000009f400000| Untracked 
| 501|0x000000009f500000, 0x000000009f500000, 0x000000009f600000|  0%| F|  |TAMS 0x000000009f500000, 0x000000009f500000| Untracked 
| 502|0x000000009f600000, 0x000000009f600000, 0x000000009f700000|  0%| F|  |TAMS 0x000000009f600000, 0x000000009f600000| Untracked 
| 503|0x000000009f700000, 0x000000009f700000, 0x000000009f800000|  0%| F|  |TAMS 0x000000009f700000, 0x000000009f700000| Untracked 
| 504|0x000000009f800000, 0x000000009f800000, 0x000000009f900000|  0%| F|  |TAMS 0x000000009f800000, 0x000000009f800000| Untracked 
| 505|0x000000009f900000, 0x000000009f900000, 0x000000009fa00000|  0%| F|  |TAMS 0x000000009f900000, 0x000000009f900000| Untracked 
| 506|0x000000009fa00000, 0x000000009fa00000, 0x000000009fb00000|  0%| F|  |TAMS 0x000000009fa00000, 0x000000009fa00000| Untracked 
| 507|0x000000009fb00000, 0x000000009fb00000, 0x000000009fc00000|  0%| F|  |TAMS 0x000000009fb00000, 0x000000009fb00000| Untracked 
| 508|0x000000009fc00000, 0x000000009fc00000, 0x000000009fd00000|  0%| F|  |TAMS 0x000000009fc00000, 0x000000009fc00000| Untracked 
| 509|0x000000009fd00000, 0x000000009fd00000, 0x000000009fe00000|  0%| F|  |TAMS 0x000000009fd00000, 0x000000009fd00000| Untracked 
| 510|0x000000009fe00000, 0x000000009fe00000, 0x000000009ff00000|  0%| F|  |TAMS 0x000000009fe00000, 0x000000009fe00000| Untracked 
| 511|0x000000009ff00000, 0x000000009ff00000, 0x00000000a0000000|  0%| F|  |TAMS 0x000000009ff00000, 0x000000009ff00000| Untracked 
| 512|0x00000000a0000000, 0x00000000a0000000, 0x00000000a0100000|  0%| F|  |TAMS 0x00000000a0000000, 0x00000000a0000000| Untracked 
| 513|0x00000000a0100000, 0x00000000a0100000, 0x00000000a0200000|  0%| F|  |TAMS 0x00000000a0100000, 0x00000000a0100000| Untracked 
| 514|0x00000000a0200000, 0x00000000a0200000, 0x00000000a0300000|  0%| F|  |TAMS 0x00000000a0200000, 0x00000000a0200000| Untracked 
| 515|0x00000000a0300000, 0x00000000a0300000, 0x00000000a0400000|  0%| F|  |TAMS 0x00000000a0300000, 0x00000000a0300000| Untracked 
| 516|0x00000000a0400000, 0x00000000a0400000, 0x00000000a0500000|  0%| F|  |TAMS 0x00000000a0400000, 0x00000000a0400000| Untracked 
| 517|0x00000000a0500000, 0x00000000a0500000, 0x00000000a0600000|  0%| F|  |TAMS 0x00000000a0500000, 0x00000000a0500000| Untracked 
| 518|0x00000000a0600000, 0x00000000a0600000, 0x00000000a0700000|  0%| F|  |TAMS 0x00000000a0600000, 0x00000000a0600000| Untracked 
| 519|0x00000000a0700000, 0x00000000a0700000, 0x00000000a0800000|  0%| F|  |TAMS 0x00000000a0700000, 0x00000000a0700000| Untracked 
| 520|0x00000000a0800000, 0x00000000a0800000, 0x00000000a0900000|  0%| F|  |TAMS 0x00000000a0800000, 0x00000000a0800000| Untracked 
| 521|0x00000000a0900000, 0x00000000a0900000, 0x00000000a0a00000|  0%| F|  |TAMS 0x00000000a0900000, 0x00000000a0900000| Untracked 
| 522|0x00000000a0a00000, 0x00000000a0a00000, 0x00000000a0b00000|  0%| F|  |TAMS 0x00000000a0a00000, 0x00000000a0a00000| Untracked 
| 523|0x00000000a0b00000, 0x00000000a0b00000, 0x00000000a0c00000|  0%| F|  |TAMS 0x00000000a0b00000, 0x00000000a0b00000| Untracked 
| 524|0x00000000a0c00000, 0x00000000a0c00000, 0x00000000a0d00000|  0%| F|  |TAMS 0x00000000a0c00000, 0x00000000a0c00000| Untracked 
| 525|0x00000000a0d00000, 0x00000000a0d00000, 0x00000000a0e00000|  0%| F|  |TAMS 0x00000000a0d00000, 0x00000000a0d00000| Untracked 
| 526|0x00000000a0e00000, 0x00000000a0e00000, 0x00000000a0f00000|  0%| F|  |TAMS 0x00000000a0e00000, 0x00000000a0e00000| Untracked 
| 527|0x00000000a0f00000, 0x00000000a0f00000, 0x00000000a1000000|  0%| F|  |TAMS 0x00000000a0f00000, 0x00000000a0f00000| Untracked 
| 528|0x00000000a1000000, 0x00000000a1000000, 0x00000000a1100000|  0%| F|  |TAMS 0x00000000a1000000, 0x00000000a1000000| Untracked 
| 529|0x00000000a1100000, 0x00000000a1100000, 0x00000000a1200000|  0%| F|  |TAMS 0x00000000a1100000, 0x00000000a1100000| Untracked 
| 530|0x00000000a1200000, 0x00000000a1200000, 0x00000000a1300000|  0%| F|  |TAMS 0x00000000a1200000, 0x00000000a1200000| Untracked 
| 531|0x00000000a1300000, 0x00000000a1300000, 0x00000000a1400000|  0%| F|  |TAMS 0x00000000a1300000, 0x00000000a1300000| Untracked 
| 532|0x00000000a1400000, 0x00000000a1400000, 0x00000000a1500000|  0%| F|  |TAMS 0x00000000a1400000, 0x00000000a1400000| Untracked 
| 533|0x00000000a1500000, 0x00000000a1500000, 0x00000000a1600000|  0%| F|  |TAMS 0x00000000a1500000, 0x00000000a1500000| Untracked 
| 534|0x00000000a1600000, 0x00000000a1600000, 0x00000000a1700000|  0%| F|  |TAMS 0x00000000a1600000, 0x00000000a1600000| Untracked 
| 535|0x00000000a1700000, 0x00000000a1700000, 0x00000000a1800000|  0%| F|  |TAMS 0x00000000a1700000, 0x00000000a1700000| Untracked 
| 536|0x00000000a1800000, 0x00000000a1800000, 0x00000000a1900000|  0%| F|  |TAMS 0x00000000a1800000, 0x00000000a1800000| Untracked 
| 537|0x00000000a1900000, 0x00000000a1900000, 0x00000000a1a00000|  0%| F|  |TAMS 0x00000000a1900000, 0x00000000a1900000| Untracked 
| 538|0x00000000a1a00000, 0x00000000a1a00000, 0x00000000a1b00000|  0%| F|  |TAMS 0x00000000a1a00000, 0x00000000a1a00000| Untracked 
| 539|0x00000000a1b00000, 0x00000000a1b00000, 0x00000000a1c00000|  0%| F|  |TAMS 0x00000000a1b00000, 0x00000000a1b00000| Untracked 
| 540|0x00000000a1c00000, 0x00000000a1c00000, 0x00000000a1d00000|  0%| F|  |TAMS 0x00000000a1c00000, 0x00000000a1c00000| Untracked 
| 541|0x00000000a1d00000, 0x00000000a1d00000, 0x00000000a1e00000|  0%| F|  |TAMS 0x00000000a1d00000, 0x00000000a1d00000| Untracked 
| 542|0x00000000a1e00000, 0x00000000a1e00000, 0x00000000a1f00000|  0%| F|  |TAMS 0x00000000a1e00000, 0x00000000a1e00000| Untracked 
| 543|0x00000000a1f00000, 0x00000000a1f00000, 0x00000000a2000000|  0%| F|  |TAMS 0x00000000a1f00000, 0x00000000a1f00000| Untracked 
| 544|0x00000000a2000000, 0x00000000a2000000, 0x00000000a2100000|  0%| F|  |TAMS 0x00000000a2000000, 0x00000000a2000000| Untracked 
| 545|0x00000000a2100000, 0x00000000a2100000, 0x00000000a2200000|  0%| F|  |TAMS 0x00000000a2100000, 0x00000000a2100000| Untracked 
| 546|0x00000000a2200000, 0x00000000a2200000, 0x00000000a2300000|  0%| F|  |TAMS 0x00000000a2200000, 0x00000000a2200000| Untracked 
| 547|0x00000000a2300000, 0x00000000a2300000, 0x00000000a2400000|  0%| F|  |TAMS 0x00000000a2300000, 0x00000000a2300000| Untracked 
| 548|0x00000000a2400000, 0x00000000a2400000, 0x00000000a2500000|  0%| F|  |TAMS 0x00000000a2400000, 0x00000000a2400000| Untracked 
| 549|0x00000000a2500000, 0x00000000a2500000, 0x00000000a2600000|  0%| F|  |TAMS 0x00000000a2500000, 0x00000000a2500000| Untracked 
| 550|0x00000000a2600000, 0x00000000a2600000, 0x00000000a2700000|  0%| F|  |TAMS 0x00000000a2600000, 0x00000000a2600000| Untracked 
| 551|0x00000000a2700000, 0x00000000a2700000, 0x00000000a2800000|  0%| F|  |TAMS 0x00000000a2700000, 0x00000000a2700000| Untracked 
| 552|0x00000000a2800000, 0x00000000a2800000, 0x00000000a2900000|  0%| F|  |TAMS 0x00000000a2800000, 0x00000000a2800000| Untracked 
| 553|0x00000000a2900000, 0x00000000a2900000, 0x00000000a2a00000|  0%| F|  |TAMS 0x00000000a2900000, 0x00000000a2900000| Untracked 
| 554|0x00000000a2a00000, 0x00000000a2a00000, 0x00000000a2b00000|  0%| F|  |TAMS 0x00000000a2a00000, 0x00000000a2a00000| Untracked 
| 555|0x00000000a2b00000, 0x00000000a2b00000, 0x00000000a2c00000|  0%| F|  |TAMS 0x00000000a2b00000, 0x00000000a2b00000| Untracked 
| 556|0x00000000a2c00000, 0x00000000a2c00000, 0x00000000a2d00000|  0%| F|  |TAMS 0x00000000a2c00000, 0x00000000a2c00000| Untracked 
| 557|0x00000000a2d00000, 0x00000000a2d00000, 0x00000000a2e00000|  0%| F|  |TAMS 0x00000000a2d00000, 0x00000000a2d00000| Untracked 
| 558|0x00000000a2e00000, 0x00000000a2e00000, 0x00000000a2f00000|  0%| F|  |TAMS 0x00000000a2e00000, 0x00000000a2e00000| Untracked 
| 559|0x00000000a2f00000, 0x00000000a2f00000, 0x00000000a3000000|  0%| F|  |TAMS 0x00000000a2f00000, 0x00000000a2f00000| Untracked 
| 560|0x00000000a3000000, 0x00000000a3000000, 0x00000000a3100000|  0%| F|  |TAMS 0x00000000a3000000, 0x00000000a3000000| Untracked 
| 561|0x00000000a3100000, 0x00000000a3100000, 0x00000000a3200000|  0%| F|  |TAMS 0x00000000a3100000, 0x00000000a3100000| Untracked 
| 562|0x00000000a3200000, 0x00000000a3200000, 0x00000000a3300000|  0%| F|  |TAMS 0x00000000a3200000, 0x00000000a3200000| Untracked 
| 563|0x00000000a3300000, 0x00000000a3300000, 0x00000000a3400000|  0%| F|  |TAMS 0x00000000a3300000, 0x00000000a3300000| Untracked 
| 564|0x00000000a3400000, 0x00000000a3400000, 0x00000000a3500000|  0%| F|  |TAMS 0x00000000a3400000, 0x00000000a3400000| Untracked 
| 565|0x00000000a3500000, 0x00000000a3500000, 0x00000000a3600000|  0%| F|  |TAMS 0x00000000a3500000, 0x00000000a3500000| Untracked 
| 566|0x00000000a3600000, 0x00000000a3600000, 0x00000000a3700000|  0%| F|  |TAMS 0x00000000a3600000, 0x00000000a3600000| Untracked 
| 567|0x00000000a3700000, 0x00000000a3700000, 0x00000000a3800000|  0%| F|  |TAMS 0x00000000a3700000, 0x00000000a3700000| Untracked 
| 568|0x00000000a3800000, 0x00000000a3800000, 0x00000000a3900000|  0%| F|  |TAMS 0x00000000a3800000, 0x00000000a3800000| Untracked 
| 569|0x00000000a3900000, 0x00000000a3900000, 0x00000000a3a00000|  0%| F|  |TAMS 0x00000000a3900000, 0x00000000a3900000| Untracked 
| 570|0x00000000a3a00000, 0x00000000a3a00000, 0x00000000a3b00000|  0%| F|  |TAMS 0x00000000a3a00000, 0x00000000a3a00000| Untracked 
| 571|0x00000000a3b00000, 0x00000000a3b00000, 0x00000000a3c00000|  0%| F|  |TAMS 0x00000000a3b00000, 0x00000000a3b00000| Untracked 
|2044|0x00000000ffc00000, 0x00000000ffd00000, 0x00000000ffd00000|100%| O|  |TAMS 0x00000000ffd00000, 0x00000000ffc00000| Untracked 
|2045|0x00000000ffd00000, 0x00000000ffe00000, 0x00000000ffe00000|100%| O|  |TAMS 0x00000000ffe00000, 0x00000000ffd00000| Untracked 
|2046|0x00000000ffe00000, 0x00000000fff00000, 0x00000000fff00000|100%| O|  |TAMS 0x00000000fff00000, 0x00000000ffe00000| Untracked 
|2047|0x00000000fff00000, 0x0000000100000000, 0x0000000100000000|100%| O|  |TAMS 0x0000000100000000, 0x00000000fff00000| Untracked 

Card table byte_map: [0x0000014ad0800000,0x0000014ad0c00000] _byte_map_base: 0x0000014ad0400000

Marking Bits (Prev, Next): (CMBitMap*) 0x0000014abdc47110, (CMBitMap*) 0x0000014abdc47150
 Prev Bits: [0x0000014ad1000000, 0x0000014ad3000000)
 Next Bits: [0x0000014ad3000000, 0x0000014ad5000000)

Polling page: 0x0000014abbb50000

Metaspace:

Usage:
  Non-class:    149.36 MB used.
      Class:     23.04 MB used.
       Both:    172.40 MB used.

Virtual space:
  Non-class space:      192.00 MB reserved,     149.81 MB ( 78%) committed,  3 nodes.
      Class space:        1.00 GB reserved,      23.50 MB (  2%) committed,  1 nodes.
             Both:        1.19 GB reserved,     173.31 MB ( 14%) committed. 

Chunk freelists:
   Non-Class:  9.81 MB
       Class:  8.52 MB
        Both:  18.33 MB

MaxMetaspaceSize: unlimited
CompressedClassSpaceSize: 1.00 GB
Initial GC threshold: 21.00 MB
Current GC threshold: 288.56 MB
CDS: off
MetaspaceReclaimPolicy: balanced
 - commit_granule_bytes: 65536.
 - commit_granule_words: 8192.
 - virtual_space_node_default_size: 8388608.
 - enlarge_chunks_in_place: 1.
 - new_chunks_are_fully_committed: 0.
 - uncommit_free_chunks: 1.
 - use_allocation_guard: 0.
 - handle_deallocations: 1.


Internal statistics:

num_allocs_failed_limit: 18.
num_arena_births: 1672.
num_arena_deaths: 18.
num_vsnodes_births: 4.
num_vsnodes_deaths: 0.
num_space_committed: 2772.
num_space_uncommitted: 0.
num_chunks_returned_to_freelist: 43.
num_chunks_taken_from_freelist: 8554.
num_chunk_merges: 28.
num_chunk_splits: 5919.
num_chunks_enlarged: 4219.
num_inconsistent_stats: 0.

CodeHeap 'non-profiled nmethods': size=120000Kb used=12642Kb max_used=12642Kb free=107357Kb
 bounds [0x0000014ac8ba0000, 0x0000014ac9800000, 0x0000014ad00d0000]
CodeHeap 'profiled nmethods': size=120000Kb used=36270Kb max_used=36270Kb free=83730Kb
 bounds [0x0000014ac10d0000, 0x0000014ac3440000, 0x0000014ac8600000]
CodeHeap 'non-nmethods': size=5760Kb used=2483Kb max_used=2537Kb free=3277Kb
 bounds [0x0000014ac8600000, 0x0000014ac88a0000, 0x0000014ac8ba0000]
 total_blobs=19167 nmethods=18134 adapters=944
 compilation: enabled
              stopped_count=0, restarted_count=0
 full_count=0

Compilation events (20 events):
Event: 270.624 Thread 0x0000014adc1a24f0 22287       4       java.util.TreeMap$EntrySet::iterator (19 bytes)
Event: 270.629 Thread 0x0000014adc00dc90 nmethod 22288 0x0000014ac3436190 code [0x0000014ac34367c0, 0x0000014ac343a2c8]
Event: 270.629 Thread 0x0000014adc00dc90 22290       3       org.apache.xerces.xni.XMLString::<init> (5 bytes)
Event: 270.629 Thread 0x0000014adc00dc90 nmethod 22290 0x0000014ac343b710 code [0x0000014ac343b8a0, 0x0000014ac343b9f8]
Event: 270.630 Thread 0x0000014adc00dc90 22289       3       java.lang.CompoundEnumeration::hasMoreElements (5 bytes)
Event: 270.630 Thread 0x0000014adc00dc90 nmethod 22289 0x0000014ac343ba90 code [0x0000014ac343bc20, 0x0000014ac343bd68]
Event: 270.634 Thread 0x0000014adc1a24f0 nmethod 22287 0x0000014ac97ee010 code [0x0000014ac97ee1a0, 0x0000014ac97ee558]
Event: 270.634 Thread 0x0000014adc1a24f0 22255       4       com.sun.tools.javac.code.Scope$ScopeImpl$1::<init> (54 bytes)
Event: 270.644 Thread 0x0000014adc1a24f0 nmethod 22255 0x0000014ac97ee690 code [0x0000014ac97ee820, 0x0000014ac97eed38]
Event: 270.644 Thread 0x0000014adc1a24f0 22256       4       com.sun.tools.javac.code.Scope$ScopeImpl::getSymbols (9 bytes)
Event: 270.647 Thread 0x0000014adc1a24f0 nmethod 22256 0x0000014ac97eee90 code [0x0000014ac97ef020, 0x0000014ac97ef118]
Event: 270.647 Thread 0x0000014adc1a24f0 22262   !   4       com.sun.tools.javac.comp.Resolve::loadClass (83 bytes)
Event: 270.652 Thread 0x0000014adc1a24f0 nmethod 22262 0x0000014ac97ef210 code [0x0000014ac97ef3c0, 0x0000014ac97ef5f8]
Event: 270.652 Thread 0x0000014adc1a24f0 22238       4       com.sun.tools.javac.comp.Resolve$$Lambda$1708/0x0000000100edefc0::loadClass (6 bytes)
Event: 270.653 Thread 0x0000014adc1a24f0 nmethod 22238 0x0000014ac97ef890 code [0x0000014ac97efa00, 0x0000014ac97efa78]
Event: 270.653 Thread 0x0000014adc1a24f0 22277       4       sun.reflect.generics.reflectiveObjects.ParameterizedTypeImpl::getRawType (5 bytes)
Event: 270.653 Thread 0x0000014adc1a24f0 nmethod 22277 0x0000014ac97efb90 code [0x0000014ac97efd00, 0x0000014ac97efd78]
Event: 270.653 Thread 0x0000014adc1a24f0 22272       4       com.sun.tools.javac.code.Symbol$CompletionFailure::resetDiagnostic (11 bytes)
Event: 270.656 Thread 0x0000014adc1a24f0 nmethod 22272 0x0000014ac97efe90 code [0x0000014ac97f0000, 0x0000014ac97f0198]
Event: 270.839 Thread 0x0000014adc00d390 nmethod 22235 0x0000014ac97f0210 code [0x0000014ac97f0720, 0x0000014ac97f6310]

GC Heap History (20 events):
Event: 239.920 GC heap after
{Heap after GC invocations=72 (full 0):
 garbage-first heap   total 589824K, used 422957K [0x0000000080000000, 0x0000000100000000)
  region size 1024K, 10 young (10240K), 10 survivors (10240K)
 Metaspace       used 161676K, committed 162624K, reserved 1245184K
  class space    used 21754K, committed 22272K, reserved 1048576K
}
Event: 249.875 GC heap before
{Heap before GC invocations=72 (full 0):
 garbage-first heap   total 589824K, used 496685K [0x0000000080000000, 0x0000000100000000)
  region size 1024K, 83 young (84992K), 10 survivors (10240K)
 Metaspace       used 161918K, committed 162944K, reserved 1245184K
  class space    used 21769K, committed 22272K, reserved 1048576K
}
Event: 249.966 GC heap after
{Heap after GC invocations=73 (full 0):
 garbage-first heap   total 589824K, used 429770K [0x0000000080000000, 0x0000000100000000)
  region size 1024K, 7 young (7168K), 7 survivors (7168K)
 Metaspace       used 161918K, committed 162944K, reserved 1245184K
  class space    used 21769K, committed 22272K, reserved 1048576K
}
Event: 255.391 GC heap before
{Heap before GC invocations=73 (full 0):
 garbage-first heap   total 589824K, used 506570K [0x0000000080000000, 0x0000000100000000)
  region size 1024K, 77 young (78848K), 7 survivors (7168K)
 Metaspace       used 162351K, committed 163328K, reserved 1245184K
  class space    used 21829K, committed 22336K, reserved 1048576K
}
Event: 255.412 GC heap after
{Heap after GC invocations=74 (full 0):
 garbage-first heap   total 589824K, used 439644K [0x0000000080000000, 0x0000000100000000)
  region size 1024K, 10 young (10240K), 10 survivors (10240K)
 Metaspace       used 162351K, committed 163328K, reserved 1245184K
  class space    used 21829K, committed 22336K, reserved 1048576K
}
Event: 261.427 GC heap before
{Heap before GC invocations=74 (full 0):
 garbage-first heap   total 589824K, used 508252K [0x0000000080000000, 0x0000000100000000)
  region size 1024K, 72 young (73728K), 10 survivors (10240K)
 Metaspace       used 169747K, committed 170752K, reserved 1245184K
  class space    used 22601K, committed 23104K, reserved 1048576K
}
Event: 261.439 GC heap after
{Heap after GC invocations=75 (full 0):
 garbage-first heap   total 589824K, used 453249K [0x0000000080000000, 0x0000000100000000)
  region size 1024K, 9 young (9216K), 9 survivors (9216K)
 Metaspace       used 169747K, committed 170752K, reserved 1245184K
  class space    used 22601K, committed 23104K, reserved 1048576K
}
Event: 261.877 GC heap before
{Heap before GC invocations=75 (full 0):
 garbage-first heap   total 589824K, used 507521K [0x0000000080000000, 0x0000000100000000)
  region size 1024K, 62 young (63488K), 9 survivors (9216K)
 Metaspace       used 170227K, committed 171200K, reserved 1245184K
  class space    used 22652K, committed 23104K, reserved 1048576K
}
Event: 261.966 GC heap after
{Heap after GC invocations=76 (full 0):
 garbage-first heap   total 589824K, used 502655K [0x0000000080000000, 0x0000000100000000)
  region size 1024K, 8 young (8192K), 8 survivors (8192K)
 Metaspace       used 170227K, committed 171200K, reserved 1245184K
  class space    used 22652K, committed 23104K, reserved 1048576K
}
Event: 263.320 GC heap before
{Heap before GC invocations=76 (full 0):
 garbage-first heap   total 589824K, used 523135K [0x0000000080000000, 0x0000000100000000)
  region size 1024K, 28 young (28672K), 8 survivors (8192K)
 Metaspace       used 172831K, committed 173888K, reserved 1245184K
  class space    used 23036K, committed 23552K, reserved 1048576K
}
Event: 263.364 GC heap after
{Heap after GC invocations=77 (full 0):
 garbage-first heap   total 589824K, used 508472K [0x0000000080000000, 0x0000000100000000)
  region size 1024K, 4 young (4096K), 4 survivors (4096K)
 Metaspace       used 172831K, committed 173888K, reserved 1245184K
  class space    used 23036K, committed 23552K, reserved 1048576K
}
Event: 264.546 GC heap before
{Heap before GC invocations=77 (full 0):
 garbage-first heap   total 589824K, used 533048K [0x0000000080000000, 0x0000000100000000)
  region size 1024K, 28 young (28672K), 4 survivors (4096K)
 Metaspace       used 175743K, committed 176768K, reserved 1245184K
  class space    used 23454K, committed 23936K, reserved 1048576K
}
Event: 264.569 GC heap after
{Heap after GC invocations=78 (full 0):
 garbage-first heap   total 589824K, used 510241K [0x0000000080000000, 0x0000000100000000)
  region size 1024K, 2 young (2048K), 2 survivors (2048K)
 Metaspace       used 175743K, committed 176768K, reserved 1245184K
  class space    used 23454K, committed 23936K, reserved 1048576K
}
Event: 269.081 GC heap before
{Heap before GC invocations=79 (full 0):
 garbage-first heap   total 589824K, used 350497K [0x0000000080000000, 0x0000000100000000)
  region size 1024K, 28 young (28672K), 2 survivors (2048K)
 Metaspace       used 176292K, committed 177280K, reserved 1245184K
  class space    used 23557K, committed 24064K, reserved 1048576K
}
Event: 269.120 GC heap after
{Heap after GC invocations=80 (full 0):
 garbage-first heap   total 589824K, used 334834K [0x0000000080000000, 0x0000000100000000)
  region size 1024K, 4 young (4096K), 4 survivors (4096K)
 Metaspace       used 176292K, committed 177280K, reserved 1245184K
  class space    used 23557K, committed 24064K, reserved 1048576K
}
Event: 269.223 GC heap before
{Heap before GC invocations=80 (full 0):
 garbage-first heap   total 589824K, used 359410K [0x0000000080000000, 0x0000000100000000)
  region size 1024K, 28 young (28672K), 4 survivors (4096K)
 Metaspace       used 176293K, committed 177280K, reserved 1245184K
  class space    used 23557K, committed 24064K, reserved 1048576K
}
Event: 269.334 GC heap after
{Heap after GC invocations=81 (full 0):
 garbage-first heap   total 589824K, used 306176K [0x0000000080000000, 0x0000000100000000)
  region size 1024K, 4 young (4096K), 4 survivors (4096K)
 Metaspace       used 176293K, committed 177280K, reserved 1245184K
  class space    used 23557K, committed 24064K, reserved 1048576K
}
Event: 269.515 GC heap before
{Heap before GC invocations=81 (full 0):
 garbage-first heap   total 589824K, used 330752K [0x0000000080000000, 0x0000000100000000)
  region size 1024K, 28 young (28672K), 4 survivors (4096K)
 Metaspace       used 176293K, committed 177280K, reserved 1245184K
  class space    used 23557K, committed 24064K, reserved 1048576K
}
Event: 269.581 GC heap after
{Heap after GC invocations=82 (full 0):
 garbage-first heap   total 589824K, used 317440K [0x0000000080000000, 0x0000000100000000)
  region size 1024K, 4 young (4096K), 4 survivors (4096K)
 Metaspace       used 176293K, committed 177280K, reserved 1245184K
  class space    used 23557K, committed 24064K, reserved 1048576K
}
Event: 270.854 GC heap before
{Heap before GC invocations=82 (full 0):
 garbage-first heap   total 589824K, used 412672K [0x0000000080000000, 0x0000000100000000)
  region size 1024K, 97 young (99328K), 4 survivors (4096K)
 Metaspace       used 176537K, committed 177472K, reserved 1245184K
  class space    used 23589K, committed 24064K, reserved 1048576K
}

Dll operation events (3 events):
Event: 0.021 Loaded shared library C:\Program Files\Android\Android Studio\jbr\bin\java.dll
Event: 0.215 Loaded shared library C:\Program Files\Android\Android Studio\jbr\bin\zip.dll
Event: 0.649 Loaded shared library C:\Program Files\Android\Android Studio\jbr\bin\verify.dll

Deoptimization events (20 events):
Event: 268.481 Thread 0x0000014ae213cd40 Uncommon trap: trap_request=0xffffff54 fr.pc=0x0000014ac96575cc relative=0x000000000000324c
Event: 268.481 Thread 0x0000014ae213cd40 Uncommon trap: reason=speculate_null_assert action=make_not_entrant pc=0x0000014ac96575cc method=java.lang.WeakPairMap.expungeStaleAssociations()V @ 12 c2
Event: 268.506 Thread 0x0000014ae213cd40 DEOPT PACKING pc=0x0000014ac96575cc sp=0x0000001e64cfc460
Event: 268.514 Thread 0x0000014ae213cd40 DEOPT UNPACKING pc=0x0000014ac86569a3 sp=0x0000001e64cfc218 mode 2
Event: 269.188 Thread 0x0000014ae213cd40 DEOPT PACKING pc=0x0000014ac32d4e12 sp=0x0000001e64cfc1c0
Event: 269.188 Thread 0x0000014ae213cd40 DEOPT UNPACKING pc=0x0000014ac8657143 sp=0x0000001e64cfb7a8 mode 0
Event: 269.410 Thread 0x0000014ae213cd40 Uncommon trap: trap_request=0xffffff45 fr.pc=0x0000014ac9752718 relative=0x0000000000003fd8
Event: 269.410 Thread 0x0000014ae213cd40 Uncommon trap: reason=unstable_if action=reinterpret pc=0x0000014ac9752718 method=android.databinding.tool.reflection.SdkUtil$ApiChecker.buildFullLookup()V @ 49 c2
Event: 269.411 Thread 0x0000014ae213cd40 DEOPT PACKING pc=0x0000014ac9752718 sp=0x0000001e64cfc2d0
Event: 269.411 Thread 0x0000014ae213cd40 DEOPT UNPACKING pc=0x0000014ac86569a3 sp=0x0000001e64cfc2a8 mode 2
Event: 269.658 Thread 0x0000014ae213cd40 Uncommon trap: trap_request=0xffffffde fr.pc=0x0000014ac91d3b70 relative=0x00000000000003f0
Event: 269.658 Thread 0x0000014ae213cd40 Uncommon trap: reason=class_check action=maybe_recompile pc=0x0000014ac91d3b70 method=java.util.stream.AbstractPipeline.sourceSpliterator(I)Ljava/util/Spliterator; @ 48 c2
Event: 269.658 Thread 0x0000014ae213cd40 DEOPT PACKING pc=0x0000014ac91d3b70 sp=0x0000001e64cfb4a0
Event: 269.658 Thread 0x0000014ae213cd40 DEOPT UNPACKING pc=0x0000014ac86569a3 sp=0x0000001e64cfb360 mode 2
Event: 269.764 Thread 0x0000014ae213cd40 Uncommon trap: trap_request=0xffffff45 fr.pc=0x0000014ac9487894 relative=0x0000000000000994
Event: 269.764 Thread 0x0000014ae213cd40 Uncommon trap: reason=unstable_if action=reinterpret pc=0x0000014ac9487894 method=com.sun.tools.javac.util.Iterators$CompoundIterator.hasNext()Z @ 4 c2
Event: 269.764 Thread 0x0000014ae213cd40 DEOPT PACKING pc=0x0000014ac9487894 sp=0x0000001e64cfc6f0
Event: 269.765 Thread 0x0000014ae213cd40 DEOPT UNPACKING pc=0x0000014ac86569a3 sp=0x0000001e64cfc6e0 mode 2
Event: 270.452 Thread 0x0000014ae213cd40 DEOPT PACKING pc=0x0000014ac32eb50c sp=0x0000001e64cfbee0
Event: 270.452 Thread 0x0000014ae213cd40 DEOPT UNPACKING pc=0x0000014ac8657143 sp=0x0000001e64cfb288 mode 0

Classes unloaded (9 events):
Event: 34.045 Thread 0x0000014ad7a5ac50 Unloading class 0x0000000100e25000 'java/lang/invoke/LambdaForm$DMH+0x0000000100e25000'
Event: 34.045 Thread 0x0000014ad7a5ac50 Unloading class 0x0000000100e25400 'java/lang/invoke/LambdaForm$DMH+0x0000000100e25400'
Event: 34.045 Thread 0x0000014ad7a5ac50 Unloading class 0x0000000100e25800 'java/lang/invoke/LambdaForm$DMH+0x0000000100e25800'
Event: 34.045 Thread 0x0000014ad7a5ac50 Unloading class 0x0000000100e24c00 'java/lang/invoke/LambdaForm$DMH+0x0000000100e24c00'
Event: 34.045 Thread 0x0000014ad7a5ac50 Unloading class 0x0000000100e24800 'java/lang/invoke/LambdaForm$DMH+0x0000000100e24800'
Event: 34.045 Thread 0x0000014ad7a5ac50 Unloading class 0x0000000100e24000 'java/lang/invoke/LambdaForm$DMH+0x0000000100e24000'
Event: 264.961 Thread 0x0000014ad7a5ac50 Unloading class 0x0000000101312400 'jdk/internal/reflect/GeneratedSerializationConstructorAccessor177'
Event: 264.962 Thread 0x0000014ad7a5ac50 Unloading class 0x0000000101311c00 'jdk/internal/reflect/GeneratedSerializationConstructorAccessor175'
Event: 264.962 Thread 0x0000014ad7a5ac50 Unloading class 0x0000000101312000 'jdk/internal/reflect/GeneratedSerializationConstructorAccessor176'

Classes redefined (0 events):
No events

Internal exceptions (20 events):
Event: 268.456 Thread 0x0000014ae213cd40 Exception <a 'sun/nio/fs/WindowsException'{0x00000000a2d160f0}> (0x00000000a2d160f0) 
thrown [s\src\hotspot\share\prims\jni.cpp, line 517]
Event: 268.456 Thread 0x0000014ae213cd40 Exception <a 'sun/nio/fs/WindowsException'{0x00000000a2d163e0}> (0x00000000a2d163e0) 
thrown [s\src\hotspot\share\prims\jni.cpp, line 517]
Event: 268.457 Thread 0x0000014ae213cd40 Exception <a 'sun/nio/fs/WindowsException'{0x00000000a2d177b8}> (0x00000000a2d177b8) 
thrown [s\src\hotspot\share\prims\jni.cpp, line 517]
Event: 268.457 Thread 0x0000014ae213cd40 Exception <a 'sun/nio/fs/WindowsException'{0x00000000a2d17a70}> (0x00000000a2d17a70) 
thrown [s\src\hotspot\share\prims\jni.cpp, line 517]
Event: 268.531 Thread 0x0000014ae213cd40 Exception <a 'sun/nio/fs/WindowsException'{0x00000000a2c1b4a8}> (0x00000000a2c1b4a8) 
thrown [s\src\hotspot\share\prims\jni.cpp, line 517]
Event: 268.531 Thread 0x0000014ae213cd40 Exception <a 'sun/nio/fs/WindowsException'{0x00000000a2c1b798}> (0x00000000a2c1b798) 
thrown [s\src\hotspot\share\prims\jni.cpp, line 517]
Event: 268.531 Thread 0x0000014ae213cd40 Exception <a 'sun/nio/fs/WindowsException'{0x00000000a2c1d130}> (0x00000000a2c1d130) 
thrown [s\src\hotspot\share\prims\jni.cpp, line 517]
Event: 268.531 Thread 0x0000014ae213cd40 Exception <a 'sun/nio/fs/WindowsException'{0x00000000a2c1d450}> (0x00000000a2c1d450) 
thrown [s\src\hotspot\share\prims\jni.cpp, line 517]
Event: 268.532 Thread 0x0000014ae213cd40 Exception <a 'sun/nio/fs/WindowsException'{0x00000000a2c1eda8}> (0x00000000a2c1eda8) 
thrown [s\src\hotspot\share\prims\jni.cpp, line 517]
Event: 268.532 Thread 0x0000014ae213cd40 Exception <a 'sun/nio/fs/WindowsException'{0x00000000a2c1f090}> (0x00000000a2c1f090) 
thrown [s\src\hotspot\share\prims\jni.cpp, line 517]
Event: 268.542 Thread 0x0000014ae213cd40 Exception <a 'sun/nio/fs/WindowsException'{0x00000000a2c5dec0}> (0x00000000a2c5dec0) 
thrown [s\src\hotspot\share\prims\jni.cpp, line 517]
Event: 268.542 Thread 0x0000014ae213cd40 Exception <a 'sun/nio/fs/WindowsException'{0x00000000a2c5e970}> (0x00000000a2c5e970) 
thrown [s\src\hotspot\share\prims\jni.cpp, line 517]
Event: 268.569 Thread 0x0000014ae213cd40 Exception <a 'sun/nio/fs/WindowsException'{0x00000000a2cbf000}> (0x00000000a2cbf000) 
thrown [s\src\hotspot\share\prims\jni.cpp, line 517]
Event: 268.569 Thread 0x0000014ae213cd40 Exception <a 'sun/nio/fs/WindowsException'{0x00000000a2cbfbc8}> (0x00000000a2cbfbc8) 
thrown [s\src\hotspot\share\prims\jni.cpp, line 517]
Event: 269.744 Thread 0x0000014ae213cd40 Exception <a 'sun/nio/fs/WindowsException'{0x00000000a3626e10}> (0x00000000a3626e10) 
thrown [s\src\hotspot\share\prims\jni.cpp, line 517]
Event: 269.745 Thread 0x0000014ae213cd40 Exception <a 'sun/nio/fs/WindowsException'{0x00000000a36278a8}> (0x00000000a36278a8) 
thrown [s\src\hotspot\share\prims\jni.cpp, line 517]
Event: 269.776 Thread 0x0000014ae213cd40 Exception <a 'sun/nio/fs/WindowsException'{0x00000000a3432408}> (0x00000000a3432408) 
thrown [s\src\hotspot\share\prims\jni.cpp, line 517]
Event: 269.776 Thread 0x0000014ae213cd40 Exception <a 'sun/nio/fs/WindowsException'{0x00000000a34326b8}> (0x00000000a34326b8) 
thrown [s\src\hotspot\share\prims\jni.cpp, line 517]
Event: 270.551 Thread 0x0000014ae213cd40 Exception <a 'sun/nio/fs/WindowsException'{0x000000009f1ef888}> (0x000000009f1ef888) 
thrown [s\src\hotspot\share\prims\jni.cpp, line 517]
Event: 270.551 Thread 0x0000014ae213cd40 Exception <a 'sun/nio/fs/WindowsException'{0x000000009f1efb38}> (0x000000009f1efb38) 
thrown [s\src\hotspot\share\prims\jni.cpp, line 517]

VM Operations (20 events):
Event: 264.131 Executing VM operation: HandshakeAllThreads done
Event: 264.236 Executing VM operation: HandshakeAllThreads
Event: 264.237 Executing VM operation: HandshakeAllThreads done
Event: 264.544 Executing VM operation: G1CollectForAllocation
Event: 264.570 Executing VM operation: G1CollectForAllocation done
Event: 264.718 Executing VM operation: HandshakeAllThreads
Event: 264.718 Executing VM operation: HandshakeAllThreads done
Event: 264.951 Executing VM operation: G1Concurrent
Event: 266.528 Executing VM operation: G1Concurrent done
Event: 268.234 Executing VM operation: G1Concurrent
Event: 268.336 Executing VM operation: G1Concurrent done
Event: 268.506 Executing VM operation: HandshakeAllThreads
Event: 268.524 Executing VM operation: HandshakeAllThreads done
Event: 269.081 Executing VM operation: G1CollectForAllocation
Event: 269.120 Executing VM operation: G1CollectForAllocation done
Event: 269.223 Executing VM operation: G1CollectForAllocation
Event: 269.335 Executing VM operation: G1CollectForAllocation done
Event: 269.515 Executing VM operation: G1CollectForAllocation
Event: 269.584 Executing VM operation: G1CollectForAllocation done
Event: 270.853 Executing VM operation: G1CollectForAllocation

Events (20 events):
Event: 240.480 Thread 0x0000014ae918d0f0 Thread added: 0x0000014ae918d0f0
Event: 240.480 Thread 0x0000014ae9189c00 Thread added: 0x0000014ae9189c00
Event: 240.480 Thread 0x0000014ae918a5a0 Thread added: 0x0000014ae918a5a0
Event: 240.482 Thread 0x0000014ae918aa70 Thread added: 0x0000014ae918aa70
Event: 240.483 Thread 0x0000014ae918cc20 Thread added: 0x0000014ae918cc20
Event: 240.637 Thread 0x0000014ae213e080 Thread added: 0x0000014ae213e080
Event: 240.638 Thread 0x0000014ae213f3c0 Thread added: 0x0000014ae213f3c0
Event: 240.681 Thread 0x0000014ae213c3a0 Thread added: 0x0000014ae213c3a0
Event: 240.682 Thread 0x0000014ae213c870 Thread added: 0x0000014ae213c870
Event: 241.510 Thread 0x0000014ae213cd40 Thread added: 0x0000014ae213cd40
Event: 241.605 Thread 0x0000014ae2dcc460 Thread added: 0x0000014ae2dcc460
Event: 241.606 Thread 0x0000014ae2dcc930 Thread added: 0x0000014ae2dcc930
Event: 241.607 Thread 0x0000014ae2dcd2d0 Thread added: 0x0000014ae2dcd2d0
Event: 241.607 Thread 0x0000014ae2dcd7a0 Thread added: 0x0000014ae2dcd7a0
Event: 241.699 Thread 0x0000014ae2c29a00 Thread added: 0x0000014ae2c29a00
Event: 241.945 Thread 0x0000014ae918bdb0 Thread added: 0x0000014ae918bdb0
Event: 249.969 Thread 0x0000014ae2c29a00 Thread exited: 0x0000014ae2c29a00
Event: 250.566 Thread 0x0000014ae1470ed0 Thread added: 0x0000014ae1470ed0
Event: 268.735 Thread 0x0000014adc047c10 flushing nmethod 0x0000014ac1aef490
Event: 268.975 Thread 0x0000014adc1a24f0 Thread added: 0x0000014adc1a24f0


Dynamic libraries:
0x00007ff6075d0000 - 0x00007ff6075da000 	C:\Program Files\Android\Android Studio\jbr\bin\java.exe
0x00007fff86a50000 - 0x00007fff86c48000 	C:\WINDOWS\SYSTEM32\ntdll.dll
0x00007fff86810000 - 0x00007fff868cd000 	C:\WINDOWS\System32\KERNEL32.DLL
0x00007fff84160000 - 0x00007fff84456000 	C:\WINDOWS\System32\KERNELBASE.dll
0x00007fff848a0000 - 0x00007fff849a0000 	C:\WINDOWS\System32\ucrtbase.dll
0x00007fff72550000 - 0x00007fff7256b000 	C:\Program Files\Android\Android Studio\jbr\bin\VCRUNTIME140.dll
0x00007fff772e0000 - 0x00007fff772f7000 	C:\Program Files\Android\Android Studio\jbr\bin\jli.dll
0x00007fff861c0000 - 0x00007fff8635e000 	C:\WINDOWS\System32\USER32.dll
0x00007fff6ea10000 - 0x00007fff6ecaa000 	C:\WINDOWS\WinSxS\amd64_microsoft.windows.common-controls_6595b64144ccf1df_6.0.19041.1110_none_60b5254171f9507e\COMCTL32.dll
0x00007fff84a30000 - 0x00007fff84a52000 	C:\WINDOWS\System32\win32u.dll
0x00007fff86360000 - 0x00007fff863fe000 	C:\WINDOWS\System32\msvcrt.dll
0x00007fff868d0000 - 0x00007fff868fc000 	C:\WINDOWS\System32\GDI32.dll
0x00007fff84570000 - 0x00007fff8468a000 	C:\WINDOWS\System32\gdi32full.dll
0x00007fff844d0000 - 0x00007fff8456d000 	C:\WINDOWS\System32\msvcp_win.dll
0x00007fff84b60000 - 0x00007fff84b90000 	C:\WINDOWS\System32\IMM32.DLL
0x00007fff744a0000 - 0x00007fff744ac000 	C:\Program Files\Android\Android Studio\jbr\bin\vcruntime140_1.dll
0x00007fff51190000 - 0x00007fff5121d000 	C:\Program Files\Android\Android Studio\jbr\bin\msvcp140.dll
0x00007fff4b2f0000 - 0x00007fff4bf70000 	C:\Program Files\Android\Android Studio\jbr\bin\server\jvm.dll
0x00007fff84fe0000 - 0x00007fff8508e000 	C:\WINDOWS\System32\ADVAPI32.dll
0x00007fff86100000 - 0x00007fff8619c000 	C:\WINDOWS\System32\sechost.dll
0x00007fff850b0000 - 0x00007fff851d6000 	C:\WINDOWS\System32\RPCRT4.dll
0x00007fff11510000 - 0x00007fff11519000 	C:\WINDOWS\SYSTEM32\WSOCK32.dll
0x00007fff79c70000 - 0x00007fff79c97000 	C:\WINDOWS\SYSTEM32\WINMM.dll
0x00007fff86090000 - 0x00007fff860fb000 	C:\WINDOWS\System32\WS2_32.dll
0x00007fff7a820000 - 0x00007fff7a82a000 	C:\WINDOWS\SYSTEM32\VERSION.dll
0x00007fff81fc0000 - 0x00007fff81fd2000 	C:\WINDOWS\SYSTEM32\kernel.appcore.dll
0x00007fff7fb90000 - 0x00007fff7fb9a000 	C:\Program Files\Android\Android Studio\jbr\bin\jimage.dll
0x00007fff70990000 - 0x00007fff70b74000 	C:\WINDOWS\SYSTEM32\DBGHELP.DLL
0x00007fff6fc90000 - 0x00007fff6fcc4000 	C:\WINDOWS\SYSTEM32\dbgcore.DLL
0x00007fff849a0000 - 0x00007fff84a22000 	C:\WINDOWS\System32\bcryptPrimitives.dll
0x00007fff77590000 - 0x00007fff7759e000 	C:\Program Files\Android\Android Studio\jbr\bin\instrument.dll
0x00007fff7fb60000 - 0x00007fff7fb85000 	C:\Program Files\Android\Android Studio\jbr\bin\java.dll
0x00007fff7fb00000 - 0x00007fff7fb18000 	C:\Program Files\Android\Android Studio\jbr\bin\zip.dll
0x00007fff852b0000 - 0x00007fff859f5000 	C:\WINDOWS\System32\SHELL32.dll
0x00007fff821c0000 - 0x00007fff8295b000 	C:\WINDOWS\SYSTEM32\windows.storage.dll
0x00007fff84bf0000 - 0x00007fff84f44000 	C:\WINDOWS\System32\combase.dll
0x00007fff83aa0000 - 0x00007fff83ace000 	C:\WINDOWS\SYSTEM32\Wldp.dll
0x00007fff84ab0000 - 0x00007fff84b5d000 	C:\WINDOWS\System32\SHCORE.dll
0x00007fff86680000 - 0x00007fff866d5000 	C:\WINDOWS\System32\shlwapi.dll
0x00007fff84060000 - 0x00007fff84085000 	C:\WINDOWS\SYSTEM32\profapi.dll
0x00007fff7faa0000 - 0x00007fff7fab9000 	C:\Program Files\Android\Android Studio\jbr\bin\net.dll
0x00007fff79ca0000 - 0x00007fff79daa000 	C:\WINDOWS\SYSTEM32\WINHTTP.dll
0x00007fff83800000 - 0x00007fff8386a000 	C:\WINDOWS\system32\mswsock.dll
0x00007fff7fa80000 - 0x00007fff7fa96000 	C:\Program Files\Android\Android Studio\jbr\bin\nio.dll
0x00007fff7efe0000 - 0x00007fff7eff0000 	C:\Program Files\Android\Android Studio\jbr\bin\verify.dll
0x00007fff7fbc0000 - 0x00007fff7fbe7000 	C:\Users\james\.gradle\native\68d5fa5c4cc2d200863cafc0d521ce42e7d3e7ee720ec0a83991735586a16f82\windows-amd64\native-platform.dll
0x00007fff730e0000 - 0x00007fff73224000 	C:\Users\james\.gradle\native\e376f236ea51e6404a007f0833ffe2c6e607c4080706a723a18a27aeea778392\windows-amd64\native-platform-file-events.dll
0x00007fff775c0000 - 0x00007fff775c9000 	C:\Program Files\Android\Android Studio\jbr\bin\management.dll
0x00007fff775a0000 - 0x00007fff775ab000 	C:\Program Files\Android\Android Studio\jbr\bin\management_ext.dll
0x00007fff861a0000 - 0x00007fff861a8000 	C:\WINDOWS\System32\PSAPI.DLL
0x00007fff83a00000 - 0x00007fff83a18000 	C:\WINDOWS\SYSTEM32\CRYPTSP.dll
0x00007fff83110000 - 0x00007fff83144000 	C:\WINDOWS\system32\rsaenh.dll
0x00007fff84130000 - 0x00007fff84157000 	C:\WINDOWS\System32\bcrypt.dll
0x00007fff84020000 - 0x00007fff8404e000 	C:\WINDOWS\SYSTEM32\USERENV.dll
0x00007fff839f0000 - 0x00007fff839fc000 	C:\WINDOWS\SYSTEM32\CRYPTBASE.dll
0x00007fff834f0000 - 0x00007fff8352b000 	C:\WINDOWS\SYSTEM32\IPHLPAPI.DLL
0x00007fff861b0000 - 0x00007fff861b8000 	C:\WINDOWS\System32\NSI.dll
0x00007fff7a9a0000 - 0x00007fff7a9b7000 	C:\WINDOWS\SYSTEM32\dhcpcsvc6.DLL
0x00007fff7b5e0000 - 0x00007fff7b5fd000 	C:\WINDOWS\SYSTEM32\dhcpcsvc.DLL
0x00007fff83530000 - 0x00007fff835fa000 	C:\WINDOWS\SYSTEM32\DNSAPI.dll
0x00007fff7faf0000 - 0x00007fff7faf7000 	C:\WINDOWS\system32\wshunix.dll
0x00007fff0c930000 - 0x00007fff0c947000 	C:\WINDOWS\system32\napinsp.dll
0x00007fff0c910000 - 0x00007fff0c92b000 	C:\WINDOWS\system32\pnrpnsp.dll
0x00007fff7f010000 - 0x00007fff7f025000 	C:\WINDOWS\system32\wshbth.dll
0x00007fff7fa40000 - 0x00007fff7fa5d000 	C:\WINDOWS\system32\NLAapi.dll
0x00007fff0c8f0000 - 0x00007fff0c902000 	C:\WINDOWS\System32\winrnr.dll
0x00007fff73d20000 - 0x00007fff73d2a000 	C:\Windows\System32\rasadhlp.dll
0x00007fff73d40000 - 0x00007fff73dc2000 	C:\WINDOWS\System32\fwpuclnt.dll
0x00007fff649d0000 - 0x00007fff64ab9000 	C:\Users\james\AppData\Local\Temp\sqlite-3.41.2.2-d08e0962-03c2-4764-996c-6394baceb976-sqlitejdbc.dll
0x00007fff708c0000 - 0x00007fff708c7000 	C:\Program Files\Android\Android Studio\jbr\bin\rmi.dll
0x00007fff83230000 - 0x00007fff83263000 	C:\WINDOWS\SYSTEM32\ntmarta.dll

dbghelp: loaded successfully - version: 4.0.5 - missing functions: none
symbol engine: initialized successfully - sym options: 0x614 - pdb path: .;C:\Program Files\Android\Android Studio\jbr\bin;C:\WINDOWS\SYSTEM32;C:\WINDOWS\WinSxS\amd64_microsoft.windows.common-controls_6595b64144ccf1df_6.0.19041.1110_none_60b5254171f9507e;C:\Program Files\Android\Android Studio\jbr\bin\server;C:\Users\james\.gradle\native\68d5fa5c4cc2d200863cafc0d521ce42e7d3e7ee720ec0a83991735586a16f82\windows-amd64;C:\Users\james\.gradle\native\e376f236ea51e6404a007f0833ffe2c6e607c4080706a723a18a27aeea778392\windows-amd64;C:\Users\james\AppData\Local\Temp

VM Arguments:
jvm_args: --add-opens=java.base/java.util=ALL-UNNAMED --add-opens=java.base/java.lang=ALL-UNNAMED --add-opens=java.base/java.lang.invoke=ALL-UNNAMED --add-opens=java.prefs/java.util.prefs=ALL-UNNAMED --add-opens=java.base/java.nio.charset=ALL-UNNAMED --add-opens=java.base/java.net=ALL-UNNAMED --add-opens=java.base/java.util.concurrent.atomic=ALL-UNNAMED -Xmx2048m -Dfile.encoding=UTF-8 -Duser.country=TR -Duser.language=tr -Duser.variant -javaagent:C:\Users\james\.gradle\wrapper\dists\gradle-8.2-bin\bbg7u40eoinfdyxsxr3z4i7ta\gradle-8.2\lib\agents\gradle-instrumentation-agent-8.2.jar 
java_command: org.gradle.launcher.daemon.bootstrap.GradleDaemon 8.2
java_class_path (initial): C:\Users\james\.gradle\wrapper\dists\gradle-8.2-bin\bbg7u40eoinfdyxsxr3z4i7ta\gradle-8.2\lib\gradle-launcher-8.2.jar
Launcher Type: SUN_STANDARD

[Global flags]
     intx CICompilerCount                          = 4                                         {product} {ergonomic}
     uint ConcGCThreads                            = 2                                         {product} {ergonomic}
     uint G1ConcRefinementThreads                  = 8                                         {product} {ergonomic}
   size_t G1HeapRegionSize                         = 1048576                                   {product} {ergonomic}
    uintx GCDrainStackTargetSize                   = 64                                        {product} {ergonomic}
   size_t InitialHeapSize                          = 117440512                                 {product} {ergonomic}
   size_t MarkStackSize                            = 4194304                                   {product} {ergonomic}
   size_t MaxHeapSize                              = 2147483648                                {product} {command line}
   size_t MaxNewSize                               = 1287651328                                {product} {ergonomic}
   size_t MinHeapDeltaBytes                        = 1048576                                   {product} {ergonomic}
   size_t MinHeapSize                              = 8388608                                   {product} {ergonomic}
    uintx NonNMethodCodeHeapSize                   = 5839372                                {pd product} {ergonomic}
    uintx NonProfiledCodeHeapSize                  = 122909434                              {pd product} {ergonomic}
    uintx ProfiledCodeHeapSize                     = 122909434                              {pd product} {ergonomic}
    uintx ReservedCodeCacheSize                    = 251658240                              {pd product} {ergonomic}
     bool SegmentedCodeCache                       = true                                      {product} {ergonomic}
   size_t SoftMaxHeapSize                          = 2147483648                             {manageable} {ergonomic}
     bool UseCompressedClassPointers               = true                           {product lp64_product} {ergonomic}
     bool UseCompressedOops                        = true                           {product lp64_product} {ergonomic}
     bool UseG1GC                                  = true                                      {product} {ergonomic}
     bool UseLargePagesIndividualAllocation        = false                                  {pd product} {ergonomic}

Logging:
Log output configuration:
 #0: stdout all=warning uptime,level,tags
 #1: stderr all=off uptime,level,tags

Environment Variables:
PATH=C:\Program Files\Common Files\Oracle\Java\javapath;C:\WINDOWS\system32;C:\WINDOWS;C:\WINDOWS\System32\Wbem;C:\WINDOWS\System32\WindowsPowerShell\v1.0\;C:\WINDOWS\System32\OpenSSH\;C:\Program Files\Git\cmd;C:\Users\james\AppData\Local\Microsoft\WindowsApps
USERNAME=james
OS=Windows_NT
PROCESSOR_IDENTIFIER=AMD64 Family 23 Model 24 Stepping 1, AuthenticAMD
TMP=C:\Users\james\AppData\Local\Temp
TEMP=C:\Users\james\AppData\Local\Temp


JNI global refs:
JNI global refs: 27, weak refs: 10

JNI global refs memory usage: 843, weak refs: 841

OOME stack traces (most recent first):
Classloader memory used:
Loader org.gradle.internal.classloader.VisitableURLClassLoader$InstrumentingVisitableURLClassLoader: 5871K
Loader org.gradle.internal.classloader.VisitableURLClassLoader                         : 5153K
Loader java.net.URLClassLoader                                                         : 4912K
Loader bootstrap                                                                       : 3457K
Loader org.gradle.initialization.MixInLegacyTypesClassLoader                           : 1336K
Loader jdk.internal.loader.ClassLoaders$AppClassLoader                                 : 1040K
Loader jdk.internal.reflect.DelegatingClassLoader                                      : 165K
Loader jdk.internal.loader.ClassLoaders$PlatformClassLoader                            : 125K
Loader org.gradle.groovy.scripts.internal.DefaultScriptCompilationHandler$ScriptClassLoader: 3061B
Loader org.codehaus.groovy.runtime.callsite.CallSiteClassLoader                        : 802B
Loader sun.reflect.misc.MethodUtil                                                     : 373B

Classes loaded by more than one classloader:
Class Program                                                                         : loaded 5 times (x 70B)
Class kotlin.Metadata                                                                 : loaded 4 times (x 68B)
Class com.google.common.collect.AbstractMapBasedMultimap                              : loaded 4 times (x 137B)
Class com.google.common.collect.ImmutableMapEntry$NonTerminalImmutableMapEntry        : loaded 4 times (x 83B)
Class [Lcom.google.common.collect.ImmutableMapEntry;                                  : loaded 4 times (x 67B)
Class kotlin.collections.CollectionsKt__IteratorsJVMKt                                : loaded 4 times (x 69B)
Class com.google.common.collect.ImmutableMapEntrySet$RegularEntrySet                  : loaded 4 times (x 150B)
Class kotlin.sequences.FilteringSequence                                              : loaded 4 times (x 73B)
Class com.google.common.collect.ImmutableList$1                                       : loaded 4 times (x 95B)
Class kotlin.annotation.Target                                                        : loaded 4 times (x 68B)
Class kotlin.sequences.SequencesKt__SequencesKt                                       : loaded 4 times (x 69B)
Class com.google.common.collect.UnmodifiableListIterator                              : loaded 4 times (x 93B)
Class kotlin.sequences.SequencesKt__SequencesJVMKt                                    : loaded 4 times (x 69B)
Class kotlin.LazyKt                                                                   : loaded 4 times (x 69B)
Class com.google.common.collect.ImmutableSet$JdkBackedSetBuilderImpl                  : loaded 4 times (x 74B)
Class com.google.common.collect.ImmutableSet$RegularSetBuilderImpl                    : loaded 4 times (x 75B)
Class kotlin.NoWhenBranchMatchedException                                             : loaded 4 times (x 80B)
Class com.google.common.collect.Iterators$MergingIterator                             : loaded 4 times (x 79B)
Class kotlin.comparisons.ComparisonsKt___ComparisonsJvmKt                             : loaded 4 times (x 69B)
Class com.google.common.collect.AbstractIndexedListIterator                           : loaded 4 times (x 94B)
Class [Lcom.google.common.collect.ImmutableEntry;                                     : loaded 4 times (x 67B)
Class kotlin.collections.AbstractList                                                 : loaded 4 times (x 157B)
Class kotlin.collections.AbstractCollection                                           : loaded 4 times (x 115B)
Class kotlin.collections.EmptyMap                                                     : loaded 4 times (x 107B)
Class kotlin.collections.ArraysKt__ArraysJVMKt                                        : loaded 4 times (x 69B)
Class kotlin.text.StringsKt__StringBuilderKt                                          : loaded 4 times (x 69B)
Class kotlin.sequences.FilteringSequence$iterator$1                                   : loaded 4 times (x 77B)
Class com.google.common.collect.RegularImmutableMap                                   : loaded 4 times (x 119B)
Class com.google.common.collect.Maps                                                  : loaded 4 times (x 69B)
Class kotlin.collections.EmptyIterator                                                : loaded 4 times (x 87B)
Class kotlin.comparisons.ComparisonsKt__ComparisonsKt                                 : loaded 4 times (x 69B)
Class com.google.common.collect.Sets$ImprovedAbstractSet                              : loaded 4 times (x 133B)
Class kotlin.io.TextStreamsKt                                                         : loaded 4 times (x 69B)
Class com.google.common.collect.AbstractSetMultimap                                   : loaded 4 times (x 172B)
Class kotlin.sequences.SequencesKt                                                    : loaded 4 times (x 69B)
Class com.google.common.collect.ImmutableSet$CachingAsList                            : loaded 4 times (x 146B)
Class com.google.common.primitives.IntsMethodsForWeb                                  : loaded 4 times (x 69B)
Class com.google.common.collect.CollectPreconditions                                  : loaded 4 times (x 69B)
Class com.google.common.collect.RegularImmutableMap$KeySet                            : loaded 4 times (x 150B)
Class kotlin.annotation.Retention                                                     : loaded 4 times (x 68B)
Class com.google.common.collect.Maps$IteratorBasedAbstractMap$1                       : loaded 4 times (x 136B)
Class kotlin.collections.CollectionsKt__CollectionsJVMKt                              : loaded 4 times (x 69B)
Class kotlin.sequences.SequencesKt___SequencesKt                                      : loaded 4 times (x 69B)
Class com.google.common.collect.Multiset                                              : loaded 4 times (x 68B)
Class kotlin.collections.SetsKt__SetsJVMKt                                            : loaded 4 times (x 69B)
Class com.google.common.collect.TransformedIterator                                   : loaded 4 times (x 78B)
Class kotlin.collections.CollectionsKt__IterablesKt                                   : loaded 4 times (x 69B)
Class kotlin.collections.MapsKt___MapsJvmKt                                           : loaded 4 times (x 69B)
Class kotlin.enums.EnumEntriesList                                                    : loaded 4 times (x 183B)
Class com.google.common.collect.Iterators$9                                           : loaded 4 times (x 79B)
Class com.google.common.base.Function                                                 : loaded 4 times (x 68B)
Class [Lcom.google.common.collect.AbstractMapEntry;                                   : loaded 4 times (x 67B)
Class com.google.common.base.Preconditions                                            : loaded 4 times (x 69B)
Class kotlin.jvm.functions.Function0                                                  : loaded 4 times (x 68B)
Class com.google.common.base.Equivalence$Equals                                       : loaded 4 times (x 80B)
Class com.google.common.collect.SingletonImmutableList                                : loaded 4 times (x 167B)
Class com.google.common.collect.RegularImmutableList                                  : loaded 4 times (x 173B)
Class kotlin.ranges.IntRange$Companion                                                : loaded 4 times (x 69B)
Class com.google.common.base.Joiner                                                   : loaded 4 times (x 77B)
Class kotlin.jvm.functions.Function1                                                  : loaded 4 times (x 68B)
Class [Lcom.google.common.collect.AbstractIterator$State;                             : loaded 4 times (x 67B)
Class com.google.common.collect.Iterators$6                                           : loaded 4 times (x 79B)
Class kotlin.ranges.OpenEndRange                                                      : loaded 4 times (x 68B)
Class com.google.common.collect.Iterators$5                                           : loaded 4 times (x 80B)
Class kotlin.sequences.ConstrainedOnceSequence                                        : loaded 4 times (x 73B)
Class com.google.common.collect.Iterators$4                                           : loaded 4 times (x 80B)
Class com.google.common.collect.RegularImmutableMap$BucketOverflowException           : loaded 4 times (x 80B)
Class com.google.common.collect.AbstractIterator$1                                    : loaded 4 times (x 69B)
Class kotlin.collections.SetsKt__SetsKt                                               : loaded 4 times (x 69B)
Class com.google.common.collect.Iterators$1                                           : loaded 4 times (x 79B)
Class kotlin.ranges.IntRange                                                          : loaded 4 times (x 91B)
Class com.google.common.base.CharMatcher$IsEither                                     : loaded 4 times (x 109B)
Class com.google.common.base.CharMatcher$AnyOf                                        : loaded 4 times (x 110B)
Class com.google.common.base.Equivalence$Identity                                     : loaded 4 times (x 80B)
Class com.google.common.base.CharMatcher$Is                                           : loaded 4 times (x 109B)
Class kotlin.text.StringsKt___StringsJvmKt                                            : loaded 4 times (x 69B)
Class kotlin.collections.AbstractIterator                                             : loaded 4 times (x 81B)
Class com.google.common.collect.Maps$AbstractFilteredMap                              : loaded 4 times (x 125B)
Class kotlin.SynchronizedLazyImpl                                                     : loaded 4 times (x 74B)
Class com.google.common.collect.RegularImmutableAsList                                : loaded 4 times (x 177B)
Class com.google.common.base.Suppliers$NonSerializableMemoizingSupplier               : loaded 4 times (x 77B)
Class com.google.common.collect.PeekingIterator                                       : loaded 4 times (x 68B)
Class kotlin._Assertions                                                              : loaded 4 times (x 69B)
Class com.google.common.collect.ImmutableAsList                                       : loaded 4 times (x 169B)
Class kotlin.jvm.internal.Intrinsics                                                  : loaded 4 times (x 69B)
Class kotlin.ranges.ClosedRange                                                       : loaded 4 times (x 68B)
Class com.google.common.collect.Platform                                              : loaded 4 times (x 69B)
Class kotlin.KotlinNullPointerException                                               : loaded 4 times (x 81B)
Class com.google.common.collect.ImmutableList                                         : loaded 4 times (x 166B)
Class com.google.common.collect.ImmutableMapEntrySet                                  : loaded 4 times (x 150B)
Class kotlin.jvm.internal.FunctionReference                                           : loaded 4 times (x 120B)
Class com.google.common.collect.ImmutableEnumSet                                      : loaded 4 times (x 144B)
Class com.google.common.base.Absent                                                   : loaded 4 times (x 78B)
Class com.google.common.collect.Multimaps                                             : loaded 4 times (x 69B)
Class kotlin.io.NoSuchFileException                                                   : loaded 4 times (x 80B)
Class com.google.common.collect.ListMultimap                                          : loaded 4 times (x 68B)
Class com.google.common.collect.ObjectArrays                                          : loaded 4 times (x 69B)
Class kotlin.reflect.KAnnotatedElement                                                : loaded 4 times (x 68B)
Class kotlin.collections.AbstractList$Companion                                       : loaded 4 times (x 69B)
Class kotlin.text.CharsKt                                                             : loaded 4 times (x 69B)
Class kotlin.ranges.RangesKt___RangesKt                                               : loaded 4 times (x 69B)
Class kotlin.collections.CollectionsKt___CollectionsKt                                : loaded 4 times (x 69B)
Class kotlin.io.FileTreeWalk$WalkState                                                : loaded 4 times (x 71B)
Class com.google.common.collect.Maps$EntrySet                                         : loaded 4 times (x 134B)
Class kotlin.UNINITIALIZED_VALUE                                                      : loaded 4 times (x 69B)
Class com.google.common.collect.SingletonImmutableSet                                 : loaded 4 times (x 144B)
Class kotlin.io.FileTreeWalk$FileTreeWalkIterator$TopDownDirectoryState               : loaded 4 times (x 72B)
Class com.google.common.collect.ImmutableMap$Builder                                  : loaded 4 times (x 80B)
Class com.google.common.collect.AbstractMultimap                                      : loaded 4 times (x 121B)
Class kotlin.io.FileAlreadyExistsException                                            : loaded 4 times (x 80B)
Class kotlin.text.Charsets                                                            : loaded 4 times (x 69B)
Class kotlin.collections.EmptyList                                                    : loaded 4 times (x 134B)
Class kotlin.collections.CollectionsKt__MutableCollectionsJVMKt                       : loaded 4 times (x 69B)
Class kotlin.io.FilesKt__FilePathComponentsKt                                         : loaded 4 times (x 69B)
Class com.google.common.collect.ImmutableList$ReverseImmutableList                    : loaded 4 times (x 169B)
Class kotlin.enums.EnumEntries                                                        : loaded 4 times (x 68B)
Class kotlin.text.StringsKt__RegexExtensionsJVMKt                                     : loaded 4 times (x 69B)
Class kotlin.collections.SetsKt                                                       : loaded 4 times (x 69B)
Class kotlin.jvm.internal.FunctionBase                                                : loaded 4 times (x 68B)
Class kotlin.io.FileTreeWalk                                                          : loaded 4 times (x 73B)
Class kotlin.collections.MapWithDefault                                               : loaded 4 times (x 68B)
Class kotlin.Function                                                                 : loaded 4 times (x 68B)
Class com.google.common.collect.Iterators                                             : loaded 4 times (x 69B)
Class com.google.common.base.CharMatcher$1                                            : loaded 4 times (x 111B)
Class com.google.common.collect.ImmutableEnumMap                                      : loaded 4 times (x 124B)
Class com.google.common.base.CharMatcher$And                                          : loaded 4 times (x 110B)
Class kotlin.io.FilesKt__FileReadWriteKt                                              : loaded 4 times (x 69B)
Class com.google.common.collect.IndexedImmutableSet                                   : loaded 4 times (x 150B)
Class com.google.common.base.Ascii                                                    : loaded 4 times (x 69B)
Class kotlin.Pair                                                                     : loaded 4 times (x 70B)
Class com.google.common.collect.ImmutableBiMap$Builder                                : loaded 4 times (x 80B)
Class com.google.common.collect.RegularImmutableMap$Values                            : loaded 4 times (x 167B)
Class kotlin.jvm.internal.markers.KMappedMarker                                       : loaded 4 times (x 68B)
Class com.google.common.base.PairwiseEquivalence                                      : loaded 4 times (x 81B)
Class com.google.common.collect.AbstractListMultimap                                  : loaded 4 times (x 170B)
Class kotlin.io.CloseableKt                                                           : loaded 4 times (x 69B)
Class kotlin.ranges.RangesKt                                                          : loaded 4 times (x 69B)
Class com.google.common.collect.ArrayListMultimapGwtSerializationDependencies         : loaded 4 times (x 170B)
Class kotlin.Unit                                                                     : loaded 4 times (x 69B)
Class kotlin.text.StringsKt___StringsKt                                               : loaded 4 times (x 69B)
Class com.google.common.collect.ImmutableCollection                                   : loaded 4 times (x 123B)
Class kotlin.collections.CollectionsKt                                                : loaded 4 times (x 69B)
Class kotlin.collections.ArraysKt___ArraysJvmKt                                       : loaded 4 times (x 69B)
Class com.google.common.collect.Lists$StringAsImmutableList                           : loaded 4 times (x 167B)
Class com.google.common.collect.ImmutableEntry                                        : loaded 4 times (x 80B)
Class com.google.common.collect.ImmutableList$SubList                                 : loaded 4 times (x 169B)
Class kotlin.enums.EnumEntriesKt                                                      : loaded 4 times (x 69B)
Class kotlin.collections.CollectionsKt___CollectionsJvmKt                             : loaded 4 times (x 69B)
Class com.google.common.collect.ForwardingObject                                      : loaded 4 times (x 70B)
Class kotlin.ranges.RangesKt__RangesKt                                                : loaded 4 times (x 69B)
Class com.google.common.collect.Sets$4                                                : loaded 4 times (x 137B)
Class com.google.common.graph.SuccessorsFunction                                      : loaded 4 times (x 68B)
Class kotlin.text.StringsKt__StringNumberConversionsKt                                : loaded 4 times (x 69B)
Class com.google.common.collect.Sets$3                                                : loaded 4 times (x 137B)
Class kotlin.io.FileTreeWalk$DirectoryState                                           : loaded 4 times (x 71B)
Class kotlin.NotImplementedError                                                      : loaded 4 times (x 80B)
Class com.google.common.collect.Sets$2                                                : loaded 4 times (x 137B)
Class kotlin.sequences.SequencesKt__SequenceBuilderKt                                 : loaded 4 times (x 69B)
Class com.google.common.collect.RegularImmutableBiMap                                 : loaded 4 times (x 147B)
Class kotlin.collections.CollectionsKt__IteratorsKt                                   : loaded 4 times (x 69B)
Class com.google.common.collect.Sets$1                                                : loaded 4 times (x 137B)
Class kotlin.collections.AbstractIterator$WhenMappings                                : loaded 4 times (x 69B)
Class com.google.common.collect.Maps$BiMapConverter                                   : loaded 4 times (x 88B)
Class com.google.common.collect.AbstractIterator$State                                : loaded 4 times (x 77B)
Class kotlin.text.StringsKt__AppendableKt                                             : loaded 4 times (x 69B)
Class com.google.common.base.FunctionalEquivalence                                    : loaded 4 times (x 81B)
Class com.google.common.collect.ImmutableSet$SetBuilderImpl                           : loaded 4 times (x 74B)
Class com.google.common.collect.Multimap                                              : loaded 4 times (x 68B)
Class com.google.common.base.Optional                                                 : loaded 4 times (x 78B)
Class com.google.common.collect.ImmutableMap$1                                        : loaded 4 times (x 79B)
Class com.google.common.collect.MapDifference                                         : loaded 4 times (x 68B)
Class kotlin.collections.CollectionsKt__ReversedViewsKt                               : loaded 4 times (x 69B)
Class com.google.common.base.CharMatcher$Or                                           : loaded 4 times (x 110B)
Class kotlin.text.StringsKt__StringsKt                                                : loaded 4 times (x 69B)
Class kotlin.jvm.internal.CallableReference$NoReceiver                                : loaded 4 times (x 69B)
Class com.google.common.base.CharMatcher                                              : loaded 4 times (x 109B)
Class kotlin.comparisons.ComparisonsKt___ComparisonsKt                                : loaded 4 times (x 69B)
Class com.google.common.collect.Hashing                                               : loaded 4 times (x 69B)
Class com.google.common.collect.Iterables                                             : loaded 4 times (x 69B)
Class kotlin.collections.CollectionsKt__MutableCollectionsKt                          : loaded 4 times (x 69B)
Class kotlin.collections.MapsKt__MapsJVMKt                                            : loaded 4 times (x 69B)
Class kotlin.io.FileTreeWalk$FileTreeWalkIterator$WhenMappings                        : loaded 4 times (x 69B)
Class com.google.common.collect.UnmodifiableIterator                                  : loaded 4 times (x 78B)
Class com.google.common.base.CharMatcher$IsNot                                        : loaded 4 times (x 109B)
Class [Lkotlin.collections.State;                                                     : loaded 4 times (x 67B)
Class kotlin.io.FileTreeWalk$FileTreeWalkIterator                                     : loaded 4 times (x 81B)
Class com.google.common.collect.Maps$EntryTransformer                                 : loaded 4 times (x 68B)
Class com.google.common.collect.ImmutableCollection$Builder                           : loaded 4 times (x 74B)
Class kotlin.collections.ArraysKt___ArraysKt                                          : loaded 4 times (x 69B)
Class kotlin.text.StringsKt__StringNumberConversionsJVMKt                             : loaded 4 times (x 69B)
Class com.google.common.collect.Maps$IteratorBasedAbstractMap                         : loaded 4 times (x 123B)
Class com.google.common.collect.SingletonImmutableBiMap                               : loaded 4 times (x 141B)
Class kotlin.ranges.IntProgression$Companion                                          : loaded 4 times (x 69B)
Class kotlin.TuplesKt                                                                 : loaded 4 times (x 69B)
Class kotlin.text.CharsKt__CharJVMKt                                                  : loaded 4 times (x 69B)
Class com.google.common.base.Suppliers$MemoizingSupplier                              : loaded 4 times (x 77B)
Class kotlin.text.StringsKt__StringsJVMKt                                             : loaded 4 times (x 69B)
Class com.google.common.base.Suppliers                                                : loaded 4 times (x 69B)
Class com.google.common.collect.Collections2$FilteredCollection                       : loaded 4 times (x 117B)
Class com.google.common.collect.SetMultimap                                           : loaded 4 times (x 68B)
Class kotlin.text.StringsKt__IndentKt                                                 : loaded 4 times (x 69B)
Class kotlin.LazyKt__LazyJVMKt                                                        : loaded 4 times (x 69B)
Class com.google.common.collect.ArrayListMultimap                                     : loaded 4 times (x 170B)
Class kotlin.collections.MapsKt__MapWithDefaultKt                                     : loaded 4 times (x 69B)
Class kotlin.collections.SetsKt___SetsKt                                              : loaded 4 times (x 69B)
Class kotlin.text.StringsKt__StringBuilderJVMKt                                       : loaded 4 times (x 69B)
Class com.google.common.base.Present                                                  : loaded 4 times (x 79B)
Class com.google.common.base.CharMatcher$FastMatcher                                  : loaded 4 times (x 109B)
Class kotlin.collections.EmptySet                                                     : loaded 4 times (x 120B)
Class com.google.common.base.CharMatcher$NegatedFastMatcher                           : loaded 4 times (x 111B)
Class com.google.common.collect.Iterators$ArrayItr                                    : loaded 4 times (x 95B)
Class kotlin.text.StringsKt__RegexExtensionsKt                                        : loaded 4 times (x 69B)
Class kotlin.collections.MapsKt                                                       : loaded 4 times (x 69B)
Class kotlin.io.TerminateException                                                    : loaded 4 times (x 80B)
Class kotlin.LazyKt__LazyKt                                                           : loaded 4 times (x 69B)
Class kotlin.jvm.KotlinReflectionNotSupportedError                                    : loaded 4 times (x 80B)
Class com.google.common.base.Joiner$2                                                 : loaded 4 times (x 77B)
Class com.google.common.base.Joiner$1                                                 : loaded 4 times (x 78B)
Class com.google.common.math.IntMath                                                  : loaded 4 times (x 69B)
Class com.google.common.collect.AbstractIterator                                      : loaded 4 times (x 80B)
Class com.google.common.base.NullnessCasts                                            : loaded 4 times (x 69B)
Class kotlin.reflect.KFunction                                                        : loaded 4 times (x 68B)
Class com.google.common.collect.AbstractMapEntry                                      : loaded 4 times (x 79B)
Class kotlin.internal.ProgressionUtilKt                                               : loaded 4 times (x 69B)
Class com.google.common.math.MathPreconditions                                        : loaded 4 times (x 69B)
Class com.google.common.base.CharMatcher$Negated                                      : loaded 4 times (x 111B)
Class com.google.common.collect.ImmutableList$Builder                                 : loaded 4 times (x 75B)
Class [Lkotlin.Pair;                                                                  : loaded 4 times (x 67B)
Class kotlin.collections.State                                                        : loaded 4 times (x 77B)
Class com.google.common.collect.Maps$ViewCachingAbstractMap                           : loaded 4 times (x 123B)
Class com.google.common.collect.Sets                                                  : loaded 4 times (x 69B)
Class com.google.common.base.CharMatcher$BitSetMatcher                                : loaded 4 times (x 110B)
Class com.google.common.math.IntMath$1                                                : loaded 4 times (x 69B)
Class kotlin.io.FilesKt__UtilsKt                                                      : loaded 4 times (x 69B)
Class com.google.common.collect.ImmutableSet$Builder                                  : loaded 4 times (x 83B)
Class com.google.common.collect.Sets$FilteredSet                                      : loaded 4 times (x 135B)
Class com.google.common.collect.ImmutableMap$IteratorBasedImmutableMap                : loaded 4 times (x 124B)
Class com.google.common.base.CharMatcher$ForPredicate                                 : loaded 4 times (x 110B)
Class com.google.common.collect.BiMap                                                 : loaded 4 times (x 68B)
Class com.google.common.collect.Lists                                                 : loaded 4 times (x 69B)
Class com.google.common.collect.ImmutableMap$MapViewOfValuesAsSingletonSets           : loaded 4 times (x 124B)
Class com.google.common.collect.Sets$SetView                                          : loaded 4 times (x 136B)
Class com.google.common.collect.ImmutableMapEntry                                     : loaded 4 times (x 83B)
Class kotlin.ranges.IntProgression                                                    : loaded 4 times (x 79B)
Class com.google.common.collect.SortedMapDifference                                   : loaded 4 times (x 68B)
Class com.google.common.collect.Maps$KeySet                                           : loaded 4 times (x 135B)
Class kotlin.collections.ArraysUtilJVM                                                : loaded 4 times (x 69B)
Class com.google.common.base.CharMatcher$InRange                                      : loaded 4 times (x 109B)
Class com.google.common.collect.Maps$8                                                : loaded 4 times (x 80B)
Class com.google.common.collect.ImmutableMap                                          : loaded 4 times (x 118B)
Class com.google.common.collect.SortedSetMultimap                                     : loaded 4 times (x 68B)
Class kotlin.UninitializedPropertyAccessException                                     : loaded 4 times (x 80B)
Class com.google.common.base.Supplier                                                 : loaded 4 times (x 68B)
Class kotlin.reflect.KCallable                                                        : loaded 4 times (x 68B)
Class kotlin.io.FilesKt__FileTreeWalkKt                                               : loaded 4 times (x 69B)
Class com.google.common.collect.ImmutableBiMap                                        : loaded 4 times (x 141B)
Class kotlin.jvm.internal.CallableReference                                           : loaded 4 times (x 104B)
Class kotlin.jvm.internal.Lambda                                                      : loaded 4 times (x 73B)
Class com.google.common.collect.RegularImmutableSet                                   : loaded 4 times (x 147B)
Class kotlin.sequences.Sequence                                                       : loaded 4 times (x 68B)
Class com.google.common.base.Converter                                                : loaded 4 times (x 88B)
Class kotlin.text.StringsKt                                                           : loaded 4 times (x 69B)
Class com.google.common.base.Predicate                                                : loaded 4 times (x 68B)
Class com.google.common.collect.ImmutableSet                                          : loaded 4 times (x 143B)
Class com.google.common.base.CharMatcher$NamedFastMatcher                             : loaded 4 times (x 110B)
Class com.google.common.collect.ImmutableSet$EmptySetBuilderImpl                      : loaded 4 times (x 74B)
Class kotlin.Lazy                                                                     : loaded 4 times (x 68B)
Class kotlin.reflect.KDeclarationContainer                                            : loaded 4 times (x 68B)
Class kotlin.comparisons.ComparisonsKt                                                : loaded 4 times (x 69B)
Class kotlin.sequences.SequencesKt___SequencesJvmKt                                   : loaded 4 times (x 69B)
Class kotlin.collections.MapsKt__MapsKt                                               : loaded 4 times (x 69B)
Class kotlin.collections.ArraysKt                                                     : loaded 4 times (x 69B)
Class [Lkotlin.io.FileWalkDirection;                                                  : loaded 4 times (x 67B)
Class kotlin.io.FilesKt                                                               : loaded 4 times (x 69B)
Class kotlin.collections.ArraysKt__ArraysKt                                           : loaded 4 times (x 69B)
Class kotlin.text.CharsKt__CharKt                                                     : loaded 4 times (x 69B)
Class com.google.common.primitives.Ints                                               : loaded 4 times (x 69B)
Class kotlin.collections.CollectionsKt__CollectionsKt                                 : loaded 4 times (x 69B)
Class com.google.common.base.Equivalence                                              : loaded 4 times (x 80B)
Class kotlin.collections.MapsKt___MapsKt                                              : loaded 4 times (x 69B)
Class kotlin.io.FileSystemException                                                   : loaded 4 times (x 80B)
Class kotlin.io.FileWalkDirection                                                     : loaded 4 times (x 77B)
Class com.google.common.collect.MultimapBuilder$SortedSetMultimapBuilder              : loaded 3 times (x 75B)
Class com.sun.xml.bind.v2.model.annotation.XmlSchemaQuick                             : loaded 3 times (x 93B)
Class com.sun.xml.bind.api.Bridge                                                     : loaded 3 times (x 83B)
Class com.google.gson.FieldNamingPolicy$3                                             : loaded 3 times (x 81B)
Class com.google.gson.FieldNamingPolicy$2                                             : loaded 3 times (x 81B)
Class com.sun.xml.bind.v2.model.impl.MapPropertyInfoImpl                              : loaded 3 times (x 117B)
Class com.google.gson.FieldNamingPolicy$4                                             : loaded 3 times (x 81B)
Class kotlin.coroutines.jvm.internal.RestrictedSuspendLambda                          : loaded 3 times (x 89B)
Class com.sun.xml.bind.v2.model.annotation.XmlTransientQuick                          : loaded 3 times (x 88B)
Class com.google.gson.FieldNamingPolicy$5                                             : loaded 3 times (x 81B)
Class kotlin.sequences.TransformingSequence$iterator$1                                : loaded 3 times (x 77B)
Class com.sun.xml.bind.v2.model.runtime.RuntimeBuiltinLeafInfo                        : loaded 3 times (x 68B)
Class com.google.gson.JsonArray                                                       : loaded 3 times (x 98B)
Class com.google.gson.FieldNamingPolicy$1                                             : loaded 3 times (x 81B)
Class com.google.gson.stream.JsonReader$1                                             : loaded 3 times (x 70B)
Class com.google.gson.FieldNamingPolicy$6                                             : loaded 3 times (x 81B)
Class com.sun.xml.bind.v2.runtime.unmarshaller.XmlVisitor                             : loaded 3 times (x 68B)
Class [Lkotlin.reflect.jvm.internal.impl.builtins.functions.FunctionClassKind;        : loaded 3 times (x 67B)
Class com.sun.xml.bind.v2.model.impl.RuntimeBuiltinLeafInfoImpl$28                    : loaded 3 times (x 74B)
Class com.google.gson.FieldNamingPolicy$7                                             : loaded 3 times (x 81B)
Class javax.xml.bind.annotation.XmlElementWrapper                                     : loaded 3 times (x 68B)
Class com.sun.xml.bind.v2.model.impl.RuntimeBuiltinLeafInfoImpl$27                    : loaded 3 times (x 134B)
Class com.sun.xml.bind.v2.runtime.InternalBridge                                      : loaded 3 times (x 85B)
Class com.sun.xml.bind.v2.model.impl.RuntimeBuiltinLeafInfoImpl$26                    : loaded 3 times (x 134B)
Class kotlin.collections.builders.MapBuilder                                          : loaded 3 times (x 110B)
Class com.google.gson.JsonPrimitive                                                   : loaded 3 times (x 91B)
Class com.sun.xml.bind.v2.runtime.output.Pcdata                                       : loaded 3 times (x 86B)
Class com.sun.xml.bind.v2.model.impl.RuntimeBuiltinLeafInfoImpl$24                    : loaded 3 times (x 135B)
Class com.sun.istack.SAXException2                                                    : loaded 3 times (x 81B)
Class com.sun.xml.bind.v2.model.impl.RuntimeBuiltinLeafInfoImpl$23                    : loaded 3 times (x 134B)
Class com.google.gson.internal.bind.CollectionTypeAdapterFactory                      : loaded 3 times (x 73B)
Class com.sun.xml.bind.v2.model.impl.RuntimeBuiltinLeafInfoImpl$22                    : loaded 3 times (x 134B)
Class com.sun.xml.bind.v2.model.impl.RuntimeBuiltinLeafInfoImpl$21                    : loaded 3 times (x 134B)
Class com.sun.xml.bind.v2.model.impl.ElementPropertyInfoImpl$1                        : loaded 3 times (x 160B)
Class kotlin.collections.IndexingIterator                                             : loaded 3 times (x 77B)
Class com.sun.xml.bind.v2.model.impl.RuntimeBuiltinLeafInfoImpl$20                    : loaded 3 times (x 134B)
Class android.databinding.tool.processing.ScopedException                             : loaded 3 times (x 84B)
Class kotlin.jvm.internal.MutablePropertyReference                                    : loaded 3 times (x 117B)
Class javax.xml.bind.annotation.DomHandler                                            : loaded 3 times (x 68B)
Class com.google.gson.internal.ObjectConstructor                                      : loaded 3 times (x 68B)
Class com.google.common.collect.Maps$FilteredEntryMap$EntrySet                        : loaded 3 times (x 150B)
Class com.google.gson.ToNumberStrategy                                                : loaded 3 times (x 68B)
Class com.sun.xml.bind.v2.runtime.unmarshaller.LeafPropertyLoader                     : loaded 3 times (x 76B)
Class com.google.gson.internal.Primitives                                             : loaded 3 times (x 69B)
Class com.sun.xml.bind.v2.model.runtime.RuntimeLeafInfo                               : loaded 3 times (x 68B)
Class com.sun.xml.bind.v2.runtime.reflect.PrimitiveArrayListerByte                    : loaded 3 times (x 74B)
Class com.google.gson.internal.bind.MapTypeAdapterFactory$Adapter                     : loaded 3 times (x 72B)
Class kotlin.coroutines.jvm.internal.DebugProbesKt                                    : loaded 3 times (x 69B)
Class com.google.gson.Gson                                                            : loaded 3 times (x 70B)
Class com.sun.xml.bind.v2.runtime.unmarshaller.SAXConnector                           : loaded 3 times (x 99B)
Class kotlin.collections.IndexingIterable                                             : loaded 3 times (x 77B)
Class com.google.gson.stream.MalformedJsonException                                   : loaded 3 times (x 80B)
Class com.sun.xml.bind.v2.model.impl.ModelBuilder$1                                   : loaded 3 times (x 74B)
Class com.google.gson.stream.JsonReader                                               : loaded 3 times (x 95B)
Class com.sun.xml.bind.v2.model.annotation.SecureLoader                               : loaded 3 times (x 69B)
Class com.sun.xml.bind.api.AccessorException                                          : loaded 3 times (x 80B)
Class com.google.gson.internal.Excluder$1                                             : loaded 3 times (x 72B)
Class javax.xml.bind.PropertyException                                                : loaded 3 times (x 83B)
Class com.google.gson.internal.bind.TypeAdapterRuntimeTypeWrapper                     : loaded 3 times (x 72B)
Class kotlin.reflect.jvm.internal.ReflectionFactoryImpl                               : loaded 3 times (x 89B)
Class com.google.gson.LongSerializationPolicy$2                                       : loaded 3 times (x 78B)
Class com.sun.xml.bind.v2.model.impl.RuntimeBuiltinLeafInfoImpl                       : loaded 3 times (x 131B)
Class com.sun.xml.bind.v2.model.runtime.RuntimePropertyInfo                           : loaded 3 times (x 68B)
Class kotlin.collections.AbstractMutableList                                          : loaded 3 times (x 166B)
Class com.sun.xml.bind.v2.runtime.reflect.PrimitiveArrayListerDouble                  : loaded 3 times (x 74B)
Class com.sun.xml.bind.v2.runtime.property.ArrayReferenceNodeProperty$MixedTextLoader : loaded 3 times (x 76B)
Class com.google.gson.LongSerializationPolicy$1                                       : loaded 3 times (x 78B)
Class com.google.gson.internal.bind.ReflectiveTypeAdapterFactory$1                    : loaded 3 times (x 77B)
Class com.sun.xml.bind.AccessorFactoryImpl                                            : loaded 3 times (x 79B)
Class kotlin.reflect.KMutableProperty$Setter                                          : loaded 3 times (x 68B)
Class kotlin.reflect.jvm.internal.ReflectProperties$LazyVal                           : loaded 3 times (x 73B)
Class com.sun.xml.bind.v2.util.TypeCast                                               : loaded 3 times (x 69B)
Class android.databinding.tool.util.Preconditions                                     : loaded 3 times (x 69B)
Class com.sun.xml.bind.v2.runtime.JAXBContextImpl$1                                   : loaded 3 times (x 76B)
Class com.sun.xml.bind.v2.model.impl.RuntimeBuiltinLeafInfoImpl$19                    : loaded 3 times (x 134B)
Class kotlin.reflect.jvm.internal.impl.builtins.StandardNames$FqNames                 : loaded 3 times (x 69B)
Class com.sun.xml.bind.v2.runtime.unmarshaller.XmlVisitor$TextPredictor               : loaded 3 times (x 68B)
Class com.sun.xml.bind.v2.runtime.JAXBContextImpl$2                                   : loaded 3 times (x 76B)
Class com.google.common.base.Objects                                                  : loaded 3 times (x 69B)
Class com.sun.xml.bind.v2.runtime.reflect.Utils$1                                     : loaded 3 times (x 75B)
Class com.google.common.collect.ImmutableMultimap$Keys                                : loaded 3 times (x 164B)
Class javax.xml.bind.annotation.XmlRootElement                                        : loaded 3 times (x 68B)
Class com.sun.xml.bind.v2.runtime.JAXBContextImpl$3                                   : loaded 3 times (x 72B)
Class com.sun.xml.bind.v2.model.impl.RuntimeBuiltinLeafInfoImpl$18                    : loaded 3 times (x 134B)
Class com.sun.xml.bind.v2.runtime.JAXBContextImpl$5                                   : loaded 3 times (x 72B)
Class com.sun.xml.bind.v2.model.impl.RuntimeBuiltinLeafInfoImpl$StringImplImpl        : loaded 3 times (x 134B)
Class com.sun.xml.bind.v2.model.runtime.RuntimeEnumLeafInfo                           : loaded 3 times (x 68B)
Class com.sun.xml.bind.v2.runtime.JAXBContextImpl$6                                   : loaded 3 times (x 89B)
Class com.sun.xml.bind.v2.model.impl.RuntimeBuiltinLeafInfoImpl$17                    : loaded 3 times (x 134B)
Class kotlin.reflect.jvm.internal.KPropertyImpl$_javaField$1                          : loaded 3 times (x 77B)
Class com.sun.xml.bind.v2.model.impl.RuntimeBuiltinLeafInfoImpl$16                    : loaded 3 times (x 134B)
Class kotlin.reflect.jvm.internal.KCallableImpl$_returnType$1                         : loaded 3 times (x 77B)
Class com.sun.xml.bind.v2.model.impl.RuntimeBuiltinLeafInfoImpl$15                    : loaded 3 times (x 134B)
Class com.sun.xml.bind.v2.runtime.LifecycleMethods                                    : loaded 3 times (x 70B)
Class com.sun.xml.bind.v2.model.impl.PropertyInfoImpl                                 : loaded 3 times (x 106B)
Class com.google.gson.internal.bind.JsonAdapterAnnotationTypeAdapterFactory           : loaded 3 times (x 73B)
Class com.sun.xml.bind.v2.model.annotation.Quick                                      : loaded 3 times (x 86B)
Class com.sun.xml.bind.v2.model.impl.RuntimeBuiltinLeafInfoImpl$14                    : loaded 3 times (x 134B)
Class kotlin.reflect.jvm.internal.RuntimeTypeMapper                                   : loaded 3 times (x 69B)
Class com.sun.xml.bind.v2.model.impl.RuntimeBuiltinLeafInfoImpl$13                    : loaded 3 times (x 135B)
Class com.google.common.collect.ExplicitOrdering                                      : loaded 3 times (x 113B)
Class com.sun.xml.bind.v2.model.impl.RuntimeBuiltinLeafInfoImpl$12                    : loaded 3 times (x 134B)
Class com.sun.xml.bind.v2.model.impl.RuntimeBuiltinLeafInfoImpl$11                    : loaded 3 times (x 134B)
Class com.sun.xml.bind.v2.model.impl.RuntimeBuiltinLeafInfoImpl$10                    : loaded 3 times (x 134B)
Class com.sun.xml.bind.v2.runtime.property.ArrayElementProperty                       : loaded 3 times (x 103B)
Class com.sun.xml.bind.v2.model.annotation.XmlAttributeQuick                          : loaded 3 times (x 91B)
Class com.sun.xml.bind.v2.model.impl.RuntimeMapPropertyInfoImpl                       : loaded 3 times (x 135B)
Class com.google.gson.JsonSyntaxException                                             : loaded 3 times (x 80B)
Class javax.xml.bind.annotation.adapters.XmlJavaTypeAdapter                           : loaded 3 times (x 68B)
Class com.sun.xml.bind.WhiteSpaceProcessor                                            : loaded 3 times (x 69B)
Class com.sun.xml.bind.v2.model.core.TypeRef                                          : loaded 3 times (x 68B)
Class com.sun.xml.bind.v2.runtime.unmarshaller.TagName                                : loaded 3 times (x 73B)
Class com.google.common.collect.Maps$9                                                : loaded 3 times (x 74B)
Class com.google.common.collect.Sets$3$1                                              : loaded 3 times (x 80B)
Class com.sun.xml.bind.v2.model.core.PropertyKind                                     : loaded 3 times (x 77B)
Class [Lcom.sun.xml.bind.v2.model.impl.ClassInfoImpl$SecondaryAnnotation;             : loaded 3 times (x 67B)
Class javax.xml.bind.JAXBException                                                    : loaded 3 times (x 83B)
Class javax.xml.bind.annotation.XmlAccessorOrder                                      : loaded 3 times (x 68B)
Class com.sun.xml.bind.v2.runtime.reflect.Lister$2                                    : loaded 3 times (x 75B)
Class com.google.common.base.PatternCompiler                                          : loaded 3 times (x 68B)
Class com.sun.xml.bind.annotation.OverrideAnnotationOf                                : loaded 3 times (x 68B)
Class com.google.common.collect.MultimapBuilder                                       : loaded 3 times (x 71B)
Class com.sun.xml.bind.v2.runtime.reflect.Lister$1                                    : loaded 3 times (x 74B)
Class kotlin.coroutines.jvm.internal.BaseContinuationImpl                             : loaded 3 times (x 85B)
Class kotlin.reflect.KMutableProperty2                                                : loaded 3 times (x 68B)
Class kotlin.reflect.KMutableProperty1                                                : loaded 3 times (x 68B)
Class com.google.gson.internal.sql.SqlDateTypeAdapter                                 : loaded 3 times (x 72B)
Class [Lkotlin.annotation.AnnotationRetention;                                        : loaded 3 times (x 67B)
Class kotlin.reflect.jvm.internal.KClassImpl$Data$allMembers$2                        : loaded 3 times (x 77B)
Class kotlin.reflect.KMutableProperty0                                                : loaded 3 times (x 68B)
Class com.google.gson.internal.reflect.ReflectionHelper                               : loaded 3 times (x 69B)
Class kotlin.Result$Failure                                                           : loaded 3 times (x 70B)
Class kotlin.reflect.jvm.internal.KClassImpl$Data$declaredStaticMembers$2             : loaded 3 times (x 77B)
Class kotlin.reflect.jvm.internal.KCallableImpl                                       : loaded 3 times (x 103B)
Class com.sun.xml.bind.v2.runtime.property.StructureLoaderBuilder                     : loaded 3 times (x 68B)
Class com.sun.xml.bind.v2.model.core.ValuePropertyInfo                                : loaded 3 times (x 68B)
Class com.sun.xml.bind.v2.model.core.Element                                          : loaded 3 times (x 68B)
Class android.databinding.tool.util.LoggedErrorException                              : loaded 3 times (x 80B)
Class com.sun.xml.bind.unmarshaller.InfosetScanner                                    : loaded 3 times (x 68B)
Class com.sun.xml.bind.v2.runtime.property.ArrayProperty                              : loaded 3 times (x 100B)
Class com.google.common.collect.ImmutableMultimap$EntryCollection                     : loaded 3 times (x 126B)
Class kotlin.Result$Companion                                                         : loaded 3 times (x 69B)
Class [Lcom.sun.xml.bind.v2.runtime.property.PropertyImpl;                            : loaded 3 times (x 67B)
Class org.apache.commons.io.output.StringBuilderWriter                                : loaded 3 times (x 98B)
Class com.sun.xml.bind.v2.model.core.MapPropertyInfo                                  : loaded 3 times (x 68B)
Class com.google.gson.internal.bind.JsonTreeWriter                                    : loaded 3 times (x 96B)
Class com.google.common.collect.ImmutableMapKeySet                                    : loaded 3 times (x 150B)
Class com.sun.xml.bind.InternalAccessorFactory                                        : loaded 3 times (x 68B)
Class kotlin.jvm.internal.markers.KMutableIterator                                    : loaded 3 times (x 68B)
Class com.sun.xml.bind.v2.model.annotation.Locatable                                  : loaded 3 times (x 68B)
Class [Lcom.sun.xml.bind.v2.runtime.property.AttributeProperty;                       : loaded 3 times (x 67B)
Class kotlin.collections.builders.ListBuilderKt                                       : loaded 3 times (x 69B)
Class com.sun.xml.bind.api.impl.NameConverter$Standard                                : loaded 3 times (x 91B)
Class android.databinding.tool.CompilerArguments$Companion                            : loaded 3 times (x 69B)
Class com.google.gson.internal.bind.DateTypeAdapter$1                                 : loaded 3 times (x 73B)
Class com.sun.xml.bind.v2.ClassFactory                                                : loaded 3 times (x 69B)
Class com.sun.xml.bind.v2.model.annotation.AnnotationSource                           : loaded 3 times (x 68B)
Class com.sun.xml.bind.v2.model.runtime.RuntimeReferencePropertyInfo                  : loaded 3 times (x 68B)
Class com.sun.xml.bind.api.JAXBRIContext                                              : loaded 3 times (x 87B)
Class [Ljavax.xml.bind.annotation.XmlAccessType;                                      : loaded 3 times (x 67B)
Class kotlin.reflect.jvm.internal.impl.name.ClassId                                   : loaded 3 times (x 70B)
Class com.sun.xml.bind.v2.runtime.property.ArrayERProperty$ReceiverImpl               : loaded 3 times (x 73B)
Class kotlin.jvm.internal.markers.KMutableIterable                                    : loaded 3 times (x 68B)
Class kotlin.coroutines.jvm.internal.CoroutineStackFrame                              : loaded 3 times (x 68B)
Class [Lcom.google.gson.FieldNamingPolicy;                                            : loaded 3 times (x 67B)
Class com.google.gson.Gson$FutureTypeAdapter                                          : loaded 3 times (x 74B)
Class kotlin.text.Regex                                                               : loaded 3 times (x 70B)
Class kotlin.annotation.AnnotationTarget                                              : loaded 3 times (x 77B)
Class javax.xml.bind.annotation.W3CDomHandler                                         : loaded 3 times (x 83B)
Class com.sun.xml.bind.v2.model.runtime.RuntimeArrayInfo                              : loaded 3 times (x 68B)
Class com.google.gson.internal.sql.SqlTimeTypeAdapter$1                               : loaded 3 times (x 73B)
Class javax.xml.bind.ValidationEvent                                                  : loaded 3 times (x 68B)
Class com.sun.xml.bind.v2.model.impl.FieldPropertySeed                                : loaded 3 times (x 88B)
Class com.sun.xml.bind.v2.model.impl.RuntimeClassInfoImpl                             : loaded 3 times (x 160B)
Class [Lcom.sun.xml.bind.v2.model.annotation.Quick;                                   : loaded 3 times (x 67B)
Class com.google.common.collect.MultimapBuilder$ListMultimapBuilder                   : loaded 3 times (x 73B)
Class com.sun.xml.bind.v2.runtime.Location                                            : loaded 3 times (x 68B)
Class com.sun.xml.bind.v2.util.ByteArrayOutputStreamEx                                : loaded 3 times (x 92B)
Class org.apache.commons.io.FileExistsException                                       : loaded 3 times (x 80B)
Class com.sun.xml.bind.v2.runtime.unmarshaller.WildcardLoader                         : loaded 3 times (x 77B)
Class kotlin.reflect.KProperty$Accessor                                               : loaded 3 times (x 68B)
Class com.google.gson.internal.bind.TypeAdapters$EnumTypeAdapter                      : loaded 3 times (x 72B)
Class com.sun.xml.bind.v2.model.nav.Navigator                                         : loaded 3 times (x 68B)
Class com.sun.xml.bind.v2.model.impl.ElementInfoImpl                                  : loaded 3 times (x 107B)
Class kotlin.SafePublicationLazyImpl                                                  : loaded 3 times (x 74B)
Class kotlin.collections.IndexedValue                                                 : loaded 3 times (x 70B)
Class com.sun.istack.FinalArrayList                                                   : loaded 3 times (x 169B)
Class com.sun.xml.bind.v2.model.impl.ClassInfoImpl$DuplicateException                 : loaded 3 times (x 80B)
Class kotlin.reflect.jvm.internal.KPropertyImpl$Companion                             : loaded 3 times (x 69B)
Class com.sun.xml.bind.v2.model.impl.RuntimeEnumLeafInfoImpl                          : loaded 3 times (x 147B)
Class com.sun.xml.bind.v2.runtime.unmarshaller.XsiTypeLoader                          : loaded 3 times (x 76B)
Class com.sun.xml.bind.v2.runtime.unmarshaller.ProxyLoader                            : loaded 3 times (x 76B)
Class com.sun.xml.bind.v2.model.impl.RuntimeTypeInfoSetImpl                           : loaded 3 times (x 121B)
Class com.sun.xml.bind.v2.model.impl.Utils$1                                          : loaded 3 times (x 75B)
Class com.google.common.collect.ImmutableMultimap                                     : loaded 3 times (x 145B)
Class com.google.common.collect.LinkedHashMultimap$ValueEntry                         : loaded 3 times (x 87B)
Class [Lkotlin.reflect.KAnnotatedElement;                                             : loaded 3 times (x 67B)
Class com.google.gson.TypeAdapter$1                                                   : loaded 3 times (x 72B)
Class org.apache.commons.io.filefilter.IOFileFilter                                   : loaded 3 times (x 68B)
Class [Lkotlin.reflect.jvm.internal.impl.builtins.PrimitiveType;                      : loaded 3 times (x 67B)
Class com.sun.xml.bind.v2.runtime.reflect.PrimitiveArrayListerFloat                   : loaded 3 times (x 74B)
Class com.google.gson.internal.JsonReaderInternalAccess                               : loaded 3 times (x 70B)
Class [Lkotlin.reflect.KProperty;                                                     : loaded 3 times (x 67B)
Class com.sun.xml.bind.v2.model.core.ClassInfo                                        : loaded 3 times (x 68B)
Class com.sun.xml.bind.v2.model.runtime.RuntimeMapPropertyInfo                        : loaded 3 times (x 68B)
Class com.google.common.collect.LinkedHashMultimap$ValueSetLink                       : loaded 3 times (x 68B)
Class kotlin.reflect.jvm.internal.KTypeParameterOwnerImpl                             : loaded 3 times (x 68B)
Class com.sun.xml.bind.v2.model.impl.RuntimeArrayInfoImpl                             : loaded 3 times (x 105B)
Class [Lkotlin.DeprecationLevel;                                                      : loaded 3 times (x 67B)
Class com.google.gson.stream.JsonWriter                                               : loaded 3 times (x 96B)
Class com.google.gson.internal.ConstructorConstructor$9                               : loaded 3 times (x 74B)
Class com.google.common.collect.Maps$FilteredEntryMap                                 : loaded 3 times (x 126B)
Class kotlin.reflect.jvm.internal.impl.builtins.functions.FunctionClassKind           : loaded 3 times (x 78B)
Class kotlin.reflect.jvm.internal.ReflectProperties                                   : loaded 3 times (x 69B)
Class kotlin.jvm.internal.CollectionToArray                                           : loaded 3 times (x 69B)
Class com.sun.xml.bind.IDResolver                                                     : loaded 3 times (x 73B)
Class com.google.gson.internal.bind.TypeAdapters$10                                   : loaded 3 times (x 73B)
Class [Lkotlin.LazyThreadSafetyMode;                                                  : loaded 3 times (x 67B)
Class javax.activation.DataSource                                                     : loaded 3 times (x 68B)
Class com.sun.xml.bind.v2.model.impl.EnumLeafInfoImpl                                 : loaded 3 times (x 126B)
Class kotlin.reflect.jvm.internal.KCallableImpl$_parameters$1                         : loaded 3 times (x 77B)
Class com.google.common.collect.ImmutableMultimap$Values                              : loaded 3 times (x 124B)
Class com.sun.xml.bind.v2.runtime.JAXBContextImpl$JAXBContextBuilder                  : loaded 3 times (x 84B)
Class com.sun.xml.bind.v2.model.impl.ClassInfoImpl$1                                  : loaded 3 times (x 69B)
Class [Lcom.sun.xml.bind.v2.model.core.PropertyKind;                                  : loaded 3 times (x 67B)
Class com.google.gson.internal.bind.TypeAdapters$11                                   : loaded 3 times (x 73B)
Class kotlin.reflect.jvm.internal.EmptyContainerForLocal                              : loaded 3 times (x 82B)
Class kotlin.text.DelimitedRangesSequence                                             : loaded 3 times (x 73B)
Class com.sun.xml.bind.v2.runtime.unmarshaller.Receiver                               : loaded 3 times (x 68B)
Class kotlin.reflect.jvm.internal.KMutableProperty1Impl                               : loaded 3 times (x 133B)
Class javax.xml.bind.annotation.XmlEnum                                               : loaded 3 times (x 68B)
Class com.google.common.collect.ReverseNaturalOrdering                                : loaded 3 times (x 112B)
Class kotlin.reflect.jvm.internal.KClassImpl$Data$supertypes$2                        : loaded 3 times (x 77B)
Class com.google.common.collect.ImmutableMultiset                                     : loaded 3 times (x 161B)
Class com.sun.xml.bind.v2.runtime.unmarshaller.StructureLoader$1                      : loaded 3 times (x 69B)
Class com.sun.xml.bind.v2.runtime.unmarshaller.Base64Data                             : loaded 3 times (x 87B)
Class [Lcom.google.gson.ToNumberPolicy;                                               : loaded 3 times (x 67B)
Class com.google.gson.internal.bind.TypeAdapters$12                                   : loaded 3 times (x 73B)
Class com.google.gson.internal.bind.TypeAdapters                                      : loaded 3 times (x 69B)
Class com.google.gson.internal.bind.DefaultDateTypeAdapter$DateType$1                 : loaded 3 times (x 71B)
Class com.sun.xml.bind.v2.model.core.MaybeElement                                     : loaded 3 times (x 68B)
Class com.google.gson.internal.bind.ReflectiveTypeAdapterFactory$BoundField           : loaded 3 times (x 73B)
Class javax.xml.bind.annotation.XmlSchemaType                                         : loaded 3 times (x 68B)
Class kotlin.reflect.jvm.internal.KDeclarationContainerImpl                           : loaded 3 times (x 82B)
Class com.sun.xml.bind.v2.model.annotation.RuntimeInlineAnnotationReader              : loaded 3 times (x 104B)
Class com.sun.xml.bind.v2.runtime.ArrayBeanInfoImpl                                   : loaded 3 times (x 87B)
Class com.google.gson.internal.bind.TypeAdapters$13                                   : loaded 3 times (x 73B)
Class com.google.common.collect.ImmutableListMultimap$Builder                         : loaded 3 times (x 81B)
Class com.google.gson.internal.sql.SqlTypesSupport$1                                  : loaded 3 times (x 72B)
Class kotlin.SafePublicationLazyImpl$Companion                                        : loaded 3 times (x 69B)
Class com.google.common.base.CaseFormat                                               : loaded 3 times (x 81B)
Class com.sun.xml.bind.v2.runtime.BinderImpl                                          : loaded 3 times (x 84B)
Class com.google.gson.internal.sql.SqlTypesSupport$2                                  : loaded 3 times (x 72B)
Class com.sun.xml.bind.v2.runtime.property.ArrayERProperty$ItemsLoader                : loaded 3 times (x 76B)
Class com.google.gson.internal.bind.DefaultDateTypeAdapter$DateType                   : loaded 3 times (x 71B)
Class com.sun.xml.bind.v2.model.nav.ReflectionNavigator$10                            : loaded 3 times (x 75B)
Class kotlin.jvm.internal.MutablePropertyReference1Impl                               : loaded 3 times (x 135B)
Class com.google.gson.internal.reflect.ReflectionHelper$RecordSupportedHelper         : loaded 3 times (x 76B)
Class kotlin.reflect.jvm.internal.KClassifierImpl                                     : loaded 3 times (x 68B)
Class kotlin.reflect.jvm.internal.KDeclarationContainerImpl$Data$moduleData$2         : loaded 3 times (x 77B)
Class kotlin.reflect.jvm.internal.impl.builtins.jvm.JavaToKotlinClassMap$PlatformMutabilityMapping: loaded 3 times (x 70B)
Class com.google.gson.internal.bind.TypeAdapters$14                                   : loaded 3 times (x 73B)
Class com.sun.xml.bind.v2.model.annotation.AnnotationReader                           : loaded 3 times (x 68B)
Class kotlin.jvm.internal.markers.KMutableList                                        : loaded 3 times (x 68B)
Class com.sun.xml.bind.v2.model.annotation.AbstractInlineAnnotationReaderImpl         : loaded 3 times (x 102B)
Class com.google.common.base.CommonPattern                                            : loaded 3 times (x 72B)
Class com.google.gson.internal.sql.SqlTypesSupport                                    : loaded 3 times (x 69B)
Class com.google.gson.internal.bind.TypeAdapters$15                                   : loaded 3 times (x 73B)
Class com.sun.xml.bind.v2.runtime.reflect.TransducedAccessor$CompositeContextDependentTransducedAccessorImpl: loaded 3 times (x 77B)
Class com.sun.xml.bind.v2.model.nav.ReflectionNavigator$1                             : loaded 3 times (x 79B)
Class com.sun.xml.bind.v2.model.nav.ReflectionNavigator$2                             : loaded 3 times (x 79B)
Class com.sun.xml.bind.v2.model.nav.ReflectionNavigator$3                             : loaded 3 times (x 75B)
Class com.sun.xml.bind.v2.model.core.Ref                                              : loaded 3 times (x 70B)
Class com.google.gson.internal.bind.TypeAdapters$16                                   : loaded 3 times (x 73B)
Class kotlin.reflect.jvm.internal.KMutableProperty1Impl$_setter$1                     : loaded 3 times (x 77B)
Class org.apache.commons.io.FilenameUtils                                             : loaded 3 times (x 69B)
Class javax.xml.bind.annotation.XmlIDREF                                              : loaded 3 times (x 68B)
Class com.sun.xml.bind.v2.model.nav.ReflectionNavigator$5                             : loaded 3 times (x 75B)
Class kotlin.coroutines.Continuation                                                  : loaded 3 times (x 68B)
Class com.sun.xml.bind.v2.runtime.unmarshaller.UnmarshallingContext                   : loaded 3 times (x 101B)
Class kotlin.reflect.jvm.internal.impl.name.Name                                      : loaded 3 times (x 73B)
Class kotlin.collections.CollectionsKt___CollectionsKt$asSequence$$inlined$Sequence$1 : loaded 3 times (x 73B)
Class com.sun.xml.bind.v2.model.nav.ReflectionNavigator$6                             : loaded 3 times (x 79B)
Class com.google.gson.internal.bind.TypeAdapters$17                                   : loaded 3 times (x 73B)
Class com.google.gson.internal.bind.MapTypeAdapterFactory                             : loaded 3 times (x 73B)
Class com.google.gson.internal.bind.TypeAdapters$18                                   : loaded 3 times (x 73B)
Class com.sun.xml.bind.v2.util.QNameMap$Entry                                         : loaded 3 times (x 70B)
Class kotlin.reflect.KProperty2                                                       : loaded 3 times (x 68B)
Class com.sun.xml.bind.v2.model.core.EnumLeafInfo                                     : loaded 3 times (x 68B)
Class com.google.common.collect.RegularImmutableSortedSet                             : loaded 3 times (x 234B)
Class com.sun.xml.bind.v2.model.runtime.RuntimeClassInfo                              : loaded 3 times (x 68B)
Class kotlin.sequences.SequenceBuilderIterator                                        : loaded 3 times (x 83B)
Class com.sun.xml.bind.v2.runtime.property.SingleReferenceNodeProperty$1              : loaded 3 times (x 83B)
Class kotlin.reflect.KProperty1                                                       : loaded 3 times (x 68B)
Class kotlin.reflect.KClass                                                           : loaded 3 times (x 68B)
Class kotlin.reflect.KProperty0                                                       : loaded 3 times (x 68B)
Class [Lcom.google.gson.FieldNamingStrategy;                                          : loaded 3 times (x 67B)
Class kotlin.reflect.jvm.internal.impl.name.FqNamesUtilKt                             : loaded 3 times (x 69B)
Class com.google.common.base.Platform$JdkPatternCompiler                              : loaded 3 times (x 73B)
Class com.google.common.collect.ImmutableMultimap$1                                   : loaded 3 times (x 80B)
Class [Lcom.sun.xml.bind.v2.model.core.ID;                                            : loaded 3 times (x 67B)
Class com.sun.xml.bind.Util                                                           : loaded 3 times (x 69B)
Class [Lcom.google.gson.stream.JsonToken;                                             : loaded 3 times (x 67B)
Class javax.xml.bind.annotation.XmlTransient                                          : loaded 3 times (x 68B)
Class [Lcom.sun.xml.bind.v2.model.annotation.Locatable;                               : loaded 3 times (x 67B)
Class kotlin.coroutines.intrinsics.IntrinsicsKt__IntrinsicsJvmKt                      : loaded 3 times (x 69B)
Class com.google.gson.internal.bind.TypeAdapters$19                                   : loaded 3 times (x 73B)
Class com.sun.xml.bind.v2.runtime.reflect.Accessor$SetterOnlyReflection               : loaded 3 times (x 83B)
Class kotlin.reflect.jvm.internal.KClassImpl$Data                                     : loaded 3 times (x 70B)
Class org.apache.commons.io.output.ByteArrayOutputStream                              : loaded 3 times (x 90B)
Class kotlin.reflect.jvm.internal.KPropertyImpl$_descriptor$1                         : loaded 3 times (x 77B)
Class com.sun.xml.bind.v2.runtime.unmarshaller.ChildLoader                            : loaded 3 times (x 70B)
Class kotlin.ResultKt                                                                 : loaded 3 times (x 69B)
Class javax.xml.bind.annotation.XmlElement                                            : loaded 3 times (x 68B)
Class kotlin.reflect.jvm.internal.CachesKt$K_PACKAGE_CACHE$1                          : loaded 3 times (x 76B)
Class com.sun.xml.bind.v2.runtime.NameBuilder                                         : loaded 3 times (x 70B)
Class com.sun.xml.bind.v2.model.impl.ModelBuilder                                     : loaded 3 times (x 90B)
Class com.sun.xml.bind.v2.model.runtime.RuntimeValuePropertyInfo                      : loaded 3 times (x 68B)
Class com.google.common.collect.LinkedHashMultimapGwtSerializationDependencies        : loaded 3 times (x 172B)
Class kotlin.jvm.internal.markers.KMutableMap                                         : loaded 3 times (x 68B)
Class com.sun.xml.bind.v2.runtime.unmarshaller.TextLoader                             : loaded 3 times (x 76B)
Class com.google.gson.internal.bind.ObjectTypeAdapter                                 : loaded 3 times (x 72B)
Class com.sun.xml.bind.v2.model.core.AttributePropertyInfo                            : loaded 3 times (x 68B)
Class kotlin.text.Regex$Companion                                                     : loaded 3 times (x 69B)
Class com.google.common.collect.NullsFirstOrdering                                    : loaded 3 times (x 113B)
Class javax.xml.bind.annotation.XmlValue                                              : loaded 3 times (x 68B)
Class com.google.common.collect.ImmutableMultimap$2                                   : loaded 3 times (x 79B)
Class [Lcom.google.gson.ToNumberStrategy;                                             : loaded 3 times (x 67B)
Class com.google.gson.annotations.SerializedName                                      : loaded 3 times (x 68B)
Class com.google.common.collect.Maps$FilteredEntryMap$EntrySet$1                      : loaded 3 times (x 80B)
Class com.sun.xml.bind.v2.model.impl.ERPropertyInfoImpl                               : loaded 3 times (x 106B)
Class com.sun.xml.bind.v2.runtime.reflect.TransducedAccessor$CompositeTransducedAccessorImpl: loaded 3 times (x 77B)
Class com.sun.xml.bind.v2.runtime.unmarshaller.UnmarshallerImpl                       : loaded 3 times (x 137B)
Class com.google.gson.JsonElement                                                     : loaded 3 times (x 90B)
Class kotlin.reflect.jvm.internal.KotlinReflectionInternalError                       : loaded 3 times (x 80B)
Class com.sun.xml.bind.v2.model.impl.RuntimeAnyTypeImpl                               : loaded 3 times (x 92B)
Class com.google.common.collect.ImmutableSortedAsList                                 : loaded 3 times (x 181B)
Class kotlin.reflect.KClassifier                                                      : loaded 3 times (x 68B)
Class kotlin.reflect.KMutableProperty                                                 : loaded 3 times (x 68B)
Class javax.xml.bind.annotation.XmlAttachmentRef                                      : loaded 3 times (x 68B)
Class javax.xml.bind.ValidationEventHandler                                           : loaded 3 times (x 68B)
Class javax.activation.MimeTypeParseException                                         : loaded 3 times (x 80B)
Class com.google.common.collect.MultimapBuilder$4                                     : loaded 3 times (x 82B)
Class kotlin.reflect.jvm.internal.KClassImpl$Data$inheritedStaticMembers$2            : loaded 3 times (x 77B)
Class com.google.common.collect.MultimapBuilder$3                                     : loaded 3 times (x 82B)
Class com.sun.xml.bind.v2.runtime.AnyTypeBeanInfo                                     : loaded 3 times (x 90B)
Class com.sun.xml.bind.v2.runtime.reflect.PrimitiveArrayListerBoolean                 : loaded 3 times (x 74B)
Class com.sun.xml.bind.v2.runtime.CompositeStructureBeanInfo                          : loaded 3 times (x 96B)
Class com.google.gson.internal.bind.ArrayTypeAdapter                                  : loaded 3 times (x 72B)
Class com.google.common.collect.NaturalOrdering                                       : loaded 3 times (x 113B)
Class com.google.common.collect.MultimapBuilder$2                                     : loaded 3 times (x 81B)
Class com.sun.xml.bind.v2.model.annotation.XmlRootElementQuick                        : loaded 3 times (x 90B)
Class com.sun.xml.bind.v2.runtime.BridgeImpl                                          : loaded 3 times (x 85B)
Class com.google.common.collect.MultimapBuilder$1                                     : loaded 3 times (x 81B)
Class com.google.common.base.JdkPattern                                               : loaded 3 times (x 73B)
Class com.google.common.collect.ByFunctionOrdering                                    : loaded 3 times (x 113B)
Class com.sun.xml.bind.v2.model.impl.Util                                             : loaded 3 times (x 69B)
Class kotlin.reflect.jvm.internal.KPackageImpl                                        : loaded 3 times (x 83B)
Class javax.xml.bind.annotation.XmlAttribute                                          : loaded 3 times (x 68B)
Class com.sun.xml.bind.v2.runtime.property.ArrayElementNodeProperty                   : loaded 3 times (x 103B)
Class com.sun.xml.bind.api.impl.NameUtil                                              : loaded 3 times (x 78B)
Class javax.xml.bind.helpers.AbstractUnmarshallerImpl                                 : loaded 3 times (x 128B)
Class com.sun.xml.bind.v2.model.impl.RuntimeTypeRefImpl                               : loaded 3 times (x 94B)
Class com.google.gson.internal.UnsafeAllocator$4                                      : loaded 3 times (x 70B)
Class com.sun.xml.bind.v2.runtime.reflect.Accessor$GetterSetterReflection             : loaded 3 times (x 83B)
Class com.google.gson.internal.bind.JsonTreeReader                                    : loaded 3 times (x 96B)
Class com.sun.xml.bind.v2.model.annotation.XmlElementQuick                            : loaded 3 times (x 94B)
Class com.google.gson.internal.bind.SerializationDelegatingTypeAdapter                : loaded 3 times (x 72B)
Class com.google.gson.internal.UnsafeAllocator$3                                      : loaded 3 times (x 71B)
Class com.sun.xml.bind.v2.runtime.reflect.PrimitiveArrayListerCharacter               : loaded 3 times (x 74B)
Class com.google.gson.internal.bind.TreeTypeAdapter                                   : loaded 3 times (x 73B)
Class com.google.gson.internal.UnsafeAllocator$2                                      : loaded 3 times (x 71B)
Class com.google.gson.internal.UnsafeAllocator$1                                      : loaded 3 times (x 71B)
Class com.google.gson.internal.LinkedTreeMap$1                                        : loaded 3 times (x 89B)
Class [Lkotlin.reflect.jvm.internal.impl.name.ClassId;                                : loaded 3 times (x 67B)
Class com.google.gson.FieldNamingStrategy                                             : loaded 3 times (x 68B)
Class com.google.gson.TypeAdapter                                                     : loaded 3 times (x 71B)
Class com.google.common.base.CaseFormat$5                                             : loaded 3 times (x 81B)
Class kotlin.sequences.SequenceScope                                                  : loaded 3 times (x 71B)
Class kotlin.reflect.jvm.internal.impl.builtins.CompanionObjectMapping                : loaded 3 times (x 69B)
Class com.sun.xml.bind.v2.model.core.ReferencePropertyInfo                            : loaded 3 times (x 68B)
Class com.sun.xml.bind.v2.model.nav.ReflectionNavigator$BinderArg                     : loaded 3 times (x 71B)
Class com.google.common.base.CaseFormat$4                                             : loaded 3 times (x 81B)
Class javax.xml.bind.annotation.XmlList                                               : loaded 3 times (x 68B)
Class com.sun.xml.bind.v2.model.impl.ReferencePropertyInfoImpl                        : loaded 3 times (x 125B)
Class com.google.common.base.CaseFormat$3                                             : loaded 3 times (x 81B)
Class kotlin.reflect.jvm.internal.impl.resolve.jvm.JvmPrimitiveType                   : loaded 3 times (x 77B)
Class com.google.gson.Gson$5                                                          : loaded 3 times (x 74B)
Class com.google.common.base.CaseFormat$2                                             : loaded 3 times (x 81B)
Class com.sun.xml.bind.v2.runtime.reflect.Accessor$ReadOnlyFieldReflection            : loaded 3 times (x 83B)
Class com.google.common.collect.ReverseOrdering                                       : loaded 3 times (x 113B)
Class kotlin.jvm.internal.PropertyReference2                                          : loaded 3 times (x 125B)
Class com.google.gson.Gson$4                                                          : loaded 3 times (x 74B)
Class com.google.common.base.CaseFormat$1                                             : loaded 3 times (x 81B)
Class com.sun.xml.bind.v2.runtime.property.SingleElementNodeProperty                  : loaded 3 times (x 100B)
Class [Lcom.google.common.collect.LinkedHashMultimap$ValueEntry;                      : loaded 3 times (x 67B)
Class com.sun.xml.bind.v2.runtime.property.SingleReferenceNodeProperty                : loaded 3 times (x 100B)
Class com.google.gson.Gson$3                                                          : loaded 3 times (x 73B)
Class com.google.gson.Gson$2                                                          : loaded 3 times (x 74B)
Class com.sun.xml.bind.DatatypeConverterImpl                                          : loaded 3 times (x 109B)
Class com.sun.xml.bind.v2.runtime.unmarshaller.XsiNilLoader                           : loaded 3 times (x 78B)
Class javax.xml.bind.UnmarshallerHandler                                              : loaded 3 times (x 68B)
Class com.google.gson.Gson$1                                                          : loaded 3 times (x 74B)
Class [Lcom.sun.xml.bind.v2.runtime.unmarshaller.Scope;                               : loaded 3 times (x 67B)
Class kotlin.jvm.internal.PropertyReference1                                          : loaded 3 times (x 125B)
Class javax.xml.bind.annotation.XmlElementDecl                                        : loaded 3 times (x 68B)
Class javax.xml.bind.DatatypeConverterInterface                                       : loaded 3 times (x 68B)
Class kotlin.jvm.internal.PropertyReference0                                          : loaded 3 times (x 125B)
Class com.sun.xml.bind.v2.runtime.JAXBContextImpl                                     : loaded 3 times (x 88B)
Class org.apache.commons.io.FileUtils                                                 : loaded 3 times (x 69B)
Class android.databinding.tool.writer.JavaFileWriter                                  : loaded 3 times (x 72B)
Class com.sun.xml.bind.v2.model.impl.PropertySeed                                     : loaded 3 times (x 68B)
Class javax.xml.bind.annotation.XmlMimeType                                           : loaded 3 times (x 68B)
Class com.sun.xml.bind.v2.runtime.unmarshaller.XsiNilLoader$Array                     : loaded 3 times (x 78B)
Class com.sun.xml.bind.v2.model.impl.RuntimeReferencePropertyInfoImpl                 : loaded 3 times (x 139B)
Class com.google.gson.internal.bind.ArrayTypeAdapter$1                                : loaded 3 times (x 73B)
Class com.google.gson.internal.bind.DefaultDateTypeAdapter                            : loaded 3 times (x 72B)
Class com.sun.xml.bind.v2.runtime.reflect.Lister                                      : loaded 3 times (x 74B)
Class com.google.gson.internal.bind.CollectionTypeAdapterFactory$Adapter              : loaded 3 times (x 72B)
Class kotlin.reflect.jvm.internal.KCallableImpl$_annotations$1                        : loaded 3 times (x 77B)
Class com.google.common.collect.CollectSpliterators                                   : loaded 3 times (x 69B)
Class [Ljavax.xml.bind.annotation.XmlAccessOrder;                                     : loaded 3 times (x 67B)
Class javax.xml.bind.annotation.XmlSeeAlso                                            : loaded 3 times (x 68B)
Class com.sun.xml.bind.v2.runtime.ElementBeanInfoImpl$IntercepterLoader               : loaded 3 times (x 79B)
Class kotlin.LazyThreadSafetyMode                                                     : loaded 3 times (x 77B)
Class kotlin.reflect.jvm.internal.KClassImpl$Data$allStaticMembers$2                  : loaded 3 times (x 77B)
Class com.sun.xml.bind.v2.model.impl.ClassInfoImpl$ConflictException                  : loaded 3 times (x 80B)
Class javax.xml.bind.Marshaller                                                       : loaded 3 times (x 68B)
Class com.google.common.collect.CompoundOrdering                                      : loaded 3 times (x 113B)
Class com.sun.xml.bind.v2.runtime.reflect.ListTransducedAccessorImpl                  : loaded 3 times (x 78B)
Class com.sun.xml.bind.v2.runtime.reflect.Utils                                       : loaded 3 times (x 69B)
Class com.sun.xml.bind.v2.model.core.LeafInfo                                         : loaded 3 times (x 68B)
Class com.sun.xml.bind.v2.runtime.property.ArrayERProperty                            : loaded 3 times (x 102B)
Class javax.xml.bind.JAXBElement                                                      : loaded 3 times (x 79B)
Class com.google.common.collect.ImmutableSortedSet$Builder                            : loaded 3 times (x 84B)
Class [Ldagger.hilt.processor.internal.optionvalues.GradleProjectType;                : loaded 3 times (x 67B)
Class com.sun.xml.bind.v2.util.FlattenIterator                                        : loaded 3 times (x 77B)
Class com.sun.xml.bind.annotation.XmlLocation                                         : loaded 3 times (x 68B)
Class kotlin.reflect.jvm.internal.impl.name.FqNameUnsafe                              : loaded 3 times (x 70B)
Class com.google.gson.ReflectionAccessFilter$FilterResult                             : loaded 3 times (x 77B)
Class kotlin.reflect.jvm.internal.KClassImpl$Data$simpleName$2                        : loaded 3 times (x 77B)
Class com.sun.xml.bind.v2.runtime.reflect.Lister$CollectionLister                     : loaded 3 times (x 75B)
Class javax.xml.bind.JAXBIntrospector                                                 : loaded 3 times (x 71B)
Class kotlin.jvm.functions.Function10                                                 : loaded 3 times (x 68B)
Class com.sun.xml.bind.v2.model.annotation.Init                                       : loaded 3 times (x 69B)
Class javax.xml.bind.annotation.XmlElementRef                                         : loaded 3 times (x 68B)
Class com.sun.xml.bind.v2.runtime.reflect.PrimitiveArrayListerShort                   : loaded 3 times (x 74B)
Class kotlin.jvm.internal.markers.KMutableCollection                                  : loaded 3 times (x 68B)
Class javax.xml.bind.UnmarshalException                                               : loaded 3 times (x 83B)
Class com.sun.xml.bind.v2.model.impl.ArrayInfoImpl                                    : loaded 3 times (x 96B)
Class com.google.common.collect.SortedIterable                                        : loaded 3 times (x 68B)
Class kotlin.reflect.KProperty$Getter                                                 : loaded 3 times (x 68B)
Class com.sun.xml.bind.v2.runtime.AttributeAccessor                                   : loaded 3 times (x 68B)
Class android.databinding.tool.util.L$Client                                          : loaded 3 times (x 68B)
Class com.sun.xml.bind.v2.model.runtime.RuntimeAttributePropertyInfo                  : loaded 3 times (x 68B)
Class [Ljavax.xml.bind.annotation.XmlElement;                                         : loaded 3 times (x 67B)
Class com.sun.xml.bind.v2.runtime.unmarshaller.StructureLoader                        : loaded 3 times (x 76B)
Class kotlin.reflect.jvm.internal.CachesKt$CACHE_FOR_BASE_CLASSIFIERS$1               : loaded 3 times (x 76B)
Class kotlin.reflect.jvm.internal.ReflectProperties$Val                               : loaded 3 times (x 72B)
Class com.sun.xml.bind.v2.runtime.BridgeAdapter                                       : loaded 3 times (x 85B)
Class com.sun.xml.bind.v2.runtime.NameList                                            : loaded 3 times (x 70B)
Class com.google.common.collect.SortedIterables                                       : loaded 3 times (x 69B)
Class kotlin.reflect.jvm.internal.KCallableImpl$_typeParameters$1                     : loaded 3 times (x 77B)
Class com.google.common.collect.Sets$1$1                                              : loaded 3 times (x 80B)
Class com.sun.xml.bind.v2.runtime.IllegalAnnotationsException                         : loaded 3 times (x 84B)
Class com.google.gson.internal.reflect.ReflectionHelper$RecordHelper                  : loaded 3 times (x 73B)
Class com.sun.xml.bind.api.CompositeStructure                                         : loaded 3 times (x 70B)
Class com.sun.xml.bind.v2.runtime.unmarshaller.UnmarshallingContext$DefaultRootLoader : loaded 3 times (x 78B)
Class kotlin.jvm.functions.Function11                                                 : loaded 3 times (x 68B)
Class kotlin.coroutines.intrinsics.CoroutineSingletons                                : loaded 3 times (x 77B)
Class kotlin.jvm.functions.Function12                                                 : loaded 3 times (x 68B)
Class [Lcom.google.gson.LongSerializationPolicy;                                      : loaded 3 times (x 67B)
Class com.google.gson.JsonParseException                                              : loaded 3 times (x 80B)
Class com.google.common.collect.IndexedImmutableSet$1                                 : loaded 3 times (x 173B)
Class kotlin.reflect.full.IllegalCallableAccessException                              : loaded 3 times (x 80B)
Class com.sun.xml.bind.v2.model.core.ElementPropertyInfo                              : loaded 3 times (x 68B)
Class kotlin.jvm.functions.Function13                                                 : loaded 3 times (x 68B)
Class com.google.common.collect.ForwardingCollection                                  : loaded 3 times (x 128B)
Class [Lkotlin.annotation.AnnotationTarget;                                           : loaded 3 times (x 67B)
Class com.google.common.base.ExtraObjectsMethodsForWeb                                : loaded 3 times (x 69B)
Class com.google.gson.internal.sql.SqlTimestampTypeAdapter                            : loaded 3 times (x 74B)
Class kotlin.reflect.jvm.internal.ComputableClassValue                                : loaded 3 times (x 78B)
Class com.sun.xml.bind.v2.model.core.TypeInfoSet                                      : loaded 3 times (x 68B)
Class javax.xml.bind.annotation.XmlAccessOrder                                        : loaded 3 times (x 77B)
Class com.sun.xml.bind.api.RawAccessor                                                : loaded 3 times (x 71B)
Class com.google.gson.TypeAdapterFactory                                              : loaded 3 times (x 68B)
Class kotlin.coroutines.intrinsics.IntrinsicsKt__IntrinsicsKt                         : loaded 3 times (x 69B)
Class kotlin.jvm.functions.Function14                                                 : loaded 3 times (x 68B)
Class com.sun.xml.bind.v2.runtime.reflect.Accessor$GetterOnlyReflection               : loaded 3 times (x 83B)
Class kotlin.coroutines.jvm.internal.RestrictedContinuationImpl                       : loaded 3 times (x 85B)
Class com.sun.xml.bind.v2.model.impl.Utils                                            : loaded 3 times (x 69B)
Class kotlin.reflect.jvm.internal.CacheByClassKt                                      : loaded 3 times (x 69B)
Class com.google.gson.reflect.TypeToken                                               : loaded 3 times (x 73B)
Class com.google.gson.internal.Excluder                                               : loaded 3 times (x 73B)
Class com.sun.xml.bind.v2.model.impl.BuiltinLeafInfoImpl                              : loaded 3 times (x 103B)
Class com.google.gson.internal.bind.TypeAdapters$20                                   : loaded 3 times (x 73B)
Class kotlin.collections.builders.ListBuilder                                         : loaded 3 times (x 167B)
Class kotlin.reflect.jvm.internal.impl.builtins.PrimitiveType                         : loaded 3 times (x 77B)
Class com.google.gson.internal.bind.ReflectiveTypeAdapterFactory$Adapter              : loaded 3 times (x 75B)
Class com.sun.xml.bind.v2.runtime.property.SingleElementLeafProperty                  : loaded 3 times (x 100B)
Class com.sun.xml.bind.v2.model.impl.RuntimeClassInfoImpl$RuntimePropertySeed         : loaded 3 times (x 82B)
Class javax.xml.bind.annotation.adapters.XmlJavaTypeAdapters                          : loaded 3 times (x 68B)
Class com.sun.xml.bind.v2.runtime.unmarshaller.Scope                                  : loaded 3 times (x 70B)
Class com.sun.xml.bind.v2.model.impl.RuntimeAttributePropertyInfoImpl                 : loaded 3 times (x 142B)
Class com.sun.xml.bind.AccessorFactory                                                : loaded 3 times (x 68B)
Class kotlin.jvm.functions.Function15                                                 : loaded 3 times (x 68B)
Class com.google.gson.internal.bind.TypeAdapters$21                                   : loaded 3 times (x 73B)
Class kotlin.reflect.jvm.internal.KPackageImpl$data$1                                 : loaded 3 times (x 77B)
Class kotlin.jvm.functions.Function16                                                 : loaded 3 times (x 68B)
Class com.google.gson.internal.bind.TypeAdapters$22                                   : loaded 3 times (x 73B)
Class javax.xml.bind.annotation.XmlSchema                                             : loaded 3 times (x 68B)
Class kotlin.UnsafeLazyImpl                                                           : loaded 3 times (x 74B)
Class com.google.gson.internal.bind.ReflectiveTypeAdapterFactory$RecordAdapter        : loaded 3 times (x 75B)
Class kotlin.io.LinesSequence                                                         : loaded 3 times (x 73B)
Class com.sun.xml.bind.v2.model.nav.ParameterizedTypeImpl                             : loaded 3 times (x 83B)
Class com.sun.xml.bind.v2.model.runtime.RuntimeTypeInfoSet                            : loaded 3 times (x 68B)
Class com.google.gson.ToNumberPolicy$4                                                : loaded 3 times (x 81B)
Class com.sun.xml.bind.api.ErrorListener                                              : loaded 3 times (x 68B)
Class com.sun.xml.bind.api.BridgeContext                                              : loaded 3 times (x 74B)
Class com.google.gson.internal.LazilyParsedNumber                                     : loaded 3 times (x 76B)
Class kotlin.sequences.TransformingSequence                                           : loaded 3 times (x 73B)
Class kotlin.jvm.functions.Function17                                                 : loaded 3 times (x 68B)
Class com.google.gson.internal.bind.TypeAdapters$23                                   : loaded 3 times (x 73B)
Class com.google.common.collect.ForwardingSet                                         : loaded 3 times (x 149B)
Class com.google.gson.ToNumberPolicy$3                                                : loaded 3 times (x 81B)
Class com.google.gson.ToNumberPolicy$2                                                : loaded 3 times (x 81B)
Class com.sun.xml.bind.v2.model.runtime.RuntimeNonElement                             : loaded 3 times (x 68B)
Class org.apache.commons.io.IOUtils                                                   : loaded 3 times (x 69B)
Class com.sun.xml.bind.v2.model.impl.ClassInfoImpl                                    : loaded 3 times (x 135B)
Class com.google.gson.internal.sql.SqlTimestampTypeAdapter$1                          : loaded 3 times (x 73B)
Class javax.xml.bind.annotation.XmlElement$DEFAULT                                    : loaded 3 times (x 69B)
Class com.google.gson.ToNumberPolicy$1                                                : loaded 3 times (x 81B)
Class com.google.gson.internal.bind.NumberTypeAdapter$1                               : loaded 3 times (x 74B)
Class com.sun.xml.bind.v2.model.core.ID                                               : loaded 3 times (x 77B)
Class com.sun.xml.bind.v2.runtime.RuntimeUtil                                         : loaded 3 times (x 69B)
Class com.sun.xml.bind.v2.model.impl.AttributePropertyInfoImpl                        : loaded 3 times (x 122B)
Class com.sun.xml.bind.v2.model.impl.TypeInfoSetImpl$1                                : loaded 3 times (x 78B)
Class kotlin.streams.jdk8.StreamsKt                                                   : loaded 3 times (x 69B)
Class com.google.common.collect.MultimapBuilder$MultimapBuilderWithKeys               : loaded 3 times (x 80B)
Class kotlin.jvm.functions.Function18                                                 : loaded 3 times (x 68B)
Class com.sun.xml.bind.v2.runtime.reflect.Lister$ArrayLister                          : loaded 3 times (x 75B)
Class com.google.common.base.Equivalence$Wrapper                                      : loaded 3 times (x 70B)
Class com.sun.xml.bind.v2.model.impl.RuntimeElementInfoImpl                           : loaded 3 times (x 117B)
Class com.sun.xml.bind.v2.model.impl.RuntimeElementPropertyInfoImpl                   : loaded 3 times (x 137B)
Class com.sun.xml.bind.v2.runtime.BridgeContextImpl                                   : loaded 3 times (x 75B)
Class kotlin.reflect.jvm.internal.impl.builtins.functions.FunctionClassKind$Companion : loaded 3 times (x 69B)
Class kotlin.reflect.jvm.internal.KClassImpl$Data$declaredMembers$2                   : loaded 3 times (x 77B)
Class dagger.hilt.processor.internal.optionvalues.GradleProjectType                   : loaded 3 times (x 77B)
Class com.google.gson.internal.bind.TypeAdapters$24                                   : loaded 3 times (x 73B)
Class kotlin.jvm.functions.Function19                                                 : loaded 3 times (x 68B)
Class com.sun.xml.bind.v2.model.runtime.RuntimeNonElementRef                          : loaded 3 times (x 68B)
Class kotlin.text.DelimitedRangesSequence$iterator$1                                  : loaded 3 times (x 77B)
Class kotlin.collections.CollectionsKt___CollectionsKt$withIndex$1                    : loaded 3 times (x 77B)
Class com.sun.xml.bind.v2.model.impl.RuntimeBuiltinLeafInfoImpl$PcdataImpl            : loaded 3 times (x 132B)
Class com.sun.xml.bind.api.impl.NameConverter                                         : loaded 3 times (x 68B)
Class com.sun.xml.bind.v2.runtime.unmarshaller.LocatorEx                              : loaded 3 times (x 68B)
Class javax.xml.bind.JAXBContext                                                      : loaded 3 times (x 76B)
Class [Lkotlin.reflect.KCallable;                                                     : loaded 3 times (x 67B)
Class com.google.common.collect.Multimaps$CustomListMultimap                          : loaded 3 times (x 172B)
Class android.databinding.tool.util.L                                                 : loaded 3 times (x 69B)
Class com.google.gson.internal.bind.ReflectiveTypeAdapterFactory$FieldReflectionAdapter: loaded 3 times (x 75B)
Class com.google.common.collect.MultimapBuilder$SetMultimapBuilder                    : loaded 3 times (x 73B)
Class com.sun.xml.bind.v2.model.impl.ClassInfoImpl$SecondaryAnnotation                : loaded 3 times (x 78B)
Class [Lcom.google.common.base.CaseFormat;                                            : loaded 3 times (x 67B)
Class com.sun.xml.bind.v2.model.impl.ElementPropertyInfoImpl                          : loaded 3 times (x 121B)
Class com.sun.xml.bind.v2.runtime.property.SingleMapNodeProperty$2                    : loaded 3 times (x 76B)
Class com.sun.xml.bind.v2.runtime.property.SingleMapNodeProperty$1                    : loaded 3 times (x 76B)
Class javax.xml.bind.annotation.XmlAccessorType                                       : loaded 3 times (x 68B)
Class com.sun.xml.bind.v2.runtime.unmarshaller.LeafPropertyXsiLoader                  : loaded 3 times (x 76B)
Class com.sun.xml.bind.v2.runtime.unmarshaller.DefaultValueLoaderDecorator            : loaded 3 times (x 76B)
Class kotlin.sequences.SequencesKt__SequenceBuilderKt$sequence$$inlined$Sequence$1    : loaded 3 times (x 73B)
Class com.google.gson.FieldNamingPolicy                                               : loaded 3 times (x 81B)
Class com.google.common.collect.Ordering                                              : loaded 3 times (x 112B)
Class com.sun.xml.bind.api.impl.NameConverter$1                                       : loaded 3 times (x 91B)
Class [Lcom.sun.xml.bind.v2.util.QNameMap$Entry;                                      : loaded 3 times (x 67B)
Class com.sun.xml.bind.v2.model.annotation.XmlSchemaTypeQuick                         : loaded 3 times (x 91B)
Class com.sun.xml.bind.api.impl.NameConverter$2                                       : loaded 3 times (x 91B)
Class javax.xml.bind.annotation.XmlType                                               : loaded 3 times (x 68B)
Class javax.xml.bind.annotation.XmlElementRefs                                        : loaded 3 times (x 68B)
Class kotlin.reflect.jvm.internal.ReflectProperties$Val$1                             : loaded 3 times (x 69B)
Class com.google.common.base.CaseFormat$StringConverter                               : loaded 3 times (x 88B)
Class com.google.common.collect.EmptyImmutableListMultimap                            : loaded 3 times (x 174B)
Class com.google.gson.GsonBuilder                                                     : loaded 3 times (x 70B)
Class com.google.gson.internal.bind.TypeAdapters$25                                   : loaded 3 times (x 73B)
Class com.sun.xml.bind.v2.model.impl.ValuePropertyInfoImpl                            : loaded 3 times (x 118B)
Class com.sun.xml.bind.v2.model.impl.GetterSetterPropertySeed                         : loaded 3 times (x 88B)
Class com.google.gson.internal.bind.TypeAdapters$26                                   : loaded 3 times (x 73B)
Class javax.xml.bind.annotation.XmlRegistry                                           : loaded 3 times (x 68B)
Class com.sun.xml.bind.v2.runtime.unmarshaller.DomLoader                              : loaded 3 times (x 76B)
Class javax.xml.bind.annotation.XmlAccessType                                         : loaded 3 times (x 77B)
Class com.google.gson.internal.bind.TypeAdapters$27                                   : loaded 3 times (x 73B)
Class kotlin.jvm.internal.SpreadBuilder                                               : loaded 3 times (x 74B)
Class com.sun.xml.bind.v2.runtime.property.Property                                   : loaded 3 times (x 68B)
Class kotlin.coroutines.intrinsics.IntrinsicsKt                                       : loaded 3 times (x 69B)
Class [Lkotlin.reflect.jvm.internal.impl.name.FqName;                                 : loaded 3 times (x 67B)
Class com.sun.xml.bind.v2.runtime.reflect.AdaptedAccessor                             : loaded 3 times (x 83B)
Class kotlin.io.LinesSequence$iterator$1                                              : loaded 3 times (x 77B)
Class com.sun.xml.bind.v2.model.impl.LeafInfoImpl                                     : loaded 3 times (x 100B)
Class com.sun.xml.bind.v2.runtime.IllegalAnnotationsException$Builder                 : loaded 3 times (x 75B)
Class com.sun.xml.bind.v2.runtime.property.PropertyImpl                               : loaded 3 times (x 100B)
Class com.sun.xml.bind.v2.model.core.BuiltinLeafInfo                                  : loaded 3 times (x 68B)
Class com.sun.xml.bind.v2.model.core.TypeInfo                                         : loaded 3 times (x 68B)
Class com.sun.xml.bind.v2.model.impl.RuntimeValuePropertyInfoImpl                     : loaded 3 times (x 133B)
Class javax.xml.bind.annotation.XmlAnyAttribute                                       : loaded 3 times (x 68B)
Class com.sun.xml.bind.v2.model.impl.ClassInfoImpl$PropertyGroup                      : loaded 3 times (x 77B)
Class kotlin.reflect.jvm.internal.KClassImpl$Data$annotations$2                       : loaded 3 times (x 77B)
Class javax.xml.bind.annotation.XmlSchemaTypes                                        : loaded 3 times (x 68B)
Class kotlin.coroutines.EmptyCoroutineContext                                         : loaded 3 times (x 75B)
Class com.sun.xml.bind.v2.model.runtime.RuntimeTypeInfo                               : loaded 3 times (x 68B)
Class kotlin.reflect.jvm.internal.impl.builtins.PrimitiveType$arrayTypeFqName$2       : loaded 3 times (x 77B)
Class javax.xml.bind.annotation.XmlMixed                                              : loaded 3 times (x 68B)
Class com.google.gson.internal.bind.TypeAdapters$28                                   : loaded 3 times (x 73B)
Class kotlin.reflect.jvm.internal.impl.name.StandardClassIdsKt                        : loaded 3 times (x 69B)
Class com.sun.xml.bind.v2.model.annotation.LocatableAnnotation                        : loaded 3 times (x 83B)
Class com.google.common.collect.LinkedHashMultimap                                    : loaded 3 times (x 173B)
Class com.sun.xml.bind.v2.runtime.property.Utils$1                                    : loaded 3 times (x 75B)
Class com.sun.xml.bind.v2.runtime.reflect.Accessor$1                                  : loaded 3 times (x 83B)
Class com.google.gson.internal.bind.ObjectTypeAdapter$1                               : loaded 3 times (x 74B)
Class com.google.gson.internal.bind.TypeAdapters$29                                   : loaded 3 times (x 73B)
Class com.sun.xml.bind.v2.runtime.reflect.Accessor$2                                  : loaded 3 times (x 85B)
Class kotlin.jvm.internal.markers.KMutableListIterator                                : loaded 3 times (x 68B)
Class kotlin.reflect.jvm.internal.KClassImpl$Data$descriptor$2                        : loaded 3 times (x 77B)
Class kotlin.reflect.jvm.internal.impl.name.FqNameUnsafe$1                            : loaded 3 times (x 72B)
Class com.sun.xml.bind.v2.model.runtime.RuntimeElement                                : loaded 3 times (x 68B)
Class com.sun.xml.bind.v2.runtime.property.ArrayReferenceNodeProperty                 : loaded 3 times (x 102B)
Class kotlin.reflect.jvm.internal.CacheByClass                                        : loaded 3 times (x 71B)
Class [Lkotlin.coroutines.intrinsics.CoroutineSingletons;                             : loaded 3 times (x 67B)
Class com.sun.xml.bind.v2.runtime.ElementBeanInfoImpl                                 : loaded 3 times (x 87B)
Class kotlin.reflect.jvm.internal.impl.builtins.PrimitiveType$Companion               : loaded 3 times (x 69B)
Class com.google.gson.internal.bind.TypeAdapters$1                                    : loaded 3 times (x 73B)
Class com.google.gson.JsonIOException                                                 : loaded 3 times (x 80B)
Class com.sun.xml.bind.v2.model.runtime.RuntimeTypeRef                                : loaded 3 times (x 68B)
Class com.google.gson.internal.bind.TypeAdapters$2                                    : loaded 3 times (x 73B)
Class com.google.common.collect.ImmutableSetMultimap                                  : loaded 3 times (x 178B)
Class com.sun.xml.bind.v2.model.impl.RuntimeModelBuilder                              : loaded 3 times (x 98B)
Class com.google.gson.internal.bind.TypeAdapters$3                                    : loaded 3 times (x 73B)
Class kotlin.reflect.jvm.internal.CachesKt                                            : loaded 3 times (x 69B)
Class kotlin.jvm.internal.ReflectionFactory                                           : loaded 3 times (x 89B)
Class com.google.common.collect.Maps$TransformedEntriesMap                            : loaded 3 times (x 125B)
Class com.sun.istack.Pool                                                             : loaded 3 times (x 68B)
Class com.sun.xml.bind.v2.model.runtime.RuntimeElementPropertyInfo                    : loaded 3 times (x 68B)
Class com.google.gson.internal.bind.TypeAdapters$4                                    : loaded 3 times (x 73B)
Class kotlin.reflect.jvm.internal.KProperty1Impl$delegateSource$1                     : loaded 3 times (x 77B)
Class com.google.gson.stream.JsonToken                                                : loaded 3 times (x 77B)
Class com.sun.xml.bind.v2.runtime.unmarshaller.XsiNilLoader$Single                    : loaded 3 times (x 78B)
Class com.google.gson.internal.bind.TypeAdapters$5                                    : loaded 3 times (x 73B)
Class kotlin.reflect.jvm.internal.impl.name.SpecialNames                              : loaded 3 times (x 69B)
Class com.sun.xml.bind.v2.model.annotation.RuntimeAnnotationReader                    : loaded 3 times (x 68B)
Class com.google.gson.internal.bind.TypeAdapters$6                                    : loaded 3 times (x 73B)
Class com.sun.xml.bind.v2.model.runtime.RuntimeElementInfo                            : loaded 3 times (x 68B)
Class android.databinding.tool.CompilerArguments$Type                                 : loaded 3 times (x 77B)
Class com.google.gson.internal.bind.TypeAdapters$7                                    : loaded 3 times (x 73B)
Class com.sun.xml.bind.v2.model.impl.RuntimeBuiltinLeafInfoImpl$StringImpl            : loaded 3 times (x 132B)
Class com.google.common.base.Platform                                                 : loaded 3 times (x 69B)
Class com.google.gson.internal.bind.TypeAdapters$8                                    : loaded 3 times (x 73B)
Class com.sun.xml.bind.v2.runtime.property.AttributeProperty                          : loaded 3 times (x 103B)
Class javax.xml.bind.Unmarshaller                                                     : loaded 3 times (x 68B)
Class com.google.gson.internal.bind.TypeAdapters$9                                    : loaded 3 times (x 73B)
Class com.sun.xml.bind.v2.runtime.property.SingleMapNodeProperty                      : loaded 3 times (x 100B)
Class com.sun.xml.bind.v2.model.impl.ModelBuilderI                                    : loaded 3 times (x 68B)
Class com.sun.xml.bind.v2.runtime.reflect.Accessor                                    : loaded 3 times (x 83B)
Class com.sun.xml.bind.v2.runtime.property.Utils                                      : loaded 3 times (x 69B)
Class com.sun.xml.bind.v2.model.impl.TypeRefImpl                                      : loaded 3 times (x 85B)
Class kotlin.jvm.functions.Function9                                                  : loaded 3 times (x 68B)
Class com.google.gson.internal.LinkedTreeMap$Node                                     : loaded 3 times (x 77B)
Class com.sun.xml.bind.v2.runtime.property.UnmarshallerChain                          : loaded 3 times (x 70B)
Class kotlin.jvm.functions.Function8                                                  : loaded 3 times (x 68B)
Class com.sun.xml.bind.v2.runtime.property.TagAndType                                 : loaded 3 times (x 70B)
Class com.sun.xml.bind.v2.runtime.reflect.PrimitiveArrayListerInteger                 : loaded 3 times (x 74B)
Class com.sun.xml.bind.v2.runtime.reflect.ListIterator                                : loaded 3 times (x 68B)
Class kotlin.jvm.functions.Function7                                                  : loaded 3 times (x 68B)
Class kotlin.jvm.functions.Function6                                                  : loaded 3 times (x 68B)
Class com.google.gson.ToNumberPolicy                                                  : loaded 3 times (x 81B)
Class com.google.gson.internal.bind.NumberTypeAdapter                                 : loaded 3 times (x 72B)
Class com.google.common.collect.BaseImmutableMultimap                                 : loaded 3 times (x 121B)
Class javax.xml.bind.annotation.XmlElements                                           : loaded 3 times (x 68B)
Class kotlin.jvm.functions.Function5                                                  : loaded 3 times (x 68B)
Class kotlin.reflect.jvm.internal.KClassImpl$Data$declaredNonStaticMembers$2          : loaded 3 times (x 77B)
Class kotlin.jvm.functions.Function4                                                  : loaded 3 times (x 68B)
Class com.sun.xml.bind.v2.model.nav.TypeVisitor                                       : loaded 3 times (x 74B)
Class kotlin.reflect.jvm.internal.impl.builtins.PrimitiveType$typeFqName$2            : loaded 3 times (x 77B)
Class com.sun.xml.bind.v2.model.impl.RuntimeBuiltinLeafInfoImpl$10$1                  : loaded 3 times (x 354B)
Class kotlin.DeprecationLevel                                                         : loaded 3 times (x 77B)
Class javax.xml.bind.helpers.DefaultValidationEventHandler                            : loaded 3 times (x 73B)
Class kotlin.jvm.internal.PropertyReference                                           : loaded 3 times (x 113B)
Class kotlin.coroutines.jvm.internal.SuspendFunction                                  : loaded 3 times (x 68B)
Class kotlin.jvm.functions.Function3                                                  : loaded 3 times (x 68B)
Class kotlin.reflect.jvm.internal.impl.builtins.StandardNames                         : loaded 3 times (x 69B)
Class kotlin.jvm.functions.Function2                                                  : loaded 3 times (x 68B)
Class com.sun.xml.bind.v2.TODO                                                        : loaded 3 times (x 69B)
Class [Lkotlin.reflect.jvm.internal.impl.resolve.jvm.JvmPrimitiveType;                : loaded 3 times (x 67B)
Class javax.xml.bind.Binder                                                           : loaded 3 times (x 83B)
Class com.sun.xml.bind.v2.runtime.ClassBeanInfoImpl                                   : loaded 3 times (x 90B)
Class com.sun.xml.bind.v2.model.annotation.XmlValueQuick                              : loaded 3 times (x 88B)
Class kotlin.jvm.functions.Function20                                                 : loaded 3 times (x 68B)
Class kotlin.jvm.functions.Function21                                                 : loaded 3 times (x 68B)
Class android.databinding.tool.CompilerArguments                                      : loaded 3 times (x 70B)
Class com.sun.xml.bind.v2.model.impl.TypeInfoImpl                                     : loaded 3 times (x 83B)
Class javax.xml.bind.MarshalException                                                 : loaded 3 times (x 83B)
Class com.sun.xml.bind.v2.util.QNameMap                                               : loaded 3 times (x 70B)
Class javax.xml.bind.annotation.XmlAnyElement                                         : loaded 3 times (x 68B)
Class com.google.gson.internal.sql.SqlDateTypeAdapter$1                               : loaded 3 times (x 73B)
Class kotlin.reflect.full.IllegalPropertyDelegateAccessException                      : loaded 3 times (x 80B)
Class [Lkotlin.reflect.KClassifier;                                                   : loaded 3 times (x 67B)
Class kotlin.coroutines.CoroutineContext                                              : loaded 3 times (x 68B)
Class kotlin.reflect.jvm.internal.KClassImpl$data$1                                   : loaded 3 times (x 77B)
Class com.sun.xml.bind.v2.runtime.reflect.PrimitiveArrayListerLong                    : loaded 3 times (x 74B)
Class kotlin.jvm.JvmClassMappingKt                                                    : loaded 3 times (x 69B)
Class kotlin.reflect.jvm.internal.impl.builtins.jvm.JavaToKotlinClassMap              : loaded 3 times (x 69B)
Class [Lkotlin.reflect.KClass;                                                        : loaded 3 times (x 67B)
Class kotlin.jvm.functions.Function22                                                 : loaded 3 times (x 68B)
Class com.sun.xml.bind.v2.ContextFactory                                              : loaded 3 times (x 69B)
Class kotlin.reflect.jvm.internal.KClassImpl$Data$allNonStaticMembers$2               : loaded 3 times (x 77B)
Class com.google.common.collect.ImmutableListMultimap                                 : loaded 3 times (x 174B)
Class kotlin.jvm.internal.Reflection                                                  : loaded 3 times (x 69B)
Class kotlin.reflect.jvm.internal.ClassValueCache                                     : loaded 3 times (x 72B)
Class kotlin.reflect.KTypeParameter                                                   : loaded 3 times (x 68B)
Class com.google.gson.annotations.JsonAdapter                                         : loaded 3 times (x 68B)
Class com.google.common.collect.ImmutableMultisetGwtSerializationDependencies         : loaded 3 times (x 123B)
Class com.google.gson.internal.reflect.ReflectionHelper$RecordNotSupportedHelper      : loaded 3 times (x 76B)
Class kotlin.annotation.AnnotationRetention                                           : loaded 3 times (x 77B)
Class [Lcom.sun.xml.bind.v2.runtime.property.Property;                                : loaded 3 times (x 67B)
Class com.sun.xml.bind.v2.runtime.reflect.Lister$IDREFS                               : loaded 3 times (x 75B)
Class [Lcom.google.common.collect.LinkedHashMultimap$ValueSetLink;                    : loaded 3 times (x 67B)
Class com.google.common.collect.AllEqualOrdering                                      : loaded 3 times (x 112B)
Class kotlin.reflect.jvm.internal.KPropertyImpl                                       : loaded 3 times (x 113B)
Class com.sun.xml.bind.v2.model.core.ElementInfo                                      : loaded 3 times (x 68B)
Class com.sun.xml.bind.v2.model.impl.RuntimeBuiltinLeafInfoImpl$UUIDImpl              : loaded 3 times (x 134B)
Class com.sun.istack.Pool$Impl                                                        : loaded 3 times (x 75B)
Class kotlin.reflect.jvm.internal.impl.utils.CollectionsKt                            : loaded 3 times (x 69B)
Class com.google.common.collect.ComparatorOrdering                                    : loaded 3 times (x 113B)
Class com.sun.xml.bind.v2.runtime.LeafBeanInfoImpl                                    : loaded 3 times (x 87B)
Class kotlin.annotation.MustBeDocumented                                              : loaded 3 times (x 68B)
Class com.google.common.collect.MultimapBuilder$ArrayListSupplier                     : loaded 3 times (x 75B)
Class com.sun.xml.bind.v2.runtime.ElementBeanInfoImpl$1                               : loaded 3 times (x 104B)
Class kotlin.reflect.jvm.internal.KProperty1Impl$_getter$1                            : loaded 3 times (x 77B)
Class com.sun.xml.bind.v2.model.annotation.XmlElementRefsQuick                        : loaded 3 times (x 89B)
Class com.sun.istack.SAXParseException2                                               : loaded 3 times (x 86B)
Class com.sun.xml.bind.v2.runtime.Transducer                                          : loaded 3 times (x 68B)
Class com.sun.xml.bind.v2.model.annotation.XmlElementRefQuick                         : loaded 3 times (x 92B)
Class com.google.gson.internal.$Gson$Types                                            : loaded 3 times (x 69B)
Class com.google.gson.internal.UnsafeAllocator                                        : loaded 3 times (x 70B)
Class com.google.gson.internal.LinkedTreeMap                                          : loaded 3 times (x 121B)
Class com.google.gson.internal.bind.TypeAdapters$31                                   : loaded 3 times (x 74B)
Class com.sun.xml.bind.v2.model.annotation.XmlTypeQuick                               : loaded 3 times (x 93B)
Class com.google.gson.internal.sql.SqlTimeTypeAdapter                                 : loaded 3 times (x 72B)
Class com.google.common.collect.Maps$13                                               : loaded 3 times (x 83B)
Class com.sun.xml.bind.v2.runtime.JaxBeanInfo$1                                       : loaded 3 times (x 75B)
Class com.google.common.collect.Maps$12                                               : loaded 3 times (x 80B)
Class kotlin.reflect.jvm.internal.KClassImpl$Data$objectInstance$2                    : loaded 3 times (x 77B)
Class kotlin.reflect.jvm.internal.impl.name.FqName                                    : loaded 3 times (x 70B)
Class com.google.common.collect.LexicographicalOrdering                               : loaded 3 times (x 113B)
Class com.google.gson.internal.ReflectionAccessFilterHelper                           : loaded 3 times (x 69B)
Class com.sun.xml.bind.v2.runtime.unmarshaller.Intercepter                            : loaded 3 times (x 68B)
Class com.google.gson.internal.bind.TypeAdapters$32                                   : loaded 3 times (x 74B)
Class com.sun.xml.bind.v2.model.core.RegistryInfo                                     : loaded 3 times (x 68B)
Class kotlin.jvm.internal.PropertyReference1Impl                                      : loaded 3 times (x 125B)
Class kotlin.Result                                                                   : loaded 3 times (x 70B)
Class kotlin.reflect.jvm.internal.ReflectProperties$LazySoftVal                       : loaded 3 times (x 76B)
Class com.sun.xml.bind.v2.runtime.reflect.NullSafeAccessor                            : loaded 3 times (x 83B)
Class com.sun.xml.bind.v2.runtime.Coordinator                                         : loaded 3 times (x 81B)
Class com.sun.xml.bind.v2.model.impl.SingleTypePropertyInfoImpl                       : loaded 3 times (x 111B)
Class com.sun.xml.bind.v2.runtime.unmarshaller.LocatorExWrapper                       : loaded 3 times (x 84B)
Class com.google.gson.internal.bind.TypeAdapters$33                                   : loaded 3 times (x 74B)
Class kotlin.reflect.jvm.internal.KDeclarationContainerImpl$Data                      : loaded 3 times (x 70B)
Class com.google.gson.internal.bind.TypeAdapters$34                                   : loaded 3 times (x 74B)
Class com.google.gson.JsonObject                                                      : loaded 3 times (x 91B)
Class javax.xml.bind.annotation.XmlID                                                 : loaded 3 times (x 68B)
Class com.sun.xml.bind.v2.model.nav.ReflectionNavigator                               : loaded 3 times (x 121B)
Class [Lcom.google.gson.ReflectionAccessFilter$FilterResult;                          : loaded 3 times (x 67B)
Class kotlin.reflect.jvm.internal.CachesKt$K_CLASS_CACHE$1                            : loaded 3 times (x 76B)
Class com.google.common.collect.MultimapBuilder$MultimapBuilderWithKeys$1             : loaded 3 times (x 74B)
Class kotlin.reflect.jvm.internal.KDeclarationContainerImpl$Companion                 : loaded 3 times (x 69B)
Class javax.xml.bind.annotation.XmlInlineBinaryData                                   : loaded 3 times (x 68B)
Class com.google.common.collect.MultimapBuilder$MultimapBuilderWithKeys$2             : loaded 3 times (x 74B)
Class [Lcom.sun.xml.bind.v2.runtime.Location;                                         : loaded 3 times (x 67B)
Class com.sun.xml.bind.v2.runtime.unmarshaller.UnmarshallingContext$State             : loaded 3 times (x 70B)
Class com.google.gson.internal.ConstructorConstructor$18                              : loaded 3 times (x 73B)
Class com.sun.xml.bind.v2.model.annotation.XmlEnumQuick                               : loaded 3 times (x 89B)
Class com.google.gson.internal.bind.TypeAdapters$34$1                                 : loaded 3 times (x 72B)
Class kotlin.reflect.jvm.internal.KClassImpl$Data$sealedSubclasses$2                  : loaded 3 times (x 77B)
Class com.google.common.collect.MultimapBuilder$MultimapBuilderWithKeys$3             : loaded 3 times (x 74B)
Class com.sun.xml.bind.v2.runtime.unmarshaller.UnmarshallingContext$ExpectedTypeRootLoader: loaded 3 times (x 78B)
Class com.sun.xml.bind.v2.runtime.reflect.Accessor$FieldReflection                    : loaded 3 times (x 83B)
Class com.sun.xml.bind.v2.runtime.property.PropertyFactory                            : loaded 3 times (x 69B)
Class com.google.common.collect.ImmutableMultimap$Builder                             : loaded 3 times (x 81B)
Class com.google.gson.internal.$Gson$Types$ParameterizedTypeImpl                      : loaded 3 times (x 79B)
Class kotlin.reflect.jvm.internal.impl.name.StandardClassIds                          : loaded 3 times (x 69B)
Class com.sun.xml.bind.v2.runtime.property.PropertyFactory$1                          : loaded 3 times (x 69B)
Class com.google.gson.internal.ConstructorConstructor$19                              : loaded 3 times (x 74B)
Class kotlin.reflect.jvm.internal.KCallableImpl$_absentArguments$1                    : loaded 3 times (x 77B)
Class com.sun.xml.bind.v2.runtime.reflect.AdaptedLister                               : loaded 3 times (x 75B)
Class com.sun.xml.bind.v2.model.core.NonElement                                       : loaded 3 times (x 68B)
Class com.google.common.collect.UsingToStringOrdering                                 : loaded 3 times (x 112B)
Class com.sun.xml.bind.v2.runtime.unmarshaller.Loader                                 : loaded 3 times (x 75B)
Class kotlin.collections.builders.ListBuilder$Itr                                     : loaded 3 times (x 92B)
Class com.sun.xml.bind.v2.model.impl.RuntimeBuiltinLeafInfoImpl$9                     : loaded 3 times (x 134B)
Class com.sun.xml.bind.v2.model.impl.RuntimeBuiltinLeafInfoImpl$8                     : loaded 3 times (x 134B)
Class [Lcom.sun.xml.bind.v2.model.impl.ClassInfoImpl$PropertyGroup;                   : loaded 3 times (x 67B)
Class kotlin.reflect.jvm.internal.CachesKt$CACHE_FOR_GENERIC_CLASSIFIERS$1            : loaded 3 times (x 76B)
Class com.sun.xml.bind.v2.model.core.NonElementRef                                    : loaded 3 times (x 68B)
Class kotlin.reflect.jvm.internal.KClassImpl$Data$qualifiedName$2                     : loaded 3 times (x 77B)
Class com.google.gson.internal.bind.DateTypeAdapter                                   : loaded 3 times (x 72B)
Class com.sun.xml.bind.v2.model.impl.RuntimeBuiltinLeafInfoImpl$7                     : loaded 3 times (x 134B)
Class kotlin.jvm.internal.MutablePropertyReference2                                   : loaded 3 times (x 135B)
Class com.sun.xml.bind.v2.runtime.unmarshaller.DefaultIDResolver                      : loaded 3 times (x 74B)
Class com.google.common.collect.MultimapBuilder$MultimapBuilderWithKeys$4             : loaded 3 times (x 74B)
Class com.sun.xml.bind.v2.model.impl.RuntimeBuiltinLeafInfoImpl$6                     : loaded 3 times (x 134B)
Class com.sun.xml.bind.v2.model.annotation.XmlElementDeclQuick                        : loaded 3 times (x 94B)
Class com.sun.xml.bind.v2.ClassFactory$1                                              : loaded 3 times (x 78B)
Class com.google.common.collect.NullsLastOrdering                                     : loaded 3 times (x 113B)
Class kotlin.jvm.internal.MutablePropertyReference1                                   : loaded 3 times (x 135B)
Class com.sun.xml.bind.v2.model.core.ArrayInfo                                        : loaded 3 times (x 68B)
Class kotlin.reflect.KType                                                            : loaded 3 times (x 68B)
Class com.sun.xml.bind.v2.model.impl.RuntimeBuiltinLeafInfoImpl$5                     : loaded 3 times (x 134B)
Class kotlin.jvm.internal.MutablePropertyReference0                                   : loaded 3 times (x 135B)
Class kotlin.collections.builders.MapBuilder$Companion                                : loaded 3 times (x 69B)
Class com.sun.xml.bind.v2.model.impl.DummyPropertyInfo                                : loaded 3 times (x 68B)
Class kotlin.reflect.jvm.internal.impl.descriptors.runtime.structure.ReflectClassUtilKt: loaded 3 times (x 69B)
Class com.sun.xml.bind.v2.runtime.reflect.DefaultTransducedAccessor                   : loaded 3 times (x 77B)
Class kotlin.jvm.internal.DefaultConstructorMarker                                    : loaded 3 times (x 69B)
Class com.sun.xml.bind.v2.model.impl.RuntimeBuiltinLeafInfoImpl$4                     : loaded 3 times (x 134B)
Class com.sun.xml.bind.v2.model.impl.RuntimeBuiltinLeafInfoImpl$3                     : loaded 3 times (x 134B)
Class com.google.gson.internal.bind.ReflectiveTypeAdapterFactory                      : loaded 3 times (x 73B)
Class com.google.gson.LongSerializationPolicy                                         : loaded 3 times (x 78B)
Class com.sun.xml.bind.v2.runtime.Name                                                : loaded 3 times (x 73B)
Class com.google.common.collect.LinkedHashMultimap$ValueSet                           : loaded 3 times (x 140B)
Class com.sun.xml.bind.v2.model.impl.RuntimeBuiltinLeafInfoImpl$2                     : loaded 3 times (x 134B)
Class [Lkotlin.reflect.jvm.internal.impl.builtins.jvm.JavaToKotlinClassMap$PlatformMutabilityMapping;: loaded 3 times (x 67B)
Class com.sun.xml.bind.v2.model.impl.RuntimeBuiltinLeafInfoImpl$1                     : loaded 3 times (x 74B)
Class com.sun.xml.bind.v2.model.core.PropertyInfo                                     : loaded 3 times (x 68B)
Class com.sun.xml.bind.v2.model.core.ErrorHandler                                     : loaded 3 times (x 68B)
Class com.sun.xml.bind.v2.model.impl.AnyTypeImpl                                      : loaded 3 times (x 87B)
Class javax.xml.bind.ValidationEventLocator                                           : loaded 3 times (x 68B)
Class com.google.common.collect.MultimapBuilder$MultimapBuilderWithKeys$5             : loaded 3 times (x 76B)
Class kotlin.reflect.KProperty                                                        : loaded 3 times (x 68B)
Class com.sun.xml.bind.v2.runtime.JaxBeanInfo                                         : loaded 3 times (x 87B)
Class com.google.common.collect.ImmutableSortedSet                                    : loaded 3 times (x 234B)
Class [Landroid.databinding.tool.CompilerArguments$Type;                              : loaded 3 times (x 67B)
Class com.sun.xml.bind.v2.runtime.ValueListBeanInfoImpl                               : loaded 3 times (x 87B)
Class com.google.gson.internal.$Gson$Preconditions                                    : loaded 3 times (x 69B)
Class kotlin.reflect.jvm.internal.KClassImpl$Data$constructors$2                      : loaded 3 times (x 77B)
Class com.sun.xml.bind.v2.runtime.unmarshaller.SAXConnector$TagNameImpl               : loaded 3 times (x 73B)
Class com.sun.xml.bind.v2.runtime.reflect.TransducedAccessor$IDREFTransducedAccessorImpl: loaded 3 times (x 78B)
Class com.sun.xml.bind.v2.runtime.property.ArrayElementLeafProperty                   : loaded 3 times (x 103B)
Class javax.activation.DataHandler                                                    : loaded 3 times (x 90B)
Class kotlin.reflect.jvm.internal.CachesKt$CACHE_FOR_NULLABLE_BASE_CLASSIFIERS$1      : loaded 3 times (x 76B)
Class com.google.common.collect.MultimapBuilder$MultimapBuilderWithKeys$6             : loaded 3 times (x 74B)
Class kotlin.reflect.jvm.internal.KClassImpl                                          : loaded 3 times (x 113B)
Class kotlin.reflect.jvm.internal.KClassImpl$Data$inheritedNonStaticMembers$2         : loaded 3 times (x 77B)
Class com.sun.xml.bind.v2.runtime.reflect.TransducedAccessor                          : loaded 3 times (x 76B)
Class kotlin.reflect.jvm.internal.KClassImpl$Data$typeParameters$2                    : loaded 3 times (x 77B)
Class [Lcom.sun.xml.bind.v2.runtime.property.StructureLoaderBuilder;                  : loaded 3 times (x 67B)
Class kotlin.reflect.jvm.internal.KClassImpl$Data$nestedClasses$2                     : loaded 3 times (x 77B)
Class kotlin.jvm.internal.ClassBasedDeclarationContainer                              : loaded 3 times (x 68B)
Class kotlin.sequences.SequencesKt___SequencesKt$filterNotNull$1                      : loaded 3 times (x 76B)
Class com.sun.xml.bind.v2.model.annotation.MethodLocatable                            : loaded 3 times (x 76B)
Class com.google.gson.internal.ConstructorConstructor                                 : loaded 3 times (x 70B)
Class [Lkotlin.reflect.KDeclarationContainer;                                         : loaded 3 times (x 67B)
Class com.sun.xml.bind.v2.model.impl.TypeInfoSetImpl                                  : loaded 3 times (x 109B)
Class com.google.gson.JsonNull                                                        : loaded 3 times (x 90B)
Class kotlin.LazyKt__LazyJVMKt$WhenMappings                                           : loaded 3 times (x 69B)
Class kotlin.reflect.jvm.internal.KProperty1Impl                                      : loaded 3 times (x 126B)
Class dagger.internal.codegen.model.AutoValue_DaggerElement                           : loaded 2 times (x 72B)
Class dagger.internal.codegen.extension.DaggerCollectors                              : loaded 2 times (x 69B)
Class dagger.spi.internal.shaded.androidx.room.compiler.processing.javac.kotlin.KmConstructorContainer$parameters$2: loaded 2 times (x 77B)
Class dagger.internal.codegen.compileroption.ProcessingEnvironmentCompilerOptions$EnumOption: loaded 2 times (x 68B)
Class dagger.internal.codegen.model.DaggerAnnotation                                  : loaded 2 times (x 74B)
Class android.databinding.tool.util.GenerationalClassUtil$IgnoreSerialIdObjectInputStream: loaded 2 times (x 143B)
Class dagger.internal.codegen.binding.$AutoValue_DelegateDeclaration                  : loaded 2 times (x 81B)
Class [Ldagger.internal.codegen.validation.ValidationBindingGraphPlugin;              : loaded 2 times (x 67B)
Class org.gradle.internal.installation.CurrentGradleInstallation                      : loaded 2 times (x 71B)
Class dagger.spi.internal.shaded.androidx.room.jarjarred.kotlinx.metadata.jvm.JvmTypeExtensionVisitor$Companion: loaded 2 times (x 69B)
Class [Lcom.google.common.cache.RemovalListener;                                      : loaded 2 times (x 67B)
Class dagger.hilt.android.processor.internal.customtestapplication.CustomTestApplicationProcessor: loaded 2 times (x 98B)
Class com.sun.xml.bind.v2.runtime.output.NamespaceContextImpl$Element                 : loaded 2 times (x 70B)
Class com.google.common.base.Predicates$CompositionPredicate                          : loaded 2 times (x 86B)
Class org.gradle.internal.agents.InstrumentingClassLoader                             : loaded 2 times (x 68B)
Class org.gradle.internal.installation.CurrentGradleInstallationLocator               : loaded 2 times (x 69B)
Class androidx.room.compiler.processing.javac.JavacBasicAnnotationProcessor$commonDelegate$2: loaded 2 times (x 77B)
Class androidx.room.compiler.processing.javac.JavacProcessingEnv$messager$2           : loaded 2 times (x 77B)
Class androidx.room.compiler.processing.XProcessingStep                               : loaded 2 times (x 68B)
Class dagger.internal.codegen.binding.AutoValue_OptionalBindingDeclaration            : loaded 2 times (x 73B)
Class [Lcom.google.common.cache.LocalCache$Segment;                                   : loaded 2 times (x 67B)
Class org.gradle.api.internal.classpath.Module                                        : loaded 2 times (x 68B)
Class com.squareup.javapoet.FieldSpec                                                 : loaded 2 times (x 70B)
Class dagger.internal.codegen.DelegateComponentProcessor                              : loaded 2 times (x 70B)
Class dagger.spi.internal.shaded.androidx.room.compiler.processing.javac.JavacAnnotation$declaredAnnotationValues$2: loaded 2 times (x 77B)
Class com.google.common.io.ByteSource$ByteArrayByteSource                             : loaded 2 times (x 83B)
Class dagger.internal.codegen.binding.MethodSignatureFormatter$1                      : loaded 2 times (x 85B)
Class dagger.internal.codegen.binding.ComponentDescriptor_Factory_Factory             : loaded 2 times (x 77B)
Class dagger.internal.codegen.DaggerDelegateComponentProcessor_Injector$InjectorImpl  : loaded 2 times (x 73B)
Class dagger.hilt.processor.internal.definecomponent.DefineComponentProcessor         : loaded 2 times (x 98B)
Class com.google.common.cache.CacheBuilder$3                                          : loaded 2 times (x 70B)
Class dagger.spi.internal.shaded.androidx.room.jarjarred.kotlinx.metadata.internal.metadata.ProtoBuf$Type$1: loaded 2 times (x 142B)
Class com.google.common.collect.Multimaps$CustomSetMultimap                           : loaded 2 times (x 176B)
Class dagger.internal.codegen.validation.BindsInstanceParameterValidator_Factory      : loaded 2 times (x 77B)
Class android.databinding.tool.store.GenClassInfoLog$GenClassImpl                     : loaded 2 times (x 70B)
Class com.google.common.base.Splitter$Strategy                                        : loaded 2 times (x 68B)
Class com.google.common.cache.CacheBuilder$2                                          : loaded 2 times (x 77B)
Class android.databinding.tool.LibTypes$inverseBindingListener$2                      : loaded 2 times (x 77B)
Class dagger.internal.codegen.binding.$AutoValue_MultibindingDeclaration              : loaded 2 times (x 77B)
Class com.google.common.base.Splitter$1$1                                             : loaded 2 times (x 84B)
Class com.google.common.cache.CacheBuilder$1                                          : loaded 2 times (x 83B)
Class dagger.spi.internal.shaded.androidx.room.jarjarred.kotlinx.metadata.internal.ReadUtilsKt: loaded 2 times (x 69B)
Class dagger.internal.codegen.model.DiagnosticReporter                                : loaded 2 times (x 73B)
Class dagger.spi.internal.shaded.androidx.room.jarjarred.kotlinx.metadata.KmType      : loaded 2 times (x 81B)
Class [Ldagger.internal.codegen.model.RequestKind;                                    : loaded 2 times (x 67B)
Class dagger.spi.model.BindingGraph$Edge                                              : loaded 2 times (x 68B)
Class com.google.common.cache.CacheLoader$FunctionToCacheLoader                       : loaded 2 times (x 73B)
Class dagger.internal.codegen.validation.DiagnosticReporterFactory$DiagnosticReporterImpl: loaded 2 times (x 74B)
Class dagger.spi.internal.shaded.androidx.room.jarjarred.kotlinx.metadata.internal.FlagImpl: loaded 2 times (x 69B)
Class dagger.spi.internal.shaded.auto.common.MoreTypes$TypeVariableVisitor            : loaded 2 times (x 100B)
Class com.squareup.javapoet.LineWrapper$RecordingAppendable                           : loaded 2 times (x 75B)
Class android.databinding.tool.store.ResourceBundle$LayoutFileBundle                  : loaded 2 times (x 101B)
Class com.squareup.javapoet.MethodSpec$Builder                                        : loaded 2 times (x 70B)
Class dagger.internal.codegen.validation.ModuleValidator                              : loaded 2 times (x 70B)
Class dagger.internal.codegen.processingstep.AssistedProcessingStep_Factory           : loaded 2 times (x 77B)
Class com.google.common.io.Files                                                      : loaded 2 times (x 69B)
Class dagger.spi.internal.shaded.androidx.room.compiler.processing.XElement           : loaded 2 times (x 68B)
Class dagger.spi.internal.shaded.androidx.room.jarjarred.kotlinx.metadata.internal.protobuf.SmallSortedMap$Entry: loaded 2 times (x 86B)
Class dagger.spi.internal.shaded.androidx.room.jarjarred.kotlinx.metadata.internal.metadata.ProtoBuf$Effect$InvocationKind$1: loaded 2 times (x 72B)
Class dagger.spi.internal.shaded.androidx.room.compiler.processing.XPackageElement    : loaded 2 times (x 68B)
Class dagger.internal.codegen.base.AutoValue_ComponentAnnotation                      : loaded 2 times (x 74B)
Class org.gradle.api.internal.classpath.EffectiveClassPath                            : loaded 2 times (x 88B)
Class [Lorg.objectweb.asm.Attribute;                                                  : loaded 2 times (x 67B)
Class dagger.spi.internal.shaded.androidx.room.compiler.processing.javac.JavacProcessingEnv$typeElementStore$3: loaded 2 times (x 77B)
Class dagger.spi.internal.shaded.auto.common.Overrides$ExplicitOverrides              : loaded 2 times (x 74B)
Class dagger.internal.codegen.binding.BindingGraphFactory_Factory                     : loaded 2 times (x 77B)
Class androidx.room.processor.Context                                                 : loaded 2 times (x 70B)
Class dagger.spi.internal.shaded.androidx.room.compiler.processing.javac.JavacProcessingEnv$typeElementStore$2: loaded 2 times (x 76B)
Class dagger.spi.internal.shaded.androidx.room.jarjarred.kotlinx.metadata.KmClass     : loaded 2 times (x 96B)
Class dagger.spi.internal.shaded.androidx.room.compiler.processing.javac.JavacProcessingEnv$typeElementStore$1: loaded 2 times (x 77B)
Class dagger.internal.codegen.binding.OptionalBindingDeclaration_Factory_Factory      : loaded 2 times (x 77B)
Class [Ldagger.internal.codegen.compileroption.FeatureStatus;                         : loaded 2 times (x 67B)
Class com.google.common.base.CharMatcher$None                                         : loaded 2 times (x 110B)
Class dagger.internal.codegen.validation.MembersInjectionValidator_Factory            : loaded 2 times (x 77B)
Class dagger.internal.codegen.processingstep.MultibindingAnnotationsProcessingStep    : loaded 2 times (x 84B)
Class com.google.common.reflect.Types$TypeVariableInvocationHandler                   : loaded 2 times (x 73B)
Class dagger.internal.codegen.binding.AutoValue_ComponentDescriptor                   : loaded 2 times (x 88B)
Class dagger.spi.internal.shaded.androidx.room.compiler.processing.javac.JavacBasicAnnotationProcessor$commonDelegate$2: loaded 2 times (x 77B)
Class dagger.internal.codegen.xprocessing.XTypeElements                               : loaded 2 times (x 69B)
Class com.google.common.reflect.Types$ClassOwnership                                  : loaded 2 times (x 78B)
Class dagger.spi.internal.shaded.androidx.room.jarjarred.kotlinx.metadata.internal.protobuf.WireFormat: loaded 2 times (x 69B)
Class [Ldagger.spi.internal.shaded.androidx.room.jarjarred.kotlinx.metadata.internal.metadata.ProtoBuf$VersionRequirement$VersionKind;: loaded 2 times (x 67B)
Class dagger.spi.internal.shaded.androidx.room.jarjarred.kotlinx.metadata.internal.FlagDelegatesImplKt$valueParameterBooleanFlag$1: loaded 2 times (x 135B)
Class dagger.spi.internal.shaded.androidx.room.compiler.processing.javac.JavacTypeElement$_declaredFields$2: loaded 2 times (x 77B)
Class [Ldagger.hilt.processor.internal.optionvalues.BooleanValue;                     : loaded 2 times (x 67B)
Class dagger.spi.internal.shaded.androidx.room.jarjarred.kotlinx.metadata.internal.protobuf.ByteString$ByteIterator: loaded 2 times (x 68B)
Class [Landroid.databinding.annotationprocessor.ProcessDataBinding$ProcessingStep;    : loaded 2 times (x 67B)
Class dagger.spi.internal.shaded.androidx.room.jarjarred.kotlinx.metadata.internal.metadata.ProtoBuf$Function: loaded 2 times (x 147B)
Class dagger.internal.codegen.base.ElementFormatter_Factory                           : loaded 2 times (x 76B)
Class [Lorg.objectweb.asm.AnnotationWriter;                                           : loaded 2 times (x 67B)
Class dagger.internal.codegen.processingstep.BindsInstanceProcessingStep              : loaded 2 times (x 84B)
Class org.gradle.internal.service.CachingServiceLocator                               : loaded 2 times (x 80B)
Class dagger.internal.codegen.binding.DelegateDeclaration                             : loaded 2 times (x 78B)
Class android.databinding.annotationprocessor.ProcessExpressions$Intermediate         : loaded 2 times (x 68B)
Class kotlin.sequences.GeneratorSequence$iterator$1                                   : loaded 2 times (x 77B)
Class dagger.internal.codegen.processingstep.MonitoringModuleProcessingStep_Factory   : loaded 2 times (x 77B)
Class dagger.spi.internal.shaded.androidx.room.jarjarred.kotlinx.metadata.internal.extensions.ExtensionUtilsKt: loaded 2 times (x 69B)
Class dagger.internal.codegen.writing.FactoryGenerator_Factory                        : loaded 2 times (x 77B)
Class dagger.spi.internal.shaded.androidx.room.jarjarred.kotlinx.metadata.internal.protobuf.CodedInputStream: loaded 2 times (x 70B)
Class [Ldagger.internal.codegen.javapoet.AnnotationSpecs$Suppression;                 : loaded 2 times (x 67B)
Class dagger.internal.DaggerGenerated                                                 : loaded 2 times (x 68B)
Class dagger.internal.codegen.binding.FrameworkTypeMapper                             : loaded 2 times (x 78B)
Class dagger.internal.codegen.processingstep.ComponentHjarProcessingStep              : loaded 2 times (x 84B)
Class dagger.internal.codegen.bindinggraphvalidation.DuplicateBindingsValidator_Factory: loaded 2 times (x 77B)
Class android.databinding.annotationprocessor.ProcessExpressionsFromV1Compat$Companion: loaded 2 times (x 69B)
Class com.squareup.kotlinpoet.Taggable                                                : loaded 2 times (x 68B)
Class kotlin.jvm.internal.FunctionReferenceImpl                                       : loaded 2 times (x 120B)
Class android.databinding.tool.CompilerArguments$Companion$stringToFileList$1         : loaded 2 times (x 76B)
Class com.squareup.javapoet.TypeName                                                  : loaded 2 times (x 79B)
Class dagger.internal.codegen.model.BindingGraph$MaybeBinding                         : loaded 2 times (x 68B)
Class dagger.spi.internal.shaded.androidx.room.jarjarred.kotlinx.metadata.ClassKind   : loaded 2 times (x 77B)
Class dagger.internal.codegen.validation.DependencyRequestValidator$Validator         : loaded 2 times (x 70B)
Class com.google.gson.internal.Streams                                                : loaded 2 times (x 69B)
Class dagger.hilt.processor.internal.HiltCompilerOptions$EnumOption                   : loaded 2 times (x 70B)
Class dagger.spi.internal.shaded.androidx.room.jarjarred.kotlinx.metadata.internal.protobuf.CodedOutputStream$ByteBufferOutputStream: loaded 2 times (x 84B)
Class dagger.internal.codegen.DaggerDelegateComponentProcessor_Injector               : loaded 2 times (x 69B)
Class android.databinding.tool.store.SetterStore$InverseMethodDescription             : loaded 2 times (x 75B)
Class [Landroidx.room.compiler.processing.XProcessingEnv$Backend;                     : loaded 2 times (x 67B)
Class [Ldagger.internal.codegen.writing.FactoryGenerator$FactoryCreationStrategy;     : loaded 2 times (x 67B)
Class dagger.internal.codegen.binding.MethodSignatureFormatter_Factory                : loaded 2 times (x 77B)
Class dagger.spi.internal.shaded.androidx.room.jarjarred.kotlinx.metadata.internal.metadata.ProtoBuf$Function$1: loaded 2 times (x 142B)
Class com.squareup.kotlinpoet.WildcardTypeName                                        : loaded 2 times (x 84B)
Class com.google.devtools.ksp.symbol.KSAnnotated                                      : loaded 2 times (x 68B)
Class org.gradle.internal.classpath.DefaultClassPath                                  : loaded 2 times (x 88B)
Class dagger.internal.codegen.processingstep.AssistedFactoryProcessingStep_Factory    : loaded 2 times (x 77B)
Class dagger.internal.codegen.validation.InjectBindingRegistryImpl                    : loaded 2 times (x 79B)
Class android.databinding.tool.store.BindingAdapterStore$merge$$inlined$merge$5$1     : loaded 2 times (x 75B)
Class dagger.spi.internal.shaded.androidx.room.jarjarred.kotlinx.metadata.internal.metadata.jvm.deserialization.JvmMetadataVersion: loaded 2 times (x 72B)
Class android.databinding.tool.reflection.ImportBag                                   : loaded 2 times (x 70B)
Class androidx.databinding.InverseBindingMethods                                      : loaded 2 times (x 68B)
Class dagger.internal.codegen.binding.SourceFiles_Factory                             : loaded 2 times (x 76B)
Class android.databinding.tool.writer.BindingMapperWriterV2$Companion                 : loaded 2 times (x 69B)
Class com.squareup.kotlinpoet.ClassNames                                              : loaded 2 times (x 69B)
Class dagger.spi.internal.shaded.androidx.room.jarjarred.kotlinx.metadata.internal.protobuf.Internal$EnumLite: loaded 2 times (x 68B)
Class dagger.spi.internal.shaded.androidx.room.jarjarred.kotlinx.metadata.internal.FlagDelegatesImplKt$propertyBooleanFlag$1: loaded 2 times (x 135B)
Class dagger.internal.codegen.base.ComponentCreatorKind                               : loaded 2 times (x 77B)
Class com.sun.xml.bind.marshaller.CharacterEscapeHandler                              : loaded 2 times (x 68B)
Class kotlin.sequences.FlatteningSequence                                             : loaded 2 times (x 73B)
Class dagger.internal.codegen.binding.MultibindingDeclaration$Factory                 : loaded 2 times (x 70B)
Class com.google.common.graph.Traverser$2                                             : loaded 2 times (x 72B)
Class dagger.internal.DoubleCheck                                                     : loaded 2 times (x 78B)
Class [Lcom.google.common.base.Function;                                              : loaded 2 times (x 67B)
Class dagger.internal.codegen.validation.BindingElementValidator$1                    : loaded 2 times (x 69B)
Class com.google.common.graph.Traverser$1                                             : loaded 2 times (x 72B)
Class dagger.internal.codegen.base.MapType                                            : loaded 2 times (x 78B)
Class dagger.spi.internal.shaded.androidx.room.compiler.processing.util.NamingUtilsKt : loaded 2 times (x 69B)
Class dagger.spi.internal.shaded.androidx.room.compiler.processing.ksp.KSTypeJavaPoetExtKt: loaded 2 times (x 69B)
Class dagger.internal.codegen.bindinggraphvalidation.ProvisionDependencyOnProducerBindingValidator_Factory$InstanceHolder: loaded 2 times (x 69B)
Class androidx.room.compiler.processing.XProcessingEnv$Backend                        : loaded 2 times (x 77B)
Class com.google.common.util.concurrent.AbstractFuture$SetFuture                      : loaded 2 times (x 73B)
Class dagger.spi.internal.shaded.androidx.room.compiler.processing.javac.JavacType$xTypeName$2: loaded 2 times (x 77B)
Class dagger.internal.codegen.binding.AutoValue_ProvisionBinding                      : loaded 2 times (x 94B)
Class android.databinding.tool.store.BindingAdapterStore$Companion                    : loaded 2 times (x 69B)
Class dagger.internal.codegen.validation.SpiModelBindingGraphConverter$DiagnosticReporterImpl: loaded 2 times (x 74B)
Class dagger.spi.internal.shaded.androidx.room.jarjarred.kotlinx.metadata.jvm.JvmMetadataVersion$Companion: loaded 2 times (x 69B)
Class dagger.spi.internal.shaded.androidx.room.compiler.processing.javac.kotlin.KmVisibility: loaded 2 times (x 68B)
Class com.google.common.cache.ReferenceEntry                                          : loaded 2 times (x 68B)
Class dagger.spi.internal.shaded.androidx.room.jarjarred.kotlinx.metadata.internal.extensions.KmPropertyExtension: loaded 2 times (x 68B)
Class android.databinding.tool.reflection.ModelAnalyzer$viewStubProxyType$2           : loaded 2 times (x 77B)
Class dagger.spi.internal.shaded.androidx.room.compiler.processing.javac.JavacAnnotationValue$value$2: loaded 2 times (x 77B)
Class dagger.spi.internal.shaded.androidx.room.compiler.processing.javac.kotlin.KmClassContainer$primaryConstructorSignature$2: loaded 2 times (x 77B)
Class [Ldagger.internal.codegen.model.BindingGraphPlugin;                             : loaded 2 times (x 67B)
Class dagger.internal.codegen.xprocessing.XExecutableTypes                            : loaded 2 times (x 69B)
Class dagger.spi.model.BindingGraph$Node                                              : loaded 2 times (x 68B)
Class dagger.spi.internal.shaded.androidx.room.compiler.processing.XVariableElement   : loaded 2 times (x 68B)
Class kotlin.collections.builders.MapBuilder$Itr                                      : loaded 2 times (x 70B)
Class dagger.internal.codegen.binding.BindsTypeChecker$1                              : loaded 2 times (x 69B)
Class dagger.spi.internal.shaded.androidx.room.compiler.codegen.XClassName$Companion  : loaded 2 times (x 69B)
Class dagger.internal.codegen.writing.InaccessibleMapKeyProxyGenerator                : loaded 2 times (x 75B)
Class dagger.internal.codegen.bindinggraphvalidation.ProvisionDependencyOnProducerBindingValidator_Factory: loaded 2 times (x 76B)
Class org.jetbrains.kotlin.config.LanguageFeature$State                               : loaded 2 times (x 80B)
Class kotlin.sequences.FlatteningSequence$iterator$1                                  : loaded 2 times (x 77B)
Class dagger.spi.internal.shaded.androidx.room.compiler.processing.javac.JavacMethodElement$executableType$2: loaded 2 times (x 77B)
Class android.databinding.tool.LibTypes$viewDataBinding$2                             : loaded 2 times (x 77B)
Class dagger.spi.internal.shaded.androidx.room.jarjarred.kotlinx.metadata.internal.metadata.jvm.JvmProtoBuf$StringTableTypesOrBuilder: loaded 2 times (x 68B)
Class android.databinding.tool.store.ResourceBundle$IncludedLayout                    : loaded 2 times (x 70B)
Class dagger.hilt.processor.internal.aggregateddeps.AggregatedDepsProcessor           : loaded 2 times (x 98B)
Class dagger.hilt.processor.internal.uninstallmodules.UninstallModulesProcessor       : loaded 2 times (x 98B)
Class dagger.internal.codegen.validation.BindingMethodValidator                       : loaded 2 times (x 76B)
Class [Lcom.squareup.javapoet.LineWrapper$FlushType;                                  : loaded 2 times (x 67B)
Class dagger.spi.internal.shaded.androidx.room.jarjarred.kotlinx.metadata.internal.protobuf.AbstractMessageLite$Builder: loaded 2 times (x 120B)
Class dagger.internal.codegen.model.AutoValue_Scope                                   : loaded 2 times (x 71B)
Class dagger.internal.codegen.validation.DiagnosticMessageGenerator_Factory_Factory   : loaded 2 times (x 77B)
Class dagger.internal.codegen.model.RequestKind                                       : loaded 2 times (x 77B)
Class androidx.databinding.BindingMethods                                             : loaded 2 times (x 68B)
Class dagger.spi.internal.shaded.androidx.room.jarjarred.kotlinx.metadata.jvm.JvmMemberSignatureKt: loaded 2 times (x 69B)
Class com.google.common.base.Splitter$SplittingIterator                               : loaded 2 times (x 82B)
Class com.squareup.kotlinpoet.ClassName$special$$inlined$thenBy$1                     : loaded 2 times (x 88B)
Class dagger.internal.codegen.base.AutoValue_ModuleAnnotation                         : loaded 2 times (x 74B)
Class com.squareup.kotlinpoet.ClassName$special$$inlined$thenBy$2                     : loaded 2 times (x 88B)
Class dagger.spi.internal.shaded.androidx.room.jarjarred.kotlinx.metadata.Attributes$hasAnnotations$10: loaded 2 times (x 135B)
Class dagger.spi.internal.shaded.androidx.room.jarjarred.kotlinx.metadata.internal.metadata.deserialization.Flags$EnumLiteFlagField: loaded 2 times (x 74B)
Class android.databinding.tool.LibTypes$bindingAdapter$2                              : loaded 2 times (x 77B)
Class dagger.spi.internal.shaded.androidx.room.jarjarred.kotlinx.metadata.internal.metadata.ProtoBuf$Class: loaded 2 times (x 178B)
Class dagger.spi.internal.shaded.androidx.room.jarjarred.kotlinx.metadata.internal.metadata.jvm.deserialization.JvmNameResolverBase$Companion: loaded 2 times (x 69B)
Class androidx.room.compiler.processing.javac.JavacBasicAnnotationProcessor$steps$2   : loaded 2 times (x 77B)
Class org.gradle.internal.IoActions                                                   : loaded 2 times (x 69B)
Class dagger.spi.internal.shaded.androidx.room.compiler.processing.XAnnotation        : loaded 2 times (x 68B)
Class dagger.spi.internal.shaded.androidx.room.jarjarred.kotlinx.metadata.Attributes$hasAnnotations$14: loaded 2 times (x 135B)
Class dagger.spi.internal.shaded.androidx.room.jarjarred.kotlinx.metadata.jvm.JvmFieldSignature: loaded 2 times (x 72B)
Class com.google.common.graph.BaseGraph                                               : loaded 2 times (x 68B)
Class dagger.internal.codegen.ServiceLoaders                                          : loaded 2 times (x 69B)
Class android.databinding.tool.LibTypes$viewBinding$2                                 : loaded 2 times (x 77B)
Class dagger.internal.codegen.processingstep.ComponentHjarProcessingStep_Factory      : loaded 2 times (x 77B)
Class dagger.internal.codegen.validation.ComponentDescriptorValidator                 : loaded 2 times (x 70B)
Class dagger.spi.internal.shaded.androidx.room.compiler.processing.XFiler$Mode        : loaded 2 times (x 77B)
Class net.ltgt.gradle.incap.IncrementalAnnotationProcessorType                        : loaded 2 times (x 77B)
Class dagger.spi.internal.shaded.androidx.room.compiler.processing.javac.kotlin.KmConstructorContainer: loaded 2 times (x 98B)
Class com.google.common.reflect.TypeParameter                                         : loaded 2 times (x 70B)
Class dagger.hilt.processor.internal.HiltCompilerOptions                              : loaded 2 times (x 69B)
Class androidx.databinding.InverseBindingAdapter                                      : loaded 2 times (x 68B)
Class dagger.spi.internal.shaded.androidx.room.compiler.processing.XTypeVariableType  : loaded 2 times (x 68B)
Class com.google.common.cache.LocalCache$LocalManualCache$1                           : loaded 2 times (x 73B)
Class dagger.spi.model.DaggerProcessingEnv                                            : loaded 2 times (x 73B)
Class dagger.internal.codegen.validation.DiagnosticReporterFactory                    : loaded 2 times (x 70B)
Class dagger.internal.codegen.validation.MultibindsMethodValidator$Validator          : loaded 2 times (x 78B)
Class dagger.spi.internal.shaded.androidx.room.compiler.processing.javac.VisitorData  : loaded 2 times (x 70B)
Class dagger.spi.internal.shaded.androidx.room.jarjarred.kotlinx.metadata.Attributes$hasAnnotations$18: loaded 2 times (x 135B)
Class [Ldagger.spi.internal.shaded.androidx.room.jarjarred.kotlinx.metadata.internal.metadata.ProtoBuf$Visibility;: loaded 2 times (x 67B)
Class kotlin.ranges.IntProgressionIterator                                            : loaded 2 times (x 80B)
Class Build_gradle$1                                                                  : loaded 2 times (x 72B)
Class dagger.spi.internal.shaded.androidx.room.compiler.processing.javac.JavacArrayType$componentType$2: loaded 2 times (x 77B)
Class dagger.internal.codegen.binding.BindingType                                     : loaded 2 times (x 77B)
Class Build_gradle$2                                                                  : loaded 2 times (x 76B)
Class [Ldagger.spi.internal.shaded.androidx.room.compiler.processing.XType;           : loaded 2 times (x 67B)
Class android.databinding.tool.LibTypes$observable$2                                  : loaded 2 times (x 77B)
Class com.google.common.reflect.Types$ClassOwnership$1LocalClass                      : loaded 2 times (x 69B)
Class org.jetbrains.kotlin.config.ExplicitApiMode                                     : loaded 2 times (x 77B)
Class dagger.spi.internal.shaded.androidx.room.jarjarred.kotlinx.metadata.internal.protobuf.MessageLite$Builder: loaded 2 times (x 68B)
Class dagger.internal.codegen.processingstep.TypeCheckingProcessingStep               : loaded 2 times (x 84B)
Class dagger.internal.codegen.validation.ModuleValidator$ModuleMethodKind             : loaded 2 times (x 77B)
Class dagger.internal.codegen.processingstep.AssistedInjectProcessingStep_Factory     : loaded 2 times (x 77B)
Class dagger.spi.internal.shaded.androidx.room.jarjarred.kotlinx.metadata.internal.ReadersKt$WhenMappings: loaded 2 times (x 69B)
Class dagger.spi.internal.shaded.androidx.room.jarjarred.kotlinx.metadata.internal.FlagDelegatesImplKt: loaded 2 times (x 69B)
Class dagger.spi.internal.shaded.androidx.room.jarjarred.kotlinx.metadata.internal.ReadContext: loaded 2 times (x 70B)
Class dagger.internal.codegen.processingstep.BindingMethodProcessingStep_Factory      : loaded 2 times (x 77B)
Class dagger.internal.codegen.binding.KeyFactory$1                                    : loaded 2 times (x 69B)
Class com.google.common.util.concurrent.AbstractFuture$UnsafeAtomicHelper             : loaded 2 times (x 76B)
Class dagger.spi.internal.shaded.androidx.room.jarjarred.kotlinx.metadata.jvm.internal.JvmReadUtils: loaded 2 times (x 69B)
Class android.databinding.tool.reflection.ModelAnalyzer$Companion                     : loaded 2 times (x 69B)
Class android.databinding.tool.util.RelativizableFile                                 : loaded 2 times (x 70B)
Class dagger.spi.internal.shaded.androidx.room.compiler.processing.javac.JavacTypeElement$kotlinMetadata$2: loaded 2 times (x 77B)
Class com.squareup.javapoet.ClassName                                                 : loaded 2 times (x 82B)
Class com.sun.xml.bind.v2.runtime.MarshallerImpl                                      : loaded 2 times (x 126B)
Class androidx.room.util.SimpleJavaVersion$Companion                                  : loaded 2 times (x 69B)
Class org.objectweb.asm.SymbolTable$Entry                                             : loaded 2 times (x 72B)
Class [Lcom.google.common.cache.LocalCache$EntryFactory;                              : loaded 2 times (x 67B)
Class dagger.hilt.android.processor.internal.bindvalue.AutoValue_BindValueMetadata    : loaded 2 times (x 72B)
Class [Ldagger.internal.codegen.validation.BindingMethodValidator$Abstractness;       : loaded 2 times (x 67B)
Class dagger.internal.codegen.binding.OptionalBindingDeclaration                      : loaded 2 times (x 72B)
Class dagger.internal.codegen.kotlin.KotlinMetadataFactory_Factory                    : loaded 2 times (x 76B)
Class android.databinding.tool.util.SymbolTableUtil                                   : loaded 2 times (x 69B)
Class dagger.spi.internal.shaded.androidx.room.compiler.processing.XTypeElement       : loaded 2 times (x 68B)
Class dagger.internal.codegen.validation.DiagnosticMessageGenerator$Factory           : loaded 2 times (x 70B)
Class kotlin.coroutines.jvm.internal.ContinuationImpl                                 : loaded 2 times (x 85B)
Class kotlin.collections.builders.ListBuilder$Companion                               : loaded 2 times (x 69B)
Class [Ldagger.spi.internal.shaded.androidx.room.compiler.processing.XProcessingEnv$Backend;: loaded 2 times (x 67B)
Class dagger.hilt.android.processor.internal.viewmodel.ViewModelMetadata              : loaded 2 times (x 70B)
Class dagger.spi.internal.shaded.androidx.room.compiler.processing.javac.JavacBasicAnnotationProcessor$2: loaded 2 times (x 77B)
Class dagger.internal.codegen.model.$AutoValue_Key$Builder                            : loaded 2 times (x 76B)
Class dagger.internal.codegen.base.AutoValue_MapType                                  : loaded 2 times (x 78B)
Class dagger.spi.internal.shaded.androidx.room.compiler.processing.javac.JavacTypeElement$DefaultJavacTypeElement: loaded 2 times (x 298B)
Class dagger.spi.internal.shaded.androidx.room.compiler.processing.javac.JavacFieldElement$kotlinMetadata$2: loaded 2 times (x 77B)
Class dagger.spi.internal.shaded.androidx.room.compiler.processing.XNullability       : loaded 2 times (x 77B)
Class dagger.internal.codegen.binding.ProvisionBinding                                : loaded 2 times (x 93B)
Class dagger.hilt.processor.internal.root.RootType                                    : loaded 2 times (x 77B)
Class com.google.common.base.Enums                                                    : loaded 2 times (x 69B)
Class dagger.internal.codegen.model.DaggerElement                                     : loaded 2 times (x 71B)
Class android.databinding.tool.writer.BindingMapperWriterV2$createLocalizedLayoutIds$1$2: loaded 2 times (x 77B)
Class dagger.spi.internal.shaded.androidx.room.compiler.processing.javac.JavacMethodType$typeVariables$2: loaded 2 times (x 77B)
Class dagger.spi.internal.shaded.androidx.room.compiler.processing.javac.JavacMethodElement$returnType$2: loaded 2 times (x 77B)
Class dagger.internal.codegen.bindinggraphvalidation.BindingGraphValidationModule_ProvidePluginsFactory: loaded 2 times (x 77B)
Class dagger.spi.internal.shaded.androidx.room.compiler.processing.XTypeKt            : loaded 2 times (x 69B)
Class dagger.spi.internal.shaded.androidx.room.compiler.processing.InternalXAnnotationValue$Companion: loaded 2 times (x 69B)
Class dagger.spi.internal.shaded.androidx.room.jarjarred.kotlinx.metadata.internal.metadata.deserialization.VersionRequirementTable$Companion: loaded 2 times (x 69B)
Class dagger.spi.internal.shaded.androidx.room.compiler.processing.javac.kotlin.KmFunctionContainer: loaded 2 times (x 68B)
Class dagger.spi.internal.shaded.androidx.room.jarjarred.kotlinx.metadata.jvm.JvmTypeExtensionVisitor: loaded 2 times (x 78B)
Class android.databinding.tool.Context                                                : loaded 2 times (x 69B)
Class com.google.common.util.concurrent.ListenableFuture                              : loaded 2 times (x 68B)
Class dagger.spi.internal.shaded.androidx.room.compiler.processing.javac.JavacProcessingEnv$WhenMappings: loaded 2 times (x 69B)
Class dagger.spi.internal.shaded.androidx.room.jarjarred.kotlinx.metadata.KmPropertyExtensionVisitor: loaded 2 times (x 68B)
Class dagger.internal.codegen.binding.InjectionSiteFactory_Factory                    : loaded 2 times (x 77B)
Class dagger.spi.internal.shaded.androidx.room.jarjarred.kotlinx.metadata.internal.metadata.ProtoBuf$PropertyOrBuilder: loaded 2 times (x 68B)
Class dagger.spi.internal.shaded.androidx.room.jarjarred.kotlinx.metadata.jvm.internal.JvmExtensionNodesKt: loaded 2 times (x 69B)
Class dagger.spi.internal.shaded.androidx.room.jarjarred.kotlinx.metadata.KmFunctionExtensionVisitor: loaded 2 times (x 68B)
Class dagger.internal.codegen.xprocessing.XTypes$1                                    : loaded 2 times (x 69B)
Class [Ldagger.internal.codegen.validation.BindingElementValidator$AllowsScoping;     : loaded 2 times (x 67B)
Class dagger.spi.internal.shaded.androidx.room.jarjarred.kotlinx.metadata.Attributes$hasAnnotations$22: loaded 2 times (x 135B)
Class dagger.internal.codegen.base.FrameworkTypes                                     : loaded 2 times (x 69B)
Class dagger.internal.codegen.binding.BindingGraphFactory                             : loaded 2 times (x 73B)
Class dagger.spi.internal.shaded.androidx.room.jarjarred.kotlinx.metadata.internal.FlagDelegatesImplKt$constructorBooleanFlag$1: loaded 2 times (x 135B)
Class dagger.spi.internal.shaded.androidx.room.compiler.processing.javac.JavacType    : loaded 2 times (x 185B)
Class com.google.common.base.CharMatcher$Whitespace                                   : loaded 2 times (x 110B)
Class android.databinding.tool.store.BindingAdapterStore$merge$$inlined$merge$4$1     : loaded 2 times (x 75B)
Class dagger.internal.codegen.xprocessing.XTypes$XTypeEquivalence                     : loaded 2 times (x 82B)
Class dagger.spi.internal.shaded.androidx.room.jarjarred.kotlinx.metadata.Attributes$hasAnnotations$26: loaded 2 times (x 135B)
Class dagger.internal.codegen.xprocessing.XProcessingEnvs$1                           : loaded 2 times (x 69B)
Class dagger.internal.codegen.componentgenerator.ComponentHjarGenerator               : loaded 2 times (x 75B)
Class [Ldagger.spi.internal.shaded.androidx.room.jarjarred.kotlinx.metadata.internal.metadata.ProtoBuf$Type$Argument$Projection;: loaded 2 times (x 67B)
Class android.databinding.tool.LibTypes$lifecycleOwner$2                              : loaded 2 times (x 77B)
Class com.google.common.cache.CacheLoader$UnsupportedLoadingOperationException        : loaded 2 times (x 80B)
Class dagger.spi.internal.shaded.androidx.room.jarjarred.kotlinx.metadata.internal.metadata.jvm.JvmProtoBuf$StringTableTypes$Record$Operation$1: loaded 2 times (x 72B)
Class dagger.spi.internal.shaded.androidx.room.jarjarred.kotlinx.metadata.internal.protobuf.AbstractParser: loaded 2 times (x 142B)
Class kotlin.collections.MapWithDefaultImpl                                           : loaded 2 times (x 124B)
Class org.apache.commons.io.filefilter.OrFileFilter                                   : loaded 2 times (x 92B)
Class [Ldagger.internal.codegen.model.DependencyRequest;                              : loaded 2 times (x 67B)
Class android.databinding.tool.store.BindingAdapterStore                              : loaded 2 times (x 73B)
Class dagger.spi.internal.shaded.androidx.room.compiler.codegen.XTypeNameKt           : loaded 2 times (x 69B)
Class [Ldagger.spi.internal.shaded.androidx.room.jarjarred.kotlinx.metadata.KmVariance;: loaded 2 times (x 67B)
Class dagger.spi.internal.shaded.androidx.room.jarjarred.kotlinx.metadata.jvm.JvmMetadataVersion: loaded 2 times (x 72B)
Class dagger.hilt.processor.internal.ClassNames                                       : loaded 2 times (x 69B)
Class dagger.spi.internal.shaded.androidx.room.jarjarred.kotlinx.metadata.KmFunctionVisitor: loaded 2 times (x 79B)
Class com.google.common.collect.AbstractMapBasedMultimap$WrappedSet                   : loaded 2 times (x 140B)
Class dagger.spi.internal.shaded.androidx.room.compiler.processing.javac.kotlin.KmClassContainer$constructorList$2: loaded 2 times (x 77B)
Class org.gradle.api.specs.Spec                                                       : loaded 2 times (x 68B)
Class dagger.internal.codegen.validation.ComponentHierarchyValidator_Factory          : loaded 2 times (x 77B)
Class org.gradle.api.internal.classpath.ManifestUtil                                  : loaded 2 times (x 69B)
Class dagger.spi.internal.shaded.androidx.room.jarjarred.kotlinx.metadata.internal.metadata.jvm.deserialization.JvmMemberSignature: loaded 2 times (x 72B)
Class dagger.internal.codegen.bindinggraphvalidation.SubcomponentFactoryMethodValidator_Factory$InstanceHolder: loaded 2 times (x 69B)
Class dagger.internal.codegen.bindinggraphvalidation.NullableBindingValidator         : loaded 2 times (x 83B)
Class dagger.spi.internal.shaded.androidx.room.compiler.processing.javac.JavacTypeVariableType: loaded 2 times (x 209B)
Class com.squareup.javapoet.ParameterizedTypeName                                     : loaded 2 times (x 79B)
Class com.google.common.collect.Iterators$10                                          : loaded 2 times (x 79B)
Class com.google.common.reflect.TypeResolver$TypeTable$1                              : loaded 2 times (x 71B)
Class dagger.internal.codegen.binding.DelegateDeclaration_Factory_Factory             : loaded 2 times (x 77B)
Class com.google.common.util.concurrent.Uninterruptibles                              : loaded 2 times (x 69B)
Class dagger.spi.internal.shaded.androidx.room.compiler.processing.javac.JavacAnnotationValueKt: loaded 2 times (x 69B)
Class dagger.internal.codegen.compileroption.ProcessingEnvironmentCompilerOptions$Validation: loaded 2 times (x 91B)
Class [Ldagger.spi.internal.shaded.androidx.room.jarjarred.kotlinx.metadata.MemberKind;: loaded 2 times (x 67B)
Class kotlin.sequences.GeneratorSequence                                              : loaded 2 times (x 73B)
Class kotlin.Triple                                                                   : loaded 2 times (x 70B)
Class dagger.internal.codegen.extension.Optionals                                     : loaded 2 times (x 69B)
Class com.google.common.util.concurrent.AbstractFuture$Waiter                         : loaded 2 times (x 70B)
Class dagger.hilt.processor.internal.optionvalues.BooleanValue                        : loaded 2 times (x 77B)
Class dagger.internal.codegen.processingstep.ModuleProcessingStep_Factory             : loaded 2 times (x 77B)
Class dagger.spi.internal.shaded.androidx.room.jarjarred.kotlinx.metadata.internal.metadata.ProtoBuf$VersionRequirement$VersionKind$1: loaded 2 times (x 72B)
Class dagger.internal.codegen.xprocessing.XAnnotationValues                           : loaded 2 times (x 69B)
Class com.google.common.cache.CacheLoader                                             : loaded 2 times (x 72B)
Class dagger.internal.codegen.validation.ProducesMethodValidator$Validator            : loaded 2 times (x 78B)
Class dagger.spi.internal.shaded.androidx.room.compiler.processing.javac.JavacExecutableType$parameterTypes$2: loaded 2 times (x 77B)
Class dagger.spi.internal.shaded.androidx.room.jarjarred.kotlinx.metadata.jvm.internal.JvmExceptionUtilsKt: loaded 2 times (x 69B)
Class android.databinding.tool.reflection.ModelAnalyzer                               : loaded 2 times (x 75B)
Class com.google.common.collect.ImmutableBiMapFauxverideShim                          : loaded 2 times (x 118B)
Class dagger.internal.codegen.binding.BindingFactory_Factory                          : loaded 2 times (x 77B)
Class androidx.databinding.InverseMethod                                              : loaded 2 times (x 68B)
Class dagger.internal.codegen.base.DaggerSuperficialValidation                        : loaded 2 times (x 70B)
Class org.gradle.internal.classloader.ClassLoaderFactory                              : loaded 2 times (x 68B)
Class org.objectweb.asm.MethodTooLargeException                                       : loaded 2 times (x 81B)
Class dagger.spi.internal.shaded.androidx.room.compiler.processing.javac.JavacVariableElement: loaded 2 times (x 198B)
Class com.google.common.cache.LocalCache$Strength$3                                   : loaded 2 times (x 79B)
Class [[Ldagger.internal.codegen.compileroption.ProcessingEnvironmentCompilerOptions$CommandLineOption;: loaded 2 times (x 67B)
Class com.google.common.cache.LocalCache$Strength$2                                   : loaded 2 times (x 79B)
Class dagger.internal.codegen.binding.MethodSignatureFormatter                        : loaded 2 times (x 84B)
Class com.google.common.cache.LocalCache$Strength$1                                   : loaded 2 times (x 79B)
Class dagger.spi.internal.shaded.androidx.room.jarjarred.kotlinx.metadata.internal.metadata.ProtoBuf$Type: loaded 2 times (x 143B)
Class dagger.spi.internal.shaded.androidx.room.compiler.processing.XHasModifiers      : loaded 2 times (x 68B)
Class dagger.internal.codegen.validation.BindingMethodValidator$MethodValidator       : loaded 2 times (x 78B)
Class dagger.internal.codegen.writing.InjectionMethods$ProvisionMethod                : loaded 2 times (x 69B)
Class android.databinding.tool.store.GenClassInfoLog$GenClassImpl$Companion           : loaded 2 times (x 69B)
Class android.databinding.tool.writer.BindingMapperWriterV2$generateInnerLayoutIdLookup$1$1: loaded 2 times (x 77B)
Class dagger.hilt.processor.internal.root.RootProcessor                               : loaded 2 times (x 98B)
Class com.google.common.reflect.TypeToken                                             : loaded 2 times (x 71B)
Class org.apache.commons.io.filefilter.NotFileFilter                                  : loaded 2 times (x 82B)
Class dagger.internal.codegen.binding.DependencyRequestFormatter_Factory              : loaded 2 times (x 77B)
Class dagger.spi.internal.shaded.androidx.room.jarjarred.kotlinx.metadata.internal.metadata.deserialization.BinaryVersion: loaded 2 times (x 72B)
Class dagger.spi.internal.shaded.androidx.room.jarjarred.kotlinx.metadata.internal.metadata.ProtoBuf$TypeTable: loaded 2 times (x 107B)
Class [Ldagger.spi.internal.shaded.androidx.room.jarjarred.kotlinx.metadata.internal.metadata.ProtoBuf$Modality;: loaded 2 times (x 67B)
Class dagger.internal.codegen.model.$AutoValue_Key                                    : loaded 2 times (x 78B)
Class android.databinding.tool.LibTypes$bindable$2                                    : loaded 2 times (x 77B)
Class dagger.internal.codegen.ServiceLoaders$1                                        : loaded 2 times (x 69B)
Class dagger.spi.internal.shaded.androidx.room.compiler.processing.javac.JavacTypeElement$superClass$2: loaded 2 times (x 77B)
Class com.google.common.cache.Cache                                                   : loaded 2 times (x 68B)
Class dagger.internal.codegen.writing.ProducerFactoryGenerator_Factory                : loaded 2 times (x 77B)
Class dagger.internal.codegen.bindinggraphvalidation.InjectBindingValidator_Factory   : loaded 2 times (x 77B)
Class dagger.spi.internal.shaded.androidx.room.compiler.processing.javac.JavacMethodParameter$jvmName$2: loaded 2 times (x 77B)
Class [Ldagger.internal.codegen.validation.ModuleValidator$ModuleMethodKind;          : loaded 2 times (x 67B)
Class android.databinding.tool.store.GenClassInfoLog                                  : loaded 2 times (x 70B)
Class dagger.internal.codegen.model.AutoValue_DaggerType                              : loaded 2 times (x 73B)
Class android.databinding.tool.reflection.ModelAnalyzer$viewStubType$2                : loaded 2 times (x 77B)
Class android.databinding.tool.writer.BindingMapperWriterV2$generateInnerBrLookup$1$1 : loaded 2 times (x 77B)
Class org.jetbrains.kotlin.config.ApiVersion                                          : loaded 2 times (x 84B)
Class android.databinding.tool.LibTypes$Companion                                     : loaded 2 times (x 69B)
Class org.objectweb.asm.Symbol                                                        : loaded 2 times (x 71B)
Class org.gradle.internal.classloader.SystemClassLoaderSpec                           : loaded 2 times (x 69B)
Class dagger.spi.internal.shaded.androidx.room.compiler.processing.javac.JavacTypeElement$allMethods$1: loaded 2 times (x 77B)
Class dagger.spi.internal.shaded.androidx.room.jarjarred.kotlinx.metadata.KmTypeVisitor: loaded 2 times (x 80B)
Class dagger.spi.internal.shaded.androidx.room.jarjarred.kotlinx.metadata.internal.protobuf.WireFormat$JavaType: loaded 2 times (x 77B)
Class dagger.spi.internal.shaded.androidx.room.jarjarred.kotlinx.metadata.internal.metadata.deserialization.BinaryVersion$Companion: loaded 2 times (x 69B)
Class dagger.internal.codegen.binding.ProductionBinding$Builder                       : loaded 2 times (x 88B)
Class dagger.internal.codegen.bindinggraphvalidation.SetMultibindingValidator_Factory$InstanceHolder: loaded 2 times (x 69B)
Class com.squareup.javapoet.TypeSpec$Kind                                             : loaded 2 times (x 77B)
Class dagger.spi.internal.shaded.androidx.room.jarjarred.kotlinx.metadata.KmValueParameterVisitor: loaded 2 times (x 74B)
Class dagger.spi.internal.shaded.androidx.room.compiler.processing.javac.JavacBasicAnnotationProcessor: loaded 2 times (x 96B)
Class com.google.common.util.concurrent.internal.InternalFutureFailureAccess          : loaded 2 times (x 70B)
Class [Lorg.apache.commons.io.filefilter.IOFileFilter;                                : loaded 2 times (x 67B)
Class com.google.gson.internal.Streams$AppendableWriter                               : loaded 2 times (x 97B)
Class dagger.spi.internal.shaded.androidx.room.compiler.processing.javac.JavacTypeElement$allFieldsIncludingPrivateSupers$1: loaded 2 times (x 77B)
Class com.google.common.graph.Traverser                                               : loaded 2 times (x 71B)
Class dagger.spi.internal.shaded.androidx.room.jarjarred.kotlinx.metadata.internal.extensions.MetadataExtensions$Companion: loaded 2 times (x 69B)
Class dagger.internal.codegen.validation.ProvidesMethodValidator_Factory              : loaded 2 times (x 77B)
Class dagger.internal.codegen.binding.$AutoValue_MembersInjectionBinding_InjectionSite: loaded 2 times (x 75B)
Class dagger.internal.codegen.DelegateComponentProcessor$Injector                     : loaded 2 times (x 68B)
Class dagger.internal.codegen.validation.ValidationBindingGraphPlugins_Factory        : loaded 2 times (x 77B)
Class androidx.room.util.SimpleJavaVersion                                            : loaded 2 times (x 73B)
Class android.databinding.tool.reflection.annotation.AnnotationTypeUtil               : loaded 2 times (x 75B)
Class dagger.spi.internal.shaded.androidx.room.compiler.processing.javac.JavacFiler   : loaded 2 times (x 76B)
Class com.google.common.base.Charsets                                                 : loaded 2 times (x 69B)
Class [Landroid.databinding.tool.util.GenerationalClassUtil$ExtensionFilter;          : loaded 2 times (x 67B)
Class org.jetbrains.kotlin.utils.DescriptionAware                                     : loaded 2 times (x 68B)
Class com.google.common.primitives.Ints$IntConverter                                  : loaded 2 times (x 88B)
Class dagger.internal.codegen.binding.ContributionBinding$Builder                     : loaded 2 times (x 81B)
Class dagger.spi.internal.shaded.androidx.room.compiler.processing.javac.kotlin.KmTypeContainer: loaded 2 times (x 74B)
Class dagger.internal.codegen.processingstep.MultibindingAnnotationsProcessingStep_Factory: loaded 2 times (x 77B)
Class org.objectweb.asm.FieldVisitor                                                  : loaded 2 times (x 75B)
Class dagger.internal.codegen.binding.MultibindingDeclaration                         : loaded 2 times (x 76B)
Class com.google.common.reflect.Types$TypeVariableImpl                                : loaded 2 times (x 70B)
Class [Lcom.google.common.base.AbstractIterator$State;                                : loaded 2 times (x 67B)
Class com.google.common.collect.Maps$EntryFunction$2                                  : loaded 2 times (x 89B)
Class dagger.spi.internal.shaded.auto.common.MoreTypes$DeclaredTypeVisitor            : loaded 2 times (x 100B)
Class dagger.spi.internal.shaded.androidx.room.compiler.processing.javac.JavacElement : loaded 2 times (x 177B)
Class dagger.spi.internal.shaded.androidx.room.compiler.processing.XExecutableParameterElement: loaded 2 times (x 68B)
Class dagger.internal.codegen.base.$AutoValue_ComponentAnnotation                     : loaded 2 times (x 74B)
Class com.google.common.collect.Maps$EntryFunction$1                                  : loaded 2 times (x 89B)
Class dagger.spi.internal.shaded.androidx.room.compiler.processing.XProcessingEnv$Companion: loaded 2 times (x 69B)
Class androidx.room.DatabaseProcessingStep$Companion                                  : loaded 2 times (x 69B)
Class dagger.hilt.android.processor.internal.viewmodel.ViewModelValidationPlugin      : loaded 2 times (x 81B)
Class dagger.spi.internal.shaded.androidx.room.compiler.processing.XProcessingStep    : loaded 2 times (x 68B)
Class dagger.spi.internal.shaded.androidx.room.jarjarred.kotlinx.metadata.internal.protobuf.GeneratedMessageLite: loaded 2 times (x 99B)
Class dagger.spi.internal.shaded.androidx.room.compiler.processing.XMethodElementKt   : loaded 2 times (x 69B)
Class com.google.common.base.AbstractIterator                                         : loaded 2 times (x 78B)
Class org.apache.commons.io.filefilter.SuffixFileFilter                               : loaded 2 times (x 82B)
Class dagger.spi.internal.shaded.androidx.room.jarjarred.kotlinx.metadata.internal.metadata.ProtoBuf$VersionRequirementTable: loaded 2 times (x 105B)
Class dagger.internal.codegen.extension.DaggerCollectors$ToOptionalState              : loaded 2 times (x 70B)
Class dagger.spi.internal.shaded.androidx.room.jarjarred.kotlinx.metadata.KmClassifier: loaded 2 times (x 69B)
Class dagger.spi.internal.shaded.androidx.room.jarjarred.kotlinx.metadata.internal.metadata.jvm.deserialization.BitEncoding: loaded 2 times (x 69B)
Class org.objectweb.asm.ClassWriter                                                   : loaded 2 times (x 104B)
Class dagger.internal.codegen.writing.GwtCompatibility                                : loaded 2 times (x 69B)
Class dagger.spi.internal.shaded.androidx.room.jarjarred.kotlinx.metadata.internal.metadata.deserialization.TypeTable: loaded 2 times (x 70B)
Class com.sun.xml.bind.v2.runtime.output.UTF8XmlOutput                                : loaded 2 times (x 98B)
Class dagger.spi.internal.shaded.androidx.room.compiler.processing.javac.kotlin.KmPropertyFunctionContainerImpl: loaded 2 times (x 107B)
Class android.databinding.internal.org.antlr.v4.runtime.ParserRuleContext             : loaded 2 times (x 129B)
Class com.google.common.cache.AbstractCache$StatsCounter                              : loaded 2 times (x 68B)
Class dagger.spi.internal.shaded.androidx.room.jarjarred.kotlinx.metadata.internal.metadata.jvm.deserialization.JvmNameResolver: loaded 2 times (x 78B)
Class dagger.spi.internal.shaded.androidx.room.jarjarred.kotlinx.metadata.jvm.JvmDeclarationContainerExtensionVisitor: loaded 2 times (x 79B)
Class dagger.internal.codegen.model.DependencyRequest                                 : loaded 2 times (x 73B)
Class dagger.internal.codegen.binding.MonitoringModules_Factory$InstanceHolder        : loaded 2 times (x 69B)
Class com.sun.xml.bind.v2.runtime.unmarshaller.IntData                                : loaded 2 times (x 87B)
Class dagger.spi.internal.shaded.androidx.room.compiler.processing.javac.JavacConstructorElement$executableType$2: loaded 2 times (x 77B)
Class dagger.internal.codegen.validation.ComponentValidator_Factory                   : loaded 2 times (x 77B)
Class android.databinding.tool.store.GenClassInfoLog$Companion                        : loaded 2 times (x 69B)
Class dagger.internal.codegen.processingstep.ComponentProcessingStep                  : loaded 2 times (x 84B)
Class dagger.internal.codegen.binding.AutoValue_Nullability                           : loaded 2 times (x 72B)
Class [Lorg.jetbrains.kotlin.config.ExplicitApiMode;                                  : loaded 2 times (x 67B)
Class dagger.spi.internal.shaded.androidx.room.compiler.processing.javac.kotlin.KmClassContainer$superType$2: loaded 2 times (x 77B)
Class dagger.internal.codegen.binding.BindingDeclarationFormatter_Factory             : loaded 2 times (x 77B)
Class com.squareup.javapoet.LineWrapper$FlushType                                     : loaded 2 times (x 77B)
Class dagger.internal.codegen.base.SourceFileHjarGenerator                            : loaded 2 times (x 75B)
Class dagger.internal.codegen.javapoet.AnnotationSpecs                                : loaded 2 times (x 69B)
Class kotlin.sequences.SequencesKt__SequencesKt$generateSequence$2                    : loaded 2 times (x 77B)
Class org.jetbrains.kotlin.config.LanguageVersion                                     : loaded 2 times (x 89B)
Class com.google.common.base.AbstractIterator$1                                       : loaded 2 times (x 69B)
Class android.databinding.tool.util.GenerationalClassUtil$ExtensionFilter             : loaded 2 times (x 78B)
Class dagger.spi.internal.shaded.androidx.room.jarjarred.kotlinx.metadata.internal.metadata.jvm.JvmProtoBuf$StringTableTypes: loaded 2 times (x 108B)
Class dagger.spi.internal.shaded.androidx.room.jarjarred.kotlinx.metadata.internal.metadata.jvm.JvmProtoBuf: loaded 2 times (x 69B)
Class com.squareup.kotlinpoet.UtilKt                                                  : loaded 2 times (x 69B)
Class com.google.common.collect.ForwardingMap                                         : loaded 2 times (x 130B)
Class android.databinding.tool.store.BindingAdapterStore$merge$$inlined$merge$3$1     : loaded 2 times (x 75B)
Class dagger.internal.codegen.validation.InjectBindingRegistryImpl_Factory            : loaded 2 times (x 77B)
Class dagger.spi.internal.shaded.androidx.room.jarjarred.kotlinx.metadata.jvm.internal.JvmPropertyExtension: loaded 2 times (x 86B)
Class dagger.hilt.processor.internal.definecomponent.DefineComponentProcessingStep    : loaded 2 times (x 85B)
Class dagger.internal.codegen.binding.SubcomponentDeclaration$Factory                 : loaded 2 times (x 71B)
Class dagger.spi.internal.shaded.auto.common.AnnotationMirrors$1                      : loaded 2 times (x 82B)
Class dagger.spi.internal.shaded.androidx.room.jarjarred.kotlinx.metadata.internal.protobuf.Parser: loaded 2 times (x 68B)
Class android.databinding.tool.LibTypes$dataBindingComponent$2                        : loaded 2 times (x 77B)
Class org.apache.commons.io.filefilter.AbstractFileFilter                             : loaded 2 times (x 81B)
Class dagger.hilt.android.processor.internal.bindvalue.BindValueProcessingStep        : loaded 2 times (x 85B)
Class dagger.spi.internal.shaded.androidx.room.compiler.processing.javac.JavacBasicAnnotationProcessor$xEnv$2: loaded 2 times (x 77B)
Class dagger.hilt.processor.internal.BaseProcessingStep                               : loaded 2 times (x 85B)
Class dagger.spi.internal.shaded.androidx.room.compiler.processing.javac.kotlin.JvmDescriptorTypeVisitor$WhenMappings: loaded 2 times (x 69B)
Class android.databinding.annotationprocessor.BindableBag$Companion                   : loaded 2 times (x 69B)
Class dagger.internal.codegen.validation.InjectBindingRegistryImpl$BindingsCollection : loaded 2 times (x 70B)
Class com.google.common.base.Enums$StringConverter                                    : loaded 2 times (x 88B)
Class dagger.internal.codegen.binding.SourceFiles                                     : loaded 2 times (x 69B)
Class [Lcom.google.common.cache.CacheBuilder$OneWeigher;                              : loaded 2 times (x 67B)
Class dagger.spi.internal.shaded.androidx.room.compiler.processing.javac.JavacFieldElement$syntheticMethodForAnnotations$2: loaded 2 times (x 77B)
Class dagger.internal.codegen.base.ComponentAnnotation                                : loaded 2 times (x 74B)
Class dagger.internal.codegen.processingstep.MapKeyProcessingStep                     : loaded 2 times (x 84B)
Class dagger.spi.internal.shaded.androidx.room.jarjarred.kotlinx.metadata.KmConstructor: loaded 2 times (x 75B)
Class dagger.spi.internal.shaded.androidx.room.compiler.processing.XBasicAnnotationProcessor: loaded 2 times (x 68B)
Class com.google.common.base.CharMatcher$Ascii                                        : loaded 2 times (x 110B)
Class dagger.spi.internal.shaded.androidx.room.compiler.processing.javac.JavacMethodParameter$kotlinMetadata$2: loaded 2 times (x 77B)
Class com.google.common.cache.LocalCache$ComputingValueReference                      : loaded 2 times (x 94B)
Class com.google.common.io.ByteSource$AsCharSource                                    : loaded 2 times (x 84B)
Class dagger.hilt.android.processor.internal.customtestapplication.CustomTestApplicationProcessingStep: loaded 2 times (x 85B)
Class [Ldagger.hilt.processor.internal.root.RootType;                                 : loaded 2 times (x 67B)
Class dagger.spi.internal.shaded.androidx.room.compiler.processing.XProcessingEnvConfig: loaded 2 times (x 69B)
Class dagger.internal.codegen.binding.ProductionBinding                               : loaded 2 times (x 93B)
Class android.databinding.annotationprocessor.ProcessDataBinding$1                    : loaded 2 times (x 76B)
Class dagger.internal.codegen.binding.BindingGraphConverter                           : loaded 2 times (x 70B)
Class com.google.common.collect.ImmutableList$SerializedForm                          : loaded 2 times (x 71B)
Class dagger.spi.internal.shaded.androidx.room.compiler.processing.javac.JavacExecutableElement$Companion: loaded 2 times (x 69B)
Class org.gradle.api.UncheckedIOException                                             : loaded 2 times (x 80B)
Class org.gradle.internal.classloader.ClasspathUtil$1                                 : loaded 2 times (x 74B)
Class org.objectweb.asm.ModuleWriter                                                  : loaded 2 times (x 80B)
Class dagger.spi.internal.shaded.androidx.room.jarjarred.kotlinx.metadata.internal.metadata.deserialization.ProtoTypeTableUtilKt: loaded 2 times (x 69B)
Class dagger.internal.codegen.xprocessing.XMethodElements                             : loaded 2 times (x 69B)
Class dagger.internal.codegen.compileroption.ProcessingEnvironmentCompilerOptions$Feature: loaded 2 times (x 88B)
Class dagger.internal.codegen.model.DaggerProcessingEnv                               : loaded 2 times (x 72B)
Class dagger.spi.internal.shaded.androidx.room.jarjarred.kotlinx.metadata.internal.protobuf.WireFormat$FieldType: loaded 2 times (x 81B)
Class dagger.spi.internal.shaded.androidx.room.compiler.processing.XProcessingEnvConfig$Companion: loaded 2 times (x 69B)
Class dagger.spi.internal.shaded.androidx.room.jarjarred.kotlinx.metadata.internal.protobuf.MessageLite: loaded 2 times (x 68B)
Class dagger.internal.codegen.compileroption.ProcessingEnvironmentCompilerOptions$CommandLineOption: loaded 2 times (x 68B)
Class [Lcom.google.common.io.FileWriteMode;                                           : loaded 2 times (x 67B)
Class com.google.common.io.Files$FileByteSink                                         : loaded 2 times (x 75B)
Class dagger.internal.codegen.binding.SubcomponentDeclaration_Factory_Factory         : loaded 2 times (x 77B)
Class android.databinding.tool.LibTypes$liveData$2                                    : loaded 2 times (x 77B)
Class [Ldagger.internal.codegen.binding.FrameworkTypeMapper;                          : loaded 2 times (x 67B)
Class dagger.internal.codegen.ProcessingEnvironmentModule_MessagerFactory             : loaded 2 times (x 77B)
Class dagger.spi.internal.shaded.androidx.room.compiler.processing.XConstructorElement: loaded 2 times (x 68B)
Class dagger.internal.codegen.binding.$AutoValue_OptionalBindingDeclaration           : loaded 2 times (x 73B)
Class dagger.internal.codegen.binding.$AutoValue_ProvisionBinding                     : loaded 2 times (x 93B)
Class dagger.spi.internal.shaded.androidx.room.jarjarred.kotlinx.metadata.internal.metadata.ProtoBuf$VersionRequirementTableOrBuilder: loaded 2 times (x 68B)
Class dagger.spi.internal.shaded.androidx.room.jarjarred.kotlinx.metadata.jvm.internal.JvmTypeExtension: loaded 2 times (x 84B)
Class dagger.spi.internal.shaded.androidx.room.compiler.processing.javac.JavacType$typeName$2: loaded 2 times (x 77B)
Class [Ldagger.spi.internal.shaded.androidx.room.jarjarred.kotlinx.metadata.Modality; : loaded 2 times (x 67B)
Class dagger.spi.internal.shaded.androidx.room.compiler.processing.javac.JavacAnnotation$type$2: loaded 2 times (x 77B)
Class dagger.hilt.processor.internal.generatesrootinput.GeneratesRootInputProcessor   : loaded 2 times (x 98B)
Class dagger.internal.codegen.model.BindingGraphPlugin                                : loaded 2 times (x 68B)
Class [Ldagger.internal.codegen.compileroption.ProcessingEnvironmentCompilerOptions$Feature;: loaded 2 times (x 67B)
Class androidx.databinding.Bindable                                                   : loaded 2 times (x 68B)
Class dagger.spi.internal.shaded.androidx.room.jarjarred.kotlinx.metadata.internal.metadata.jvm.JvmProtoBuf$JvmFieldSignature: loaded 2 times (x 106B)
Class dagger.internal.codegen.model.BindingKind                                       : loaded 2 times (x 77B)
Class org.gradle.api.internal.ClassPathProvider                                       : loaded 2 times (x 68B)
Class dagger.internal.codegen.processingstep.BindsInstanceProcessingStep_Factory      : loaded 2 times (x 77B)
Class dagger.spi.internal.shaded.androidx.room.jarjarred.kotlinx.metadata.internal.metadata.jvm.JvmProtoBuf$JvmMethodSignatureOrBuilder: loaded 2 times (x 68B)
Class org.jetbrains.kotlin.name.FqName                                                : loaded 2 times (x 70B)
Class androidx.room.compiler.processing.XProcessingEnvConfig                          : loaded 2 times (x 69B)
Class dagger.internal.codegen.model.AutoValue_Key_MultibindingContributionIdentifier  : loaded 2 times (x 72B)
Class dagger.spi.internal.shaded.androidx.room.jarjarred.kotlinx.metadata.internal.protobuf.ExtensionRegistryLite$ObjectIntPair: loaded 2 times (x 70B)
Class android.databinding.tool.reflection.ModelAnalyzer$mutableStateFlowDataType$2    : loaded 2 times (x 77B)
Class dagger.spi.internal.shaded.androidx.room.compiler.processing.javac.kotlin.KmFunctionContainerImpl: loaded 2 times (x 98B)
Class dagger.internal.codegen.base.ModuleAnnotation                                   : loaded 2 times (x 74B)
Class dagger.spi.internal.shaded.androidx.room.jarjarred.kotlinx.metadata.jvm.JvmExtensionsKt: loaded 2 times (x 69B)
Class dagger.spi.internal.shaded.androidx.room.jarjarred.kotlinx.metadata.internal.metadata.ProtoBuf$TypeParameter$Variance: loaded 2 times (x 80B)
Class com.google.common.base.Ticker                                                   : loaded 2 times (x 70B)
Class dagger.spi.internal.shaded.androidx.room.compiler.processing.javac.JavacTypeElement$typeParameters$2: loaded 2 times (x 77B)
Class dagger.hilt.processor.internal.aliasof.AliasOfProcessingStep                    : loaded 2 times (x 85B)
Class com.google.common.base.CharMatcher$Any                                          : loaded 2 times (x 110B)
Class dagger.internal.codegen.base.ComponentCreatorAnnotation                         : loaded 2 times (x 77B)
Class dagger.spi.internal.shaded.androidx.room.compiler.processing.javac.kotlin.KmClassContainer$functionByDescriptor$2: loaded 2 times (x 77B)
Class com.squareup.javapoet.LineWrapper                                               : loaded 2 times (x 70B)
Class dagger.internal.codegen.ProcessingEnvironmentModule_ProcessingOptionsFactory    : loaded 2 times (x 77B)
Class android.databinding.tool.reflection.ModelAnalyzer$observableFieldTypes$2        : loaded 2 times (x 77B)
Class dagger.spi.internal.shaded.androidx.room.jarjarred.kotlinx.metadata.jvm.JvmClassExtensionVisitor: loaded 2 times (x 85B)
Class dagger.spi.internal.shaded.androidx.room.jarjarred.kotlinx.metadata.internal.metadata.deserialization.Flags: loaded 2 times (x 69B)
Class dagger.spi.internal.shaded.androidx.room.compiler.processing.DeclarationCollectorKt$collectAllMethods$1: loaded 2 times (x 93B)
Class android.databinding.tool.reflection.annotation.AnnotationClass                  : loaded 2 times (x 103B)
Class dagger.spi.internal.shaded.androidx.room.compiler.processing.javac.JavacMethodElement$parameters$2$1$1: loaded 2 times (x 77B)
Class com.google.common.cache.LocalCache$Strength                                     : loaded 2 times (x 79B)
Class dagger.spi.internal.shaded.androidx.room.jarjarred.kotlinx.metadata.internal.protobuf.SmallSortedMap$1: loaded 2 times (x 128B)
Class [Ldagger.internal.codegen.writing.InjectionMethods$CheckNotNullPolicy;          : loaded 2 times (x 67B)
Class android.databinding.tool.store.SetterStore$MethodDescription                    : loaded 2 times (x 75B)
Class com.google.common.collect.ImmutableMap$MapViewOfValuesAsSingletonSets$1         : loaded 2 times (x 80B)
Class dagger.spi.internal.shaded.androidx.room.compiler.processing.javac.JavacTypeElement$xClassName$2: loaded 2 times (x 77B)
Class dagger.spi.internal.shaded.androidx.room.jarjarred.kotlinx.metadata.internal.metadata.jvm.JvmProtoBuf$JvmMethodSignature$1: loaded 2 times (x 142B)
Class dagger.spi.internal.shaded.androidx.room.compiler.processing.javac.kotlin.KmClassContainer$superTypes$2: loaded 2 times (x 77B)
Class dagger.spi.internal.shaded.androidx.room.jarjarred.kotlinx.metadata.internal.protobuf.FieldSet: loaded 2 times (x 70B)
Class dagger.spi.internal.shaded.androidx.room.jarjarred.kotlinx.metadata.internal.extensions.KmTypeParameterExtension: loaded 2 times (x 68B)
Class dagger.internal.codegen.validation.ProducesMethodValidator_Factory              : loaded 2 times (x 77B)
Class dagger.spi.internal.shaded.androidx.room.jarjarred.kotlinx.metadata.internal.metadata.ProtoBuf$Visibility: loaded 2 times (x 80B)
Class dagger.spi.internal.shaded.androidx.room.jarjarred.kotlinx.metadata.internal.metadata.ProtoBuf$PackageOrBuilder: loaded 2 times (x 68B)
Class [Ldagger.spi.internal.shaded.androidx.room.jarjarred.kotlinx.metadata.internal.metadata.ProtoBuf$TypeParameter$Variance;: loaded 2 times (x 67B)
Class com.google.common.collect.AbstractMapBasedMultimap$KeySet                       : loaded 2 times (x 135B)
Class dagger.spi.internal.shaded.androidx.room.compiler.processing.XMethodType        : loaded 2 times (x 68B)
Class android.databinding.tool.reflection.ModelAnalyzer$classFinderCache$1            : loaded 2 times (x 77B)
Class android.databinding.tool.store.SetterStore$AccessorKey                          : loaded 2 times (x 75B)
Class dagger.internal.codegen.validation.BindsOptionalOfMethodValidator$Validator     : loaded 2 times (x 78B)
Class android.databinding.annotationprocessor.ProcessExpressionsFromV1Compat          : loaded 2 times (x 70B)
Class com.sun.xml.bind.v2.util.XmlFactory$1                                           : loaded 2 times (x 74B)
Class kotlin.collections.ArrayAsCollection                                            : loaded 2 times (x 103B)
Class com.squareup.kotlinpoet.TypeName$Companion                                      : loaded 2 times (x 69B)
Class dagger.spi.internal.shaded.androidx.room.jarjarred.kotlinx.metadata.jvm.JvmTypeParameterExtensionVisitor$Companion: loaded 2 times (x 69B)
Class dagger.spi.internal.shaded.androidx.room.compiler.processing.javac.JavacFieldElement$enclosingElement$2: loaded 2 times (x 77B)
Class android.databinding.internal.org.antlr.v4.runtime.tree.RuleNode                 : loaded 2 times (x 68B)
Class kotlin.io.FilePathComponents                                                    : loaded 2 times (x 70B)
Class com.google.common.base.CharMatcher$RangesMatcher                                : loaded 2 times (x 110B)
Class dagger.internal.codegen.writing.InjectionMethods$CheckNotNullPolicy             : loaded 2 times (x 77B)
Class android.databinding.tool.LibTypes$mutableStateFlow$2                            : loaded 2 times (x 76B)
Class dagger.spi.internal.shaded.androidx.room.jarjarred.kotlinx.metadata.KmExtensionVisitor: loaded 2 times (x 68B)
Class androidx.databinding.BindingAdapter                                             : loaded 2 times (x 68B)
Class org.objectweb.asm.Handler                                                       : loaded 2 times (x 70B)
Class dagger.internal.codegen.model.AutoValue_DaggerProcessingEnv                     : loaded 2 times (x 73B)
Class javax.inject.Provider                                                           : loaded 2 times (x 68B)
Class androidx.room.RoomProcessor$1                                                   : loaded 2 times (x 76B)
Class dagger.internal.codegen.componentgenerator.ComponentGeneratorModule             : loaded 2 times (x 68B)
Class org.objectweb.asm.ByteVector                                                    : loaded 2 times (x 77B)
Class com.sun.xml.bind.v2.util.XmlFactory                                             : loaded 2 times (x 69B)
Class com.google.common.reflect.TypeToken$2                                           : loaded 2 times (x 106B)
Class com.google.common.cache.CacheBuilder                                            : loaded 2 times (x 70B)
Class com.google.common.reflect.TypeToken$1                                           : loaded 2 times (x 106B)
Class dagger.internal.codegen.validation.BindingMethodValidator$ExceptionSuperclass$3 : loaded 2 times (x 79B)
Class dagger.spi.internal.shaded.androidx.room.jarjarred.kotlinx.metadata.jvm.internal.JvmFunctionExtension: loaded 2 times (x 83B)
Class dagger.hilt.processor.internal.generatesrootinput.GeneratesRootInputProcessingStep: loaded 2 times (x 85B)
Class dagger.internal.codegen.validation.BindingMethodValidator$ExceptionSuperclass$2 : loaded 2 times (x 79B)
Class dagger.internal.codegen.validation.BindingMethodValidator$ExceptionSuperclass$1 : loaded 2 times (x 79B)
Class com.google.common.base.Verify                                                   : loaded 2 times (x 69B)
Class dagger.internal.codegen.model.DependencyRequest$Builder                         : loaded 2 times (x 74B)
Class dagger.spi.internal.shaded.androidx.room.jarjarred.kotlinx.metadata.internal.metadata.jvm.deserialization.JvmMetadataVersion$Companion: loaded 2 times (x 69B)
Class com.google.common.graph.PredecessorsFunction                                    : loaded 2 times (x 68B)
Class com.squareup.kotlinpoet.WildcardTypeName$Companion                              : loaded 2 times (x 69B)
Class dagger.spi.internal.shaded.androidx.room.compiler.processing.javac.JavacProcessingEnvMessager$Companion: loaded 2 times (x 69B)
Class dagger.spi.internal.shaded.auto.common.AnnotationOutput                         : loaded 2 times (x 69B)
Class org.gradle.api.internal.classpath.ModuleRegistry                                : loaded 2 times (x 68B)
Class android.databinding.tool.store.BindingAdapterStore$merge$$inlined$merge$2$1     : loaded 2 times (x 75B)
Class com.google.common.cache.LocalCache$ValueReference                               : loaded 2 times (x 68B)
Class dagger.spi.internal.shaded.androidx.room.compiler.processing.javac.JavacMethodParameter: loaded 2 times (x 223B)
Class dagger.internal.codegen.validation.ValidationBindingGraphPlugins                : loaded 2 times (x 70B)
Class android.databinding.tool.writer.ComponentWriter                                 : loaded 2 times (x 71B)
Class dagger.internal.codegen.extension.DaggerStreams                                 : loaded 2 times (x 69B)
Class dagger.internal.codegen.langmodel.Accessibility                                 : loaded 2 times (x 69B)
Class androidx.databinding.BindingConversion                                          : loaded 2 times (x 68B)
Class dagger.internal.codegen.validation.BindsInstanceElementValidator                : loaded 2 times (x 76B)
Class com.google.common.base.CharMatcher$JavaLetterOrDigit                            : loaded 2 times (x 109B)
Class kotlin.coroutines.jvm.internal.CompletedContinuation                            : loaded 2 times (x 73B)
Class dagger.internal.codegen.writing.ProducerFactoryGenerator                        : loaded 2 times (x 75B)
Class dagger.internal.codegen.processingstep.SuperficialValidator_Factory             : loaded 2 times (x 77B)
Class org.objectweb.asm.ClassReader                                                   : loaded 2 times (x 91B)
Class [Ldagger.spi.internal.shaded.androidx.room.compiler.processing.XFiler$Mode;     : loaded 2 times (x 67B)
Class android.databinding.tool.store.ResourceBundle$BindingTargetBundle$BindingBundle : loaded 2 times (x 80B)
Class dagger.internal.codegen.binding.MembersInjectionBinding$InjectionSite$Kind      : loaded 2 times (x 77B)
Class org.gradle.api.GradleException                                                  : loaded 2 times (x 80B)
Class dagger.spi.internal.shaded.androidx.room.jarjarred.kotlinx.metadata.internal.metadata.ProtoBuf$Modality$1: loaded 2 times (x 72B)
Class android.databinding.annotationprocessor.ProcessMethodAdapters                   : loaded 2 times (x 73B)
Class org.gradle.internal.classloader.ClasspathUtil                                   : loaded 2 times (x 69B)
Class [Ldagger.internal.codegen.base.ComponentCreatorAnnotation;                      : loaded 2 times (x 67B)
Class dagger.internal.codegen.binding.MonitoringModules_Factory                       : loaded 2 times (x 76B)
Class dagger.internal.codegen.validation.BindsInstanceParameterValidator              : loaded 2 times (x 76B)
Class android.databinding.annotationprocessor.ProcessBindable                         : loaded 2 times (x 77B)
Class dagger.hilt.processor.internal.ProcessorErrors                                  : loaded 2 times (x 69B)
Class dagger.spi.internal.shaded.androidx.room.jarjarred.kotlinx.metadata.internal.metadata.ProtoBuf$Annotation: loaded 2 times (x 107B)
Class org.gradle.internal.classloader.VisitableURLClassLoader$Spec                    : loaded 2 times (x 72B)
Class dagger.spi.internal.shaded.androidx.room.compiler.processing.javac.JavacTypeElement$packageElement$2: loaded 2 times (x 77B)
Class org.objectweb.asm.CurrentFrame                                                  : loaded 2 times (x 71B)
Class com.google.common.util.concurrent.AbstractFuture                                : loaded 2 times (x 93B)
Class [Ldagger.internal.codegen.base.ClearableCache;                                  : loaded 2 times (x 67B)
Class dagger.internal.codegen.compileroption.ProcessingEnvironmentCompilerOptions_Factory: loaded 2 times (x 77B)
Class com.sun.xml.bind.v2.runtime.XMLSerializer                                       : loaded 2 times (x 82B)
Class dagger.internal.codegen.validation.BindingMethodValidator$Abstractness          : loaded 2 times (x 77B)
Class dagger.spi.internal.shaded.androidx.room.compiler.processing.javac.JavacProcessingEnv: loaded 2 times (x 114B)
Class dagger.spi.internal.shaded.androidx.room.jarjarred.kotlinx.metadata.internal.protobuf.GeneratedMessageLite$ExtensionDescriptor: loaded 2 times (x 82B)
Class com.google.common.reflect.TypeResolver                                          : loaded 2 times (x 70B)
Class androidx.room.processor.Context$Companion                                       : loaded 2 times (x 69B)
Class dagger.spi.internal.shaded.androidx.room.compiler.processing.javac.JavacTypeVariableType$equalityItems$2: loaded 2 times (x 77B)
Class dagger.internal.codegen.validation.ComponentDescriptorValidator_Factory         : loaded 2 times (x 77B)
Class dagger.spi.internal.shaded.androidx.room.jarjarred.kotlinx.metadata.internal.protobuf.AbstractMessageLite: loaded 2 times (x 96B)
Class androidx.room.compiler.processing.javac.XTypeElementStore                       : loaded 2 times (x 70B)
Class dagger.internal.codegen.validation.MapKeyValidator                              : loaded 2 times (x 70B)
Class dagger.spi.internal.shaded.androidx.room.compiler.processing.InternalXAnnotation$valuesByName$2: loaded 2 times (x 77B)
Class dagger.spi.internal.shaded.androidx.room.jarjarred.kotlinx.metadata.internal.EnumFlagDelegate: loaded 2 times (x 70B)
Class dagger.spi.model.DiagnosticReporter                                             : loaded 2 times (x 73B)
Class dagger.spi.internal.shaded.androidx.room.jarjarred.kotlinx.metadata.jvm.internal.JvmConstructorExtension: loaded 2 times (x 81B)
Class android.databinding.tool.reflection.ModelAnalyzer$stateFlowType$2               : loaded 2 times (x 77B)
Class dagger.internal.codegen.binding.BindingDeclarationFormatter                     : loaded 2 times (x 84B)
Class android.databinding.internal.org.antlr.v4.runtime.tree.Tree                     : loaded 2 times (x 68B)
Class android.databinding.tool.expr.VersionProvider                                   : loaded 2 times (x 68B)
Class dagger.internal.codegen.validation.ComponentCreatorValidator_Factory            : loaded 2 times (x 77B)
Class dagger.spi.internal.shaded.androidx.room.jarjarred.kotlinx.metadata.KmDeclarationContainerVisitor: loaded 2 times (x 75B)
Class dagger.spi.internal.shaded.androidx.room.jarjarred.kotlinx.metadata.internal.metadata.jvm.deserialization.JvmNameResolverKt: loaded 2 times (x 69B)
Class dagger.internal.codegen.binding.AssistedInjectionAnnotations                    : loaded 2 times (x 69B)
Class android.databinding.annotationprocessor.ProcessBindable$IntermediateV1          : loaded 2 times (x 80B)
Class dagger.internal.codegen.base.ContributionType$HasContributionType               : loaded 2 times (x 68B)
Class dagger.spi.internal.shaded.androidx.room.jarjarred.kotlinx.metadata.internal.protobuf.RopeByteString: loaded 2 times (x 108B)
Class com.google.common.base.Splitter$1                                               : loaded 2 times (x 75B)
Class [Ldagger.spi.internal.shaded.androidx.room.jarjarred.kotlinx.metadata.internal.metadata.ProtoBuf$Effect$InvocationKind;: loaded 2 times (x 67B)
Class dagger.internal.codegen.base.SourceFileGenerator                                : loaded 2 times (x 75B)
Class [Ldagger.internal.codegen.compileroption.ValidationType;                        : loaded 2 times (x 67B)
Class android.databinding.tool.processing.scopes.ScopeProvider                        : loaded 2 times (x 68B)
Class dagger.spi.internal.shaded.androidx.room.compiler.processing.javac.kotlin.KmValueParameterContainer: loaded 2 times (x 70B)
Class com.google.common.cache.LocalCache$2                                            : loaded 2 times (x 140B)
Class dagger.spi.internal.shaded.androidx.room.compiler.processing.javac.JavacConstructorElement$parameters$2: loaded 2 times (x 77B)
Class dagger.internal.codegen.binding.DependencyVariableNamer$1                       : loaded 2 times (x 69B)
Class dagger.spi.internal.shaded.androidx.room.jarjarred.kotlinx.metadata.internal.metadata.jvm.deserialization.UtfEncodingKt: loaded 2 times (x 69B)
Class dagger.internal.codegen.javapoet.CodeBlocks                                     : loaded 2 times (x 69B)
Class com.google.common.cache.LocalCache$1                                            : loaded 2 times (x 87B)
Class dagger.hilt.processor.internal.root.ComponentTreeDepsProcessor                  : loaded 2 times (x 98B)
Class android.databinding.tool.reflection.ModelAnalyzer$viewDataBindingType$2         : loaded 2 times (x 77B)
Class com.google.common.base.Ticker$1                                                 : loaded 2 times (x 70B)
Class org.gradle.api.internal.DefaultClassPathRegistry                                : loaded 2 times (x 74B)
Class org.objectweb.asm.AnnotationVisitor                                             : loaded 2 times (x 76B)
Class org.objectweb.asm.RecordComponentWriter                                         : loaded 2 times (x 76B)
Class org.jetbrains.kotlin.config.AnalysisFlag                                        : loaded 2 times (x 70B)
Class org.jetbrains.kotlin.config.LanguageOrApiVersion                                : loaded 2 times (x 68B)
Class android.databinding.tool.store.SetterStore$MultiValueAdapterKey                 : loaded 2 times (x 75B)
Class android.databinding.tool.reflection.TypeUtil                                    : loaded 2 times (x 72B)
Class dagger.spi.internal.shaded.androidx.room.jarjarred.kotlinx.metadata.jvm.JvmMemberSignature: loaded 2 times (x 71B)
Class com.google.common.collect.Iterators$SingletonIterator                           : loaded 2 times (x 79B)
Class dagger.hilt.android.processor.internal.androidentrypoint.AndroidEntryPointProcessor: loaded 2 times (x 98B)
Class android.databinding.tool.reflection.RecursiveResolutionStack                    : loaded 2 times (x 70B)
Class dagger.MembersInjector                                                          : loaded 2 times (x 68B)
Class androidx.room.DatabaseProcessingStep                                            : loaded 2 times (x 77B)
Class com.google.common.util.concurrent.AbstractFuture$Cancellation                   : loaded 2 times (x 70B)
Class [Lorg.objectweb.asm.Symbol;                                                     : loaded 2 times (x 67B)
Class dagger.spi.internal.shaded.androidx.room.compiler.processing.XProcessingEnv     : loaded 2 times (x 68B)
Class dagger.spi.internal.shaded.androidx.room.compiler.processing.javac.JavacMethodParameter$closestMemberContainer$2: loaded 2 times (x 77B)
Class dagger.internal.codegen.base.MapKeyAccessibility                                : loaded 2 times (x 69B)
Class dagger.spi.internal.shaded.androidx.room.jarjarred.kotlinx.metadata.internal.metadata.ProtoBuf$Effect$EffectType: loaded 2 times (x 80B)
Class dagger.spi.internal.shaded.androidx.room.compiler.processing.javac.JavacExecutableElement$enclosingElement$2: loaded 2 times (x 77B)
Class dagger.spi.internal.shaded.androidx.room.compiler.processing.InternalXAnnotation: loaded 2 times (x 137B)
Class com.google.common.base.Predicates                                               : loaded 2 times (x 69B)
Class dagger.spi.internal.shaded.androidx.room.compiler.processing.XTypeParameterElement: loaded 2 times (x 68B)
Class dagger.spi.internal.shaded.androidx.room.jarjarred.kotlinx.metadata.internal.protobuf.LazyField: loaded 2 times (x 81B)
Class android.databinding.tool.LibTypes$dataBindingUtil$2                             : loaded 2 times (x 77B)
Class dagger.spi.internal.shaded.androidx.room.jarjarred.kotlinx.metadata.MemberKind  : loaded 2 times (x 77B)
Class dagger.internal.codegen.DelegateComponentProcessor_MembersInjector              : loaded 2 times (x 73B)
Class dagger.spi.internal.shaded.androidx.room.compiler.processing.util.MemoizedSequence$CachedIterator: loaded 2 times (x 77B)
Class dagger.spi.BindingGraphPlugin                                                   : loaded 2 times (x 68B)
Class dagger.spi.internal.shaded.androidx.room.compiler.processing.javac.JavacDeclaredType: loaded 2 times (x 185B)
Class dagger.spi.internal.shaded.androidx.room.jarjarred.kotlinx.metadata.internal.metadata.jvm.JvmProtoBuf$StringTableTypes$Record$1: loaded 2 times (x 142B)
Class org.gradle.api.internal.classpath.DefaultModuleRegistry$DefaultModule           : loaded 2 times (x 84B)
Class dagger.spi.internal.shaded.androidx.room.compiler.processing.javac.kotlin.JvmDescriptorUtilsKt: loaded 2 times (x 69B)
Class dagger.internal.codegen.componentgenerator.TopLevelImplementationComponent$Factory: loaded 2 times (x 68B)
Class [Ldagger.spi.internal.shaded.androidx.room.jarjarred.kotlinx.metadata.internal.metadata.ProtoBuf$MemberKind;: loaded 2 times (x 67B)
Class com.google.common.base.CharMatcher$JavaIsoControl                               : loaded 2 times (x 110B)
Class dagger.spi.internal.shaded.androidx.room.compiler.processing.javac.kotlin.KmClassContainer: loaded 2 times (x 77B)
Class dagger.internal.codegen.validation.ValidationReport$Builder                     : loaded 2 times (x 70B)
Class kotlin.Deprecated                                                               : loaded 2 times (x 68B)
Class dagger.internal.codegen.binding.MembersInjectionBinding$InjectionSite           : loaded 2 times (x 74B)
Class dagger.spi.internal.shaded.androidx.room.jarjarred.kotlinx.metadata.internal.metadata.ProtoBuf$FunctionOrBuilder: loaded 2 times (x 68B)
Class dagger.spi.internal.shaded.androidx.room.compiler.processing.CommonProcessorDelegate: loaded 2 times (x 70B)
Class dagger.internal.codegen.binding.MonitoringModules                               : loaded 2 times (x 73B)
Class dagger.internal.codegen.base.ElementFormatter_Factory$InstanceHolder            : loaded 2 times (x 69B)
Class android.databinding.tool.store.ResourceBundle$NameTypeLocation                  : loaded 2 times (x 70B)
Class [Lcom.google.common.reflect.Types$ClassOwnership;                               : loaded 2 times (x 67B)
Class dagger.spi.internal.shaded.auto.common.MoreElements                             : loaded 2 times (x 69B)
Class dagger.internal.codegen.model.Binding                                           : loaded 2 times (x 68B)
Class dagger.internal.codegen.javapoet.TypeNames                                      : loaded 2 times (x 69B)
Class com.sun.xml.bind.v2.runtime.output.XmlOutput                                    : loaded 2 times (x 68B)
Class dagger.spi.internal.shaded.androidx.room.jarjarred.kotlinx.metadata.Attributes  : loaded 2 times (x 69B)
Class dagger.spi.internal.shaded.androidx.room.jarjarred.kotlinx.metadata.internal.metadata.ProtoBuf$Expression$ConstantValue$1: loaded 2 times (x 72B)
Class dagger.spi.internal.shaded.androidx.room.jarjarred.kotlinx.metadata.KmProperty  : loaded 2 times (x 79B)
Class dagger.internal.codegen.base.SourceFileGenerationException                      : loaded 2 times (x 80B)
Class dagger.spi.internal.shaded.androidx.room.jarjarred.kotlinx.metadata.internal.metadata.ProtoBuf$Expression$ConstantValue: loaded 2 times (x 80B)
Class com.squareup.javapoet.ArrayTypeName                                             : loaded 2 times (x 79B)
Class android.databinding.tool.store.ResourceBundle$ValidateAndFilterCallback         : loaded 2 times (x 68B)
Class dagger.spi.internal.shaded.androidx.room.compiler.processing.javac.JavacAnnotation$defaultValues$2: loaded 2 times (x 77B)
Class dagger.spi.internal.shaded.auto.common.AnnotationOutput$SourceFormVisitor       : loaded 2 times (x 115B)
Class dagger.internal.codegen.bindinggraphvalidation.DependencyCycleValidator         : loaded 2 times (x 83B)
Class android.databinding.tool.store.ResourceBundle$VariableDeclaration               : loaded 2 times (x 70B)
Class dagger.spi.internal.shaded.androidx.room.jarjarred.kotlinx.metadata.Attributes$modality$2: loaded 2 times (x 135B)
Class dagger.spi.internal.shaded.androidx.room.jarjarred.kotlinx.metadata.internal.metadata.ProtoBuf$ContractOrBuilder: loaded 2 times (x 68B)
Class org.jetbrains.kotlin.config.JvmDefaultMode$Companion                            : loaded 2 times (x 69B)
Class [Ldagger.internal.codegen.compileroption.ProcessingEnvironmentCompilerOptions$CommandLineOption;: loaded 2 times (x 67B)
Class dagger.internal.codegen.componentgenerator.ComponentHjarGenerator_Factory       : loaded 2 times (x 77B)
Class dagger.internal.codegen.binding.InjectionAnnotations                            : loaded 2 times (x 70B)
Class dagger.internal.codegen.model.DaggerTypeElement                                 : loaded 2 times (x 72B)
Class dagger.spi.internal.shaded.androidx.room.compiler.processing.javac.kotlin.KmBaseTypeContainer: loaded 2 times (x 68B)
Class dagger.spi.internal.shaded.androidx.room.jarjarred.kotlinx.metadata.jvm.KotlinClassMetadata$SyntheticClass: loaded 2 times (x 75B)
Class dagger.internal.codegen.validation.ExternalBindingGraphPlugins                  : loaded 2 times (x 70B)
Class dagger.spi.internal.shaded.androidx.room.compiler.processing.javac.JavacMethodElement$parameters$2: loaded 2 times (x 77B)
Class dagger.spi.internal.shaded.androidx.room.jarjarred.kotlinx.metadata.Attributes$modality$6: loaded 2 times (x 135B)
Class dagger.internal.codegen.processingstep.SuperficialValidator                     : loaded 2 times (x 73B)
Class org.objectweb.asm.Context                                                       : loaded 2 times (x 70B)
Class dagger.internal.codegen.validation.BindsInstanceMethodValidator$Validator       : loaded 2 times (x 75B)
Class dagger.internal.codegen.writing.UnwrappedMapKeyGenerator_Factory                : loaded 2 times (x 77B)
Class dagger.internal.codegen.binding.AutoValue_ModuleDescriptor                      : loaded 2 times (x 84B)
Class android.databinding.tool.store.SetterStore                                      : loaded 2 times (x 87B)
Class dagger.internal.codegen.model.Key$Builder                                       : loaded 2 times (x 74B)
Class dagger.hilt.processor.internal.originatingelement.OriginatingElementProcessor   : loaded 2 times (x 98B)
Class android.databinding.tool.store.BindingAdapterStore$merge$$inlined$merge$1       : loaded 2 times (x 75B)
Class android.databinding.tool.store.BindingAdapterStore$merge$$inlined$merge$2       : loaded 2 times (x 75B)
Class androidx.room.compiler.processing.XBasicAnnotationProcessor                     : loaded 2 times (x 68B)
Class android.databinding.tool.store.BindingAdapterStore$merge$$inlined$merge$3       : loaded 2 times (x 75B)
Class dagger.spi.internal.shaded.androidx.room.compiler.processing.JavaPoetExtKt      : loaded 2 times (x 69B)
Class dagger.spi.internal.shaded.auto.common.MoreTypes$AsElementVisitor               : loaded 2 times (x 99B)
Class dagger.spi.internal.shaded.auto.common.MoreTypes                                : loaded 2 times (x 69B)
Class android.databinding.tool.LibTypes                                               : loaded 2 times (x 70B)
Class dagger.spi.model.DaggerProcessingEnv$Backend                                    : loaded 2 times (x 77B)
Class dagger.internal.codegen.writing.ModuleProxies_ModuleConstructorProxyGenerator_Factory: loaded 2 times (x 77B)
Class android.databinding.tool.store.BindingAdapterStore$merge$$inlined$merge$4       : loaded 2 times (x 75B)
Class dagger.hilt.processor.internal.Processors                                       : loaded 2 times (x 69B)
Class android.databinding.tool.store.BindingAdapterStore$merge$$inlined$merge$5       : loaded 2 times (x 75B)
Class android.databinding.tool.LibTypes$observableFields$2                            : loaded 2 times (x 77B)
Class android.databinding.tool.DataBinder                                             : loaded 2 times (x 78B)
Class dagger.internal.codegen.validation.MembersInjectionValidator                    : loaded 2 times (x 70B)
Class dagger.spi.internal.shaded.auto.common.Overrides                                : loaded 2 times (x 70B)
Class com.google.common.base.Suppliers$SupplierOfInstance                             : loaded 2 times (x 77B)
Class dagger.spi.internal.shaded.androidx.room.jarjarred.kotlinx.metadata.internal.metadata.jvm.JvmProtoBuf$StringTableTypes$Record$Operation: loaded 2 times (x 80B)
Class dagger.spi.internal.shaded.androidx.room.compiler.processing.XProcessingEnv$Backend: loaded 2 times (x 77B)
Class org.objectweb.asm.RecordComponentVisitor                                        : loaded 2 times (x 75B)
Class dagger.hilt.processor.internal.root.RootProcessingStep                          : loaded 2 times (x 85B)
Class dagger.spi.internal.shaded.androidx.room.jarjarred.kotlinx.metadata.internal.metadata.ProtoBuf$Class$Kind: loaded 2 times (x 80B)
Class com.google.common.io.ByteStreams$LimitedInputStream                             : loaded 2 times (x 90B)
Class com.google.common.reflect.Types$ClassOwnership$1                                : loaded 2 times (x 78B)
Class com.google.common.reflect.Invokable                                             : loaded 2 times (x 99B)
Class dagger.spi.internal.shaded.androidx.room.jarjarred.kotlinx.metadata.internal.metadata.ProtoBuf$Annotation$1: loaded 2 times (x 142B)
Class com.google.common.reflect.Types$ClassOwnership$2                                : loaded 2 times (x 78B)
Class dagger.spi.internal.shaded.androidx.room.compiler.processing.javac.kotlin.JvmDescriptorTypeVisitor$visitExecutable$parameterDescriptors$1: loaded 2 times (x 77B)
Class dagger.internal.codegen.DaggerDelegateComponentProcessor_Injector$Factory       : loaded 2 times (x 72B)
Class dagger.internal.codegen.compileroption.ValidationType                           : loaded 2 times (x 77B)
Class dagger.spi.internal.shaded.androidx.room.compiler.processing.javac.JavacAnnotation: loaded 2 times (x 137B)
Class com.google.common.reflect.Types$ClassOwnership$3                                : loaded 2 times (x 69B)
Class com.google.common.base.CharMatcher$SingleWidth                                  : loaded 2 times (x 110B)
Class dagger.spi.internal.shaded.androidx.room.compiler.processing.CommonProcessorDelegate$processRound$currentElementsDeferredByStep$1$previousRoundDeferredElementsByAnnotation$1: loaded 2 times (x 76B)
Class dagger.internal.codegen.writing.FactoryGenerator                                : loaded 2 times (x 75B)
Class android.databinding.tool.store.BindingAdapterStore$merge$$inlined$merge$1$1     : loaded 2 times (x 75B)
Class dagger.spi.internal.shaded.androidx.room.compiler.processing.javac.JavacExecutableElement$thrownTypes$2: loaded 2 times (x 77B)
Class dagger.spi.internal.shaded.androidx.room.jarjarred.kotlinx.metadata.Attributes$isReified$2: loaded 2 times (x 135B)
Class dagger.spi.internal.shaded.androidx.room.compiler.processing.javac.JavacFieldElement$setter$2: loaded 2 times (x 77B)
Class dagger.internal.codegen.binding.BindingGraphConverter_Factory                   : loaded 2 times (x 77B)
Class com.sun.xml.bind.v2.runtime.output.IndentingUTF8XmlOutput                       : loaded 2 times (x 99B)
Class dagger.spi.internal.shaded.androidx.room.compiler.processing.javac.ElementExtKt : loaded 2 times (x 69B)
Class dagger.internal.codegen.base.ElementFormatter                                   : loaded 2 times (x 83B)
Class android.databinding.tool.processing.scopes.FileScopeProvider                    : loaded 2 times (x 68B)
Class dagger.internal.codegen.writing.InjectionMethods                                : loaded 2 times (x 69B)
Class com.google.common.cache.LocalCache$LoadingValueReference                        : loaded 2 times (x 94B)
Class dagger.spi.internal.shaded.androidx.room.compiler.codegen.XTypeName$Companion   : loaded 2 times (x 69B)
Class com.google.common.base.CharMatcher$JavaLowerCase                                : loaded 2 times (x 109B)
Class dagger.internal.codegen.binding.BindsTypeChecker                                : loaded 2 times (x 70B)
Class dagger.spi.internal.shaded.androidx.room.compiler.processing.javac.JavacAnnotation$annotationValues$2: loaded 2 times (x 77B)
Class dagger.spi.internal.shaded.androidx.room.jarjarred.kotlinx.metadata.Attributes$modality$10: loaded 2 times (x 135B)
Class org.objectweb.asm.ClassTooLargeException                                        : loaded 2 times (x 81B)
Class dagger.internal.codegen.processingstep.InjectProcessingStep                     : loaded 2 times (x 84B)
Class dagger.spi.internal.shaded.androidx.room.compiler.processing.javac.JavacDeclaredType$typeArguments$2: loaded 2 times (x 77B)
Class dagger.spi.internal.shaded.androidx.room.jarjarred.kotlinx.metadata.jvm.KotlinClassMetadata: loaded 2 times (x 74B)
Class dagger.internal.codegen.compileroption.ProcessingEnvironmentCompilerOptions$Validation$1: loaded 2 times (x 91B)
Class android.databinding.annotationprocessor.ProcessDataBinding                      : loaded 2 times (x 85B)
Class dagger.spi.internal.shaded.androidx.room.jarjarred.kotlinx.metadata.Attributes$modality$14: loaded 2 times (x 135B)
Class org.gradle.api.internal.classpath.UnknownModuleException                        : loaded 2 times (x 80B)
Class android.databinding.tool.reflection.ModelAnalyzer$mutableLiveDataType$2         : loaded 2 times (x 77B)
Class dagger.spi.internal.shaded.androidx.room.jarjarred.kotlinx.metadata.internal.extensions.KmFunctionExtension: loaded 2 times (x 68B)
Class dagger.internal.codegen.validation.BindsOptionalOfMethodValidator_Factory       : loaded 2 times (x 77B)
Class com.squareup.kotlinpoet.ClassName$special$$inlined$compareBy$1                  : loaded 2 times (x 87B)
Class android.databinding.tool.util.SymbolTable                                       : loaded 2 times (x 70B)
Class android.databinding.tool.reflection.ModelAnalyzer$stringType$2                  : loaded 2 times (x 77B)
Class dagger.spi.internal.shaded.androidx.room.jarjarred.kotlinx.metadata.internal.metadata.jvm.JvmProtoBuf$StringTableTypes$1: loaded 2 times (x 142B)
Class com.google.common.reflect.Types                                                 : loaded 2 times (x 69B)
Class com.google.common.collect.FluentIterable                                        : loaded 2 times (x 79B)
Class com.google.common.util.concurrent.AbstractFuture$Listener                       : loaded 2 times (x 70B)
Class com.google.common.base.Stopwatch                                                : loaded 2 times (x 70B)
Class android.databinding.tool.store.GenClassInfoLog$GenClass                         : loaded 2 times (x 70B)
Class android.databinding.tool.reflection.ModelMethod                                 : loaded 2 times (x 87B)
Class dagger.hilt.android.processor.internal.viewmodel.ViewModelModuleGenerator$Companion: loaded 2 times (x 69B)
Class org.gradle.internal.classloader.DefaultClassLoaderFactory                       : loaded 2 times (x 80B)
Class com.google.common.cache.CacheLoader$InvalidCacheLoadException                   : loaded 2 times (x 80B)
Class dagger.internal.codegen.base.ModuleKind$1                                       : loaded 2 times (x 69B)
Class dagger.spi.internal.shaded.androidx.room.compiler.processing.javac.JavacConstructorElement$kotlinMetadata$2: loaded 2 times (x 77B)
Class [Ldagger.spi.internal.shaded.androidx.room.jarjarred.kotlinx.metadata.internal.metadata.ProtoBuf$Class$Kind;: loaded 2 times (x 67B)
Class dagger.hilt.processor.internal.root.ir.InvalidRootsException                    : loaded 2 times (x 80B)
Class dagger.spi.internal.shaded.androidx.room.jarjarred.kotlinx.metadata.internal.metadata.jvm.JvmProtoBuf$JvmPropertySignature$1: loaded 2 times (x 142B)
Class com.google.common.collect.Iterables$5                                           : loaded 2 times (x 79B)
Class org.objectweb.asm.Edge                                                          : loaded 2 times (x 70B)
Class dagger.spi.internal.shaded.androidx.room.compiler.processing.XFieldElement      : loaded 2 times (x 68B)
Class android.databinding.annotationprocessor.BindableBag                             : loaded 2 times (x 70B)
Class dagger.spi.internal.shaded.androidx.room.jarjarred.kotlinx.metadata.KmClassExtensionVisitor: loaded 2 times (x 68B)
Class [Ldagger.spi.internal.shaded.androidx.room.jarjarred.kotlinx.metadata.internal.metadata.jvm.JvmProtoBuf$StringTableTypes$Record$Operation;: loaded 2 times (x 67B)
Class dagger.internal.codegen.xprocessing.XElements                                   : loaded 2 times (x 69B)
Class dagger.spi.internal.shaded.androidx.room.compiler.processing.javac.JavacProcessingEnv$Companion: loaded 2 times (x 69B)
Class com.google.common.io.Closer                                                     : loaded 2 times (x 76B)
Class dagger.internal.codegen.binding.BindingDeclaration                              : loaded 2 times (x 72B)
Class dagger.spi.internal.shaded.androidx.room.jarjarred.kotlinx.metadata.internal.metadata.ProtoBuf$Class$Kind$1: loaded 2 times (x 72B)
Class android.databinding.internal.org.antlr.v4.runtime.RuleContext                   : loaded 2 times (x 112B)
Class android.databinding.tool.writer.AnnotationJavaFileWriter                        : loaded 2 times (x 73B)
Class [Ldagger.spi.internal.shaded.androidx.room.jarjarred.kotlinx.metadata.Visibility;: loaded 2 times (x 67B)
Class com.google.common.collect.ImmutableSetMultimap$Builder                          : loaded 2 times (x 81B)
Class dagger.spi.internal.shaded.androidx.room.jarjarred.kotlinx.metadata.internal.metadata.ProtoBuf$ValueParameterOrBuilder: loaded 2 times (x 68B)
Class dagger.internal.codegen.validation.AnyBindingMethodValidator                    : loaded 2 times (x 73B)
Class com.google.common.collect.ImmutableMapValues                                    : loaded 2 times (x 124B)
Class android.databinding.tool.reflection.MutableImportBag                            : loaded 2 times (x 70B)
Class dagger.spi.internal.shaded.androidx.room.jarjarred.kotlinx.metadata.KmTypeExtensionVisitor: loaded 2 times (x 68B)
Class dagger.spi.internal.shaded.androidx.room.compiler.processing.javac.JavacTypeElement$Companion: loaded 2 times (x 69B)
Class com.google.common.io.ByteArrayDataInput                                         : loaded 2 times (x 68B)
Class android.databinding.tool.reflection.ModelAnalyzer$hasGeneratedAnnotation$2      : loaded 2 times (x 77B)
Class dagger.spi.internal.shaded.androidx.room.compiler.processing.javac.DefaultJavacType$equalityItems$2: loaded 2 times (x 77B)
Class dagger.internal.codegen.compileroption.FeatureStatus                            : loaded 2 times (x 77B)
Class dagger.internal.codegen.validation.BindsMethodValidator$Validator               : loaded 2 times (x 78B)
Class android.databinding.tool.CompilerChef$BindableHolder                            : loaded 2 times (x 68B)
Class dagger.hilt.android.processor.internal.viewmodel.ViewModelMetadata$Companion$create$1$1: loaded 2 times (x 76B)
Class dagger.spi.internal.shaded.androidx.room.compiler.processing.javac.JavacExecutableElement$jvmDescriptor$2: loaded 2 times (x 77B)
Class dagger.spi.internal.shaded.androidx.room.compiler.processing.javac.JavacConstructorElement$parameters$2$1$1: loaded 2 times (x 77B)
Class [Lorg.objectweb.asm.SymbolTable$Entry;                                          : loaded 2 times (x 67B)
Class dagger.internal.codegen.base.Formatter                                          : loaded 2 times (x 83B)
Class kotlin.collections.AbstractMutableSet                                           : loaded 2 times (x 140B)
Class com.google.common.reflect.Types$JavaVersion                                     : loaded 2 times (x 81B)
Class dagger.internal.codegen.binding.ContributionBinding$1                           : loaded 2 times (x 69B)
Class dagger.internal.codegen.model.DaggerType                                        : loaded 2 times (x 72B)
Class dagger.internal.codegen.validation.BindingElementValidator$AllowsScoping        : loaded 2 times (x 77B)
Class com.sun.xml.bind.v2.runtime.NamespaceContext2                                   : loaded 2 times (x 68B)
Class android.databinding.tool.store.ResourceBundle                                   : loaded 2 times (x 82B)
Class com.google.common.base.Strings                                                  : loaded 2 times (x 69B)
Class dagger.spi.internal.shaded.androidx.room.compiler.processing.XConstructorType   : loaded 2 times (x 68B)
Class dagger.hilt.processor.internal.ProcessorErrorHandler                            : loaded 2 times (x 70B)
Class dagger.internal.codegen.validation.BindsInstanceMethodValidator                 : loaded 2 times (x 76B)
Class dagger.internal.codegen.validation.BindsMethodValidator_Factory                 : loaded 2 times (x 77B)
Class com.squareup.kotlinpoet.TagMap$Companion                                        : loaded 2 times (x 69B)
Class com.google.common.collect.CollectSpliterators$1WithCharacteristics              : loaded 2 times (x 88B)
Class dagger.hilt.android.processor.internal.viewmodel.ViewModelProcessingStep        : loaded 2 times (x 85B)
Class dagger.internal.codegen.writing.AnnotationCreatorGenerator                      : loaded 2 times (x 78B)
Class dagger.internal.codegen.ProcessingEnvironmentModule_FilerFactory                : loaded 2 times (x 77B)
Class android.databinding.tool.util.FileUtil                                          : loaded 2 times (x 69B)
Class android.databinding.tool.LibTypes$mutableLiveData$2                             : loaded 2 times (x 77B)
Class dagger.internal.Provider                                                        : loaded 2 times (x 68B)
Class dagger.internal.codegen.binding.InjectionSiteFactory$InjectionSiteVisitor       : loaded 2 times (x 70B)
Class dagger.internal.codegen.validation.BindingElementValidator                      : loaded 2 times (x 76B)
Class dagger.internal.codegen.binding.SourceFiles$1                                   : loaded 2 times (x 69B)
Class android.databinding.tool.util.GenerationalClassUtil$load$1                      : loaded 2 times (x 77B)
Class dagger.spi.internal.shaded.androidx.room.jarjarred.kotlinx.metadata.KmClassifier$Class: loaded 2 times (x 70B)
Class android.databinding.tool.CompilerChef                                           : loaded 2 times (x 83B)
Class android.databinding.tool.util.GenerationalClassUtil$load$2                      : loaded 2 times (x 77B)
Class com.squareup.kotlinpoet.Dynamic                                                 : loaded 2 times (x 84B)
Class dagger.spi.internal.shaded.androidx.room.compiler.processing.XMethodElement     : loaded 2 times (x 68B)
Class dagger.spi.internal.shaded.androidx.room.jarjarred.kotlinx.metadata.internal.protobuf.Internal$EnumLiteMap: loaded 2 times (x 68B)
Class dagger.spi.internal.shaded.androidx.room.jarjarred.kotlinx.metadata.internal.protobuf.ByteString$Output: loaded 2 times (x 84B)
Class com.squareup.javapoet.TypeSpec                                                  : loaded 2 times (x 70B)
Class com.squareup.kotlinpoet.Annotatable                                             : loaded 2 times (x 68B)
Class android.databinding.internal.org.antlr.v4.runtime.Token                         : loaded 2 times (x 68B)
Class dagger.spi.internal.shaded.androidx.room.jarjarred.kotlinx.metadata.internal.metadata.ProtoBuf$Class$1: loaded 2 times (x 142B)
Class dagger.spi.internal.shaded.androidx.room.jarjarred.kotlinx.metadata.internal.protobuf.GeneratedMessageLite$GeneratedExtension: loaded 2 times (x 77B)
Class dagger.spi.internal.shaded.androidx.room.jarjarred.kotlinx.metadata.internal.metadata.ProtoBuf$Contract: loaded 2 times (x 105B)
Class androidx.room.processor.Context$Companion$ARG_OPTIONS$2                         : loaded 2 times (x 76B)
Class android.databinding.tool.LibTypes$appCompatResources$2                          : loaded 2 times (x 77B)
Class com.google.common.util.concurrent.AbstractFuture$SynchronizedHelper             : loaded 2 times (x 76B)
Class org.objectweb.asm.ClassVisitor                                                  : loaded 2 times (x 86B)
Class dagger.internal.codegen.bindinggraphvalidation.NullableBindingValidator_Factory : loaded 2 times (x 77B)
Class dagger.spi.internal.shaded.androidx.room.compiler.processing.InternalXAnnotationValue: loaded 2 times (x 153B)
Class dagger.spi.internal.shaded.androidx.room.jarjarred.kotlinx.metadata.internal.metadata.ProtoBuf$TypeParameter$Variance$1: loaded 2 times (x 72B)
Class com.google.common.cache.LoadingCache                                            : loaded 2 times (x 68B)
Class org.gradle.internal.service.ServiceLookupException                              : loaded 2 times (x 80B)
Class dagger.internal.codegen.model.AutoValue_DaggerExecutableElement                 : loaded 2 times (x 72B)
Class dagger.internal.Preconditions                                                   : loaded 2 times (x 69B)
Class dagger.spi.internal.shaded.androidx.room.jarjarred.kotlinx.metadata.jvm.JvmConstructorExtensionVisitor$Companion: loaded 2 times (x 69B)
Class dagger.spi.internal.shaded.androidx.room.jarjarred.kotlinx.metadata.internal.metadata.ProtoBuf$Modality: loaded 2 times (x 80B)
Class androidx.room.util.SimpleJavaVersion$compareTo$$inlined$compareBy$1             : loaded 2 times (x 87B)
Class dagger.spi.internal.shaded.androidx.room.jarjarred.kotlinx.metadata.internal.metadata.ProtoBuf$Type$Argument$1: loaded 2 times (x 142B)
Class dagger.internal.codegen.binding.MapKeys                                         : loaded 2 times (x 69B)
Class dagger.spi.internal.shaded.androidx.room.jarjarred.kotlinx.metadata.jvm.JvmPropertyExtensionVisitor$Companion: loaded 2 times (x 69B)
Class dagger.spi.internal.shaded.androidx.room.jarjarred.kotlinx.metadata.internal.metadata.deserialization.NameResolver: loaded 2 times (x 68B)
Class android.databinding.annotationprocessor.BindableBag$PackageProps                : loaded 2 times (x 70B)
Class androidx.room.compiler.processing.javac.JavacProcessingEnv$typeElementStore$1   : loaded 2 times (x 77B)
Class com.sun.xml.bind.v2.runtime.output.NamespaceContextImpl$1                       : loaded 2 times (x 73B)
Class android.databinding.tool.store.SetterStore$ViewBindingRootViewSetterCall        : loaded 2 times (x 88B)
Class androidx.room.compiler.processing.javac.JavacProcessingEnv$typeElementStore$2   : loaded 2 times (x 76B)
Class com.google.gson.internal.$Gson$Types$GenericArrayTypeImpl                       : loaded 2 times (x 77B)
Class androidx.room.compiler.processing.javac.JavacProcessingEnv$typeElementStore$3   : loaded 2 times (x 77B)
Class dagger.spi.internal.shaded.androidx.room.jarjarred.kotlinx.metadata.internal.metadata.deserialization.Flags$FlagField: loaded 2 times (x 71B)
Class dagger.internal.codegen.xprocessing.XAnnotations$1                              : loaded 2 times (x 82B)
Class dagger.spi.internal.shaded.androidx.room.jarjarred.kotlinx.metadata.internal.metadata.ProtoBuf$Package$1: loaded 2 times (x 142B)
Class dagger.spi.internal.shaded.androidx.room.compiler.processing.InternalXAnnotationValue$kind$2: loaded 2 times (x 77B)
Class dagger.spi.internal.shaded.auto.common.AnnotationMirrors                        : loaded 2 times (x 69B)
Class dagger.internal.codegen.xprocessing.XProcessingEnvs                             : loaded 2 times (x 69B)
Class dagger.internal.codegen.componentgenerator.ComponentGenerator                   : loaded 2 times (x 75B)
Class org.gradle.cache.GlobalCache                                                    : loaded 2 times (x 68B)
Class dagger.spi.internal.shaded.androidx.room.jarjarred.kotlinx.metadata.Attributes$hasAnnotations$6: loaded 2 times (x 135B)
Class dagger.internal.codegen.processingstep.TypeCheckingProcessingStep_MembersInjector: loaded 2 times (x 73B)
Class org.gradle.internal.service.UnknownServiceException                             : loaded 2 times (x 81B)
Class android.databinding.tool.LibTypes$nonNull$2                                     : loaded 2 times (x 77B)
Class org.gradle.internal.service.DefaultServiceLocator                               : loaded 2 times (x 81B)
Class dagger.hilt.processor.internal.aggregateddeps.AggregatedDepsProcessingStep      : loaded 2 times (x 85B)
Class dagger.hilt.processor.internal.uninstallmodules.UninstallModulesProcessingStep  : loaded 2 times (x 85B)
Class dagger.internal.codegen.binding.AutoValue_FrameworkField                        : loaded 2 times (x 72B)
Class dagger.hilt.processor.internal.HiltProcessingEnvConfigs                         : loaded 2 times (x 69B)
Class dagger.spi.internal.shaded.androidx.room.jarjarred.kotlinx.metadata.internal.metadata.jvm.JvmProtoBuf$JvmMethodSignature: loaded 2 times (x 106B)
Class dagger.hilt.android.processor.internal.bindvalue.BindValueMetadata              : loaded 2 times (x 71B)
Class android.databinding.tool.LibTypes$nullable$2                                    : loaded 2 times (x 77B)
Class com.squareup.javapoet.ClassName$1                                               : loaded 2 times (x 95B)
Class dagger.spi.internal.shaded.androidx.room.jarjarred.kotlinx.metadata.Attributes$hasAnnotations$2: loaded 2 times (x 135B)
Class dagger.spi.internal.shaded.androidx.room.compiler.processing.javac.JavacAnnotationValue: loaded 2 times (x 153B)
Class dagger.internal.codegen.validation.BindingElementValidator$ElementValidator     : loaded 2 times (x 75B)
Class com.squareup.javapoet.WildcardTypeName                                          : loaded 2 times (x 79B)
Class android.databinding.tool.reflection.ModelAnalyzer$liveDataType$2                : loaded 2 times (x 77B)
Class android.databinding.annotationprocessor.BindableBag$IdBag                       : loaded 2 times (x 70B)
Class dagger.internal.codegen.model.AutoValue_DaggerTypeElement                       : loaded 2 times (x 73B)
Class dagger.internal.codegen.bindinggraphvalidation.MapMultibindingValidator         : loaded 2 times (x 83B)
Class dagger.internal.codegen.binding.DependencyRequestFactory_Factory                : loaded 2 times (x 77B)
Class android.databinding.tool.store.SetterStore$1                                    : loaded 2 times (x 90B)
Class [Lorg.gradle.api.internal.ClassPathProvider;                                    : loaded 2 times (x 67B)
Class dagger.spi.internal.shaded.androidx.room.jarjarred.kotlinx.metadata.KmClassifier$TypeParameter: loaded 2 times (x 69B)
Class dagger.spi.internal.shaded.androidx.room.compiler.processing.XEnumEntry         : loaded 2 times (x 68B)
Class com.google.common.util.concurrent.AbstractFuture$SafeAtomicHelper               : loaded 2 times (x 77B)
Class dagger.internal.codegen.xprocessing.XTypes$TypeResolutionVisitor                : loaded 2 times (x 99B)
Class dagger.internal.codegen.validation.BindingMethodValidatorsModule_IndexValidatorsFactory: loaded 2 times (x 77B)
Class dagger.internal.codegen.binding.ModuleDescriptor_Factory_Factory                : loaded 2 times (x 77B)
Class dagger.internal.codegen.validation.BindingMethodValidator$ExceptionSuperclass   : loaded 2 times (x 79B)
Class dagger.spi.internal.shaded.androidx.room.compiler.processing.javac.JavacFieldElement: loaded 2 times (x 225B)
Class dagger.spi.internal.shaded.androidx.room.jarjarred.kotlinx.metadata.internal.protobuf.GeneratedMessageLite$Builder: loaded 2 times (x 126B)
Class dagger.internal.codegen.processingstep.AssistedInjectProcessingStep             : loaded 2 times (x 84B)
Class android.databinding.tool.store.Location                                         : loaded 2 times (x 76B)
Class dagger.spi.internal.shaded.androidx.room.compiler.processing.javac.JavacAnnotationValueKt$UNWRAP_VISITOR$1: loaded 2 times (x 101B)
Class dagger.spi.internal.shaded.androidx.room.jarjarred.kotlinx.metadata.jvm.JvmClassExtensionVisitor$Companion: loaded 2 times (x 69B)
Class org.gradle.util.internal.GUtil                                                  : loaded 2 times (x 69B)
Class javax.xml.bind.helpers.AbstractMarshallerImpl                                   : loaded 2 times (x 123B)
Class dagger.spi.internal.shaded.androidx.room.compiler.processing.ksp.KSTypeJavaPoetExtKt$typeVarNameConstructor$2: loaded 2 times (x 76B)
Class dagger.internal.codegen.validation.SpiModelBindingGraphConverter$DaggerProcessingEnvImpl: loaded 2 times (x 74B)
Class dagger.internal.codegen.validation.BindingGraphValidator                        : loaded 2 times (x 70B)
Class com.google.common.io.ByteStreams$1                                              : loaded 2 times (x 83B)
Class dagger.internal.codegen.model.DaggerExecutableElement                           : loaded 2 times (x 71B)
Class dagger.spi.internal.shaded.androidx.room.compiler.processing.InternalXAnnotationValue$Kind: loaded 2 times (x 77B)
Class androidx.room.processor.Context$ProcessorOptions                                : loaded 2 times (x 77B)
Class dagger.spi.internal.shaded.androidx.room.jarjarred.kotlinx.metadata.KmFunction  : loaded 2 times (x 80B)
Class dagger.spi.internal.shaded.auto.common.AnnotationOutput$1                       : loaded 2 times (x 105B)
Class dagger.internal.codegen.bindinggraphvalidation.DuplicateBindingsValidator       : loaded 2 times (x 83B)
Class dagger.spi.internal.shaded.auto.common.MoreElements$CastingElementVisitor       : loaded 2 times (x 91B)
Class dagger.hilt.android.processor.internal.viewmodel.ViewModelProcessor             : loaded 2 times (x 98B)
Class [Lcom.google.common.reflect.Types$JavaVersion;                                  : loaded 2 times (x 67B)
Class dagger.internal.codegen.compileroption.ProcessingEnvironmentCompilerOptions$KeyOnlyOption$2: loaded 2 times (x 84B)
Class dagger.internal.codegen.base.ContributionType                                   : loaded 2 times (x 77B)
Class dagger.internal.codegen.compileroption.ProcessingEnvironmentCompilerOptions$KeyOnlyOption$1: loaded 2 times (x 84B)
Class org.gradle.internal.classloader.ClassLoaderSpec                                 : loaded 2 times (x 69B)
Class dagger.internal.codegen.binding.AutoValue_MultibindingDeclaration               : loaded 2 times (x 77B)
Class dagger.internal.codegen.writing.ProducerFactoryGenerator$FutureTransform        : loaded 2 times (x 76B)
Class [Ldagger.spi.internal.shaded.androidx.room.jarjarred.kotlinx.metadata.internal.metadata.ProtoBuf$Expression$ConstantValue;: loaded 2 times (x 67B)
Class com.google.common.io.LineProcessor                                              : loaded 2 times (x 68B)
Class dagger.internal.codegen.javapoet.AnnotationSpecs$Suppression                    : loaded 2 times (x 77B)
Class com.google.common.collect.ImmutableSetMultimap$EntrySet                         : loaded 2 times (x 144B)
Class dagger.spi.internal.shaded.androidx.room.jarjarred.kotlinx.metadata.internal.metadata.jvm.JvmProtoBuf$JvmPropertySignatureOrBuilder: loaded 2 times (x 68B)
Class dagger.internal.codegen.model.AutoValue_DaggerAnnotation                        : loaded 2 times (x 75B)
Class dagger.spi.internal.shaded.androidx.room.jarjarred.kotlinx.metadata.internal.metadata.ProtoBuf$Type$Argument$Projection$1: loaded 2 times (x 72B)
Class dagger.spi.internal.shaded.androidx.room.compiler.processing.javac.AnnotationMirrorExtKt: loaded 2 times (x 69B)
Class dagger.spi.internal.shaded.androidx.room.compiler.processing.javac.JavacMethodElement$kotlinMetadata$2: loaded 2 times (x 77B)
Class dagger.hilt.processor.internal.JavacBaseProcessingStepProcessor                 : loaded 2 times (x 98B)
Class com.google.common.io.CharSink                                                   : loaded 2 times (x 77B)
Class dagger.internal.codegen.base.$AutoValue_ModuleAnnotation                        : loaded 2 times (x 74B)
Class dagger.internal.codegen.validation.MultibindsMethodValidator                    : loaded 2 times (x 77B)
Class com.squareup.javapoet.LineWrapper$1                                             : loaded 2 times (x 69B)
Class dagger.internal.codegen.bindinggraphvalidation.MapMultibindingValidator_Factory : loaded 2 times (x 77B)
Class org.objectweb.asm.Frame                                                         : loaded 2 times (x 71B)
Class com.google.common.cache.LocalCache$LocalManualCache                             : loaded 2 times (x 97B)
Class dagger.spi.internal.shaded.androidx.room.jarjarred.kotlinx.metadata.internal.metadata.ProtoBuf$MemberKind: loaded 2 times (x 80B)
Class dagger.spi.internal.shaded.androidx.room.compiler.processing.javac.JavacType$superTypes$2: loaded 2 times (x 77B)
Class dagger.spi.internal.shaded.androidx.room.jarjarred.kotlinx.metadata.internal.protobuf.GeneratedMessageLite$ExtendableMessage: loaded 2 times (x 111B)
Class dagger.spi.internal.shaded.androidx.room.jarjarred.kotlinx.metadata.KmPropertyVisitor: loaded 2 times (x 78B)
Class dagger.spi.internal.shaded.auto.common.MoreTypes$ExecutableTypeVisitor          : loaded 2 times (x 100B)
Class android.databinding.tool.store.SetterStore$BindingGetterCall                    : loaded 2 times (x 68B)
Class android.databinding.tool.LibTypes$observableList$2                              : loaded 2 times (x 77B)
Class dagger.internal.codegen.xprocessing.XAnnotationValues$1                         : loaded 2 times (x 82B)
Class [Ldagger.spi.internal.shaded.androidx.room.compiler.processing.XNullability;    : loaded 2 times (x 67B)
Class com.google.common.cache.CacheLoader$1                                           : loaded 2 times (x 73B)
Class [Ldagger.spi.internal.shaded.androidx.room.jarjarred.kotlinx.metadata.internal.metadata.ProtoBuf$Effect$EffectType;: loaded 2 times (x 67B)
Class dagger.internal.codegen.writing.ModuleProxies$ModuleConstructorProxyGenerator   : loaded 2 times (x 75B)
Class dagger.spi.internal.shaded.androidx.room.jarjarred.kotlinx.metadata.internal.protobuf.WireFormat$FieldType$1: loaded 2 times (x 81B)
Class dagger.internal.codegen.validation.SpiModelBindingGraphConverter                : loaded 2 times (x 69B)
Class dagger.spi.internal.shaded.androidx.room.jarjarred.kotlinx.metadata.internal.metadata.jvm.deserialization.JvmMemberSignature$Method: loaded 2 times (x 73B)
Class dagger.spi.internal.shaded.androidx.room.jarjarred.kotlinx.metadata.internal.extensions.MetadataExtensions: loaded 2 times (x 68B)
Class dagger.spi.internal.shaded.androidx.room.jarjarred.kotlinx.metadata.internal.protobuf.WireFormat$FieldType$2: loaded 2 times (x 81B)
Class dagger.spi.internal.shaded.androidx.room.jarjarred.kotlinx.metadata.internal.extensions.KmClassExtension: loaded 2 times (x 68B)
Class android.databinding.tool.reflection.ModelAnalyzer$dataBindingKtxClass$2         : loaded 2 times (x 77B)
Class dagger.spi.internal.shaded.androidx.room.jarjarred.kotlinx.metadata.internal.protobuf.WireFormat$FieldType$3: loaded 2 times (x 81B)
Class dagger.spi.internal.shaded.androidx.room.jarjarred.kotlinx.metadata.internal.protobuf.WireFormat$FieldType$4: loaded 2 times (x 81B)
Class dagger.spi.internal.shaded.androidx.room.compiler.processing.XProcessingEnvConfig$Builder: loaded 2 times (x 70B)
Class com.google.common.util.concurrent.AbstractFuture$TrustedFuture                  : loaded 2 times (x 95B)
Class dagger.spi.internal.shaded.androidx.room.jarjarred.kotlinx.metadata.Attributes$kind$7: loaded 2 times (x 135B)
Class dagger.internal.codegen.binding.ModuleDescriptor$Factory                        : loaded 2 times (x 73B)
Class dagger.spi.internal.shaded.androidx.room.compiler.processing.javac.XTypeElementStore: loaded 2 times (x 70B)
Class dagger.spi.internal.shaded.androidx.room.compiler.processing.DeclarationCollectorKt: loaded 2 times (x 69B)
Class com.squareup.javapoet.ParameterSpec$Builder                                     : loaded 2 times (x 70B)
Class dagger.spi.internal.shaded.androidx.room.jarjarred.kotlinx.metadata.jvm.JvmConstructorExtensionVisitor: loaded 2 times (x 76B)
Class dagger.spi.internal.shaded.androidx.room.jarjarred.kotlinx.metadata.KmExtensionType: loaded 2 times (x 70B)
Class android.databinding.annotationprocessor.BindableBag$IdBag$buildMapping$$inlined$sortedBy$1: loaded 2 times (x 87B)
Class dagger.internal.codegen.componentgenerator.ComponentGenerator_Factory           : loaded 2 times (x 77B)
Class dagger.internal.codegen.model.Key$MultibindingContributionIdentifier            : loaded 2 times (x 71B)
Class dagger.internal.codegen.base.Util                                               : loaded 2 times (x 69B)
Class dagger.internal.codegen.binding.ProvisionBinding$Builder                        : loaded 2 times (x 86B)
Class androidx.room.compiler.processing.javac.JavacProcessingEnv                      : loaded 2 times (x 113B)
Class android.databinding.tool.store.GenClassInfoLog$createPackageInfoLog$1           : loaded 2 times (x 77B)
Class dagger.spi.internal.shaded.androidx.room.jarjarred.kotlinx.metadata.KmClassVisitor: loaded 2 times (x 90B)
Class dagger.internal.codegen.writing.FactoryGenerator$1                              : loaded 2 times (x 69B)
Class com.google.common.cache.CacheBuilder$NullListener                               : loaded 2 times (x 80B)
Class android.databinding.tool.expr.Expr                                              : loaded 2 times (x 146B)
Class kotlin.jvm.internal.TypeIntrinsics                                              : loaded 2 times (x 69B)
Class dagger.hilt.processor.internal.earlyentrypoint.EarlyEntryPointProcessingStep    : loaded 2 times (x 85B)
Class dagger.internal.codegen.binding.$AutoValue_ComponentDescriptor                  : loaded 2 times (x 87B)
Class dagger.spi.internal.shaded.androidx.room.jarjarred.kotlinx.metadata.internal.metadata.ProtoBuf$Package: loaded 2 times (x 127B)
Class android.databinding.tool.reflection.ModelAnalyzer$observableMapType$2           : loaded 2 times (x 77B)
Class dagger.internal.codegen.ComponentProcessor                                      : loaded 2 times (x 96B)
Class dagger.internal.codegen.writing.UnwrappedMapKeyGenerator                        : loaded 2 times (x 78B)
Class com.squareup.javapoet.AnnotationSpec                                            : loaded 2 times (x 70B)
Class [Ldagger.spi.internal.shaded.androidx.room.compiler.processing.InternalXAnnotationValue$Kind;: loaded 2 times (x 67B)
Class dagger.spi.internal.shaded.androidx.room.compiler.processing.XEnumTypeElement   : loaded 2 times (x 68B)
Class org.objectweb.asm.Label                                                         : loaded 2 times (x 71B)
Class dagger.spi.internal.shaded.androidx.room.jarjarred.kotlinx.metadata.Attributes$kind$2: loaded 2 times (x 135B)
Class dagger.spi.internal.shaded.androidx.room.jarjarred.kotlinx.metadata.internal.metadata.jvm.JvmProtoBuf$JvmPropertySignature$Builder: loaded 2 times (x 139B)
Class dagger.spi.internal.shaded.androidx.room.compiler.processing.javac.JavacConstructorElement: loaded 2 times (x 254B)
Class org.jetbrains.kotlin.config.ExplicitApiMode$Companion                           : loaded 2 times (x 69B)
Class dagger.internal.Factory                                                         : loaded 2 times (x 68B)
Class dagger.spi.internal.shaded.androidx.room.compiler.processing.javac.JavacExecutableType: loaded 2 times (x 79B)
Class [Ldagger.internal.codegen.base.ContributionType;                                : loaded 2 times (x 67B)
Class dagger.spi.internal.shaded.androidx.room.jarjarred.kotlinx.metadata.jvm.JvmFunctionExtensionVisitor$Companion: loaded 2 times (x 69B)
Class dagger.internal.codegen.componentgenerator.TopLevelImplementationComponent      : loaded 2 times (x 68B)
Class dagger.internal.codegen.bindinggraphvalidation.IncompatiblyScopedBindingsValidator: loaded 2 times (x 83B)
Class dagger.spi.internal.shaded.androidx.room.jarjarred.kotlinx.metadata.KmTypeParameter: loaded 2 times (x 74B)
Class kotlin.text.StringsKt__StringsKt$splitToSequence$1                              : loaded 2 times (x 77B)
Class org.gradle.internal.classloader.ClassLoaderVisitor                              : loaded 2 times (x 74B)
Class kotlin.text.StringsKt__StringsKt$splitToSequence$2                              : loaded 2 times (x 77B)
Class dagger.spi.internal.shaded.androidx.room.compiler.processing.javac.JavacType$rawType$2: loaded 2 times (x 77B)
Class dagger.spi.internal.shaded.androidx.room.jarjarred.kotlinx.metadata.Attributes$kind$11: loaded 2 times (x 135B)
Class dagger.spi.internal.shaded.androidx.room.compiler.processing.javac.JavacPackageElement$name$2: loaded 2 times (x 77B)
Class dagger.spi.internal.shaded.androidx.room.compiler.processing.javac.JavacArrayType$equalityItems$2: loaded 2 times (x 77B)
Class dagger.spi.internal.shaded.androidx.room.jarjarred.kotlinx.metadata.internal.metadata.ProtoBuf$MemberKind$1: loaded 2 times (x 72B)
Class androidx.room.compiler.processing.XProcessingEnvConfig$Builder                  : loaded 2 times (x 70B)
Class dagger.internal.codegen.validation.BindingMethodValidatorsModule                : loaded 2 times (x 68B)
Class android.databinding.tool.store.SetterStore$ModelMethodSetter                    : loaded 2 times (x 88B)
Class org.objectweb.asm.AnnotationWriter                                              : loaded 2 times (x 77B)
Class dagger.internal.codegen.model.Scope                                             : loaded 2 times (x 70B)
Class dagger.spi.internal.shaded.androidx.room.jarjarred.kotlinx.metadata.internal.metadata.jvm.deserialization.JvmNameResolverBase: loaded 2 times (x 78B)
Class dagger.spi.internal.shaded.androidx.room.jarjarred.kotlinx.metadata.InconsistentKotlinMetadataException: loaded 2 times (x 80B)
Class dagger.internal.codegen.validation.BindsMethodValidator                         : loaded 2 times (x 76B)
Class dagger.internal.codegen.bindinggraphvalidation.SubcomponentFactoryMethodValidator: loaded 2 times (x 83B)
Class android.databinding.tool.processing.scopes.LocationScopeProvider                : loaded 2 times (x 68B)
Class kotlin.collections.IntIterator                                                  : loaded 2 times (x 80B)
Class dagger.internal.codegen.binding.FrameworkType                                   : loaded 2 times (x 82B)
Class dagger.internal.codegen.bindinggraphvalidation.CompositeBindingGraphPlugin$Factory: loaded 2 times (x 68B)
Class [Ldagger.internal.codegen.validation.BindingMethodValidator$ExceptionSuperclass;: loaded 2 times (x 67B)
Class dagger.spi.internal.shaded.androidx.room.compiler.processing.javac.JavacTypeElement: loaded 2 times (x 298B)
Class dagger.spi.internal.shaded.androidx.room.jarjarred.kotlinx.metadata.internal.protobuf.SmallSortedMap: loaded 2 times (x 128B)
Class dagger.spi.internal.shaded.auto.common.MoreElements$TypeElementVisitor          : loaded 2 times (x 91B)
Class dagger.spi.internal.shaded.androidx.room.compiler.processing.XElementKt         : loaded 2 times (x 69B)
Class dagger.spi.internal.shaded.androidx.room.compiler.processing.InternalXAnnotationValue$Kind$Companion: loaded 2 times (x 69B)
Class dagger.internal.codegen.binding.FrameworkField                                  : loaded 2 times (x 71B)
Class android.databinding.tool.reflection.SdkUtil                                     : loaded 2 times (x 75B)
Class android.databinding.tool.reflection.ModelAnalyzer$observableListType$2          : loaded 2 times (x 77B)
Class android.databinding.tool.LibTypes$viewStubProxy$2                               : loaded 2 times (x 77B)
Class dagger.internal.codegen.validation.ComponentValidator                           : loaded 2 times (x 73B)
Class com.google.common.collect.EmptyImmutableSetMultimap                             : loaded 2 times (x 178B)
Class com.google.common.base.MoreObjects                                              : loaded 2 times (x 69B)
Class dagger.spi.internal.shaded.androidx.room.jarjarred.kotlinx.metadata.internal.metadata.jvm.deserialization.JvmMemberSignature$Field: loaded 2 times (x 73B)
Class dagger.spi.internal.shaded.androidx.room.jarjarred.kotlinx.metadata.internal.metadata.ProtoBuf$TypeTableOrBuilder: loaded 2 times (x 68B)
Class dagger.spi.internal.shaded.androidx.room.jarjarred.kotlinx.metadata.internal.protobuf.SmallSortedMap$EmptySet: loaded 2 times (x 69B)
Class dagger.internal.codegen.binding.ComponentDescriptor$Factory                     : loaded 2 times (x 73B)
Class android.databinding.tool.store.ResourceBundle$IncludedLayout$Builder            : loaded 2 times (x 74B)
Class dagger.internal.codegen.validation.DiagnosticReporterFactory_Factory            : loaded 2 times (x 77B)
Class dagger.spi.internal.shaded.androidx.room.jarjarred.kotlinx.metadata.internal.protobuf.UninitializedMessageException: loaded 2 times (x 82B)
Class org.objectweb.asm.SymbolTable                                                   : loaded 2 times (x 70B)
Class dagger.internal.codegen.base.UniqueNameSet                                      : loaded 2 times (x 70B)
Class dagger.spi.internal.shaded.androidx.room.compiler.processing.javac.kotlin.JvmAbi: loaded 2 times (x 69B)
Class dagger.spi.internal.shaded.androidx.room.jarjarred.kotlinx.metadata.internal.metadata.ProtoBuf$TypeParameter$1: loaded 2 times (x 142B)
Class dagger.internal.codegen.validation.ProvidesMethodValidator$Validator            : loaded 2 times (x 78B)
Class dagger.spi.internal.shaded.androidx.room.compiler.processing.javac.JavacMethodParameter$name$2: loaded 2 times (x 77B)
Class android.databinding.tool.store.SetterStore$BindingSetterCall                    : loaded 2 times (x 68B)
Class [Lorg.objectweb.asm.AnnotationVisitor;                                          : loaded 2 times (x 67B)
Class dagger.spi.internal.shaded.androidx.room.jarjarred.kotlinx.metadata.KmVariance  : loaded 2 times (x 77B)
Class [Ldagger.internal.codegen.compileroption.ProcessingEnvironmentCompilerOptions$KeyOnlyOption;: loaded 2 times (x 67B)
Class com.google.common.cache.CacheStats                                              : loaded 2 times (x 69B)
Class dagger.spi.internal.shaded.androidx.room.compiler.processing.javac.JavacMethodType$typeVariableNames$2: loaded 2 times (x 77B)
Class dagger.internal.codegen.kotlin.KotlinMetadataFactory                            : loaded 2 times (x 73B)
Class dagger.spi.internal.shaded.androidx.room.jarjarred.kotlinx.metadata.internal.protobuf.LiteralByteString: loaded 2 times (x 110B)
Class android.databinding.tool.LibTypes$dataBindingKtx$2                              : loaded 2 times (x 76B)
Class dagger.internal.codegen.validation.ComponentCreatorValidator                    : loaded 2 times (x 73B)
Class android.databinding.annotationprocessor.BindableBag$BRMapping                   : loaded 2 times (x 70B)
Class [Lcom.google.common.cache.CacheBuilder$NullListener;                            : loaded 2 times (x 67B)
Class dagger.spi.internal.shaded.androidx.room.compiler.processing.javac.JavacConstructorElement$typeParameters$2: loaded 2 times (x 77B)
Class dagger.spi.internal.shaded.androidx.room.jarjarred.kotlinx.metadata.internal.protobuf.MessageLiteOrBuilder: loaded 2 times (x 68B)
Class org.objectweb.asm.Attribute                                                     : loaded 2 times (x 75B)
Class dagger.spi.model.BindingGraphPlugin                                             : loaded 2 times (x 68B)
Class dagger.spi.internal.shaded.androidx.room.compiler.processing.javac.JavacMethodElement: loaded 2 times (x 267B)
Class dagger.spi.internal.shaded.androidx.room.compiler.processing.javac.JavacArrayType$xTypeName$2: loaded 2 times (x 77B)
Class dagger.internal.InstanceFactory                                                 : loaded 2 times (x 80B)
Class dagger.hilt.android.processor.internal.AndroidClassNames                        : loaded 2 times (x 69B)
Class android.databinding.tool.LibTypes$listClassNames$2                              : loaded 2 times (x 77B)
Class dagger.spi.internal.shaded.androidx.room.compiler.processing.javac.JavacMethodType: loaded 2 times (x 89B)
Class dagger.internal.codegen.bindinggraphvalidation.MissingBindingValidator_Factory  : loaded 2 times (x 77B)
Class dagger.internal.codegen.model.AutoValue_DependencyRequest                       : loaded 2 times (x 74B)
Class [Lnet.ltgt.gradle.incap.IncrementalAnnotationProcessorType;                     : loaded 2 times (x 67B)
Class org.gradle.internal.classloader.VisitableURLClassLoader                         : loaded 2 times (x 114B)
Class dagger.internal.codegen.binding.ComponentDescriptor                             : loaded 2 times (x 85B)
Class kotlin.annotation.Repeatable                                                    : loaded 2 times (x 68B)
Class dagger.spi.internal.shaded.androidx.room.jarjarred.kotlinx.metadata.internal.metadata.ProtoBuf$Type$ArgumentOrBuilder: loaded 2 times (x 68B)
Class com.google.common.cache.LocalCache$LocalLoadingCache                            : loaded 2 times (x 132B)
Class dagger.internal.codegen.binding.DependencyRequestFormatter                      : loaded 2 times (x 84B)
Class dagger.internal.codegen.binding.InjectionSiteFactory                            : loaded 2 times (x 70B)
Class com.sun.xml.bind.v2.util.CollisionCheckStack                                    : loaded 2 times (x 159B)
Class dagger.hilt.processor.internal.aliasof.AliasOfProcessor                         : loaded 2 times (x 98B)
Class com.sun.xml.bind.marshaller.NamespacePrefixMapper                               : loaded 2 times (x 73B)
Class org.gradle.internal.classpath.DefaultClassPath$ImmutableUniqueList$Builder      : loaded 2 times (x 73B)
Class [Lcom.google.common.cache.LocalCache$Strength;                                  : loaded 2 times (x 67B)
Class dagger.internal.codegen.base.DaggerSuperficialValidation$ValidationException$UnexpectedException: loaded 2 times (x 81B)
Class android.databinding.annotationprocessor.ProcessExpressions$IntermediateV1       : loaded 2 times (x 79B)
Class org.apache.commons.io.filefilter.FileFilterUtils                                : loaded 2 times (x 69B)
Class android.databinding.tool.util.GenerationalClassUtil                             : loaded 2 times (x 70B)
Class com.squareup.javapoet.ParameterSpec                                             : loaded 2 times (x 70B)
Class dagger.spi.internal.shaded.androidx.room.compiler.processing.XFiler             : loaded 2 times (x 68B)
Class dagger.internal.codegen.binding.InjectBindingRegistry                           : loaded 2 times (x 68B)
Class dagger.spi.internal.shaded.androidx.room.jarjarred.kotlinx.metadata.internal.metadata.ProtoBuf$TypeOrBuilder: loaded 2 times (x 68B)
Class android.databinding.annotationprocessor.ProcessExpressions$IntermediateV2       : loaded 2 times (x 80B)
Class [Ldagger.internal.codegen.base.ComponentCreatorKind;                            : loaded 2 times (x 67B)
Class dagger.spi.internal.shaded.androidx.room.compiler.processing.javac.JavacMethodType$Companion: loaded 2 times (x 69B)
Class com.google.common.collect.ImmutableMap$IteratorBasedImmutableMap$1EntrySetImpl  : loaded 2 times (x 152B)
Class [Ldagger.internal.codegen.compileroption.ProcessingEnvironmentCompilerOptions$EnumOption;: loaded 2 times (x 67B)
Class com.google.common.collect.Maps$1                                                : loaded 2 times (x 80B)
Class dagger.internal.codegen.binding.MultibindingDeclaration_Factory_Factory         : loaded 2 times (x 77B)
Class dagger.spi.internal.shaded.auto.common.Visibility                               : loaded 2 times (x 77B)
Class dagger.internal.codegen.model.BindingGraph$Node                                 : loaded 2 times (x 68B)
Class android.databinding.tool.LibTypes$propertyChangedInverseListener$2              : loaded 2 times (x 77B)
Class android.databinding.tool.reflection.ModelAnalyzer$observableType$2              : loaded 2 times (x 77B)
Class com.google.common.util.concurrent.AbstractFuture$AtomicHelper                   : loaded 2 times (x 76B)
Class dagger.spi.internal.shaded.androidx.room.jarjarred.kotlinx.metadata.internal.protobuf.FieldSet$FieldDescriptorLite: loaded 2 times (x 68B)
Class com.google.common.reflect.Invokable$MethodInvokable                             : loaded 2 times (x 103B)
Class dagger.spi.internal.shaded.androidx.room.compiler.processing.XMessager          : loaded 2 times (x 71B)
Class org.gradle.internal.Cast                                                        : loaded 2 times (x 69B)
Class dagger.internal.codegen.binding.ContributionBinding                             : loaded 2 times (x 88B)
Class android.databinding.annotationprocessor.ProcessBindable$Intermediate            : loaded 2 times (x 68B)
Class dagger.internal.codegen.DelegateComponentProcessor$SourceFileGeneratorsModule   : loaded 2 times (x 68B)
Class com.squareup.kotlinpoet.ClassName$Companion                                     : loaded 2 times (x 69B)
Class dagger.spi.internal.shaded.auto.common.MoreTypes$PrimitiveTypeVisitor           : loaded 2 times (x 100B)
Class dagger.spi.internal.shaded.androidx.room.jarjarred.kotlinx.metadata.internal.metadata.jvm.JvmProtoBuf$StringTableTypes$Record: loaded 2 times (x 117B)
Class com.google.common.hash.PrimitiveSink                                            : loaded 2 times (x 68B)
Class dagger.internal.codegen.bindinggraphvalidation.DependencyCycleValidator_Factory : loaded 2 times (x 77B)
Class com.squareup.javapoet.TypeVariableName                                          : loaded 2 times (x 79B)
Class dagger.hilt.processor.internal.aggregateddeps.PkgPrivateMetadata                : loaded 2 times (x 73B)
Class com.squareup.javapoet.Util                                                      : loaded 2 times (x 69B)
Class com.google.common.reflect.TypeResolver$TypeTable                                : loaded 2 times (x 71B)
Class android.databinding.tool.expr.ResourceExpr                                      : loaded 2 times (x 147B)
Class dagger.spi.internal.shaded.androidx.room.jarjarred.kotlinx.metadata.jvm.KotlinClassMetadata$Class: loaded 2 times (x 75B)
Class dagger.spi.internal.shaded.androidx.room.jarjarred.kotlinx.metadata.internal.metadata.ProtoBuf$Property$1: loaded 2 times (x 142B)
Class dagger.spi.internal.shaded.androidx.room.compiler.processing.javac.JavacTypeElement$type$2: loaded 2 times (x 77B)
Class androidx.room.compiler.processing.javac.JavacBasicAnnotationProcessor$xEnv$2    : loaded 2 times (x 77B)
Class Build_gradle                                                                    : loaded 2 times (x 128B)
Class com.google.common.collect.AbstractMapBasedMultimap$WrappedCollection            : loaded 2 times (x 122B)
Class dagger.spi.internal.shaded.androidx.room.jarjarred.kotlinx.metadata.KmDeclarationContainer: loaded 2 times (x 68B)
Class dagger.spi.internal.shaded.androidx.room.jarjarred.kotlinx.metadata.internal.metadata.ProtoBuf$Contract$1: loaded 2 times (x 142B)
Class org.gradle.internal.classloader.FilteringClassLoader                            : loaded 2 times (x 102B)
Class dagger.internal.codegen.validation.ExternalBindingGraphPlugins_Factory          : loaded 2 times (x 77B)
Class org.gradle.api.internal.ClassPathRegistry                                       : loaded 2 times (x 68B)
Class androidx.databinding.Untaggable                                                 : loaded 2 times (x 68B)
Class com.google.common.cache.LocalCache$StrongValueReference                         : loaded 2 times (x 88B)
Class dagger.internal.codegen.validation.ComponentHierarchyValidator                  : loaded 2 times (x 70B)
Class dagger.internal.codegen.compileroption.ProcessingEnvironmentCompilerOptions$KeyOnlyOption: loaded 2 times (x 84B)
Class com.squareup.javapoet.FieldSpec$Builder                                         : loaded 2 times (x 70B)
Class [Lcom.squareup.javapoet.ClassName;                                              : loaded 2 times (x 67B)
Class com.squareup.javapoet.AnnotationSpec$Builder                                    : loaded 2 times (x 70B)
Class com.google.common.cache.LocalCache$EntryFactory                                 : loaded 2 times (x 81B)
Class android.databinding.internal.org.antlr.v4.runtime.tree.SyntaxTree               : loaded 2 times (x 68B)
Class dagger.spi.internal.shaded.androidx.room.jarjarred.kotlinx.metadata.internal.protobuf.CodedOutputStream$OutOfSpaceException: loaded 2 times (x 80B)
Class [Ldagger.spi.model.DaggerProcessingEnv$Backend;                                 : loaded 2 times (x 67B)
Class [Landroidx.room.processor.Context$ProcessorOptions;                             : loaded 2 times (x 67B)
Class com.google.common.util.concurrent.UncheckedExecutionException                   : loaded 2 times (x 80B)
Class dagger.internal.codegen.DelegateComponentProcessor_SourceFileGeneratorsModule_ProducerFactoryGeneratorFactory: loaded 2 times (x 77B)
Class dagger.spi.internal.shaded.androidx.room.compiler.processing.javac.JavacBasicAnnotationProcessor$steps$2: loaded 2 times (x 77B)
Class com.squareup.javapoet.JavaFile$1                                                : loaded 2 times (x 77B)
Class org.gradle.internal.classloader.VisitableURLClassLoader$InstrumentingVisitableURLClassLoader: loaded 2 times (x 120B)
Class dagger.spi.internal.shaded.androidx.room.compiler.processing.util.MemoizedSequence$delegateIterator$2: loaded 2 times (x 77B)
Class dagger.spi.internal.shaded.androidx.room.compiler.processing.XEquality$Companion: loaded 2 times (x 69B)
Class dagger.spi.internal.shaded.androidx.room.jarjarred.kotlinx.metadata.internal.extensions.KmConstructorExtension: loaded 2 times (x 68B)
Class org.gradle.internal.classloader.ClassLoaderHierarchy                            : loaded 2 times (x 68B)
Class com.google.common.cache.LocalCache$EntryFactory$8                               : loaded 2 times (x 81B)
Class dagger.hilt.processor.internal.earlyentrypoint.EarlyEntryPointProcessor         : loaded 2 times (x 98B)
Class dagger.internal.codegen.bindinggraphvalidation.SetMultibindingValidator_Factory : loaded 2 times (x 76B)
Class dagger.spi.internal.shaded.androidx.room.jarjarred.kotlinx.metadata.Modality    : loaded 2 times (x 77B)
Class dagger.spi.internal.shaded.androidx.room.jarjarred.kotlinx.metadata.internal.protobuf.InvalidProtocolBufferException: loaded 2 times (x 82B)
Class dagger.internal.codegen.binding.FrameworkType$1                                 : loaded 2 times (x 82B)
Class com.sun.xml.bind.v2.runtime.output.NamespaceContextImpl                         : loaded 2 times (x 79B)
Class dagger.internal.codegen.binding.FrameworkType$2                                 : loaded 2 times (x 82B)
Class dagger.internal.codegen.model.AutoValue_Key                                     : loaded 2 times (x 78B)
Class dagger.internal.codegen.bindinggraphvalidation.CompositeBindingGraphPlugin_Factory_Impl: loaded 2 times (x 73B)
Class dagger.internal.codegen.bindinggraphvalidation.InjectBindingValidator           : loaded 2 times (x 83B)
Class com.google.common.cache.LocalCache$EntryFactory$7                               : loaded 2 times (x 81B)
Class dagger.spi.internal.shaded.androidx.room.compiler.processing.compat.XConverters : loaded 2 times (x 69B)
Class dagger.internal.codegen.binding.FrameworkType$3                                 : loaded 2 times (x 69B)
Class dagger.internal.codegen.DelegateComponentProcessor_SourceFileGeneratorsModule_ModuleConstructorProxyGeneratorFactory: loaded 2 times (x 77B)
Class dagger.spi.internal.shaded.androidx.room.compiler.processing.javac.kotlin.KmData: loaded 2 times (x 68B)
Class com.google.common.reflect.TypeResolver$TypeVariableKey                          : loaded 2 times (x 70B)
Class dagger.spi.internal.shaded.androidx.room.jarjarred.kotlinx.metadata.internal.metadata.ProtoBuf$Effect$EffectType$1: loaded 2 times (x 72B)
Class dagger.spi.internal.shaded.androidx.room.compiler.processing.javac.kotlin.KmClassContainer$typeParameters$2: loaded 2 times (x 77B)
Class dagger.internal.codegen.binding.BindsTypeChecker_Factory                        : loaded 2 times (x 77B)
Class com.google.common.cache.LocalCache$EntryFactory$6                               : loaded 2 times (x 81B)
Class com.google.common.cache.LocalCache$EntryFactory$5                               : loaded 2 times (x 81B)
Class com.google.common.cache.LocalCache$EntryFactory$4                               : loaded 2 times (x 81B)
Class com.squareup.javapoet.JavaFile$Builder                                          : loaded 2 times (x 70B)
Class [Lcom.google.common.collect.Maps$EntryFunction;                                 : loaded 2 times (x 67B)
Class dagger.spi.internal.shaded.androidx.room.jarjarred.kotlinx.metadata.internal.metadata.jvm.deserialization.JvmNameResolverBase$WhenMappings: loaded 2 times (x 69B)
Class [Ldagger.internal.codegen.binding.BindingType;                                  : loaded 2 times (x 67B)
Class dagger.spi.internal.shaded.androidx.room.compiler.processing.XType              : loaded 2 times (x 68B)
Class com.google.common.cache.LocalCache$EntryFactory$3                               : loaded 2 times (x 81B)
Class dagger.spi.internal.shaded.androidx.room.jarjarred.kotlinx.metadata.internal.metadata.ProtoBuf$Constructor$1: loaded 2 times (x 142B)
Class dagger.spi.internal.shaded.androidx.room.jarjarred.kotlinx.metadata.internal.protobuf.AbstractMessageLite$Builder$LimitedInputStream: loaded 2 times (x 90B)
Class dagger.spi.internal.shaded.androidx.room.jarjarred.kotlinx.metadata.internal.extensions.MetadataExtensions$Companion$INSTANCES$2: loaded 2 times (x 76B)
Class dagger.spi.internal.shaded.androidx.room.jarjarred.kotlinx.metadata.internal.metadata.ProtoBuf$Type$Argument: loaded 2 times (x 108B)
Class org.apache.commons.io.filefilter.NameFileFilter                                 : loaded 2 times (x 82B)
Class com.google.common.cache.LocalCache$EntryFactory$2                               : loaded 2 times (x 81B)
Class [Ldagger.internal.codegen.model.BindingKind;                                    : loaded 2 times (x 67B)
Class kotlin.comparisons.NaturalOrderComparator                                       : loaded 2 times (x 86B)
Class android.databinding.tool.store.SetterStore$SetterCall                           : loaded 2 times (x 88B)
Class dagger.spi.internal.shaded.androidx.room.jarjarred.kotlinx.metadata.internal.FlagDelegatesImplKt$propertyAccessorBooleanFlag$1: loaded 2 times (x 135B)
Class dagger.internal.codegen.DelegateComponentProcessor$Injector$Factory             : loaded 2 times (x 68B)
Class [Ldagger.spi.internal.shaded.androidx.room.jarjarred.kotlinx.metadata.ClassKind;: loaded 2 times (x 67B)
Class com.google.common.cache.LocalCache$EntryFactory$1                               : loaded 2 times (x 81B)
Class dagger.internal.codegen.binding.BindingGraph$TopLevelBindingGraph               : loaded 2 times (x 97B)
Class dagger.internal.codegen.processingstep.InjectProcessingStep_Factory             : loaded 2 times (x 77B)
Class dagger.spi.internal.shaded.androidx.room.compiler.processing.javac.JavacTypeElement$superInterfaces$2: loaded 2 times (x 77B)
Class dagger.internal.codegen.ProcessingEnvironmentModule                             : loaded 2 times (x 68B)
Class com.squareup.javapoet.CodeBlock                                                 : loaded 2 times (x 70B)
Class android.databinding.tool.reflection.annotation.AnnotationAnalyzer               : loaded 2 times (x 79B)
Class com.google.common.io.Closer$Suppressor                                          : loaded 2 times (x 68B)
Class dagger.internal.codegen.writing.AnnotationCreatorGenerator_Factory              : loaded 2 times (x 77B)
Class dagger.spi.internal.shaded.androidx.room.jarjarred.kotlinx.metadata.internal.protobuf.GeneratedMessageLite$1: loaded 2 times (x 69B)
Class dagger.spi.internal.shaded.androidx.room.jarjarred.kotlinx.metadata.internal.metadata.ProtoBuf$VersionRequirementTable$1: loaded 2 times (x 142B)
Class dagger.internal.codegen.binding.KeyFactory_Factory                              : loaded 2 times (x 77B)
Class [Landroidx.room.processor.Context$BooleanProcessorOptions;                      : loaded 2 times (x 67B)
Class dagger.internal.codegen.base.DaggerSuperficialValidation$ValidationException$KnownErrorType: loaded 2 times (x 81B)
Class dagger.Lazy                                                                     : loaded 2 times (x 68B)
Class android.databinding.tool.util.FileUtil$listAndSortFiles$$inlined$sortedBy$1     : loaded 2 times (x 87B)
Class com.squareup.kotlinpoet.TagMap                                                  : loaded 2 times (x 77B)
Class dagger.spi.internal.shaded.androidx.room.jarjarred.kotlinx.metadata.jvm.JvmFunctionExtensionVisitor: loaded 2 times (x 78B)
Class android.databinding.tool.util.FileUtil$listAndSortFiles$$inlined$sortedBy$2     : loaded 2 times (x 87B)
Class dagger.spi.internal.shaded.androidx.room.jarjarred.kotlinx.metadata.internal.BooleanFlagDelegate: loaded 2 times (x 70B)
Class [Ldagger.spi.internal.shaded.androidx.room.jarjarred.kotlinx.metadata.internal.protobuf.Internal$EnumLite;: loaded 2 times (x 67B)
Class dagger.internal.codegen.validation.SpiModelBindingGraphConverter$1              : loaded 2 times (x 69B)
Class dagger.hilt.android.processor.internal.viewmodel.ViewModelValidationPluginKt    : loaded 2 times (x 69B)
Class dagger.internal.codegen.writing.ProducerFactoryGenerator$SingleArgFutureTransform: loaded 2 times (x 76B)
Class [Lorg.objectweb.asm.Type;                                                       : loaded 2 times (x 67B)
Class dagger.spi.internal.shaded.androidx.room.jarjarred.kotlinx.metadata.jvm.JvmTypeParameterExtensionVisitor: loaded 2 times (x 77B)
Class dagger.internal.codegen.writing.MembersInjectorGenerator_Factory                : loaded 2 times (x 77B)
Class android.databinding.tool.reflection.ModelAnalyzer$objectType$2                  : loaded 2 times (x 77B)
Class com.squareup.kotlinpoet.TypeName                                                : loaded 2 times (x 84B)
Class android.databinding.tool.expr.MethodCallExpr                                    : loaded 2 times (x 151B)
Class dagger.internal.codegen.processingstep.MonitoringModuleGenerator                : loaded 2 times (x 75B)
Class dagger.spi.internal.shaded.androidx.room.jarjarred.kotlinx.metadata.jvm.internal.JvmTypeParameterExtension: loaded 2 times (x 82B)
Class dagger.spi.internal.shaded.androidx.room.compiler.processing.javac.kotlin.JvmDescriptorTypeVisitor: loaded 2 times (x 97B)
Class dagger.spi.internal.shaded.androidx.room.compiler.processing.javac.JavacElement$equalityItems$2: loaded 2 times (x 77B)
Class dagger.internal.codegen.bindinggraphvalidation.DependsOnProductionExecutorValidator_Factory: loaded 2 times (x 77B)
Class dagger.spi.internal.shaded.androidx.room.jarjarred.kotlinx.metadata.jvm.JvmPropertyExtensionVisitor: loaded 2 times (x 80B)
Class [Lorg.jetbrains.kotlin.config.JvmDefaultMode;                                   : loaded 2 times (x 67B)
Class com.google.common.base.AbstractIterator$State                                   : loaded 2 times (x 77B)
Class dagger.internal.codegen.base.ClearableCache                                     : loaded 2 times (x 68B)
Class dagger.internal.codegen.binding.BindingFactory                                  : loaded 2 times (x 70B)
Class dagger.internal.codegen.base.RequestKinds$1                                     : loaded 2 times (x 69B)
Class dagger.internal.codegen.validation.ProvidesMethodValidator                      : loaded 2 times (x 76B)
Class com.sun.xml.bind.marshaller.XMLWriter                                           : loaded 2 times (x 165B)
Class dagger.spi.internal.shaded.auto.common.MoreTypes$TypeEquivalence                : loaded 2 times (x 80B)
Class dagger.spi.internal.shaded.androidx.room.compiler.processing.XParameterizable   : loaded 2 times (x 68B)
Class org.jetbrains.kotlin.config.LanguageVersionSettings                             : loaded 2 times (x 68B)
Class com.google.common.cache.Weigher                                                 : loaded 2 times (x 68B)
Class dagger.internal.codegen.binding.MembersInjectionBinding                         : loaded 2 times (x 83B)
Class dagger.spi.internal.shaded.androidx.room.compiler.processing.javac.kotlin.KmClassContainer$functionList$2: loaded 2 times (x 77B)
Class dagger.spi.internal.shaded.androidx.room.jarjarred.kotlinx.metadata.internal.metadata.jvm.deserialization.JvmProtoBufUtil: loaded 2 times (x 69B)
Class org.jetbrains.kotlin.config.JvmDefaultMode                                      : loaded 2 times (x 77B)
Class dagger.spi.internal.shaded.androidx.room.compiler.processing.javac.JavacPackageElement: loaded 2 times (x 191B)
Class dagger.internal.codegen.base.ModuleKind                                         : loaded 2 times (x 77B)
Class dagger.spi.internal.shaded.androidx.room.jarjarred.kotlinx.metadata.internal.metadata.jvm.JvmProtoBuf$StringTableTypes$RecordOrBuilder: loaded 2 times (x 68B)
Class dagger.spi.internal.shaded.androidx.room.jarjarred.kotlinx.metadata.Visibility  : loaded 2 times (x 77B)
Class dagger.spi.internal.shaded.auto.common.GeneratedAnnotations                     : loaded 2 times (x 69B)
Class dagger.spi.internal.shaded.androidx.room.compiler.processing.javac.JavacMethodElement$propertyName$2: loaded 2 times (x 77B)
Class dagger.internal.codegen.base.DaggerSuperficialValidation$1                      : loaded 2 times (x 69B)
Class dagger.spi.internal.shaded.androidx.room.compiler.processing.javac.JavacConstructorType: loaded 2 times (x 81B)
Class dagger.internal.codegen.model.BindingGraph                                      : loaded 2 times (x 91B)
Class dagger.internal.codegen.validation.AnyBindingMethodValidator_Factory            : loaded 2 times (x 77B)
Class dagger.internal.codegen.processingstep.ModuleProcessingStep                     : loaded 2 times (x 84B)
Class [Ldagger.internal.codegen.writing.InjectionMethods$InstanceCastPolicy;          : loaded 2 times (x 67B)
Class dagger.spi.internal.shaded.androidx.room.compiler.processing.CommonProcessorDelegate$processRound$currentElementsDeferredByStep$1$stepDeferredElementsByAnnotation$1: loaded 2 times (x 76B)
Class android.databinding.tool.LibTypes$stateFlow$2                                   : loaded 2 times (x 76B)
Class org.gradle.internal.InternalTransformer                                         : loaded 2 times (x 68B)
Class dagger.spi.internal.shaded.androidx.room.compiler.processing.XExecutableElement : loaded 2 times (x 68B)
Class org.apache.commons.io.output.NullOutputStream                                   : loaded 2 times (x 83B)
Class dagger.spi.internal.shaded.androidx.room.compiler.processing.javac.JavacMethodElement$typeParameters$2: loaded 2 times (x 77B)
Class dagger.internal.codegen.componentgenerator.ComponentGeneratorModule_ComponentHjarGeneratorFactory: loaded 2 times (x 77B)
Class android.databinding.tool.reflection.ModelAnalyzer$appCompatResourcesType$2      : loaded 2 times (x 77B)
Class dagger.spi.internal.shaded.androidx.room.compiler.processing.javac.JavacElement$docComment$2: loaded 2 times (x 77B)
Class dagger.spi.internal.shaded.androidx.room.compiler.processing.javac.DefaultJavacType: loaded 2 times (x 185B)
Class dagger.internal.codegen.writing.ProducerFactoryGenerator$MultiArgFutureTransform: loaded 2 times (x 76B)
Class dagger.spi.internal.shaded.androidx.room.compiler.processing.javac.JavacRoundEnv: loaded 2 times (x 75B)
Class dagger.internal.codegen.validation.BindsInstanceMethodValidator_Factory         : loaded 2 times (x 77B)
Class android.databinding.annotationprocessor.AnnotationUtil                          : loaded 2 times (x 69B)
Class org.jetbrains.kotlin.config.LanguageFeature                                     : loaded 2 times (x 78B)
Class org.gradle.internal.service.ServiceLocator                                      : loaded 2 times (x 68B)
Class androidx.room.compiler.processing.javac.JavacBasicAnnotationProcessor           : loaded 2 times (x 96B)
Class com.google.common.collect.CompactHashing                                        : loaded 2 times (x 69B)
Class dagger.spi.internal.shaded.androidx.room.jarjarred.kotlinx.metadata.internal.metadata.jvm.deserialization.ClassMapperLite: loaded 2 times (x 69B)
Class dagger.internal.codegen.binding.ModuleDescriptor                                : loaded 2 times (x 79B)
Class Settings_gradle$1                                                               : loaded 2 times (x 72B)
Class android.databinding.tool.reflection.RecursiveResolutionStack$items$1            : loaded 2 times (x 72B)
Class dagger.spi.internal.shaded.androidx.room.jarjarred.kotlinx.metadata.internal.metadata.ProtoBuf$ValueParameter: loaded 2 times (x 126B)
Class com.squareup.javapoet.JavaFile                                                  : loaded 2 times (x 70B)
Class com.google.common.io.Files$FileByteSource                                       : loaded 2 times (x 83B)
Class com.google.common.collect.ImmutableMap$MapViewOfValuesAsSingletonSets$1$1       : loaded 2 times (x 81B)
Class dagger.hilt.processor.internal.generatesrootinput.GeneratesRootInputs           : loaded 2 times (x 70B)
Class dagger.spi.internal.shaded.androidx.room.jarjarred.kotlinx.metadata.internal.protobuf.CodedOutputStream: loaded 2 times (x 70B)
Class dagger.spi.internal.shaded.androidx.room.compiler.processing.XMemberContainer   : loaded 2 times (x 68B)
Class com.google.common.util.concurrent.SettableFuture                                : loaded 2 times (x 95B)
Class dagger.internal.codegen.binding.InjectionAnnotations_Factory                    : loaded 2 times (x 77B)
Class dagger.spi.internal.shaded.androidx.room.jarjarred.kotlinx.metadata.KmConstructorExtensionVisitor: loaded 2 times (x 68B)
Class com.squareup.kotlinpoet.TypeNames                                               : loaded 2 times (x 69B)
Class dagger.internal.codegen.validation.BindingElementValidator$AllowsMultibindings  : loaded 2 times (x 77B)
Class kotlin.text.StringsKt__StringsKt$rangesDelimitedBy$1                            : loaded 2 times (x 77B)
Class com.google.common.collect.Maps$FilteredEntryMap$KeySet                          : loaded 2 times (x 135B)
Class androidx.room.compiler.processing.XFiler                                        : loaded 2 times (x 68B)
Class kotlin.text.StringsKt__StringsKt$rangesDelimitedBy$2                            : loaded 2 times (x 77B)
Class com.google.common.io.Files$2                                                    : loaded 2 times (x 74B)
Class com.google.common.reflect.Reflection                                            : loaded 2 times (x 69B)
Class kotlin.sequences.SequencesKt__SequencesKt$flatten$2                             : loaded 2 times (x 76B)
Class dagger.internal.codegen.validation.BindingGraphValidator_Factory                : loaded 2 times (x 77B)
Class android.databinding.tool.LibTypes$typeRewriter$2                                : loaded 2 times (x 76B)
Class android.databinding.tool.writer.MergedBindingMapperWriter                       : loaded 2 times (x 70B)
Class dagger.internal.codegen.validation.DependencyRequestValidator_Factory           : loaded 2 times (x 77B)
Class dagger.spi.internal.shaded.androidx.room.compiler.processing.XExecutableType    : loaded 2 times (x 68B)
Class android.databinding.tool.LibTypes$observableMap$2                               : loaded 2 times (x 77B)
Class com.squareup.javapoet.CodeWriter                                                : loaded 2 times (x 70B)
Class dagger.internal.codegen.binding.OptionalBindingDeclaration$Factory              : loaded 2 times (x 71B)
Class dagger.spi.internal.shaded.androidx.room.jarjarred.kotlinx.metadata.Attributes$visibility$2: loaded 2 times (x 135B)
Class dagger.hilt.android.processor.internal.viewmodel.ViewModelMetadata$Companion    : loaded 2 times (x 69B)
Class com.google.common.reflect.Types$ParameterizedTypeImpl                           : loaded 2 times (x 79B)
Class com.google.common.collect.Maps$EntryFunction                                    : loaded 2 times (x 89B)
Class org.jetbrains.kotlin.name.FqNameUnsafe                                          : loaded 2 times (x 70B)
Class [Lcom.squareup.javapoet.TypeSpec$Kind;                                          : loaded 2 times (x 67B)
Class com.google.common.io.ByteStreams                                                : loaded 2 times (x 69B)
Class dagger.internal.codegen.validation.ModuleValidator_Factory                      : loaded 2 times (x 77B)
Class com.google.common.graph.Network                                                 : loaded 2 times (x 68B)
Class android.databinding.tool.store.SetterStore$InverseDescription                   : loaded 2 times (x 75B)
Class dagger.spi.internal.shaded.androidx.room.jarjarred.kotlinx.metadata.internal.metadata.ProtoBuf$ValueParameter$1: loaded 2 times (x 142B)
Class dagger.internal.codegen.kotlin.KotlinMetadataUtil_Factory                       : loaded 2 times (x 77B)
Class dagger.spi.internal.shaded.androidx.room.jarjarred.kotlinx.metadata.Attributes$visibility$6: loaded 2 times (x 135B)
Class dagger.internal.codegen.DelegateComponentProcessor_SourceFileGeneratorsModule_FactoryGeneratorFactory: loaded 2 times (x 77B)
Class dagger.spi.internal.shaded.auto.common.MoreTypes$CastingTypeVisitor             : loaded 2 times (x 100B)
Class com.google.common.util.concurrent.AbstractFuture$Failure                        : loaded 2 times (x 70B)
Class dagger.internal.codegen.bindinggraphvalidation.BindingGraphValidationModule     : loaded 2 times (x 68B)
Class org.objectweb.asm.Type                                                          : loaded 2 times (x 70B)
Class [Ldagger.internal.codegen.xprocessing.XTypeElements$Visibility;                 : loaded 2 times (x 67B)
Class dagger.spi.internal.shaded.androidx.room.jarjarred.kotlinx.metadata.internal.FlagDelegatesImplKt$functionBooleanFlag$1: loaded 2 times (x 135B)
Class dagger.spi.internal.shaded.androidx.room.compiler.processing.javac.JavacMethodElement$name$2: loaded 2 times (x 77B)
Class android.databinding.tool.reflection.ClassFinderCache                            : loaded 2 times (x 70B)
Class org.jetbrains.kotlin.name.Name                                                  : loaded 2 times (x 73B)
Class com.google.common.base.CharMatcher$Invisible                                    : loaded 2 times (x 110B)
Class com.sun.xml.bind.marshaller.DataWriter                                          : loaded 2 times (x 169B)
Class [Lcom.squareup.javapoet.TypeName;                                               : loaded 2 times (x 67B)
Class [Ldagger.spi.internal.shaded.androidx.room.compiler.processing.XAnnotated;      : loaded 2 times (x 67B)
Class com.google.common.cache.LocalCache$AbstractReferenceEntry                       : loaded 2 times (x 105B)
Class org.gradle.internal.installation.GradleInstallation$1                           : loaded 2 times (x 73B)
Class dagger.spi.internal.shaded.androidx.room.compiler.processing.XAnnotated         : loaded 2 times (x 68B)
Class [Ldagger.internal.codegen.base.ModuleKind;                                      : loaded 2 times (x 67B)
Class dagger.internal.codegen.kotlin.KotlinMetadataUtil                               : loaded 2 times (x 70B)
Class android.databinding.tool.reflection.ModelClass                                  : loaded 2 times (x 102B)
Class dagger.spi.internal.shaded.androidx.room.compiler.processing.javac.JavacTypeElement$Companion$WhenMappings: loaded 2 times (x 69B)
Class org.gradle.api.internal.DefaultClassPathProvider                                : loaded 2 times (x 74B)
Class com.google.common.cache.LocalCache$Segment                                      : loaded 2 times (x 152B)
Class com.squareup.kotlinpoet.ClassName                                               : loaded 2 times (x 87B)
Class dagger.spi.internal.shaded.androidx.room.jarjarred.kotlinx.metadata.internal.extensions.KmTypeExtension: loaded 2 times (x 68B)
Class dagger.spi.internal.shaded.androidx.room.compiler.processing.javac.JavacFieldElement$getter$2: loaded 2 times (x 77B)
Class dagger.hilt.processor.internal.Components                                       : loaded 2 times (x 69B)
Class dagger.spi.internal.shaded.androidx.room.jarjarred.kotlinx.metadata.Attributes$isNegated$2: loaded 2 times (x 135B)
Class dagger.internal.codegen.writing.FactoryGenerator$FactoryCreationStrategy        : loaded 2 times (x 77B)
Class dagger.internal.codegen.validation.DependencyRequestValidator                   : loaded 2 times (x 70B)
Class dagger.spi.internal.shaded.androidx.room.jarjarred.kotlinx.metadata.internal.protobuf.SmallSortedMap$EmptySet$2: loaded 2 times (x 76B)
Class dagger.spi.internal.shaded.androidx.room.jarjarred.kotlinx.metadata.internal.protobuf.SmallSortedMap$EmptySet$1: loaded 2 times (x 76B)
Class android.databinding.annotationprocessor.BindableBag$ModuleBR                    : loaded 2 times (x 70B)
Class [Ldagger.spi.internal.shaded.androidx.room.jarjarred.kotlinx.metadata.internal.protobuf.WireFormat$JavaType;: loaded 2 times (x 67B)
Class dagger.spi.internal.shaded.androidx.room.compiler.codegen.XClassName            : loaded 2 times (x 73B)
Class kotlin.collections.AbstractList$IteratorImpl                                    : loaded 2 times (x 80B)
Class [Lcom.google.common.cache.Weigher;                                              : loaded 2 times (x 67B)
Class com.google.common.reflect.Types$JavaVersion$1                                   : loaded 2 times (x 81B)
Class com.google.common.base.Splitter                                                 : loaded 2 times (x 70B)
Class dagger.spi.internal.shaded.androidx.room.compiler.processing.javac.kotlin.KmClassContainer$Companion: loaded 2 times (x 69B)
Class dagger.hilt.android.processor.internal.bindvalue.BindValueProcessor             : loaded 2 times (x 98B)
Class com.google.common.reflect.Types$JavaVersion$2                                   : loaded 2 times (x 81B)
Class dagger.internal.codegen.processingstep.BindingMethodProcessingStep              : loaded 2 times (x 84B)
Class dagger.internal.codegen.binding.FrameworkTypeMapper$3                           : loaded 2 times (x 69B)
Class dagger.internal.codegen.binding.FrameworkTypeMapper$2                           : loaded 2 times (x 78B)
Class dagger.spi.internal.shaded.androidx.room.jarjarred.kotlinx.metadata.internal.metadata.deserialization.VersionRequirementTable: loaded 2 times (x 70B)
Class dagger.internal.codegen.binding.FrameworkTypeMapper$1                           : loaded 2 times (x 78B)
Class dagger.spi.internal.shaded.androidx.room.jarjarred.kotlinx.metadata.internal.FlagDelegatesImplKt$typeBooleanFlag$1: loaded 2 times (x 135B)
Class com.google.common.reflect.Types$JavaVersion$3                                   : loaded 2 times (x 81B)
Class org.gradle.internal.classpath.DefaultClassPath$ImmutableUniqueList              : loaded 2 times (x 159B)
Class androidx.room.compiler.processing.XProcessingEnv$Companion                      : loaded 2 times (x 69B)
Class dagger.spi.internal.shaded.androidx.room.jarjarred.kotlinx.metadata.internal.metadata.ProtoBuf$AnnotationOrBuilder: loaded 2 times (x 68B)
Class dagger.spi.internal.shaded.androidx.room.jarjarred.kotlinx.metadata.internal.metadata.ProtoBuf$Property: loaded 2 times (x 146B)
Class com.google.common.reflect.Types$JavaVersion$4                                   : loaded 2 times (x 81B)
Class dagger.spi.internal.shaded.androidx.room.compiler.processing.InternalXAnnotated : loaded 2 times (x 68B)
Class org.apache.commons.io.filefilter.TrueFileFilter                                 : loaded 2 times (x 81B)
Class dagger.internal.codegen.bindinggraphvalidation.SubcomponentFactoryMethodValidator_Factory: loaded 2 times (x 76B)
Class com.google.common.reflect.Types$JavaVersion$5                                   : loaded 2 times (x 69B)
Class com.squareup.javapoet.CodeBlock$Builder                                         : loaded 2 times (x 70B)
Class dagger.spi.internal.shaded.androidx.room.compiler.processing.javac.JavacAnnotationValue$1: loaded 2 times (x 77B)
Class dagger.spi.internal.shaded.androidx.room.jarjarred.kotlinx.metadata.jvm.internal.JvmMetadataExtensions: loaded 2 times (x 101B)
Class dagger.spi.internal.shaded.androidx.room.compiler.processing.XRoundEnv          : loaded 2 times (x 68B)
Class dagger.spi.internal.shaded.androidx.room.compiler.processing.XArrayType         : loaded 2 times (x 68B)
Class dagger.spi.internal.shaded.androidx.room.jarjarred.kotlinx.metadata.internal.metadata.ProtoBuf$Effect$InvocationKind: loaded 2 times (x 80B)
Class com.google.common.base.CharMatcher$JavaLetter                                   : loaded 2 times (x 109B)
Class dagger.internal.SingleCheck                                                     : loaded 2 times (x 75B)
Class org.apache.commons.io.filefilter.DirectoryFileFilter                            : loaded 2 times (x 81B)
Class dagger.internal.codegen.validation.MapKeyValidator_Factory                      : loaded 2 times (x 77B)
Class androidx.room.compiler.processing.javac.JavacFiler                              : loaded 2 times (x 76B)
Class dagger.spi.internal.shaded.androidx.room.jarjarred.kotlinx.metadata.internal.protobuf.BoundedByteString: loaded 2 times (x 110B)
Class dagger.internal.codegen.model.BindingGraph$Edge                                 : loaded 2 times (x 68B)
Class dagger.spi.internal.shaded.androidx.room.jarjarred.kotlinx.metadata.internal.metadata.ProtoBuf$ConstructorOrBuilder: loaded 2 times (x 68B)
Class dagger.internal.codegen.DelegateComponentProcessor_SourceFileGeneratorsModule_MembersInjectorGeneratorFactory: loaded 2 times (x 77B)
Class android.databinding.tool.reflection.ModelAnalyzer$listTypes$2                   : loaded 2 times (x 77B)
Class dagger.spi.internal.shaded.androidx.room.jarjarred.kotlinx.metadata.jvm.internal.JvmClassExtension: loaded 2 times (x 91B)
Class androidx.room.processor.Context$BooleanProcessorOptions                         : loaded 2 times (x 78B)
Class dagger.internal.codegen.validation.BindingMethodValidator$1                     : loaded 2 times (x 69B)
Class dagger.spi.internal.shaded.androidx.room.jarjarred.kotlinx.metadata.internal.protobuf.FieldSet$1: loaded 2 times (x 69B)
Class dagger.spi.internal.shaded.androidx.room.compiler.processing.KClassExtKt        : loaded 2 times (x 69B)
Class org.objectweb.asm.FieldWriter                                                   : loaded 2 times (x 76B)
Class org.gradle.internal.classpath.TransformedClassPath                              : loaded 2 times (x 94B)
Class dagger.internal.codegen.bindinggraphvalidation.SetMultibindingValidator         : loaded 2 times (x 83B)
Class dagger.spi.internal.shaded.androidx.room.jarjarred.kotlinx.metadata.internal.ReadersKt: loaded 2 times (x 69B)
Class android.databinding.tool.writer.BRWriter                                        : loaded 2 times (x 69B)
Class dagger.spi.internal.shaded.androidx.room.compiler.processing.javac.JavacTypeElement$_declaredMethods$2: loaded 2 times (x 77B)
Class com.google.common.cache.LocalCache$StrongEntry                                  : loaded 2 times (x 106B)
Class dagger.internal.codegen.base.RequestKinds                                       : loaded 2 times (x 69B)
Class dagger.internal.codegen.xprocessing.XTypes                                      : loaded 2 times (x 69B)
Class dagger.spi.internal.shaded.androidx.room.jarjarred.kotlinx.metadata.KmTypeProjection: loaded 2 times (x 70B)
Class androidx.room.util.SimpleJavaVersion$compareTo$$inlined$thenBy$1                : loaded 2 times (x 88B)
Class com.google.common.reflect.TypeToken$SimpleTypeToken                             : loaded 2 times (x 71B)
Class com.google.common.io.ByteSource$EmptyByteSource                                 : loaded 2 times (x 83B)
Class dagger.internal.codegen.compileroption.CompilerOptions                          : loaded 2 times (x 92B)
Class dagger.spi.internal.shaded.androidx.room.jarjarred.kotlinx.metadata.jvm.JvmMethodSignature: loaded 2 times (x 72B)
Class com.google.common.collect.ImmutableMap$SerializedForm                           : loaded 2 times (x 71B)
Class dagger.spi.internal.shaded.androidx.room.compiler.codegen.XTypeName             : loaded 2 times (x 73B)
Class androidx.room.util.SimpleJavaVersion$compareTo$$inlined$thenBy$2                : loaded 2 times (x 88B)
Class com.squareup.javapoet.CodeBlock$CodeBlockJoiner                                 : loaded 2 times (x 70B)
Class org.apache.commons.io.Charsets                                                  : loaded 2 times (x 69B)
Class dagger.internal.codegen.writing.ProducerFactoryGenerator$NoArgFutureTransform   : loaded 2 times (x 76B)
Class com.google.common.util.concurrent.AbstractFuture$Trusted                        : loaded 2 times (x 68B)
Class dagger.internal.codegen.validation.ValidationBindingGraphPlugin                 : loaded 2 times (x 83B)
Class dagger.spi.internal.shaded.androidx.room.jarjarred.kotlinx.metadata.KmTypeParameterVisitor: loaded 2 times (x 73B)
Class dagger.spi.internal.shaded.androidx.room.compiler.processing.javac.JavacProcessingEnv$messager$2: loaded 2 times (x 77B)
Class dagger.spi.internal.shaded.androidx.room.jarjarred.kotlinx.metadata.internal.protobuf.LazyFieldLite: loaded 2 times (x 80B)
Class dagger.spi.internal.shaded.androidx.room.compiler.processing.javac.kotlin.KmClassContainer$propertyList$2: loaded 2 times (x 77B)
Class android.databinding.tool.reflection.ModelAnalyzer$mapType$2                     : loaded 2 times (x 77B)
Class dagger.internal.codegen.validation.ProducesMethodValidator                      : loaded 2 times (x 76B)
Class com.squareup.javapoet.TypeSpec$Builder                                          : loaded 2 times (x 70B)
Class com.google.common.io.ByteArrayDataOutput                                        : loaded 2 times (x 68B)
Class dagger.internal.codegen.binding.Nullability                                     : loaded 2 times (x 71B)
Class dagger.internal.codegen.validation.MultibindsMethodValidator_Factory            : loaded 2 times (x 77B)
Class dagger.spi.internal.shaded.androidx.room.jarjarred.kotlinx.metadata.internal.protobuf.RopeByteString$RopeInputStream: loaded 2 times (x 90B)
Class dagger.spi.internal.shaded.androidx.room.compiler.processing.javac.JavacTypeElement$packageName$2: loaded 2 times (x 77B)
Class dagger.spi.internal.shaded.auto.common.Overrides$NativeOverrides                : loaded 2 times (x 72B)
Class dagger.spi.internal.shaded.androidx.room.jarjarred.kotlinx.metadata.internal.extensions.KmExtension: loaded 2 times (x 68B)
Class dagger.spi.internal.shaded.androidx.room.jarjarred.kotlinx.metadata.internal.metadata.ProtoBuf$TypeParameterOrBuilder: loaded 2 times (x 68B)
Class com.sun.xml.bind.CycleRecoverable$Context                                       : loaded 2 times (x 68B)
Class dagger.spi.internal.shaded.androidx.room.compiler.processing.XEquality          : loaded 2 times (x 68B)
Class com.google.common.reflect.Types$NativeTypeVariableEquals                        : loaded 2 times (x 69B)
Class Settings_gradle                                                                 : loaded 2 times (x 126B)
Class dagger.internal.codegen.processingstep.MapKeyProcessingStep_Factory             : loaded 2 times (x 77B)
Class android.databinding.tool.store.SetterStore$Intermediate                         : loaded 2 times (x 68B)
Class com.sun.xml.bind.v2.runtime.output.XmlOutputAbstractImpl                        : loaded 2 times (x 94B)
Class dagger.internal.codegen.validation.BindsInstanceParameterValidator$Validator    : loaded 2 times (x 75B)
Class dagger.internal.codegen.bindinggraphvalidation.ProvisionDependencyOnProducerBindingValidator: loaded 2 times (x 83B)
Class com.google.common.io.ByteSource$SlicedByteSource                                : loaded 2 times (x 83B)
Class dagger.spi.internal.shaded.androidx.room.jarjarred.kotlinx.metadata.KmPropertyAccessorAttributes: loaded 2 times (x 69B)
Class dagger.spi.internal.shaded.androidx.room.jarjarred.kotlinx.metadata.internal.metadata.jvm.JvmProtoBuf$JvmPropertySignature: loaded 2 times (x 112B)
Class androidx.room.RoomProcessor                                                     : loaded 2 times (x 96B)
Class dagger.hilt.processor.internal.root.ComponentTreeDepsProcessingStep             : loaded 2 times (x 85B)
Class android.databinding.tool.store.SetterStore$IntermediateV1                       : loaded 2 times (x 74B)
Class com.squareup.javapoet.TypeName$1                                                : loaded 2 times (x 107B)
Class android.databinding.annotationprocessor.ProcessExpressions                      : loaded 2 times (x 73B)
Class dagger.spi.internal.shaded.androidx.room.jarjarred.kotlinx.metadata.internal.metadata.jvm.JvmProtoBuf$JvmFieldSignature$1: loaded 2 times (x 142B)
Class dagger.internal.codegen.binding.AutoValue_MembersInjectionBinding_InjectionSite : loaded 2 times (x 75B)
Class com.squareup.javapoet.TypeName$2                                                : loaded 2 times (x 69B)
Class android.databinding.tool.store.SetterStore$IntermediateV2                       : loaded 2 times (x 74B)
Class org.gradle.api.Action                                                           : loaded 2 times (x 68B)
Class com.google.common.io.ByteSink                                                   : loaded 2 times (x 74B)
Class com.google.common.collect.Lists$TransformingRandomAccessList                    : loaded 2 times (x 159B)
Class dagger.hilt.android.processor.internal.viewmodel.ViewModelValidationPluginKt$WhenMappings: loaded 2 times (x 69B)
Class android.databinding.tool.store.SetterStore$IntermediateV3                       : loaded 2 times (x 74B)
Class com.google.common.cache.CacheBuilder$OneWeigher                                 : loaded 2 times (x 80B)
Class dagger.spi.internal.shaded.androidx.room.jarjarred.kotlinx.metadata.KmDeclarationContainerExtensionVisitor: loaded 2 times (x 68B)
Class dagger.spi.internal.shaded.androidx.room.jarjarred.kotlinx.metadata.internal.metadata.ProtoBuf$TypeTable$1: loaded 2 times (x 142B)
Class com.google.common.collect.AbstractMapBasedMultimap$WrappedCollection$WrappedIterator: loaded 2 times (x 82B)
Class dagger.internal.codegen.processingstep.AssistedFactoryProcessingStep            : loaded 2 times (x 84B)
Class dagger.spi.internal.shaded.androidx.room.jarjarred.kotlinx.metadata.KmConstructorVisitor: loaded 2 times (x 74B)
Class dagger.spi.internal.shaded.androidx.room.jarjarred.kotlinx.metadata.Attributes$isNullCheckPredicate$2: loaded 2 times (x 135B)
Class dagger.spi.internal.shaded.androidx.room.compiler.processing.javac.kotlin.KmClassContainer$type$2: loaded 2 times (x 77B)
Class org.objectweb.asm.MethodWriter                                                  : loaded 2 times (x 104B)
Class dagger.internal.codegen.base.DaggerSuperficialValidation$ValidationException    : loaded 2 times (x 81B)
Class dagger.internal.codegen.xprocessing.XAnnotations                                : loaded 2 times (x 69B)
Class dagger.spi.internal.shaded.auto.common.MoreTypes$ArrayTypeVisitor               : loaded 2 times (x 100B)
Class dagger.spi.internal.shaded.androidx.room.jarjarred.kotlinx.metadata.KmValueParameter: loaded 2 times (x 75B)
Class com.google.common.io.ByteSource$ConcatenatedByteSource                          : loaded 2 times (x 83B)
Class dagger.internal.codegen.processingstep.ProcessingStepsModule_ProcessingStepsFactory: loaded 2 times (x 77B)
Class dagger.internal.codegen.binding.KeyFactory                                      : loaded 2 times (x 70B)
Class androidx.room.compiler.processing.XProcessingEnvConfig$Companion                : loaded 2 times (x 69B)
Class dagger.internal.codegen.writing.InjectionMethods$InstanceCastPolicy             : loaded 2 times (x 77B)
Class dagger.internal.codegen.validation.InjectValidator                              : loaded 2 times (x 73B)
Class com.google.common.base.CharMatcher$Digit                                        : loaded 2 times (x 110B)
Class android.databinding.tool.reflection.SdkUtil$ApiChecker                          : loaded 2 times (x 72B)
Class dagger.internal.codegen.compileroption.ValidationType$1                         : loaded 2 times (x 69B)
Class com.google.common.base.CharMatcher$JavaDigit                                    : loaded 2 times (x 109B)
Class dagger.internal.codegen.validation.InjectValidator_Factory                      : loaded 2 times (x 77B)
Class dagger.internal.codegen.validation.BindsOptionalOfMethodValidator               : loaded 2 times (x 76B)
Class dagger.internal.codegen.processingstep.ComponentProcessingStep_Factory          : loaded 2 times (x 77B)
Class dagger.internal.codegen.writing.MembersInjectorGenerator                        : loaded 2 times (x 75B)
Class dagger.internal.codegen.model.AutoValue_DependencyRequest$Builder               : loaded 2 times (x 75B)
Class com.sun.xml.bind.v2.runtime.output.C14nXmlOutput                                : loaded 2 times (x 99B)
Class android.databinding.tool.reflection.annotation.AnnotationLogger                 : loaded 2 times (x 75B)
Class dagger.internal.codegen.binding.DependencyVariableNamer                         : loaded 2 times (x 69B)
Class android.databinding.tool.writer.MergedBindingMapperWriter$Companion             : loaded 2 times (x 69B)
Class com.squareup.javapoet.MethodSpec                                                : loaded 2 times (x 70B)
Class dagger.spi.internal.shaded.androidx.room.jarjarred.kotlinx.metadata.internal.metadata.jvm.JvmProtoBuf$JvmMethodSignature$Builder: loaded 2 times (x 132B)
Class Settings_gradle$1$1                                                             : loaded 2 times (x 72B)
Class dagger.spi.internal.shaded.androidx.room.jarjarred.kotlinx.metadata.internal.metadata.jvm.JvmProtoBuf$JvmFieldSignatureOrBuilder: loaded 2 times (x 68B)
Class org.apache.commons.io.filefilter.AndFileFilter                                  : loaded 2 times (x 92B)
Class android.databinding.internal.org.antlr.v4.runtime.tree.ParseTree                : loaded 2 times (x 68B)
Class dagger.spi.internal.shaded.androidx.room.compiler.processing.javac.JavacMethodType$NormalMethodType: loaded 2 times (x 89B)
Class dagger.internal.codegen.bindinggraphvalidation.DependsOnProductionExecutorValidator: loaded 2 times (x 83B)
Class com.google.common.collect.FluentIterable$3                                      : loaded 2 times (x 79B)
Class com.google.common.collect.FluentIterable$2                                      : loaded 2 times (x 79B)
Class dagger.spi.internal.shaded.androidx.room.compiler.processing.javac.JavacPackageElement$qualifiedName$2: loaded 2 times (x 77B)
Class dagger.internal.codegen.binding.$AutoValue_ModuleDescriptor                     : loaded 2 times (x 84B)
Class dagger.internal.codegen.writing.ModuleProxies                                   : loaded 2 times (x 69B)
Class dagger.internal.codegen.DaggerDelegateComponentProcessor_Injector$TopLevelImplementationComponentFactory: loaded 2 times (x 73B)
Class com.google.common.collect.ImmutableBiMap$SerializedForm                         : loaded 2 times (x 73B)
Class com.google.common.util.concurrent.ExecutionError                                : loaded 2 times (x 80B)
Class com.google.common.collect.FluentIterable$1                                      : loaded 2 times (x 79B)
Class dagger.spi.internal.shaded.androidx.room.compiler.processing.javac.JavacVariableElement$type$2: loaded 2 times (x 77B)
Class android.databinding.tool.util.GenerationalClassUtil$Companion                   : loaded 2 times (x 69B)
Class com.google.common.io.ByteSink$AsCharSink                                        : loaded 2 times (x 78B)
Class org.gradle.api.internal.classpath.DefaultModuleRegistry                         : loaded 2 times (x 84B)
Class com.google.common.cache.RemovalListener                                         : loaded 2 times (x 68B)
Class com.google.common.io.FileWriteMode                                              : loaded 2 times (x 77B)
Class dagger.hilt.processor.internal.aggregateddeps.AggregatedDepsGenerator           : loaded 2 times (x 70B)
Class org.gradle.internal.classpath.ClassPath                                         : loaded 2 times (x 68B)
Class android.databinding.annotationprocessor.ProcessDataBinding$ProcessingStep       : loaded 2 times (x 73B)
Class com.google.devtools.ksp.symbol.KSNode                                           : loaded 2 times (x 68B)
Class com.google.common.cache.CacheLoader$SupplierToCacheLoader                       : loaded 2 times (x 73B)
Class android.databinding.tool.store.SetterStore$AdapterSetter                        : loaded 2 times (x 88B)
Class [Ldagger.spi.internal.shaded.androidx.room.jarjarred.kotlinx.metadata.internal.protobuf.WireFormat$FieldType;: loaded 2 times (x 67B)
Class kotlin.jvm.internal.markers.KMutableSet                                         : loaded 2 times (x 68B)
Class com.squareup.javapoet.CodeWriter$Multiset                                       : loaded 2 times (x 70B)
Class dagger.spi.internal.shaded.androidx.room.jarjarred.kotlinx.metadata.internal.protobuf.ByteString: loaded 2 times (x 106B)
Class dagger.internal.codegen.writing.InaccessibleMapKeyProxyGenerator_Factory        : loaded 2 times (x 77B)
Class android.databinding.tool.util.Resources                                         : loaded 2 times (x 70B)
Class dagger.spi.internal.shaded.androidx.room.compiler.processing.javac.JavacMethodElement$kotlinDefaultImplClass$2: loaded 2 times (x 77B)
Class dagger.internal.codegen.binding.AutoValue_DelegateDeclaration                   : loaded 2 times (x 81B)
Class dagger.internal.codegen.bindinggraphvalidation.IncompatiblyScopedBindingsValidator_Factory: loaded 2 times (x 77B)
Class com.google.common.io.CharSource                                                 : loaded 2 times (x 83B)
Class com.google.common.cache.LocalCache                                              : loaded 2 times (x 185B)
Class dagger.internal.codegen.bindinggraphvalidation.MissingBindingValidator          : loaded 2 times (x 83B)
Class dagger.hilt.android.processor.internal.androidentrypoint.AndroidEntryPointProcessingStep: loaded 2 times (x 85B)
Class dagger.spi.internal.shaded.androidx.room.jarjarred.kotlinx.metadata.Attributes$visibility$22: loaded 2 times (x 135B)
Class android.databinding.tool.store.ResourceBundle$BindingTargetBundle               : loaded 2 times (x 93B)
Class dagger.spi.internal.shaded.androidx.room.jarjarred.kotlinx.metadata.internal.metadata.ProtoBuf$Constructor: loaded 2 times (x 122B)
Class android.databinding.annotationprocessor.ProcessDataBinding$Callback             : loaded 2 times (x 68B)
Class kotlin.io.FileTreeWalk$FileTreeWalkIterator$SingleFileState                     : loaded 2 times (x 72B)
Class dagger.internal.codegen.compileroption.ProcessingEnvironmentCompilerOptions     : loaded 2 times (x 93B)
Class kotlin.collections.SlidingWindowKt                                              : loaded 2 times (x 69B)
Class dagger.spi.internal.shaded.androidx.room.compiler.processing.javac.JavacTypeElement$className$2: loaded 2 times (x 77B)
Class [Ldagger.internal.codegen.binding.FrameworkType;                                : loaded 2 times (x 67B)
Class org.jetbrains.kotlin.name.FqNameUnsafe$1                                        : loaded 2 times (x 72B)
Class org.apache.commons.io.IOCase                                                    : loaded 2 times (x 70B)
Class com.google.common.base.VerifyException                                          : loaded 2 times (x 80B)
Class dagger.spi.internal.shaded.androidx.room.jarjarred.kotlinx.metadata.internal.metadata.deserialization.ProtoBufUtilKt: loaded 2 times (x 69B)
Class dagger.internal.codegen.base.DaggerSuperficialValidation_Factory                : loaded 2 times (x 77B)
Class dagger.spi.internal.shaded.androidx.room.compiler.processing.javac.JavacType$typeElement$2: loaded 2 times (x 77B)
Class com.sun.xml.bind.v2.runtime.MarshallerImpl$1                                    : loaded 2 times (x 150B)
Class dagger.internal.codegen.processingstep.MonitoringModuleGenerator_Factory        : loaded 2 times (x 77B)
Class dagger.spi.internal.shaded.androidx.room.compiler.processing.javac.JavacArrayType: loaded 2 times (x 209B)
Class [Ldagger.internal.codegen.validation.BindingElementValidator$AllowsMultibindings;: loaded 2 times (x 67B)
Class com.google.common.util.concurrent.AbstractFuture$UnsafeAtomicHelper$1           : loaded 2 times (x 74B)
Class dagger.spi.internal.shaded.androidx.room.compiler.processing.javac.JavacMethodType$returnType$2: loaded 2 times (x 77B)
Class com.google.common.base.CharMatcher$JavaUpperCase                                : loaded 2 times (x 109B)
Class dagger.internal.codegen.binding.$AutoValue_ProvisionBinding$Builder             : loaded 2 times (x 101B)
Class dagger.internal.codegen.base.DaggerSuperficialValidation$ValidationException$UnknownErrorType: loaded 2 times (x 81B)
Class dagger.spi.internal.shaded.androidx.room.jarjarred.kotlinx.metadata.internal.protobuf.ExtensionRegistryLite: loaded 2 times (x 72B)
Class com.google.common.io.ByteSource                                                 : loaded 2 times (x 82B)
Class dagger.internal.codegen.xprocessing.XTypeElements$Visibility                    : loaded 2 times (x 77B)
Class dagger.spi.internal.shaded.androidx.room.jarjarred.kotlinx.metadata.jvm.KotlinClassMetadata$Companion: loaded 2 times (x 69B)
Class androidx.room.compiler.processing.javac.JavacProcessingEnv$Companion            : loaded 2 times (x 69B)
Class dagger.internal.codegen.processingstep.ProcessingStepsModule                    : loaded 2 times (x 68B)
Class dagger.spi.internal.shaded.androidx.room.compiler.processing.XAnnotationValue   : loaded 2 times (x 68B)
Class dagger.spi.internal.shaded.androidx.room.compiler.processing.javac.JavacTypeElement$enclosingElement$2: loaded 2 times (x 77B)
Class com.squareup.kotlinpoet.TypeName$cachedString$2                                 : loaded 2 times (x 77B)
Class dagger.spi.internal.shaded.androidx.room.compiler.processing.javac.kotlin.KotlinClassMetadataUtilsKt: loaded 2 times (x 69B)
Class dagger.spi.internal.shaded.androidx.room.jarjarred.kotlinx.metadata.KmTypeParameterExtensionVisitor: loaded 2 times (x 68B)
Class [Ldagger.internal.codegen.compileroption.ProcessingEnvironmentCompilerOptions$Validation;: loaded 2 times (x 67B)
Class kotlin.ReplaceWith                                                              : loaded 2 times (x 68B)
Class android.databinding.tool.writer.BindingMapperWriterV2$special$$inlined$sortedBy$1: loaded 2 times (x 87B)
Class dagger.spi.internal.shaded.androidx.room.jarjarred.kotlinx.metadata.internal.metadata.ProtoBuf$VersionRequirement$VersionKind: loaded 2 times (x 80B)
Class android.databinding.tool.writer.BindingMapperWriterV2$special$$inlined$sortedBy$2: loaded 2 times (x 87B)
Class com.google.gson.internal.ConstructorConstructor$11                              : loaded 2 times (x 73B)
Class android.databinding.tool.LibTypes$dataBinderMapper$2                            : loaded 2 times (x 77B)
Class dagger.spi.internal.shaded.androidx.room.compiler.processing.javac.kotlin.KmPropertyContainer: loaded 2 times (x 77B)
Class com.google.common.collect.CompactHashSet                                        : loaded 2 times (x 148B)
Class org.objectweb.asm.ModuleVisitor                                                 : loaded 2 times (x 79B)
Class dagger.spi.internal.shaded.androidx.room.compiler.processing.util.MemoizedSequence: loaded 2 times (x 73B)
Class org.apache.commons.io.filefilter.ConditionalFileFilter                          : loaded 2 times (x 68B)
Class dagger.spi.internal.shaded.androidx.room.compiler.processing.javac.JavacDeclaredType$equalityItems$2: loaded 2 times (x 77B)
Class dagger.internal.codegen.processingstep.MonitoringModuleProcessingStep           : loaded 2 times (x 84B)
Class android.databinding.tool.reflection.ModelAnalyzer$viewBindingType$2             : loaded 2 times (x 77B)
Class dagger.spi.internal.shaded.androidx.room.compiler.processing.javac.JavacTypeElement$enclosingTypeElement$2: loaded 2 times (x 77B)
Class dagger.internal.codegen.validation.ValidationReport                             : loaded 2 times (x 70B)
Class androidx.room.Database                                                          : loaded 2 times (x 68B)
Class dagger.internal.codegen.kotlin.KotlinMetadataFactory_Factory$InstanceHolder     : loaded 2 times (x 69B)
Class com.google.common.io.Closer$SuppressingSuppressor                               : loaded 2 times (x 73B)
Class dagger.spi.internal.shaded.androidx.room.jarjarred.kotlinx.metadata.Attributes$visibility$10: loaded 2 times (x 135B)
Class dagger.spi.internal.shaded.androidx.room.jarjarred.kotlinx.metadata.internal.metadata.ProtoBuf$TypeParameter: loaded 2 times (x 128B)
Class dagger.internal.codegen.binding.DependencyRequestFactory                        : loaded 2 times (x 70B)
Class dagger.spi.internal.shaded.androidx.room.jarjarred.kotlinx.metadata.internal.metadata.ProtoBuf$Type$Argument$Projection: loaded 2 times (x 80B)
Class dagger.spi.internal.shaded.androidx.room.compiler.processing.javac.JavacAnnotationValueKt$UNWRAP_VISITOR$1$visitArray$1$1: loaded 2 times (x 77B)
Class dagger.spi.internal.shaded.androidx.room.compiler.processing.javac.JavacTypeElement$qualifiedName$2: loaded 2 times (x 77B)
Class dagger.hilt.processor.internal.BadInputException                                : loaded 2 times (x 80B)
Class com.google.common.reflect.Invokable$ConstructorInvokable                        : loaded 2 times (x 103B)
Class dagger.spi.internal.shaded.androidx.room.jarjarred.kotlinx.metadata.KmTypeProjection$Companion: loaded 2 times (x 69B)
Class dagger.spi.internal.shaded.androidx.room.compiler.processing.javac.JavacExecutableElement: loaded 2 times (x 221B)
Class dagger.internal.codegen.binding.Binding                                         : loaded 2 times (x 81B)
Class dagger.spi.internal.shaded.androidx.room.jarjarred.kotlinx.metadata.internal.FlagDelegatesImplKt$classBooleanFlag$1: loaded 2 times (x 135B)
Class dagger.spi.internal.shaded.androidx.room.compiler.processing.javac.JavacProcessingEnvMessager: loaded 2 times (x 71B)
Class org.objectweb.asm.MethodVisitor                                                 : loaded 2 times (x 103B)
Class dagger.hilt.android.processor.internal.viewmodel.ViewModelModuleGenerator       : loaded 2 times (x 70B)
Class dagger.internal.codegen.model.Key                                               : loaded 2 times (x 76B)
Class org.gradle.internal.installation.GradleInstallation                             : loaded 2 times (x 73B)
Class dagger.spi.internal.shaded.androidx.room.jarjarred.kotlinx.metadata.Attributes$visibility$14: loaded 2 times (x 135B)
Class dagger.spi.internal.shaded.androidx.room.jarjarred.kotlinx.metadata.internal.metadata.ProtoBuf$Visibility$1: loaded 2 times (x 72B)
Class dagger.hilt.processor.internal.originatingelement.OriginatingElementProcessingStep: loaded 2 times (x 85B)
Class com.google.common.collect.AbstractMapBasedMultimap$KeySet$1                     : loaded 2 times (x 80B)
Class dagger.internal.codegen.bindinggraphvalidation.CompositeBindingGraphPlugin_Factory: loaded 2 times (x 70B)
Class dagger.spi.internal.shaded.androidx.room.jarjarred.kotlinx.metadata.internal.metadata.deserialization.Flags$BooleanFlagField: loaded 2 times (x 74B)
Class dagger.spi.internal.shaded.androidx.room.jarjarred.kotlinx.metadata.internal.metadata.ProtoBuf$ClassOrBuilder: loaded 2 times (x 68B)
Class com.google.common.reflect.TypeCapture                                           : loaded 2 times (x 69B)
Class androidx.room.compiler.processing.XProcessingEnv                                : loaded 2 times (x 68B)
Class dagger.spi.internal.shaded.androidx.room.jarjarred.kotlinx.metadata.Attributes$visibility$18: loaded 2 times (x 135B)
Class dagger.internal.codegen.processingstep.AssistedProcessingStep                   : loaded 2 times (x 84B)
Class android.databinding.tool.writer.BindingMapperWriterV2                           : loaded 2 times (x 70B)
Class dagger.spi.internal.shaded.androidx.room.jarjarred.kotlinx.metadata.internal.protobuf.GeneratedMessageLite$ExtendableMessageOrBuilder: loaded 2 times (x 68B)
Class dagger.internal.codegen.binding.DelegateDeclaration$Factory                     : loaded 2 times (x 70B)


---------------  S Y S T E M  ---------------

OS:
 Windows 10 , 64 bit Build 19041 (10.0.19041.3393)
OS uptime: 0 days 6:32 hours

CPU: total 8 (initial active 8) (8 cores per cpu, 2 threads per core) family 23 model 24 stepping 1 microcode 0x0, cx8, cmov, fxsr, ht, mmx, 3dnowpref, sse, sse2, sse3, ssse3, sse4a, sse4.1, sse4.2, popcnt, lzcnt, tsc, tscinvbit, avx, avx2, aes, clmul, bmi1, bmi2, adx, sha, fma, vzeroupper, clflush, clflushopt

Memory: 4k page, system-wide physical 7103M (217M free)
TotalPageFile size 17343M (AvailPageFile size 457M)
current process WorkingSet (physical memory assigned to process): 606M, peak: 690M
current process commit charge ("private bytes"): 1026M, peak: 1497M

vm_info: OpenJDK 64-Bit Server VM (17.0.7+0-b2043.56-10550314) for windows-amd64 JRE (17.0.7+0-b2043.56-10550314), built on Jul 24 2023 18:27:45 by "androidbuild" with MS VC++ 16.10 / 16.11 (VS2019)

END.
