#
# There is insufficient memory for the Java Runtime Environment to continue.
# Native memory allocation (mmap) failed to map 264241152 bytes for G1 virtual space
# Possible reasons:
#   The system is out of physical RAM or swap space
#   The process is running with CompressedOops enabled, and the Java Heap may be blocking the growth of the native heap
# Possible solutions:
#   Reduce memory load on the system
#   Increase physical memory or swap space
#   Check if swap backing store is full
#   Decrease Java heap size (-Xmx/-Xms)
#   Decrease number of Java threads
#   Decrease Java thread stack sizes (-Xss)
#   Set larger code cache with -XX:ReservedCodeCacheSize=
#   JVM is running with Unscaled Compressed Oops mode in which the Java heap is
#     placed in the first 4GB address space. The Java Heap base address is the
#     maximum limit for the native heap growth. Please use -XX:HeapBaseMinAddress
#     to set the Java Heap base and to place the Java Heap above 4GB virtual address.
# This output file may be truncated or incomplete.
#
#  Out of Memory Error (os_windows.cpp:3771), pid=12816, tid=9164
#
# JRE version: OpenJDK Runtime Environment (17.0.7) (build 17.0.7+0-b2043.56-10550314)
# Java VM: OpenJDK 64-Bit Server VM (17.0.7+0-b2043.56-10550314, mixed mode, tiered, compressed oops, compressed class ptrs, g1 gc, windows-amd64)
# No core dump will be written. Minidumps are not enabled by default on client versions of Windows
#

---------------  S U M M A R Y ------------

Command Line: --add-opens=java.base/java.util=ALL-UNNAMED --add-opens=java.base/java.lang=ALL-UNNAMED --add-opens=java.base/java.lang.invoke=ALL-UNNAMED --add-opens=java.prefs/java.util.prefs=ALL-UNNAMED --add-opens=java.base/java.nio.charset=ALL-UNNAMED --add-opens=java.base/java.net=ALL-UNNAMED --add-opens=java.base/java.util.concurrent.atomic=ALL-UNNAMED -Xmx2048m -Dfile.encoding=UTF-8 -Duser.country=TR -Duser.language=tr -Duser.variant -javaagent:C:\Users\james\.gradle\wrapper\dists\gradle-8.2-bin\bbg7u40eoinfdyxsxr3z4i7ta\gradle-8.2\lib\agents\gradle-instrumentation-agent-8.2.jar org.gradle.launcher.daemon.bootstrap.GradleDaemon 8.2

Host: AMD Ryzen 5 3500U with Radeon Vega Mobile Gfx  , 8 cores, 6G,  Windows 10 , 64 bit Build 19041 (10.0.19041.3393)
Time: Sat Apr 13 20:13:55 2024 Türkiye Standart Saati elapsed time: 650.242028 seconds (0d 0h 10m 50s)

---------------  T H R E A D  ---------------

Current thread (0x000002112df4a940):  VMThread "VM Thread" [stack: 0x0000002153b00000,0x0000002153c00000] [id=9164]

Stack: [0x0000002153b00000,0x0000002153c00000]
Native frames: (J=compiled Java code, j=interpreted, Vv=VM code, C=native code)
V  [jvm.dll+0x683bfa]
V  [jvm.dll+0x8430a4]
V  [jvm.dll+0x8449be]
V  [jvm.dll+0x845023]
V  [jvm.dll+0x24ad2f]
V  [jvm.dll+0x680ac9]
V  [jvm.dll+0x67519a]
V  [jvm.dll+0x30b3cb]
V  [jvm.dll+0x312876]
V  [jvm.dll+0x36221e]
V  [jvm.dll+0x36244f]
V  [jvm.dll+0x2e14a8]
V  [jvm.dll+0x2df684]
V  [jvm.dll+0x2dec8c]
V  [jvm.dll+0x32382b]
V  [jvm.dll+0x8496eb]
V  [jvm.dll+0x84a424]
V  [jvm.dll+0x84a93d]
V  [jvm.dll+0x84ad14]
V  [jvm.dll+0x84ade0]
V  [jvm.dll+0x7f2aea]
V  [jvm.dll+0x682a35]
C  [ucrtbase.dll+0x21bb2]
C  [KERNEL32.DLL+0x17344]
C  [ntdll.dll+0x526b1]

VM_Operation (0x000000215a6f9da0): G1CollectForAllocation, mode: safepoint, requested by thread 0x0000021136ad1250


---------------  P R O C E S S  ---------------

Threads class SMR info:
_java_thread_list=0x0000021147f09e90, length=113, elements={
0x000002111211b9c0, 0x000002112df4dc00, 0x000002112df4f120, 0x000002112df7ee50,
0x000002112df7f710, 0x000002112df7ffd0, 0x000002112df80890, 0x000002112e1d5e00,
0x000002112e1ed020, 0x000002112e1f20e0, 0x000002112e287530, 0x000002112e4a58c0,
0x00000211346888b0, 0x0000021133d1e6b0, 0x0000021133c10900, 0x000002113445ec00,
0x000002113445cf20, 0x000002113445f0d0, 0x000002113445e260, 0x000002113445e730,
0x000002113445bbe0, 0x00000211341c5490, 0x00000211341c9320, 0x00000211341c7fe0,
0x00000211341c84b0, 0x00000211341ca190, 0x00000211341c37b0, 0x00000211341c9cc0,
0x00000211341c32e0, 0x00000211341c4af0, 0x00000211341c4150, 0x0000021134bf72f0,
0x0000021139a61e30, 0x0000021136c73e50, 0x000002113907d4b0, 0x00000211358d8540,
0x0000021135c49c10, 0x0000021135df69d0, 0x0000021149dadd60, 0x0000021136c72fe0,
0x0000021136ad0d80, 0x0000021149b15820, 0x0000021136c78680, 0x00000211354ca870,
0x0000021136c75b30, 0x00000211358db090, 0x0000021136c72170, 0x0000021136c78b50,
0x0000021136c77ce0, 0x0000021135df6ea0, 0x0000021135df4cf0, 0x0000021135df3e80,
0x0000021135df51c0, 0x0000021135df5b60, 0x000002114b420070, 0x000002114b420ee0,
0x0000021141e99890, 0x0000021141e95ed0, 0x0000021141e98550, 0x0000021141e963a0,
0x0000021141e98080, 0x0000021141e993c0, 0x0000021141e97210, 0x0000021141e97bb0,
0x0000021141e976e0, 0x0000021136c734b0, 0x0000021147337360, 0x0000021147337830,
0x0000021139a5ded0, 0x0000021139a5e870, 0x0000021139a5fbb0, 0x0000021139a60080,
0x0000021141e98a20, 0x0000021141e96d40, 0x0000021141e98ef0, 0x0000021136c717d0,
0x0000021136ad03e0, 0x0000021139a60a20, 0x0000021139a5d060, 0x0000021139a5e3a0,
0x0000021139a5ed40, 0x0000021149b161c0, 0x0000021147334340, 0x00000211372fa3e0,
0x00000211372f9570, 0x00000211372fa8b0, 0x00000211372f9a40, 0x000002112e75e700,
0x0000021147337d00, 0x0000021147335680, 0x0000021147335b50, 0x0000021147336020,
0x00000211473364f0, 0x00000211358dabc0, 0x00000211358d9880, 0x00000211358d8a10,
0x0000021149b17030, 0x0000021149b16690, 0x0000021149b16b60, 0x0000021149b17500,
0x0000021149b17ea0, 0x0000021149b18370, 0x0000021149b179d0, 0x00000211358d9d50,
0x00000211358db560, 0x00000211358d8070, 0x00000211358d8ee0, 0x0000021136ad1250,
0x0000021136ace230, 0x0000021149b0d210, 0x0000021149b0cd40, 0x0000021149b0c870,
0x00000211358d93b0
}

Java Threads: ( => current thread )
  0x000002111211b9c0 JavaThread "main" [_thread_blocked, id=16140, stack(0x0000002153500000,0x0000002153600000)]
  0x000002112df4dc00 JavaThread "Reference Handler" daemon [_thread_blocked, id=780, stack(0x0000002153c00000,0x0000002153d00000)]
  0x000002112df4f120 JavaThread "Finalizer" daemon [_thread_blocked, id=14868, stack(0x0000002153d00000,0x0000002153e00000)]
  0x000002112df7ee50 JavaThread "Signal Dispatcher" daemon [_thread_blocked, id=15824, stack(0x0000002153e00000,0x0000002153f00000)]
  0x000002112df7f710 JavaThread "Attach Listener" daemon [_thread_blocked, id=9748, stack(0x0000002153f00000,0x0000002154000000)]
  0x000002112df7ffd0 JavaThread "Service Thread" daemon [_thread_blocked, id=7140, stack(0x0000002154000000,0x0000002154100000)]
  0x000002112df80890 JavaThread "Monitor Deflation Thread" daemon [_thread_blocked, id=8928, stack(0x0000002154100000,0x0000002154200000)]
  0x000002112e1d5e00 JavaThread "C2 CompilerThread0" daemon [_thread_blocked, id=10388, stack(0x0000002154200000,0x0000002154300000)]
  0x000002112e1ed020 JavaThread "C1 CompilerThread0" daemon [_thread_blocked, id=13436, stack(0x0000002154300000,0x0000002154400000)]
  0x000002112e1f20e0 JavaThread "Sweeper thread" daemon [_thread_blocked, id=11000, stack(0x0000002154400000,0x0000002154500000)]
  0x000002112e287530 JavaThread "Common-Cleaner" daemon [_thread_blocked, id=10460, stack(0x0000002154500000,0x0000002154600000)]
  0x000002112e4a58c0 JavaThread "Notification Thread" daemon [_thread_blocked, id=8008, stack(0x0000002154600000,0x0000002154700000)]
  0x00000211346888b0 JavaThread "Daemon health stats" [_thread_blocked, id=2364, stack(0x0000002154d00000,0x0000002154e00000)]
  0x0000021133d1e6b0 JavaThread "Incoming local TCP Connector on port 60002" [_thread_in_native, id=9980, stack(0x0000002154c00000,0x0000002154d00000)]
  0x0000021133c10900 JavaThread "Daemon periodic checks" [_thread_blocked, id=14032, stack(0x0000002154e00000,0x0000002154f00000)]
  0x000002113445ec00 JavaThread "Cache worker for journal cache (C:\Users\james\.gradle\caches\journal-1)" [_thread_blocked, id=4972, stack(0x0000002155a00000,0x0000002155b00000)]
  0x000002113445cf20 JavaThread "File lock request listener" [_thread_in_native, id=1656, stack(0x0000002155b00000,0x0000002155c00000)]
  0x000002113445f0d0 JavaThread "Cache worker for file hash cache (C:\Users\james\.gradle\caches\8.2\fileHashes)" [_thread_blocked, id=16244, stack(0x0000002155c00000,0x0000002155d00000)]
  0x000002113445e260 JavaThread "File watcher server" daemon [_thread_blocked, id=1260, stack(0x0000002155d00000,0x0000002155e00000)]
  0x000002113445e730 JavaThread "File watcher consumer" daemon [_thread_blocked, id=2684, stack(0x0000002155e00000,0x0000002155f00000)]
  0x000002113445bbe0 JavaThread "Cache worker for file content cache (C:\Users\james\.gradle\caches\8.2\fileContent)" [_thread_blocked, id=14000, stack(0x0000002156100000,0x0000002156200000)]
  0x00000211341c5490 JavaThread "Cache worker for execution history cache (C:\Users\james\.gradle\caches\8.2\executionHistory)" [_thread_blocked, id=4268, stack(0x0000002156400000,0x0000002156500000)]
  0x00000211341c9320 JavaThread "jar transforms" [_thread_blocked, id=11104, stack(0x0000002156700000,0x0000002156800000)]
  0x00000211341c7fe0 JavaThread "jar transforms Thread 2" [_thread_blocked, id=2056, stack(0x0000002156800000,0x0000002156900000)]
  0x00000211341c84b0 JavaThread "Cache worker for kotlin-dsl (C:\Users\james\.gradle\caches\8.2\kotlin-dsl)" [_thread_blocked, id=4888, stack(0x0000002156900000,0x0000002156a00000)]
  0x00000211341ca190 JavaThread "jar transforms Thread 3" [_thread_blocked, id=3344, stack(0x0000002156a00000,0x0000002156b00000)]
  0x00000211341c37b0 JavaThread "jar transforms Thread 4" [_thread_blocked, id=9320, stack(0x0000002156b00000,0x0000002156c00000)]
  0x00000211341c9cc0 JavaThread "jar transforms Thread 5" [_thread_blocked, id=12940, stack(0x0000002156c00000,0x0000002156d00000)]
  0x00000211341c32e0 JavaThread "jar transforms Thread 6" [_thread_blocked, id=15596, stack(0x0000002156d00000,0x0000002156e00000)]
  0x00000211341c4af0 JavaThread "jar transforms Thread 7" [_thread_blocked, id=9924, stack(0x0000002157000000,0x0000002157100000)]
  0x00000211341c4150 JavaThread "jar transforms Thread 8" [_thread_blocked, id=1460, stack(0x0000002157100000,0x0000002157200000)]
  0x0000021134bf72f0 JavaThread "Memory manager" [_thread_blocked, id=2236, stack(0x0000002157900000,0x0000002157a00000)]
  0x0000021139a61e30 JavaThread "RMI Scheduler(0)" daemon [_thread_blocked, id=10116, stack(0x000000215d500000,0x000000215d600000)]
  0x0000021136c73e50 JavaThread "RMI GC Daemon" daemon [_thread_blocked, id=3016, stack(0x000000215d700000,0x000000215d800000)]
  0x000002113907d4b0 JavaThread "RMI TCP Accept-0" daemon [_thread_in_native, id=15736, stack(0x000000215d800000,0x000000215d900000)]
  0x00000211358d8540 JavaThread "RMI Reaper" [_thread_blocked, id=12116, stack(0x000000215d900000,0x000000215da00000)]
  0x0000021135c49c10 JavaThread "RMI TCP Connection(12)-127.0.0.1" daemon [_thread_in_native, id=14044, stack(0x000000215ae00000,0x000000215af00000)]
  0x0000021135df69d0 JavaThread "Cache worker for Java compile cache (C:\Users\james\.gradle\caches\8.2\javaCompile)" [_thread_blocked, id=2112, stack(0x000000215b400000,0x000000215b500000)]
  0x0000021149dadd60 JavaThread "ForkJoinPool.commonPool-worker-2" daemon [_thread_blocked, id=8684, stack(0x000000215dc00000,0x000000215dd00000)]
  0x0000021136c72fe0 JavaThread "ForkJoinPool.commonPool-worker-4" daemon [_thread_blocked, id=14616, stack(0x000000215e500000,0x000000215e600000)]
  0x0000021136ad0d80 JavaThread "ForkJoinPool.commonPool-worker-5" daemon [_thread_blocked, id=8620, stack(0x000000215e600000,0x000000215e700000)]
  0x0000021149b15820 JavaThread "ForkJoinPool.commonPool-worker-6" daemon [_thread_blocked, id=15740, stack(0x000000215e800000,0x000000215e900000)]
  0x0000021136c78680 JavaThread "ForkJoinPool.commonPool-worker-7" daemon [_thread_blocked, id=1316, stack(0x000000215e900000,0x000000215ea00000)]
  0x00000211354ca870 JavaThread "Daemon Thread 4" [_thread_blocked, id=3448, stack(0x0000002153200000,0x0000002153300000)]
  0x0000021136c75b30 JavaThread "Daemon worker Thread 4" [_thread_blocked, id=12300, stack(0x0000002154f00000,0x0000002155000000)]
  0x00000211358db090 JavaThread "included builds" [_thread_blocked, id=15972, stack(0x0000002157700000,0x0000002157800000)]
  0x0000021136c72170 JavaThread "RMI TCP Connection(11)-127.0.0.1" daemon [_thread_in_native, id=13556, stack(0x000000215b000000,0x000000215b100000)]
  0x0000021136c78b50 JavaThread "Handler for socket connection from /127.0.0.1:60002 to /127.0.0.1:60205" [_thread_in_native, id=6688, stack(0x0000002153300000,0x0000002153400000)]
  0x0000021136c77ce0 JavaThread "Cancel handler" [_thread_blocked, id=15788, stack(0x0000002153400000,0x0000002153500000)]
  0x0000021135df6ea0 JavaThread "Asynchronous log dispatcher for DefaultDaemonConnection: socket connection from /127.0.0.1:60002 to /127.0.0.1:60205" [_thread_blocked, id=11228, stack(0x0000002155000000,0x0000002155100000)]
  0x0000021135df4cf0 JavaThread "Stdin handler" [_thread_blocked, id=14996, stack(0x0000002155100000,0x0000002155200000)]
  0x0000021135df3e80 JavaThread "Daemon client event forwarder" [_thread_blocked, id=2044, stack(0x0000002155200000,0x0000002155300000)]
  0x0000021135df51c0 JavaThread "Cache worker for checksums cache (D:\TaskFour\.gradle\8.2\checksums)" [_thread_blocked, id=12188, stack(0x0000002155300000,0x0000002155400000)]
  0x0000021135df5b60 JavaThread "Cache worker for cache directory md-rule (C:\Users\james\.gradle\caches\8.2\md-rule)" [_thread_blocked, id=1716, stack(0x0000002155400000,0x0000002155500000)]
  0x000002114b420070 JavaThread "Cache worker for file hash cache (D:\TaskFour\.gradle\8.2\fileHashes)" [_thread_blocked, id=14168, stack(0x0000002155500000,0x0000002155600000)]
  0x000002114b420ee0 JavaThread "Cache worker for cache directory md-supplier (C:\Users\james\.gradle\caches\8.2\md-supplier)" [_thread_blocked, id=7272, stack(0x0000002155f00000,0x0000002156000000)]
  0x0000021141e99890 JavaThread "Cache worker for dependencies-accessors (D:\TaskFour\.gradle\8.2\dependencies-accessors)" [_thread_blocked, id=14392, stack(0x0000002156000000,0x0000002156100000)]
  0x0000021141e95ed0 JavaThread "Cache worker for Build Output Cleanup Cache (D:\TaskFour\.gradle\buildOutputCleanup)" [_thread_blocked, id=12700, stack(0x0000002156200000,0x0000002156300000)]
  0x0000021141e98550 JavaThread "Unconstrained build operations" [_thread_blocked, id=12832, stack(0x0000002156300000,0x0000002156400000)]
  0x0000021141e963a0 JavaThread "Unconstrained build operations Thread 2" [_thread_blocked, id=11404, stack(0x0000002156500000,0x0000002156600000)]
  0x0000021141e98080 JavaThread "Unconstrained build operations Thread 3" [_thread_blocked, id=15132, stack(0x0000002156e00000,0x0000002156f00000)]
  0x0000021141e993c0 JavaThread "Unconstrained build operations Thread 4" [_thread_blocked, id=5692, stack(0x0000002156f00000,0x0000002157000000)]
  0x0000021141e97210 JavaThread "Unconstrained build operations Thread 5" [_thread_blocked, id=3652, stack(0x0000002157200000,0x0000002157300000)]
  0x0000021141e97bb0 JavaThread "Unconstrained build operations Thread 6" [_thread_blocked, id=2260, stack(0x0000002157300000,0x0000002157400000)]
  0x0000021141e976e0 JavaThread "Unconstrained build operations Thread 7" [_thread_blocked, id=8868, stack(0x0000002157400000,0x0000002157500000)]
  0x0000021136c734b0 JavaThread "build event listener" [_thread_blocked, id=5496, stack(0x0000002157600000,0x0000002157700000)]
  0x0000021147337360 JavaThread "build event listener" [_thread_blocked, id=10772, stack(0x0000002157500000,0x0000002157600000)]
  0x0000021147337830 JavaThread "included builds" [_thread_blocked, id=6664, stack(0x0000002157b00000,0x0000002157c00000)]
  0x0000021139a5ded0 JavaThread "Execution worker" [_thread_blocked, id=8652, stack(0x0000002158000000,0x0000002158100000)]
  0x0000021139a5e870 JavaThread "Execution worker Thread 2" [_thread_blocked, id=3500, stack(0x0000002158100000,0x0000002158200000)]
  0x0000021139a5fbb0 JavaThread "Execution worker Thread 3" [_thread_blocked, id=6900, stack(0x0000002158200000,0x0000002158300000)]
  0x0000021139a60080 JavaThread "Execution worker Thread 4" [_thread_blocked, id=13948, stack(0x0000002158300000,0x0000002158400000)]
  0x0000021141e98a20 JavaThread "Execution worker Thread 5" [_thread_blocked, id=15024, stack(0x0000002158400000,0x0000002158500000)]
  0x0000021141e96d40 JavaThread "Execution worker Thread 6" [_thread_blocked, id=15344, stack(0x0000002158500000,0x0000002158600000)]
  0x0000021141e98ef0 JavaThread "Execution worker Thread 7" [_thread_blocked, id=6608, stack(0x0000002158600000,0x0000002158700000)]
  0x0000021136c717d0 JavaThread "Cache worker for execution history cache (D:\TaskFour\.gradle\8.2\executionHistory)" [_thread_blocked, id=9344, stack(0x0000002158700000,0x0000002158800000)]
  0x0000021136ad03e0 JavaThread "Unconstrained build operations Thread 8" [_thread_blocked, id=12452, stack(0x0000002158800000,0x0000002158900000)]
  0x0000021139a60a20 JavaThread "Unconstrained build operations Thread 9" [_thread_blocked, id=13964, stack(0x0000002158900000,0x0000002158a00000)]
  0x0000021139a5d060 JavaThread "Unconstrained build operations Thread 10" [_thread_blocked, id=5576, stack(0x0000002158a00000,0x0000002158b00000)]
  0x0000021139a5e3a0 JavaThread "Unconstrained build operations Thread 11" [_thread_blocked, id=6604, stack(0x0000002158b00000,0x0000002158c00000)]
  0x0000021139a5ed40 JavaThread "Unconstrained build operations Thread 12" [_thread_blocked, id=14448, stack(0x0000002158c00000,0x0000002158d00000)]
  0x0000021149b161c0 JavaThread "Unconstrained build operations Thread 13" [_thread_blocked, id=7860, stack(0x0000002158d00000,0x0000002158e00000)]
  0x0000021147334340 JavaThread "Unconstrained build operations Thread 14" [_thread_blocked, id=16316, stack(0x0000002158e00000,0x0000002158f00000)]
  0x00000211372fa3e0 JavaThread "Unconstrained build operations Thread 15" [_thread_blocked, id=15440, stack(0x0000002157800000,0x0000002157900000)]
  0x00000211372f9570 JavaThread "Unconstrained build operations Thread 16" [_thread_blocked, id=6740, stack(0x0000002158f00000,0x0000002159000000)]
  0x00000211372fa8b0 JavaThread "Unconstrained build operations Thread 17" [_thread_blocked, id=14612, stack(0x0000002159000000,0x0000002159100000)]
  0x00000211372f9a40 JavaThread "Unconstrained build operations Thread 18" [_thread_blocked, id=14980, stack(0x0000002159100000,0x0000002159200000)]
  0x000002112e75e700 JavaThread "Unconstrained build operations Thread 19" [_thread_blocked, id=14320, stack(0x0000002159200000,0x0000002159300000)]
  0x0000021147337d00 JavaThread "Unconstrained build operations Thread 20" [_thread_blocked, id=9824, stack(0x0000002159300000,0x0000002159400000)]
  0x0000021147335680 JavaThread "Unconstrained build operations Thread 21" [_thread_blocked, id=14352, stack(0x0000002159400000,0x0000002159500000)]
  0x0000021147335b50 JavaThread "Unconstrained build operations Thread 22" [_thread_blocked, id=16152, stack(0x0000002159500000,0x0000002159600000)]
  0x0000021147336020 JavaThread "Unconstrained build operations Thread 23" [_thread_blocked, id=9036, stack(0x0000002159600000,0x0000002159700000)]
  0x00000211473364f0 JavaThread "Unconstrained build operations Thread 24" [_thread_blocked, id=11424, stack(0x0000002159700000,0x0000002159800000)]
  0x00000211358dabc0 JavaThread "Unconstrained build operations Thread 25" [_thread_blocked, id=8408, stack(0x0000002159800000,0x0000002159900000)]
  0x00000211358d9880 JavaThread "Unconstrained build operations Thread 26" [_thread_blocked, id=1436, stack(0x0000002159900000,0x0000002159a00000)]
  0x00000211358d8a10 JavaThread "Unconstrained build operations Thread 27" [_thread_blocked, id=2148, stack(0x0000002159a00000,0x0000002159b00000)]
  0x0000021149b17030 JavaThread "Unconstrained build operations Thread 28" [_thread_blocked, id=15532, stack(0x0000002159b00000,0x0000002159c00000)]
  0x0000021149b16690 JavaThread "Unconstrained build operations Thread 29" [_thread_blocked, id=16256, stack(0x0000002159c00000,0x0000002159d00000)]
  0x0000021149b16b60 JavaThread "Unconstrained build operations Thread 30" [_thread_blocked, id=15212, stack(0x0000002159d00000,0x0000002159e00000)]
  0x0000021149b17500 JavaThread "Unconstrained build operations Thread 31" [_thread_blocked, id=14308, stack(0x0000002159e00000,0x0000002159f00000)]
  0x0000021149b17ea0 JavaThread "Unconstrained build operations Thread 32" [_thread_blocked, id=4504, stack(0x0000002159f00000,0x000000215a000000)]
  0x0000021149b18370 JavaThread "Unconstrained build operations Thread 33" [_thread_blocked, id=612, stack(0x000000215a000000,0x000000215a100000)]
  0x0000021149b179d0 JavaThread "Unconstrained build operations Thread 34" [_thread_blocked, id=14420, stack(0x000000215a100000,0x000000215a200000)]
  0x00000211358d9d50 JavaThread "Unconstrained build operations Thread 35" [_thread_blocked, id=14008, stack(0x000000215a200000,0x000000215a300000)]
  0x00000211358db560 JavaThread "Unconstrained build operations Thread 36" [_thread_blocked, id=12428, stack(0x000000215a300000,0x000000215a400000)]
  0x00000211358d8070 JavaThread "Unconstrained build operations Thread 37" [_thread_blocked, id=14288, stack(0x000000215a400000,0x000000215a500000)]
  0x00000211358d8ee0 JavaThread "Unconstrained build operations Thread 38" [_thread_blocked, id=10344, stack(0x000000215a500000,0x000000215a600000)]
  0x0000021136ad1250 JavaThread "WorkerExecutor Queue" [_thread_blocked, id=13252, stack(0x000000215a600000,0x000000215a700000)]
  0x0000021136ace230 JavaThread "Unconstrained build operations Thread 39" [_thread_blocked, id=10016, stack(0x000000215a700000,0x000000215a800000)]
  0x0000021149b0d210 JavaThread "Unconstrained build operations Thread 40" [_thread_blocked, id=6744, stack(0x000000215a800000,0x000000215a900000)]
  0x0000021149b0cd40 JavaThread "Unconstrained build operations Thread 41" [_thread_blocked, id=10876, stack(0x000000215a900000,0x000000215aa00000)]
  0x0000021149b0c870 JavaThread "Unconstrained build operations Thread 42" [_thread_blocked, id=2680, stack(0x000000215aa00000,0x000000215ab00000)]
  0x00000211358d93b0 JavaThread "WorkerExecutor Queue Thread 2" [_thread_blocked, id=12156, stack(0x000000215ab00000,0x000000215ac00000)]

Other Threads:
=>0x000002112df4a940 VMThread "VM Thread" [stack: 0x0000002153b00000,0x0000002153c00000] [id=9164]
  0x000002111211c880 WatcherThread [stack: 0x0000002154700000,0x0000002154800000] [id=14088]
  0x0000021112176b90 GCTaskThread "GC Thread#0" [stack: 0x0000002153600000,0x0000002153700000] [id=16224]
  0x000002112e6b3380 GCTaskThread "GC Thread#1" [stack: 0x0000002154900000,0x0000002154a00000] [id=12964]
  0x0000021133120790 GCTaskThread "GC Thread#2" [stack: 0x0000002154a00000,0x0000002154b00000] [id=12496]
  0x0000021133145880 GCTaskThread "GC Thread#3" [stack: 0x0000002154b00000,0x0000002154c00000] [id=10608]
  0x00000211334456e0 GCTaskThread "GC Thread#4" [stack: 0x0000002154800000,0x0000002154900000] [id=11248]
  0x0000021133a7c2c0 GCTaskThread "GC Thread#5" [stack: 0x0000002155600000,0x0000002155700000] [id=11440]
  0x00000211343d2ad0 GCTaskThread "GC Thread#6" [stack: 0x0000002155700000,0x0000002155800000] [id=14092]
  0x0000021134871a70 GCTaskThread "GC Thread#7" [stack: 0x0000002155800000,0x0000002155900000] [id=2336]
  0x00000211121899f0 ConcurrentGCThread "G1 Main Marker" [stack: 0x0000002153700000,0x0000002153800000] [id=2748]
  0x000002111218aab0 ConcurrentGCThread "G1 Conc#0" [stack: 0x0000002153800000,0x0000002153900000] [id=8764]
  0x0000021133be65e0 ConcurrentGCThread "G1 Conc#1" [stack: 0x0000002155900000,0x0000002155a00000] [id=5556]
  0x00000211121eea60 ConcurrentGCThread "G1 Refine#0" [stack: 0x0000002153900000,0x0000002153a00000] [id=7200]
  0x0000021135327aa0 ConcurrentGCThread "G1 Refine#1" [stack: 0x0000002156600000,0x0000002156700000] [id=10192]
  0x000002113977a9b0 ConcurrentGCThread "G1 Refine#2" [stack: 0x0000002157a00000,0x0000002157b00000] [id=11924]
  0x000002113977b530 ConcurrentGCThread "G1 Refine#3" [stack: 0x0000002157c00000,0x0000002157d00000] [id=12464]
  0x0000021139777e90 ConcurrentGCThread "G1 Refine#4" [stack: 0x0000002157d00000,0x0000002157e00000] [id=2356]
  0x0000021139778170 ConcurrentGCThread "G1 Refine#5" [stack: 0x0000002157e00000,0x0000002157f00000] [id=16124]
  0x0000021139778450 ConcurrentGCThread "G1 Refine#6" [stack: 0x0000002157f00000,0x0000002158000000] [id=6368]
  0x000002112dda34a0 ConcurrentGCThread "G1 Service" [stack: 0x0000002153a00000,0x0000002153b00000] [id=10668]

Threads with active compile tasks:

VM state: at safepoint (normal execution)

VM Mutex/Monitor currently owned by a thread:  ([mutex/lock_event])
[0x0000021112116380] Threads_lock - owner thread: 0x000002112df4a940
[0x0000021112117580] Heap_lock - owner thread: 0x0000021136ad1250

Heap address: 0x0000000080000000, size: 2048 MB, Compressed Oops mode: 32-bit

CDS archive(s) not mapped
Compressed class space mapped at: 0x0000000100000000-0x0000000140000000, reserved size: 1073741824
Narrow klass base: 0x0000000000000000, Narrow klass shift: 3, Narrow klass range: 0x140000000

GC Precious Log:
 CPUs: 8 total, 8 available
 Memory: 7103M
 Large Page Support: Disabled
 NUMA Support: Disabled
 Compressed Oops: Enabled (32-bit)
 Heap Region Size: 1M
 Heap Min Capacity: 8M
 Heap Initial Capacity: 112M
 Heap Max Capacity: 2G
 Pre-touch: Disabled
 Parallel Workers: 8
 Concurrent Workers: 2
 Concurrent Refinement Workers: 8
 Periodic GC: Disabled

Heap:
 garbage-first heap   total 827392K, used 364677K [0x0000000080000000, 0x0000000100000000)
  region size 1024K, 5 young (5120K), 5 survivors (5120K)
 Metaspace       used 321785K, committed 323456K, reserved 1376256K
  class space    used 40983K, committed 41792K, reserved 1048576K

Heap Regions: E=young(eden), S=young(survivor), O=old, HS=humongous(starts), HC=humongous(continues), CS=collection set, F=free, OA=open archive, CA=closed archive, TAMS=top-at-mark-start (previous, next)
|   0|0x0000000080000000, 0x0000000080100000, 0x0000000080100000|100%|HS|  |TAMS 0x0000000080100000, 0x0000000080000000| Complete 
|   1|0x0000000080100000, 0x0000000080200000, 0x0000000080200000|100%|HC|  |TAMS 0x0000000080200000, 0x0000000080100000| Complete 
|   2|0x0000000080200000, 0x0000000080300000, 0x0000000080300000|100%|HC|  |TAMS 0x0000000080300000, 0x0000000080200000| Complete 
|   3|0x0000000080300000, 0x0000000080400000, 0x0000000080400000|100%|HC|  |TAMS 0x0000000080400000, 0x0000000080300000| Complete 
|   4|0x0000000080400000, 0x0000000080500000, 0x0000000080500000|100%| O|  |TAMS 0x0000000080500000, 0x0000000080400000| Untracked 
|   5|0x0000000080500000, 0x0000000080600000, 0x0000000080600000|100%| O|  |TAMS 0x0000000080600000, 0x0000000080500000| Untracked 
|   6|0x0000000080600000, 0x0000000080700000, 0x0000000080700000|100%| O|  |TAMS 0x0000000080700000, 0x0000000080600000| Untracked 
|   7|0x0000000080700000, 0x0000000080800000, 0x0000000080800000|100%| O|  |TAMS 0x0000000080800000, 0x0000000080700000| Untracked 
|   8|0x0000000080800000, 0x0000000080900000, 0x0000000080900000|100%| O|  |TAMS 0x0000000080900000, 0x0000000080800000| Untracked 
|   9|0x0000000080900000, 0x0000000080a00000, 0x0000000080a00000|100%| O|  |TAMS 0x0000000080a00000, 0x0000000080900000| Untracked 
|  10|0x0000000080a00000, 0x0000000080b00000, 0x0000000080b00000|100%| O|  |TAMS 0x0000000080b00000, 0x0000000080a00000| Untracked 
|  11|0x0000000080b00000, 0x0000000080c00000, 0x0000000080c00000|100%|HS|  |TAMS 0x0000000080c00000, 0x0000000080b00000| Complete 
|  12|0x0000000080c00000, 0x0000000080d00000, 0x0000000080d00000|100%| O|  |TAMS 0x0000000080d00000, 0x0000000080c00000| Untracked 
|  13|0x0000000080d00000, 0x0000000080e00000, 0x0000000080e00000|100%| O|  |TAMS 0x0000000080e00000, 0x0000000080d00000| Untracked 
|  14|0x0000000080e00000, 0x0000000080f00000, 0x0000000080f00000|100%| O|  |TAMS 0x0000000080f00000, 0x0000000080e00000| Untracked 
|  15|0x0000000080f00000, 0x0000000081000000, 0x0000000081000000|100%| O|  |TAMS 0x0000000081000000, 0x0000000080f00000| Untracked 
|  16|0x0000000081000000, 0x0000000081100000, 0x0000000081100000|100%| O|  |TAMS 0x0000000081100000, 0x0000000081000000| Untracked 
|  17|0x0000000081100000, 0x0000000081200000, 0x0000000081200000|100%| O|  |TAMS 0x0000000081200000, 0x0000000081100000| Untracked 
|  18|0x0000000081200000, 0x0000000081300000, 0x0000000081300000|100%| O|  |TAMS 0x0000000081300000, 0x0000000081200000| Untracked 
|  19|0x0000000081300000, 0x0000000081400000, 0x0000000081400000|100%| O|  |TAMS 0x0000000081400000, 0x0000000081300000| Untracked 
|  20|0x0000000081400000, 0x0000000081500000, 0x0000000081500000|100%| O|  |TAMS 0x0000000081500000, 0x0000000081400000| Untracked 
|  21|0x0000000081500000, 0x0000000081600000, 0x0000000081600000|100%| O|  |TAMS 0x0000000081600000, 0x0000000081500000| Untracked 
|  22|0x0000000081600000, 0x0000000081700000, 0x0000000081700000|100%| O|  |TAMS 0x0000000081700000, 0x0000000081600000| Untracked 
|  23|0x0000000081700000, 0x0000000081800000, 0x0000000081800000|100%| O|  |TAMS 0x0000000081800000, 0x0000000081700000| Untracked 
|  24|0x0000000081800000, 0x0000000081900000, 0x0000000081900000|100%| O|  |TAMS 0x0000000081900000, 0x0000000081800000| Untracked 
|  25|0x0000000081900000, 0x0000000081a00000, 0x0000000081a00000|100%| O|  |TAMS 0x0000000081a00000, 0x0000000081900000| Untracked 
|  26|0x0000000081a00000, 0x0000000081b00000, 0x0000000081b00000|100%| O|  |TAMS 0x0000000081b00000, 0x0000000081a00000| Untracked 
|  27|0x0000000081b00000, 0x0000000081c00000, 0x0000000081c00000|100%| O|  |TAMS 0x0000000081c00000, 0x0000000081b00000| Untracked 
|  28|0x0000000081c00000, 0x0000000081d00000, 0x0000000081d00000|100%| O|  |TAMS 0x0000000081d00000, 0x0000000081c00000| Untracked 
|  29|0x0000000081d00000, 0x0000000081e00000, 0x0000000081e00000|100%| O|  |TAMS 0x0000000081e00000, 0x0000000081d00000| Untracked 
|  30|0x0000000081e00000, 0x0000000081f00000, 0x0000000081f00000|100%| O|  |TAMS 0x0000000081f00000, 0x0000000081e00000| Untracked 
|  31|0x0000000081f00000, 0x0000000082000000, 0x0000000082000000|100%| O|  |TAMS 0x0000000082000000, 0x0000000081f00000| Untracked 
|  32|0x0000000082000000, 0x0000000082100000, 0x0000000082100000|100%| O|  |TAMS 0x0000000082100000, 0x0000000082000000| Untracked 
|  33|0x0000000082100000, 0x0000000082200000, 0x0000000082200000|100%| O|  |TAMS 0x0000000082200000, 0x0000000082100000| Untracked 
|  34|0x0000000082200000, 0x0000000082300000, 0x0000000082300000|100%| O|  |TAMS 0x0000000082300000, 0x0000000082200000| Untracked 
|  35|0x0000000082300000, 0x0000000082400000, 0x0000000082400000|100%| O|  |TAMS 0x0000000082400000, 0x0000000082300000| Untracked 
|  36|0x0000000082400000, 0x0000000082500000, 0x0000000082500000|100%| O|  |TAMS 0x0000000082500000, 0x0000000082400000| Untracked 
|  37|0x0000000082500000, 0x0000000082600000, 0x0000000082600000|100%| O|  |TAMS 0x0000000082600000, 0x0000000082500000| Untracked 
|  38|0x0000000082600000, 0x0000000082700000, 0x0000000082700000|100%| O|  |TAMS 0x0000000082700000, 0x0000000082600000| Untracked 
|  39|0x0000000082700000, 0x0000000082800000, 0x0000000082800000|100%| O|  |TAMS 0x0000000082800000, 0x0000000082700000| Untracked 
|  40|0x0000000082800000, 0x0000000082900000, 0x0000000082900000|100%| O|  |TAMS 0x0000000082900000, 0x0000000082800000| Untracked 
|  41|0x0000000082900000, 0x0000000082a00000, 0x0000000082a00000|100%| O|  |TAMS 0x0000000082a00000, 0x0000000082900000| Untracked 
|  42|0x0000000082a00000, 0x0000000082b00000, 0x0000000082b00000|100%|HS|  |TAMS 0x0000000082b00000, 0x0000000082a00000| Complete 
|  43|0x0000000082b00000, 0x0000000082c00000, 0x0000000082c00000|100%|HS|  |TAMS 0x0000000082c00000, 0x0000000082b00000| Complete 
|  44|0x0000000082c00000, 0x0000000082d00000, 0x0000000082d00000|100%|HS|  |TAMS 0x0000000082d00000, 0x0000000082c00000| Complete 
|  45|0x0000000082d00000, 0x0000000082e00000, 0x0000000082e00000|100%|HC|  |TAMS 0x0000000082e00000, 0x0000000082d00000| Complete 
|  46|0x0000000082e00000, 0x0000000082f00000, 0x0000000082f00000|100%|HS|  |TAMS 0x0000000082f00000, 0x0000000082e00000| Complete 
|  47|0x0000000082f00000, 0x0000000083000000, 0x0000000083000000|100%|HC|  |TAMS 0x0000000083000000, 0x0000000082f00000| Complete 
|  48|0x0000000083000000, 0x0000000083100000, 0x0000000083100000|100%|HS|  |TAMS 0x0000000083100000, 0x0000000083000000| Complete 
|  49|0x0000000083100000, 0x0000000083200000, 0x0000000083200000|100%|HC|  |TAMS 0x0000000083200000, 0x0000000083100000| Complete 
|  50|0x0000000083200000, 0x0000000083300000, 0x0000000083300000|100%|HC|  |TAMS 0x0000000083300000, 0x0000000083200000| Complete 
|  51|0x0000000083300000, 0x0000000083400000, 0x0000000083400000|100%|HC|  |TAMS 0x0000000083400000, 0x0000000083300000| Complete 
|  52|0x0000000083400000, 0x0000000083500000, 0x0000000083500000|100%|HS|  |TAMS 0x0000000083500000, 0x0000000083400000| Complete 
|  53|0x0000000083500000, 0x0000000083600000, 0x0000000083600000|100%|HS|  |TAMS 0x0000000083600000, 0x0000000083500000| Complete 
|  54|0x0000000083600000, 0x0000000083700000, 0x0000000083700000|100%| O|  |TAMS 0x0000000083700000, 0x0000000083600000| Untracked 
|  55|0x0000000083700000, 0x0000000083800000, 0x0000000083800000|100%| O|  |TAMS 0x0000000083800000, 0x0000000083700000| Untracked 
|  56|0x0000000083800000, 0x0000000083900000, 0x0000000083900000|100%| O|  |TAMS 0x0000000083900000, 0x0000000083800000| Untracked 
|  57|0x0000000083900000, 0x0000000083a00000, 0x0000000083a00000|100%| O|  |TAMS 0x0000000083a00000, 0x0000000083900000| Untracked 
|  58|0x0000000083a00000, 0x0000000083b00000, 0x0000000083b00000|100%| O|  |TAMS 0x0000000083b00000, 0x0000000083a00000| Untracked 
|  59|0x0000000083b00000, 0x0000000083c00000, 0x0000000083c00000|100%| O|  |TAMS 0x0000000083c00000, 0x0000000083b00000| Untracked 
|  60|0x0000000083c00000, 0x0000000083d00000, 0x0000000083d00000|100%| O|  |TAMS 0x0000000083d00000, 0x0000000083c00000| Untracked 
|  61|0x0000000083d00000, 0x0000000083e00000, 0x0000000083e00000|100%| O|  |TAMS 0x0000000083e00000, 0x0000000083d00000| Untracked 
|  62|0x0000000083e00000, 0x0000000083f00000, 0x0000000083f00000|100%|HS|  |TAMS 0x0000000083f00000, 0x0000000083e00000| Complete 
|  63|0x0000000083f00000, 0x0000000084000000, 0x0000000084000000|100%|HC|  |TAMS 0x0000000084000000, 0x0000000083f00000| Complete 
|  64|0x0000000084000000, 0x0000000084100000, 0x0000000084100000|100%|HC|  |TAMS 0x0000000084100000, 0x0000000084000000| Complete 
|  65|0x0000000084100000, 0x0000000084200000, 0x0000000084200000|100%|HC|  |TAMS 0x0000000084200000, 0x0000000084100000| Complete 
|  66|0x0000000084200000, 0x0000000084300000, 0x0000000084300000|100%|HS|  |TAMS 0x0000000084300000, 0x0000000084200000| Complete 
|  67|0x0000000084300000, 0x0000000084400000, 0x0000000084400000|100%|HC|  |TAMS 0x0000000084400000, 0x0000000084300000| Complete 
|  68|0x0000000084400000, 0x0000000084500000, 0x0000000084500000|100%|HC|  |TAMS 0x0000000084500000, 0x0000000084400000| Complete 
|  69|0x0000000084500000, 0x0000000084600000, 0x0000000084600000|100%|HC|  |TAMS 0x0000000084600000, 0x0000000084500000| Complete 
|  70|0x0000000084600000, 0x0000000084700000, 0x0000000084700000|100%| O|  |TAMS 0x0000000084700000, 0x0000000084600000| Untracked 
|  71|0x0000000084700000, 0x0000000084800000, 0x0000000084800000|100%| O|  |TAMS 0x0000000084800000, 0x0000000084700000| Untracked 
|  72|0x0000000084800000, 0x0000000084900000, 0x0000000084900000|100%| O|  |TAMS 0x0000000084900000, 0x0000000084800000| Untracked 
|  73|0x0000000084900000, 0x0000000084a00000, 0x0000000084a00000|100%| O|  |TAMS 0x0000000084a00000, 0x0000000084900000| Untracked 
|  74|0x0000000084a00000, 0x0000000084b00000, 0x0000000084b00000|100%| O|  |TAMS 0x0000000084b00000, 0x0000000084a00000| Untracked 
|  75|0x0000000084b00000, 0x0000000084c00000, 0x0000000084c00000|100%| O|  |TAMS 0x0000000084c00000, 0x0000000084b00000| Untracked 
|  76|0x0000000084c00000, 0x0000000084d00000, 0x0000000084d00000|100%| O|  |TAMS 0x0000000084d00000, 0x0000000084c00000| Untracked 
|  77|0x0000000084d00000, 0x0000000084e00000, 0x0000000084e00000|100%| O|  |TAMS 0x0000000084e00000, 0x0000000084d00000| Untracked 
|  78|0x0000000084e00000, 0x0000000084f00000, 0x0000000084f00000|100%| O|  |TAMS 0x0000000084f00000, 0x0000000084e00000| Untracked 
|  79|0x0000000084f00000, 0x0000000085000000, 0x0000000085000000|100%| O|  |TAMS 0x0000000085000000, 0x0000000084f00000| Untracked 
|  80|0x0000000085000000, 0x0000000085100000, 0x0000000085100000|100%| O|  |TAMS 0x0000000085100000, 0x0000000085000000| Untracked 
|  81|0x0000000085100000, 0x0000000085200000, 0x0000000085200000|100%| O|  |TAMS 0x0000000085200000, 0x0000000085100000| Untracked 
|  82|0x0000000085200000, 0x0000000085300000, 0x0000000085300000|100%| O|  |TAMS 0x0000000085300000, 0x0000000085200000| Untracked 
|  83|0x0000000085300000, 0x0000000085400000, 0x0000000085400000|100%| O|  |TAMS 0x0000000085400000, 0x0000000085300000| Untracked 
|  84|0x0000000085400000, 0x0000000085500000, 0x0000000085500000|100%| O|  |TAMS 0x0000000085500000, 0x0000000085400000| Untracked 
|  85|0x0000000085500000, 0x0000000085600000, 0x0000000085600000|100%| O|  |TAMS 0x0000000085600000, 0x0000000085500000| Untracked 
|  86|0x0000000085600000, 0x0000000085700000, 0x0000000085700000|100%| O|  |TAMS 0x0000000085700000, 0x0000000085600000| Untracked 
|  87|0x0000000085700000, 0x0000000085800000, 0x0000000085800000|100%| O|  |TAMS 0x0000000085800000, 0x0000000085700000| Untracked 
|  88|0x0000000085800000, 0x0000000085900000, 0x0000000085900000|100%| O|  |TAMS 0x0000000085900000, 0x0000000085800000| Untracked 
|  89|0x0000000085900000, 0x0000000085a00000, 0x0000000085a00000|100%| O|  |TAMS 0x0000000085a00000, 0x0000000085900000| Untracked 
|  90|0x0000000085a00000, 0x0000000085b00000, 0x0000000085b00000|100%| O|  |TAMS 0x0000000085b00000, 0x0000000085a00000| Untracked 
|  91|0x0000000085b00000, 0x0000000085c00000, 0x0000000085c00000|100%| O|  |TAMS 0x0000000085c00000, 0x0000000085b00000| Untracked 
|  92|0x0000000085c00000, 0x0000000085d00000, 0x0000000085d00000|100%| O|  |TAMS 0x0000000085d00000, 0x0000000085c00000| Untracked 
|  93|0x0000000085d00000, 0x0000000085e00000, 0x0000000085e00000|100%| O|  |TAMS 0x0000000085e00000, 0x0000000085d00000| Untracked 
|  94|0x0000000085e00000, 0x0000000085f00000, 0x0000000085f00000|100%| O|  |TAMS 0x0000000085f00000, 0x0000000085e00000| Untracked 
|  95|0x0000000085f00000, 0x0000000086000000, 0x0000000086000000|100%| O|  |TAMS 0x0000000086000000, 0x0000000085f00000| Untracked 
|  96|0x0000000086000000, 0x0000000086100000, 0x0000000086100000|100%| O|  |TAMS 0x0000000086100000, 0x0000000086000000| Untracked 
|  97|0x0000000086100000, 0x0000000086200000, 0x0000000086200000|100%| O|  |TAMS 0x0000000086200000, 0x0000000086100000| Untracked 
|  98|0x0000000086200000, 0x0000000086300000, 0x0000000086300000|100%| O|  |TAMS 0x0000000086300000, 0x0000000086200000| Untracked 
|  99|0x0000000086300000, 0x0000000086400000, 0x0000000086400000|100%| O|  |TAMS 0x0000000086400000, 0x0000000086300000| Untracked 
| 100|0x0000000086400000, 0x0000000086500000, 0x0000000086500000|100%| O|  |TAMS 0x0000000086500000, 0x0000000086400000| Untracked 
| 101|0x0000000086500000, 0x0000000086600000, 0x0000000086600000|100%| O|  |TAMS 0x0000000086600000, 0x0000000086500000| Untracked 
| 102|0x0000000086600000, 0x0000000086700000, 0x0000000086700000|100%| O|  |TAMS 0x0000000086700000, 0x0000000086600000| Untracked 
| 103|0x0000000086700000, 0x0000000086800000, 0x0000000086800000|100%| O|  |TAMS 0x0000000086800000, 0x0000000086700000| Untracked 
| 104|0x0000000086800000, 0x0000000086900000, 0x0000000086900000|100%| O|  |TAMS 0x0000000086900000, 0x0000000086800000| Untracked 
| 105|0x0000000086900000, 0x0000000086a00000, 0x0000000086a00000|100%| O|  |TAMS 0x0000000086a00000, 0x0000000086900000| Untracked 
| 106|0x0000000086a00000, 0x0000000086b00000, 0x0000000086b00000|100%| O|  |TAMS 0x0000000086a00000, 0x0000000086a00000| Untracked 
| 107|0x0000000086b00000, 0x0000000086c00000, 0x0000000086c00000|100%| O|  |TAMS 0x0000000086c00000, 0x0000000086b00000| Untracked 
| 108|0x0000000086c00000, 0x0000000086d00000, 0x0000000086d00000|100%| O|  |TAMS 0x0000000086d00000, 0x0000000086c00000| Untracked 
| 109|0x0000000086d00000, 0x0000000086e00000, 0x0000000086e00000|100%| O|  |TAMS 0x0000000086e00000, 0x0000000086d00000| Untracked 
| 110|0x0000000086e00000, 0x0000000086f00000, 0x0000000086f00000|100%| O|  |TAMS 0x0000000086f00000, 0x0000000086e00000| Untracked 
| 111|0x0000000086f00000, 0x0000000087000000, 0x0000000087000000|100%| O|  |TAMS 0x0000000087000000, 0x0000000086f00000| Untracked 
| 112|0x0000000087000000, 0x0000000087100000, 0x0000000087100000|100%| O|  |TAMS 0x0000000087100000, 0x0000000087000000| Untracked 
| 113|0x0000000087100000, 0x0000000087200000, 0x0000000087200000|100%| O|  |TAMS 0x0000000087200000, 0x0000000087100000| Untracked 
| 114|0x0000000087200000, 0x0000000087300000, 0x0000000087300000|100%| O|  |TAMS 0x0000000087300000, 0x0000000087200000| Untracked 
| 115|0x0000000087300000, 0x0000000087300000, 0x0000000087400000|  0%| F|  |TAMS 0x0000000087300000, 0x0000000087300000| Untracked 
| 116|0x0000000087400000, 0x0000000087500000, 0x0000000087500000|100%| O|  |TAMS 0x0000000087500000, 0x0000000087400000| Untracked 
| 117|0x0000000087500000, 0x0000000087600000, 0x0000000087600000|100%| O|  |TAMS 0x0000000087600000, 0x0000000087500000| Untracked 
| 118|0x0000000087600000, 0x0000000087700000, 0x0000000087700000|100%| O|  |TAMS 0x0000000087700000, 0x0000000087600000| Untracked 
| 119|0x0000000087700000, 0x0000000087800000, 0x0000000087800000|100%|HS|  |TAMS 0x0000000087700000, 0x0000000087700000| Complete 
| 120|0x0000000087800000, 0x0000000087900000, 0x0000000087900000|100%|HC|  |TAMS 0x0000000087800000, 0x0000000087800000| Complete 
| 121|0x0000000087900000, 0x0000000087a00000, 0x0000000087a00000|100%| O|  |TAMS 0x0000000087a00000, 0x0000000087900000| Untracked 
| 122|0x0000000087a00000, 0x0000000087b00000, 0x0000000087b00000|100%| O|  |TAMS 0x0000000087a00000, 0x0000000087a00000| Untracked 
| 123|0x0000000087b00000, 0x0000000087c00000, 0x0000000087c00000|100%| O|  |TAMS 0x0000000087b00000, 0x0000000087b00000| Untracked 
| 124|0x0000000087c00000, 0x0000000087d00000, 0x0000000087d00000|100%| O|  |TAMS 0x0000000087d00000, 0x0000000087c00000| Untracked 
| 125|0x0000000087d00000, 0x0000000087e00000, 0x0000000087e00000|100%| O|  |TAMS 0x0000000087e00000, 0x0000000087d00000| Untracked 
| 126|0x0000000087e00000, 0x0000000087f00000, 0x0000000087f00000|100%| O|  |TAMS 0x0000000087f00000, 0x0000000087e00000| Untracked 
| 127|0x0000000087f00000, 0x0000000088000000, 0x0000000088000000|100%| O|  |TAMS 0x0000000087f00000, 0x0000000087f00000| Untracked 
| 128|0x0000000088000000, 0x0000000088100000, 0x0000000088100000|100%| O|  |TAMS 0x0000000088000000, 0x0000000088000000| Untracked 
| 129|0x0000000088100000, 0x0000000088100000, 0x0000000088200000|  0%| F|  |TAMS 0x0000000088100000, 0x0000000088100000| Untracked 
| 130|0x0000000088200000, 0x0000000088300000, 0x0000000088300000|100%| O|  |TAMS 0x0000000088200000, 0x0000000088200000| Untracked 
| 131|0x0000000088300000, 0x0000000088300000, 0x0000000088400000|  0%| F|  |TAMS 0x0000000088300000, 0x0000000088300000| Untracked 
| 132|0x0000000088400000, 0x0000000088500000, 0x0000000088500000|100%| O|  |TAMS 0x0000000088400000, 0x0000000088400000| Untracked 
| 133|0x0000000088500000, 0x0000000088600000, 0x0000000088600000|100%| O|  |TAMS 0x0000000088600000, 0x0000000088500000| Untracked 
| 134|0x0000000088600000, 0x0000000088700000, 0x0000000088700000|100%| O|  |TAMS 0x0000000088600000, 0x0000000088600000| Untracked 
| 135|0x0000000088700000, 0x0000000088800000, 0x0000000088800000|100%| O|  |TAMS 0x0000000088800000, 0x0000000088700000| Untracked 
| 136|0x0000000088800000, 0x0000000088900000, 0x0000000088900000|100%| O|  |TAMS 0x0000000088800000, 0x0000000088800000| Untracked 
| 137|0x0000000088900000, 0x0000000088a00000, 0x0000000088a00000|100%| O|  |TAMS 0x0000000088900000, 0x0000000088900000| Untracked 
| 138|0x0000000088a00000, 0x0000000088b00000, 0x0000000088b00000|100%|HS|  |TAMS 0x0000000088a00000, 0x0000000088a00000| Complete 
| 139|0x0000000088b00000, 0x0000000088c00000, 0x0000000088c00000|100%|HC|  |TAMS 0x0000000088b00000, 0x0000000088b00000| Complete 
| 140|0x0000000088c00000, 0x0000000088d00000, 0x0000000088d00000|100%| O|  |TAMS 0x0000000088c00000, 0x0000000088c00000| Untracked 
| 141|0x0000000088d00000, 0x0000000088e00000, 0x0000000088e00000|100%| O|  |TAMS 0x0000000088e00000, 0x0000000088d00000| Untracked 
| 142|0x0000000088e00000, 0x0000000088f00000, 0x0000000088f00000|100%| O|  |TAMS 0x0000000088f00000, 0x0000000088e00000| Untracked 
| 143|0x0000000088f00000, 0x0000000089000000, 0x0000000089000000|100%| O|  |TAMS 0x0000000089000000, 0x0000000088f00000| Untracked 
| 144|0x0000000089000000, 0x0000000089100000, 0x0000000089100000|100%| O|  |TAMS 0x0000000089100000, 0x0000000089000000| Untracked 
| 145|0x0000000089100000, 0x0000000089200000, 0x0000000089200000|100%| O|  |TAMS 0x0000000089100000, 0x0000000089100000| Untracked 
| 146|0x0000000089200000, 0x0000000089300000, 0x0000000089300000|100%| O|  |TAMS 0x0000000089300000, 0x0000000089200000| Untracked 
| 147|0x0000000089300000, 0x0000000089400000, 0x0000000089400000|100%| O|  |TAMS 0x0000000089400000, 0x0000000089300000| Untracked 
| 148|0x0000000089400000, 0x0000000089500000, 0x0000000089500000|100%| O|  |TAMS 0x0000000089500000, 0x0000000089400000| Untracked 
| 149|0x0000000089500000, 0x0000000089600000, 0x0000000089600000|100%| O|  |TAMS 0x0000000089600000, 0x0000000089500000| Untracked 
| 150|0x0000000089600000, 0x0000000089700000, 0x0000000089700000|100%| O|  |TAMS 0x0000000089700000, 0x0000000089600000| Untracked 
| 151|0x0000000089700000, 0x0000000089800000, 0x0000000089800000|100%| O|  |TAMS 0x0000000089800000, 0x0000000089700000| Untracked 
| 152|0x0000000089800000, 0x0000000089900000, 0x0000000089900000|100%| O|  |TAMS 0x0000000089900000, 0x0000000089800000| Untracked 
| 153|0x0000000089900000, 0x0000000089a00000, 0x0000000089a00000|100%| O|  |TAMS 0x0000000089a00000, 0x0000000089900000| Untracked 
| 154|0x0000000089a00000, 0x0000000089b00000, 0x0000000089b00000|100%| O|  |TAMS 0x0000000089b00000, 0x0000000089a00000| Untracked 
| 155|0x0000000089b00000, 0x0000000089c00000, 0x0000000089c00000|100%| O|  |TAMS 0x0000000089c00000, 0x0000000089b00000| Untracked 
| 156|0x0000000089c00000, 0x0000000089d00000, 0x0000000089d00000|100%| O|  |TAMS 0x0000000089d00000, 0x0000000089c00000| Untracked 
| 157|0x0000000089d00000, 0x0000000089e00000, 0x0000000089e00000|100%| O|  |TAMS 0x0000000089e00000, 0x0000000089d00000| Untracked 
| 158|0x0000000089e00000, 0x0000000089f00000, 0x0000000089f00000|100%| O|  |TAMS 0x0000000089f00000, 0x0000000089e00000| Untracked 
| 159|0x0000000089f00000, 0x000000008a000000, 0x000000008a000000|100%| O|  |TAMS 0x0000000089f00000, 0x0000000089f00000| Untracked 
| 160|0x000000008a000000, 0x000000008a100000, 0x000000008a100000|100%| O|  |TAMS 0x000000008a100000, 0x000000008a000000| Untracked 
| 161|0x000000008a100000, 0x000000008a200000, 0x000000008a200000|100%| O|  |TAMS 0x000000008a200000, 0x000000008a100000| Untracked 
| 162|0x000000008a200000, 0x000000008a300000, 0x000000008a300000|100%| O|  |TAMS 0x000000008a300000, 0x000000008a200000| Untracked 
| 163|0x000000008a300000, 0x000000008a400000, 0x000000008a400000|100%| O|  |TAMS 0x000000008a400000, 0x000000008a300000| Untracked 
| 164|0x000000008a400000, 0x000000008a500000, 0x000000008a500000|100%| O|  |TAMS 0x000000008a500000, 0x000000008a400000| Untracked 
| 165|0x000000008a500000, 0x000000008a600000, 0x000000008a600000|100%| O|  |TAMS 0x000000008a600000, 0x000000008a500000| Untracked 
| 166|0x000000008a600000, 0x000000008a700000, 0x000000008a700000|100%| O|  |TAMS 0x000000008a600000, 0x000000008a600000| Untracked 
| 167|0x000000008a700000, 0x000000008a800000, 0x000000008a800000|100%| O|  |TAMS 0x000000008a800000, 0x000000008a700000| Untracked 
| 168|0x000000008a800000, 0x000000008a900000, 0x000000008a900000|100%| O|  |TAMS 0x000000008a900000, 0x000000008a800000| Untracked 
| 169|0x000000008a900000, 0x000000008aa00000, 0x000000008aa00000|100%| O|  |TAMS 0x000000008aa00000, 0x000000008a900000| Untracked 
| 170|0x000000008aa00000, 0x000000008ab00000, 0x000000008ab00000|100%| O|  |TAMS 0x000000008ab00000, 0x000000008aa00000| Untracked 
| 171|0x000000008ab00000, 0x000000008ac00000, 0x000000008ac00000|100%| O|  |TAMS 0x000000008ac00000, 0x000000008ab00000| Untracked 
| 172|0x000000008ac00000, 0x000000008ad00000, 0x000000008ad00000|100%| O|  |TAMS 0x000000008ad00000, 0x000000008ac00000| Untracked 
| 173|0x000000008ad00000, 0x000000008ae00000, 0x000000008ae00000|100%| O|  |TAMS 0x000000008ae00000, 0x000000008ad00000| Untracked 
| 174|0x000000008ae00000, 0x000000008af00000, 0x000000008af00000|100%| O|  |TAMS 0x000000008af00000, 0x000000008ae00000| Untracked 
| 175|0x000000008af00000, 0x000000008b000000, 0x000000008b000000|100%| O|  |TAMS 0x000000008af00000, 0x000000008af00000| Untracked 
| 176|0x000000008b000000, 0x000000008b100000, 0x000000008b100000|100%| O|  |TAMS 0x000000008b100000, 0x000000008b000000| Untracked 
| 177|0x000000008b100000, 0x000000008b200000, 0x000000008b200000|100%| O|  |TAMS 0x000000008b200000, 0x000000008b100000| Untracked 
| 178|0x000000008b200000, 0x000000008b300000, 0x000000008b300000|100%| O|  |TAMS 0x000000008b300000, 0x000000008b200000| Untracked 
| 179|0x000000008b300000, 0x000000008b400000, 0x000000008b400000|100%| O|  |TAMS 0x000000008b400000, 0x000000008b300000| Untracked 
| 180|0x000000008b400000, 0x000000008b500000, 0x000000008b500000|100%| O|  |TAMS 0x000000008b500000, 0x000000008b400000| Untracked 
| 181|0x000000008b500000, 0x000000008b600000, 0x000000008b600000|100%| O|  |TAMS 0x000000008b600000, 0x000000008b500000| Untracked 
| 182|0x000000008b600000, 0x000000008b700000, 0x000000008b700000|100%| O|  |TAMS 0x000000008b700000, 0x000000008b600000| Untracked 
| 183|0x000000008b700000, 0x000000008b800000, 0x000000008b800000|100%| O|  |TAMS 0x000000008b800000, 0x000000008b700000| Untracked 
| 184|0x000000008b800000, 0x000000008b900000, 0x000000008b900000|100%| O|  |TAMS 0x000000008b900000, 0x000000008b800000| Untracked 
| 185|0x000000008b900000, 0x000000008ba00000, 0x000000008ba00000|100%| O|  |TAMS 0x000000008ba00000, 0x000000008b900000| Untracked 
| 186|0x000000008ba00000, 0x000000008bb00000, 0x000000008bb00000|100%| O|  |TAMS 0x000000008bb00000, 0x000000008ba00000| Untracked 
| 187|0x000000008bb00000, 0x000000008bb00000, 0x000000008bc00000|  0%| F|  |TAMS 0x000000008bb00000, 0x000000008bb00000| Untracked 
| 188|0x000000008bc00000, 0x000000008bd00000, 0x000000008bd00000|100%| O|  |TAMS 0x000000008bd00000, 0x000000008bc00000| Untracked 
| 189|0x000000008bd00000, 0x000000008be00000, 0x000000008be00000|100%| O|  |TAMS 0x000000008be00000, 0x000000008bd00000| Untracked 
| 190|0x000000008be00000, 0x000000008bf00000, 0x000000008bf00000|100%| O|  |TAMS 0x000000008bf00000, 0x000000008be00000| Untracked 
| 191|0x000000008bf00000, 0x000000008c000000, 0x000000008c000000|100%| O|  |TAMS 0x000000008c000000, 0x000000008bf00000| Untracked 
| 192|0x000000008c000000, 0x000000008c000000, 0x000000008c100000|  0%| F|  |TAMS 0x000000008c000000, 0x000000008c000000| Untracked 
| 193|0x000000008c100000, 0x000000008c200000, 0x000000008c200000|100%| O|  |TAMS 0x000000008c100000, 0x000000008c100000| Untracked 
| 194|0x000000008c200000, 0x000000008c300000, 0x000000008c300000|100%| O|  |TAMS 0x000000008c300000, 0x000000008c200000| Untracked 
| 195|0x000000008c300000, 0x000000008c400000, 0x000000008c400000|100%| O|  |TAMS 0x000000008c400000, 0x000000008c300000| Untracked 
| 196|0x000000008c400000, 0x000000008c500000, 0x000000008c500000|100%| O|  |TAMS 0x000000008c500000, 0x000000008c400000| Untracked 
| 197|0x000000008c500000, 0x000000008c600000, 0x000000008c600000|100%| O|  |TAMS 0x000000008c500000, 0x000000008c500000| Untracked 
| 198|0x000000008c600000, 0x000000008c700000, 0x000000008c700000|100%| O|  |TAMS 0x000000008c600000, 0x000000008c600000| Untracked 
| 199|0x000000008c700000, 0x000000008c800000, 0x000000008c800000|100%| O|  |TAMS 0x000000008c700000, 0x000000008c700000| Untracked 
| 200|0x000000008c800000, 0x000000008c900000, 0x000000008c900000|100%| O|  |TAMS 0x000000008c900000, 0x000000008c800000| Untracked 
| 201|0x000000008c900000, 0x000000008ca00000, 0x000000008ca00000|100%| O|  |TAMS 0x000000008ca00000, 0x000000008c900000| Untracked 
| 202|0x000000008ca00000, 0x000000008cb00000, 0x000000008cb00000|100%| O|  |TAMS 0x000000008cb00000, 0x000000008ca00000| Untracked 
| 203|0x000000008cb00000, 0x000000008cc00000, 0x000000008cc00000|100%| O|  |TAMS 0x000000008cc00000, 0x000000008cb00000| Untracked 
| 204|0x000000008cc00000, 0x000000008cd00000, 0x000000008cd00000|100%| O|  |TAMS 0x000000008cd00000, 0x000000008cc00000| Untracked 
| 205|0x000000008cd00000, 0x000000008ce00000, 0x000000008ce00000|100%| O|  |TAMS 0x000000008ce00000, 0x000000008cd00000| Untracked 
| 206|0x000000008ce00000, 0x000000008cf00000, 0x000000008cf00000|100%| O|  |TAMS 0x000000008ce00000, 0x000000008ce00000| Untracked 
| 207|0x000000008cf00000, 0x000000008d000000, 0x000000008d000000|100%| O|  |TAMS 0x000000008d000000, 0x000000008cf00000| Untracked 
| 208|0x000000008d000000, 0x000000008d100000, 0x000000008d100000|100%| O|  |TAMS 0x000000008d100000, 0x000000008d000000| Untracked 
| 209|0x000000008d100000, 0x000000008d200000, 0x000000008d200000|100%| O|  |TAMS 0x000000008d200000, 0x000000008d100000| Untracked 
| 210|0x000000008d200000, 0x000000008d300000, 0x000000008d300000|100%| O|  |TAMS 0x000000008d300000, 0x000000008d200000| Untracked 
| 211|0x000000008d300000, 0x000000008d400000, 0x000000008d400000|100%| O|  |TAMS 0x000000008d300000, 0x000000008d300000| Untracked 
| 212|0x000000008d400000, 0x000000008d500000, 0x000000008d500000|100%| O|  |TAMS 0x000000008d400000, 0x000000008d400000| Untracked 
| 213|0x000000008d500000, 0x000000008d600000, 0x000000008d600000|100%| O|  |TAMS 0x000000008d600000, 0x000000008d500000| Untracked 
| 214|0x000000008d600000, 0x000000008d700000, 0x000000008d700000|100%| O|  |TAMS 0x000000008d700000, 0x000000008d600000| Untracked 
| 215|0x000000008d700000, 0x000000008d800000, 0x000000008d800000|100%| O|  |TAMS 0x000000008d700000, 0x000000008d700000| Untracked 
| 216|0x000000008d800000, 0x000000008d900000, 0x000000008d900000|100%| O|  |TAMS 0x000000008d800000, 0x000000008d800000| Untracked 
| 217|0x000000008d900000, 0x000000008da00000, 0x000000008da00000|100%| O|  |TAMS 0x000000008d900000, 0x000000008d900000| Untracked 
| 218|0x000000008da00000, 0x000000008db00000, 0x000000008db00000|100%| O|  |TAMS 0x000000008da00000, 0x000000008da00000| Untracked 
| 219|0x000000008db00000, 0x000000008dc00000, 0x000000008dc00000|100%| O|  |TAMS 0x000000008dc00000, 0x000000008db00000| Untracked 
| 220|0x000000008dc00000, 0x000000008dd00000, 0x000000008dd00000|100%| O|  |TAMS 0x000000008dc00000, 0x000000008dc00000| Untracked 
| 221|0x000000008dd00000, 0x000000008de00000, 0x000000008de00000|100%| O|  |TAMS 0x000000008dd00000, 0x000000008dd00000| Untracked 
| 222|0x000000008de00000, 0x000000008df00000, 0x000000008df00000|100%| O|  |TAMS 0x000000008de00000, 0x000000008de00000| Untracked 
| 223|0x000000008df00000, 0x000000008e000000, 0x000000008e000000|100%| O|  |TAMS 0x000000008df00000, 0x000000008df00000| Untracked 
| 224|0x000000008e000000, 0x000000008e100000, 0x000000008e100000|100%| O|  |TAMS 0x000000008e000000, 0x000000008e000000| Untracked 
| 225|0x000000008e100000, 0x000000008e200000, 0x000000008e200000|100%| O|  |TAMS 0x000000008e100000, 0x000000008e100000| Untracked 
| 226|0x000000008e200000, 0x000000008e300000, 0x000000008e300000|100%| O|  |TAMS 0x000000008e200000, 0x000000008e200000| Untracked 
| 227|0x000000008e300000, 0x000000008e400000, 0x000000008e400000|100%| O|  |TAMS 0x000000008e300000, 0x000000008e300000| Untracked 
| 228|0x000000008e400000, 0x000000008e500000, 0x000000008e500000|100%| O|  |TAMS 0x000000008e400000, 0x000000008e400000| Untracked 
| 229|0x000000008e500000, 0x000000008e600000, 0x000000008e600000|100%| O|  |TAMS 0x000000008e500000, 0x000000008e500000| Untracked 
| 230|0x000000008e600000, 0x000000008e700000, 0x000000008e700000|100%| O|  |TAMS 0x000000008e600000, 0x000000008e600000| Untracked 
| 231|0x000000008e700000, 0x000000008e800000, 0x000000008e800000|100%| O|  |TAMS 0x000000008e700000, 0x000000008e700000| Untracked 
| 232|0x000000008e800000, 0x000000008e900000, 0x000000008e900000|100%| O|  |TAMS 0x000000008e800000, 0x000000008e800000| Untracked 
| 233|0x000000008e900000, 0x000000008ea00000, 0x000000008ea00000|100%| O|  |TAMS 0x000000008e900000, 0x000000008e900000| Untracked 
| 234|0x000000008ea00000, 0x000000008eb00000, 0x000000008eb00000|100%| O|  |TAMS 0x000000008ea00000, 0x000000008ea00000| Untracked 
| 235|0x000000008eb00000, 0x000000008ec00000, 0x000000008ec00000|100%| O|  |TAMS 0x000000008ec00000, 0x000000008eb00000| Untracked 
| 236|0x000000008ec00000, 0x000000008ed00000, 0x000000008ed00000|100%| O|  |TAMS 0x000000008ed00000, 0x000000008ec00000| Untracked 
| 237|0x000000008ed00000, 0x000000008ee00000, 0x000000008ee00000|100%| O|  |TAMS 0x000000008ee00000, 0x000000008ed00000| Untracked 
| 238|0x000000008ee00000, 0x000000008ef00000, 0x000000008ef00000|100%| O|  |TAMS 0x000000008ee00000, 0x000000008ee00000| Untracked 
| 239|0x000000008ef00000, 0x000000008f000000, 0x000000008f000000|100%| O|  |TAMS 0x000000008f000000, 0x000000008ef00000| Untracked 
| 240|0x000000008f000000, 0x000000008f100000, 0x000000008f100000|100%| O|  |TAMS 0x000000008f100000, 0x000000008f000000| Untracked 
| 241|0x000000008f100000, 0x000000008f200000, 0x000000008f200000|100%| O|  |TAMS 0x000000008f100000, 0x000000008f100000| Untracked 
| 242|0x000000008f200000, 0x000000008f300000, 0x000000008f300000|100%| O|  |TAMS 0x000000008f200000, 0x000000008f200000| Untracked 
| 243|0x000000008f300000, 0x000000008f400000, 0x000000008f400000|100%| O|  |TAMS 0x000000008f300000, 0x000000008f300000| Untracked 
| 244|0x000000008f400000, 0x000000008f500000, 0x000000008f500000|100%| O|  |TAMS 0x000000008f400000, 0x000000008f400000| Untracked 
| 245|0x000000008f500000, 0x000000008f600000, 0x000000008f600000|100%|HS|  |TAMS 0x000000008f600000, 0x000000008f500000| Complete 
| 246|0x000000008f600000, 0x000000008f700000, 0x000000008f700000|100%| O|  |TAMS 0x000000008f600000, 0x000000008f600000| Untracked 
| 247|0x000000008f700000, 0x000000008f800000, 0x000000008f800000|100%| O|  |TAMS 0x000000008f700000, 0x000000008f700000| Untracked 
| 248|0x000000008f800000, 0x000000008f900000, 0x000000008f900000|100%| O|  |TAMS 0x000000008f800000, 0x000000008f800000| Untracked 
| 249|0x000000008f900000, 0x000000008fa00000, 0x000000008fa00000|100%| O|  |TAMS 0x000000008fa00000, 0x000000008f900000| Untracked 
| 250|0x000000008fa00000, 0x000000008fa10200, 0x000000008fb00000|  6%| O|  |TAMS 0x000000008fa00000, 0x000000008fa00000| Untracked 
| 251|0x000000008fb00000, 0x000000008fc00000, 0x000000008fc00000|100%| O|  |TAMS 0x000000008fc00000, 0x000000008fb00000| Untracked 
| 252|0x000000008fc00000, 0x000000008fd00000, 0x000000008fd00000|100%| O|  |TAMS 0x000000008fd00000, 0x000000008fc00000| Untracked 
| 253|0x000000008fd00000, 0x000000008fd00000, 0x000000008fe00000|  0%| F|  |TAMS 0x000000008fd00000, 0x000000008fd00000| Untracked 
| 254|0x000000008fe00000, 0x000000008ff00000, 0x000000008ff00000|100%| O|  |TAMS 0x000000008fe00000, 0x000000008fe00000| Untracked 
| 255|0x000000008ff00000, 0x0000000090000000, 0x0000000090000000|100%| O|  |TAMS 0x000000008ff00000, 0x000000008ff00000| Untracked 
| 256|0x0000000090000000, 0x0000000090100000, 0x0000000090100000|100%| O|  |TAMS 0x0000000090000000, 0x0000000090000000| Untracked 
| 257|0x0000000090100000, 0x0000000090200000, 0x0000000090200000|100%| O|  |TAMS 0x0000000090100000, 0x0000000090100000| Untracked 
| 258|0x0000000090200000, 0x0000000090300000, 0x0000000090300000|100%| O|  |TAMS 0x0000000090200000, 0x0000000090200000| Untracked 
| 259|0x0000000090300000, 0x0000000090400000, 0x0000000090400000|100%| O|  |TAMS 0x0000000090300000, 0x0000000090300000| Untracked 
| 260|0x0000000090400000, 0x0000000090500000, 0x0000000090500000|100%| O|  |TAMS 0x0000000090400000, 0x0000000090400000| Untracked 
| 261|0x0000000090500000, 0x0000000090600000, 0x0000000090600000|100%| O|  |TAMS 0x0000000090500000, 0x0000000090500000| Untracked 
| 262|0x0000000090600000, 0x0000000090700000, 0x0000000090700000|100%| O|  |TAMS 0x0000000090600000, 0x0000000090600000| Untracked 
| 263|0x0000000090700000, 0x0000000090700000, 0x0000000090800000|  0%| F|  |TAMS 0x0000000090700000, 0x0000000090700000| Untracked 
| 264|0x0000000090800000, 0x0000000090800000, 0x0000000090900000|  0%| F|  |TAMS 0x0000000090800000, 0x0000000090800000| Untracked 
| 265|0x0000000090900000, 0x0000000090900000, 0x0000000090a00000|  0%| F|  |TAMS 0x0000000090900000, 0x0000000090900000| Untracked 
| 266|0x0000000090a00000, 0x0000000090a00000, 0x0000000090b00000|  0%| F|  |TAMS 0x0000000090a00000, 0x0000000090a00000| Untracked 
| 267|0x0000000090b00000, 0x0000000090c00000, 0x0000000090c00000|100%| O|  |TAMS 0x0000000090b00000, 0x0000000090b00000| Untracked 
| 268|0x0000000090c00000, 0x0000000090d00000, 0x0000000090d00000|100%| O|  |TAMS 0x0000000090c00000, 0x0000000090c00000| Untracked 
| 269|0x0000000090d00000, 0x0000000090d00000, 0x0000000090e00000|  0%| F|  |TAMS 0x0000000090d00000, 0x0000000090d00000| Untracked 
| 270|0x0000000090e00000, 0x0000000090e00000, 0x0000000090f00000|  0%| F|  |TAMS 0x0000000090e00000, 0x0000000090e00000| Untracked 
| 271|0x0000000090f00000, 0x0000000091000000, 0x0000000091000000|100%| O|  |TAMS 0x0000000091000000, 0x0000000090f00000| Untracked 
| 272|0x0000000091000000, 0x0000000091100000, 0x0000000091100000|100%| O|  |TAMS 0x0000000091100000, 0x0000000091000000| Untracked 
| 273|0x0000000091100000, 0x0000000091200000, 0x0000000091200000|100%| O|  |TAMS 0x0000000091100000, 0x0000000091100000| Untracked 
| 274|0x0000000091200000, 0x0000000091300000, 0x0000000091300000|100%| O|  |TAMS 0x0000000091200000, 0x0000000091200000| Untracked 
| 275|0x0000000091300000, 0x0000000091300000, 0x0000000091400000|  0%| F|  |TAMS 0x0000000091300000, 0x0000000091300000| Untracked 
| 276|0x0000000091400000, 0x0000000091400000, 0x0000000091500000|  0%| F|  |TAMS 0x0000000091400000, 0x0000000091400000| Untracked 
| 277|0x0000000091500000, 0x0000000091500000, 0x0000000091600000|  0%| F|  |TAMS 0x0000000091500000, 0x0000000091500000| Untracked 
| 278|0x0000000091600000, 0x0000000091600000, 0x0000000091700000|  0%| F|  |TAMS 0x0000000091600000, 0x0000000091600000| Untracked 
| 279|0x0000000091700000, 0x0000000091700000, 0x0000000091800000|  0%| F|  |TAMS 0x0000000091700000, 0x0000000091700000| Untracked 
| 280|0x0000000091800000, 0x0000000091800000, 0x0000000091900000|  0%| F|  |TAMS 0x0000000091800000, 0x0000000091800000| Untracked 
| 281|0x0000000091900000, 0x0000000091900000, 0x0000000091a00000|  0%| F|  |TAMS 0x0000000091900000, 0x0000000091900000| Untracked 
| 282|0x0000000091a00000, 0x0000000091a00000, 0x0000000091b00000|  0%| F|  |TAMS 0x0000000091a00000, 0x0000000091a00000| Untracked 
| 283|0x0000000091b00000, 0x0000000091b00000, 0x0000000091c00000|  0%| F|  |TAMS 0x0000000091b00000, 0x0000000091b00000| Untracked 
| 284|0x0000000091c00000, 0x0000000091c00000, 0x0000000091d00000|  0%| F|  |TAMS 0x0000000091c00000, 0x0000000091c00000| Untracked 
| 285|0x0000000091d00000, 0x0000000091e00000, 0x0000000091e00000|100%| O|  |TAMS 0x0000000091e00000, 0x0000000091d00000| Untracked 
| 286|0x0000000091e00000, 0x0000000091f00000, 0x0000000091f00000|100%| O|  |TAMS 0x0000000091f00000, 0x0000000091e00000| Untracked 
| 287|0x0000000091f00000, 0x0000000092000000, 0x0000000092000000|100%| O|  |TAMS 0x0000000092000000, 0x0000000091f00000| Untracked 
| 288|0x0000000092000000, 0x0000000092100000, 0x0000000092100000|100%| O|  |TAMS 0x0000000092100000, 0x0000000092000000| Untracked 
| 289|0x0000000092100000, 0x0000000092200000, 0x0000000092200000|100%| O|  |TAMS 0x0000000092200000, 0x0000000092100000| Untracked 
| 290|0x0000000092200000, 0x0000000092200000, 0x0000000092300000|  0%| F|  |TAMS 0x0000000092200000, 0x0000000092200000| Untracked 
| 291|0x0000000092300000, 0x0000000092300000, 0x0000000092400000|  0%| F|  |TAMS 0x0000000092300000, 0x0000000092300000| Untracked 
| 292|0x0000000092400000, 0x0000000092400000, 0x0000000092500000|  0%| F|  |TAMS 0x0000000092400000, 0x0000000092400000| Untracked 
| 293|0x0000000092500000, 0x0000000092500000, 0x0000000092600000|  0%| F|  |TAMS 0x0000000092500000, 0x0000000092500000| Untracked 
| 294|0x0000000092600000, 0x0000000092600000, 0x0000000092700000|  0%| F|  |TAMS 0x0000000092600000, 0x0000000092600000| Untracked 
| 295|0x0000000092700000, 0x0000000092700000, 0x0000000092800000|  0%| F|  |TAMS 0x0000000092700000, 0x0000000092700000| Untracked 
| 296|0x0000000092800000, 0x0000000092900000, 0x0000000092900000|100%| O|  |TAMS 0x0000000092800000, 0x0000000092800000| Untracked 
| 297|0x0000000092900000, 0x0000000092a00000, 0x0000000092a00000|100%| O|  |TAMS 0x0000000092900000, 0x0000000092900000| Untracked 
| 298|0x0000000092a00000, 0x0000000092b00000, 0x0000000092b00000|100%| O|  |TAMS 0x0000000092a00000, 0x0000000092a00000| Untracked 
| 299|0x0000000092b00000, 0x0000000092c00000, 0x0000000092c00000|100%| O|  |TAMS 0x0000000092b00000, 0x0000000092b00000| Untracked 
| 300|0x0000000092c00000, 0x0000000092d00000, 0x0000000092d00000|100%| O|  |TAMS 0x0000000092c00000, 0x0000000092c00000| Untracked 
| 301|0x0000000092d00000, 0x0000000092e00000, 0x0000000092e00000|100%| O|  |TAMS 0x0000000092d00000, 0x0000000092d00000| Untracked 
| 302|0x0000000092e00000, 0x0000000092f00000, 0x0000000092f00000|100%| O|  |TAMS 0x0000000092e00000, 0x0000000092e00000| Untracked 
| 303|0x0000000092f00000, 0x0000000093000000, 0x0000000093000000|100%| O|  |TAMS 0x0000000092f00000, 0x0000000092f00000| Untracked 
| 304|0x0000000093000000, 0x0000000093100000, 0x0000000093100000|100%| O|  |TAMS 0x0000000093000000, 0x0000000093000000| Untracked 
| 305|0x0000000093100000, 0x0000000093200000, 0x0000000093200000|100%| O|  |TAMS 0x0000000093100000, 0x0000000093100000| Untracked 
| 306|0x0000000093200000, 0x0000000093300000, 0x0000000093300000|100%| O|  |TAMS 0x0000000093200000, 0x0000000093200000| Untracked 
| 307|0x0000000093300000, 0x0000000093300000, 0x0000000093400000|  0%| F|  |TAMS 0x0000000093300000, 0x0000000093300000| Untracked 
| 308|0x0000000093400000, 0x0000000093500000, 0x0000000093500000|100%| O|  |TAMS 0x0000000093400000, 0x0000000093400000| Untracked 
| 309|0x0000000093500000, 0x0000000093600000, 0x0000000093600000|100%| O|  |TAMS 0x0000000093500000, 0x0000000093500000| Untracked 
| 310|0x0000000093600000, 0x0000000093700000, 0x0000000093700000|100%| O|  |TAMS 0x0000000093700000, 0x0000000093600000| Untracked 
| 311|0x0000000093700000, 0x0000000093800000, 0x0000000093800000|100%| O|  |TAMS 0x0000000093800000, 0x0000000093700000| Untracked 
| 312|0x0000000093800000, 0x0000000093900000, 0x0000000093900000|100%| O|  |TAMS 0x0000000093900000, 0x0000000093800000| Untracked 
| 313|0x0000000093900000, 0x0000000093a00000, 0x0000000093a00000|100%| O|  |TAMS 0x0000000093a00000, 0x0000000093900000| Untracked 
| 314|0x0000000093a00000, 0x0000000093b00000, 0x0000000093b00000|100%|HS|  |TAMS 0x0000000093b00000, 0x0000000093a00000| Complete 
| 315|0x0000000093b00000, 0x0000000093c00000, 0x0000000093c00000|100%|HC|  |TAMS 0x0000000093c00000, 0x0000000093b00000| Complete 
| 316|0x0000000093c00000, 0x0000000093d00000, 0x0000000093d00000|100%| O|  |TAMS 0x0000000093d00000, 0x0000000093c00000| Untracked 
| 317|0x0000000093d00000, 0x0000000093d00000, 0x0000000093e00000|  0%| F|  |TAMS 0x0000000093d00000, 0x0000000093d00000| Untracked 
| 318|0x0000000093e00000, 0x0000000093e00000, 0x0000000093f00000|  0%| F|  |TAMS 0x0000000093e00000, 0x0000000093e00000| Untracked 
| 319|0x0000000093f00000, 0x0000000094000000, 0x0000000094000000|100%| O|  |TAMS 0x0000000094000000, 0x0000000093f00000| Untracked 
| 320|0x0000000094000000, 0x0000000094100000, 0x0000000094100000|100%| O|  |TAMS 0x0000000094100000, 0x0000000094000000| Untracked 
| 321|0x0000000094100000, 0x0000000094100000, 0x0000000094200000|  0%| F|  |TAMS 0x0000000094100000, 0x0000000094100000| Untracked 
| 322|0x0000000094200000, 0x0000000094300000, 0x0000000094300000|100%| O|  |TAMS 0x0000000094300000, 0x0000000094200000| Untracked 
| 323|0x0000000094300000, 0x0000000094400000, 0x0000000094400000|100%|HS|  |TAMS 0x0000000094400000, 0x0000000094300000| Complete 
| 324|0x0000000094400000, 0x0000000094500000, 0x0000000094500000|100%|HC|  |TAMS 0x0000000094500000, 0x0000000094400000| Complete 
| 325|0x0000000094500000, 0x0000000094600000, 0x0000000094600000|100%|HC|  |TAMS 0x0000000094600000, 0x0000000094500000| Complete 
| 326|0x0000000094600000, 0x0000000094700000, 0x0000000094700000|100%| O|  |TAMS 0x0000000094700000, 0x0000000094600000| Untracked 
| 327|0x0000000094700000, 0x0000000094800000, 0x0000000094800000|100%| O|  |TAMS 0x0000000094800000, 0x0000000094700000| Untracked 
| 328|0x0000000094800000, 0x0000000094900000, 0x0000000094900000|100%| O|  |TAMS 0x0000000094900000, 0x0000000094800000| Untracked 
| 329|0x0000000094900000, 0x0000000094a00000, 0x0000000094a00000|100%| O|  |TAMS 0x0000000094a00000, 0x0000000094900000| Untracked 
| 330|0x0000000094a00000, 0x0000000094a00000, 0x0000000094b00000|  0%| F|  |TAMS 0x0000000094a00000, 0x0000000094a00000| Untracked 
| 331|0x0000000094b00000, 0x0000000094c00000, 0x0000000094c00000|100%| O|  |TAMS 0x0000000094c00000, 0x0000000094b00000| Untracked 
| 332|0x0000000094c00000, 0x0000000094d00000, 0x0000000094d00000|100%| O|  |TAMS 0x0000000094d00000, 0x0000000094c00000| Untracked 
| 333|0x0000000094d00000, 0x0000000094d00000, 0x0000000094e00000|  0%| F|  |TAMS 0x0000000094d00000, 0x0000000094d00000| Untracked 
| 334|0x0000000094e00000, 0x0000000094e00000, 0x0000000094f00000|  0%| F|  |TAMS 0x0000000094e00000, 0x0000000094e00000| Untracked 
| 335|0x0000000094f00000, 0x0000000094f00000, 0x0000000095000000|  0%| F|  |TAMS 0x0000000094f00000, 0x0000000094f00000| Untracked 
| 336|0x0000000095000000, 0x0000000095000000, 0x0000000095100000|  0%| F|  |TAMS 0x0000000095000000, 0x0000000095000000| Untracked 
| 337|0x0000000095100000, 0x0000000095200000, 0x0000000095200000|100%| O|  |TAMS 0x0000000095100000, 0x0000000095100000| Untracked 
| 338|0x0000000095200000, 0x0000000095200000, 0x0000000095300000|  0%| F|  |TAMS 0x0000000095200000, 0x0000000095200000| Untracked 
| 339|0x0000000095300000, 0x0000000095300000, 0x0000000095400000|  0%| F|  |TAMS 0x0000000095300000, 0x0000000095300000| Untracked 
| 340|0x0000000095400000, 0x0000000095400000, 0x0000000095500000|  0%| F|  |TAMS 0x0000000095400000, 0x0000000095400000| Untracked 
| 341|0x0000000095500000, 0x0000000095500000, 0x0000000095600000|  0%| F|  |TAMS 0x0000000095500000, 0x0000000095500000| Untracked 
| 342|0x0000000095600000, 0x0000000095700000, 0x0000000095700000|100%| O|  |TAMS 0x0000000095600000, 0x0000000095600000| Untracked 
| 343|0x0000000095700000, 0x0000000095700000, 0x0000000095800000|  0%| F|  |TAMS 0x0000000095700000, 0x0000000095700000| Untracked 
| 344|0x0000000095800000, 0x0000000095800000, 0x0000000095900000|  0%| F|  |TAMS 0x0000000095800000, 0x0000000095800000| Untracked 
| 345|0x0000000095900000, 0x0000000095900000, 0x0000000095a00000|  0%| F|  |TAMS 0x0000000095900000, 0x0000000095900000| Untracked 
| 346|0x0000000095a00000, 0x0000000095a00000, 0x0000000095b00000|  0%| F|  |TAMS 0x0000000095a00000, 0x0000000095a00000| Untracked 
| 347|0x0000000095b00000, 0x0000000095b00000, 0x0000000095c00000|  0%| F|  |TAMS 0x0000000095b00000, 0x0000000095b00000| Untracked 
| 348|0x0000000095c00000, 0x0000000095c00000, 0x0000000095d00000|  0%| F|  |TAMS 0x0000000095c00000, 0x0000000095c00000| Untracked 
| 349|0x0000000095d00000, 0x0000000095e00000, 0x0000000095e00000|100%| O|  |TAMS 0x0000000095e00000, 0x0000000095d00000| Untracked 
| 350|0x0000000095e00000, 0x0000000095f00000, 0x0000000095f00000|100%| O|  |TAMS 0x0000000095f00000, 0x0000000095e00000| Untracked 
| 351|0x0000000095f00000, 0x0000000095f00000, 0x0000000096000000|  0%| F|  |TAMS 0x0000000095f00000, 0x0000000095f00000| Untracked 
| 352|0x0000000096000000, 0x0000000096000000, 0x0000000096100000|  0%| F|  |TAMS 0x0000000096000000, 0x0000000096000000| Untracked 
| 353|0x0000000096100000, 0x0000000096100000, 0x0000000096200000|  0%| F|  |TAMS 0x0000000096100000, 0x0000000096100000| Untracked 
| 354|0x0000000096200000, 0x0000000096200000, 0x0000000096300000|  0%| F|  |TAMS 0x0000000096200000, 0x0000000096200000| Untracked 
| 355|0x0000000096300000, 0x0000000096300000, 0x0000000096400000|  0%| F|  |TAMS 0x0000000096300000, 0x0000000096300000| Untracked 
| 356|0x0000000096400000, 0x0000000096400000, 0x0000000096500000|  0%| F|  |TAMS 0x0000000096400000, 0x0000000096400000| Untracked 
| 357|0x0000000096500000, 0x0000000096500000, 0x0000000096600000|  0%| F|  |TAMS 0x0000000096500000, 0x0000000096500000| Untracked 
| 358|0x0000000096600000, 0x0000000096600000, 0x0000000096700000|  0%| F|  |TAMS 0x0000000096600000, 0x0000000096600000| Untracked 
| 359|0x0000000096700000, 0x0000000096700000, 0x0000000096800000|  0%| F|  |TAMS 0x0000000096700000, 0x0000000096700000| Untracked 
| 360|0x0000000096800000, 0x0000000096800000, 0x0000000096900000|  0%| F|  |TAMS 0x0000000096800000, 0x0000000096800000| Untracked 
| 361|0x0000000096900000, 0x0000000096a00000, 0x0000000096a00000|100%| O|  |TAMS 0x0000000096900000, 0x0000000096900000| Untracked 
| 362|0x0000000096a00000, 0x0000000096b00000, 0x0000000096b00000|100%| O|  |TAMS 0x0000000096a00000, 0x0000000096a00000| Untracked 
| 363|0x0000000096b00000, 0x0000000096b00000, 0x0000000096c00000|  0%| F|  |TAMS 0x0000000096b00000, 0x0000000096b00000| Untracked 
| 364|0x0000000096c00000, 0x0000000096d00000, 0x0000000096d00000|100%| O|  |TAMS 0x0000000096c00000, 0x0000000096c00000| Untracked 
| 365|0x0000000096d00000, 0x0000000096e00000, 0x0000000096e00000|100%| O|  |TAMS 0x0000000096d00000, 0x0000000096d00000| Untracked 
| 366|0x0000000096e00000, 0x0000000096f00000, 0x0000000096f00000|100%| O|  |TAMS 0x0000000096e00000, 0x0000000096e00000| Untracked 
| 367|0x0000000096f00000, 0x0000000096f00000, 0x0000000097000000|  0%| F|  |TAMS 0x0000000096f00000, 0x0000000096f00000| Untracked 
| 368|0x0000000097000000, 0x0000000097000000, 0x0000000097100000|  0%| F|  |TAMS 0x0000000097000000, 0x0000000097000000| Untracked 
| 369|0x0000000097100000, 0x0000000097100000, 0x0000000097200000|  0%| F|  |TAMS 0x0000000097100000, 0x0000000097100000| Untracked 
| 370|0x0000000097200000, 0x0000000097200000, 0x0000000097300000|  0%| F|  |TAMS 0x0000000097200000, 0x0000000097200000| Untracked 
| 371|0x0000000097300000, 0x0000000097300000, 0x0000000097400000|  0%| F|  |TAMS 0x0000000097300000, 0x0000000097300000| Untracked 
| 372|0x0000000097400000, 0x0000000097400000, 0x0000000097500000|  0%| F|  |TAMS 0x0000000097400000, 0x0000000097400000| Untracked 
| 373|0x0000000097500000, 0x0000000097500000, 0x0000000097600000|  0%| F|  |TAMS 0x0000000097500000, 0x0000000097500000| Untracked 
| 374|0x0000000097600000, 0x0000000097600000, 0x0000000097700000|  0%| F|  |TAMS 0x0000000097600000, 0x0000000097600000| Untracked 
| 375|0x0000000097700000, 0x0000000097700000, 0x0000000097800000|  0%| F|  |TAMS 0x0000000097700000, 0x0000000097700000| Untracked 
| 376|0x0000000097800000, 0x0000000097800000, 0x0000000097900000|  0%| F|  |TAMS 0x0000000097800000, 0x0000000097800000| Untracked 
| 377|0x0000000097900000, 0x0000000097900000, 0x0000000097a00000|  0%| F|  |TAMS 0x0000000097900000, 0x0000000097900000| Untracked 
| 378|0x0000000097a00000, 0x0000000097a00000, 0x0000000097b00000|  0%| F|  |TAMS 0x0000000097a00000, 0x0000000097a00000| Untracked 
| 379|0x0000000097b00000, 0x0000000097b00000, 0x0000000097c00000|  0%| F|  |TAMS 0x0000000097b00000, 0x0000000097b00000| Untracked 
| 380|0x0000000097c00000, 0x0000000097c00000, 0x0000000097d00000|  0%| F|  |TAMS 0x0000000097c00000, 0x0000000097c00000| Untracked 
| 381|0x0000000097d00000, 0x0000000097d00000, 0x0000000097e00000|  0%| F|  |TAMS 0x0000000097d00000, 0x0000000097d00000| Untracked 
| 382|0x0000000097e00000, 0x0000000097e00000, 0x0000000097f00000|  0%| F|  |TAMS 0x0000000097e00000, 0x0000000097e00000| Untracked 
| 383|0x0000000097f00000, 0x0000000097f00000, 0x0000000098000000|  0%| F|  |TAMS 0x0000000097f00000, 0x0000000097f00000| Untracked 
| 384|0x0000000098000000, 0x0000000098000000, 0x0000000098100000|  0%| F|  |TAMS 0x0000000098000000, 0x0000000098000000| Untracked 
| 385|0x0000000098100000, 0x0000000098100000, 0x0000000098200000|  0%| F|  |TAMS 0x0000000098100000, 0x0000000098100000| Untracked 
| 386|0x0000000098200000, 0x0000000098200000, 0x0000000098300000|  0%| F|  |TAMS 0x0000000098200000, 0x0000000098200000| Untracked 
| 387|0x0000000098300000, 0x0000000098300000, 0x0000000098400000|  0%| F|  |TAMS 0x0000000098300000, 0x0000000098300000| Untracked 
| 388|0x0000000098400000, 0x0000000098400000, 0x0000000098500000|  0%| F|  |TAMS 0x0000000098400000, 0x0000000098400000| Untracked 
| 389|0x0000000098500000, 0x0000000098500000, 0x0000000098600000|  0%| F|  |TAMS 0x0000000098500000, 0x0000000098500000| Untracked 
| 390|0x0000000098600000, 0x0000000098600000, 0x0000000098700000|  0%| F|  |TAMS 0x0000000098600000, 0x0000000098600000| Untracked 
| 391|0x0000000098700000, 0x0000000098700000, 0x0000000098800000|  0%| F|  |TAMS 0x0000000098700000, 0x0000000098700000| Untracked 
| 392|0x0000000098800000, 0x0000000098800000, 0x0000000098900000|  0%| F|  |TAMS 0x0000000098800000, 0x0000000098800000| Untracked 
| 393|0x0000000098900000, 0x0000000098900000, 0x0000000098a00000|  0%| F|  |TAMS 0x0000000098900000, 0x0000000098900000| Untracked 
| 394|0x0000000098a00000, 0x0000000098a00000, 0x0000000098b00000|  0%| F|  |TAMS 0x0000000098a00000, 0x0000000098a00000| Untracked 
| 395|0x0000000098b00000, 0x0000000098b00000, 0x0000000098c00000|  0%| F|  |TAMS 0x0000000098b00000, 0x0000000098b00000| Untracked 
| 396|0x0000000098c00000, 0x0000000098c00000, 0x0000000098d00000|  0%| F|  |TAMS 0x0000000098c00000, 0x0000000098c00000| Untracked 
| 397|0x0000000098d00000, 0x0000000098d00000, 0x0000000098e00000|  0%| F|  |TAMS 0x0000000098d00000, 0x0000000098d00000| Untracked 
| 398|0x0000000098e00000, 0x0000000098e00000, 0x0000000098f00000|  0%| F|  |TAMS 0x0000000098e00000, 0x0000000098e00000| Untracked 
| 399|0x0000000098f00000, 0x0000000098f00000, 0x0000000099000000|  0%| F|  |TAMS 0x0000000098f00000, 0x0000000098f00000| Untracked 
| 400|0x0000000099000000, 0x0000000099000000, 0x0000000099100000|  0%| F|  |TAMS 0x0000000099000000, 0x0000000099000000| Untracked 
| 401|0x0000000099100000, 0x0000000099100000, 0x0000000099200000|  0%| F|  |TAMS 0x0000000099100000, 0x0000000099100000| Untracked 
| 402|0x0000000099200000, 0x0000000099200000, 0x0000000099300000|  0%| F|  |TAMS 0x0000000099200000, 0x0000000099200000| Untracked 
| 403|0x0000000099300000, 0x0000000099300000, 0x0000000099400000|  0%| F|  |TAMS 0x0000000099300000, 0x0000000099300000| Untracked 
| 404|0x0000000099400000, 0x0000000099400000, 0x0000000099500000|  0%| F|  |TAMS 0x0000000099400000, 0x0000000099400000| Untracked 
| 405|0x0000000099500000, 0x0000000099500000, 0x0000000099600000|  0%| F|  |TAMS 0x0000000099500000, 0x0000000099500000| Untracked 
| 406|0x0000000099600000, 0x0000000099600000, 0x0000000099700000|  0%| F|  |TAMS 0x0000000099600000, 0x0000000099600000| Untracked 
| 407|0x0000000099700000, 0x0000000099700000, 0x0000000099800000|  0%| F|  |TAMS 0x0000000099700000, 0x0000000099700000| Untracked 
| 408|0x0000000099800000, 0x0000000099800000, 0x0000000099900000|  0%| F|  |TAMS 0x0000000099800000, 0x0000000099800000| Untracked 
| 409|0x0000000099900000, 0x0000000099900000, 0x0000000099a00000|  0%| F|  |TAMS 0x0000000099900000, 0x0000000099900000| Untracked 
| 410|0x0000000099a00000, 0x0000000099a00000, 0x0000000099b00000|  0%| F|  |TAMS 0x0000000099a00000, 0x0000000099a00000| Untracked 
| 411|0x0000000099b00000, 0x0000000099b00000, 0x0000000099c00000|  0%| F|  |TAMS 0x0000000099b00000, 0x0000000099b00000| Untracked 
| 412|0x0000000099c00000, 0x0000000099c00000, 0x0000000099d00000|  0%| F|  |TAMS 0x0000000099c00000, 0x0000000099c00000| Untracked 
| 413|0x0000000099d00000, 0x0000000099d00000, 0x0000000099e00000|  0%| F|  |TAMS 0x0000000099d00000, 0x0000000099d00000| Untracked 
| 414|0x0000000099e00000, 0x0000000099f00000, 0x0000000099f00000|100%| O|  |TAMS 0x0000000099f00000, 0x0000000099e00000| Untracked 
| 415|0x0000000099f00000, 0x000000009a000000, 0x000000009a000000|100%| O|  |TAMS 0x000000009a000000, 0x0000000099f00000| Untracked 
| 416|0x000000009a000000, 0x000000009a000000, 0x000000009a100000|  0%| F|  |TAMS 0x000000009a000000, 0x000000009a000000| Untracked 
| 417|0x000000009a100000, 0x000000009a200000, 0x000000009a200000|100%| O|  |TAMS 0x000000009a200000, 0x000000009a100000| Untracked 
| 418|0x000000009a200000, 0x000000009a300000, 0x000000009a300000|100%| O|  |TAMS 0x000000009a300000, 0x000000009a200000| Untracked 
| 419|0x000000009a300000, 0x000000009a400000, 0x000000009a400000|100%| O|  |TAMS 0x000000009a400000, 0x000000009a300000| Untracked 
| 420|0x000000009a400000, 0x000000009a500000, 0x000000009a500000|100%| O|  |TAMS 0x000000009a500000, 0x000000009a400000| Untracked 
| 421|0x000000009a500000, 0x000000009a500000, 0x000000009a600000|  0%| F|  |TAMS 0x000000009a500000, 0x000000009a500000| Untracked 
| 422|0x000000009a600000, 0x000000009a700000, 0x000000009a700000|100%| O|  |TAMS 0x000000009a700000, 0x000000009a600000| Untracked 
| 423|0x000000009a700000, 0x000000009a800000, 0x000000009a800000|100%| O|  |TAMS 0x000000009a800000, 0x000000009a700000| Untracked 
| 424|0x000000009a800000, 0x000000009a900000, 0x000000009a900000|100%| O|  |TAMS 0x000000009a900000, 0x000000009a800000| Untracked 
| 425|0x000000009a900000, 0x000000009aa00000, 0x000000009aa00000|100%| O|  |TAMS 0x000000009aa00000, 0x000000009a900000| Untracked 
| 426|0x000000009aa00000, 0x000000009aa00000, 0x000000009ab00000|  0%| F|  |TAMS 0x000000009aa00000, 0x000000009aa00000| Untracked 
| 427|0x000000009ab00000, 0x000000009ac00000, 0x000000009ac00000|100%| O|  |TAMS 0x000000009ac00000, 0x000000009ab00000| Untracked 
| 428|0x000000009ac00000, 0x000000009ad00000, 0x000000009ad00000|100%| O|  |TAMS 0x000000009ad00000, 0x000000009ac00000| Untracked 
| 429|0x000000009ad00000, 0x000000009ae00000, 0x000000009ae00000|100%| O|  |TAMS 0x000000009ae00000, 0x000000009ad00000| Untracked 
| 430|0x000000009ae00000, 0x000000009af00000, 0x000000009af00000|100%| O|  |TAMS 0x000000009af00000, 0x000000009ae00000| Untracked 
| 431|0x000000009af00000, 0x000000009b000000, 0x000000009b000000|100%| O|  |TAMS 0x000000009b000000, 0x000000009af00000| Untracked 
| 432|0x000000009b000000, 0x000000009b100000, 0x000000009b100000|100%| O|  |TAMS 0x000000009b100000, 0x000000009b000000| Untracked 
| 433|0x000000009b100000, 0x000000009b100000, 0x000000009b200000|  0%| F|  |TAMS 0x000000009b100000, 0x000000009b100000| Untracked 
| 434|0x000000009b200000, 0x000000009b200000, 0x000000009b300000|  0%| F|  |TAMS 0x000000009b200000, 0x000000009b200000| Untracked 
| 435|0x000000009b300000, 0x000000009b300000, 0x000000009b400000|  0%| F|  |TAMS 0x000000009b300000, 0x000000009b300000| Untracked 
| 436|0x000000009b400000, 0x000000009b400000, 0x000000009b500000|  0%| F|  |TAMS 0x000000009b400000, 0x000000009b400000| Untracked 
| 437|0x000000009b500000, 0x000000009b500000, 0x000000009b600000|  0%| F|  |TAMS 0x000000009b500000, 0x000000009b500000| Untracked 
| 438|0x000000009b600000, 0x000000009b600000, 0x000000009b700000|  0%| F|  |TAMS 0x000000009b600000, 0x000000009b600000| Untracked 
| 439|0x000000009b700000, 0x000000009b700000, 0x000000009b800000|  0%| F|  |TAMS 0x000000009b700000, 0x000000009b700000| Untracked 
| 440|0x000000009b800000, 0x000000009b800000, 0x000000009b900000|  0%| F|  |TAMS 0x000000009b800000, 0x000000009b800000| Untracked 
| 441|0x000000009b900000, 0x000000009b900000, 0x000000009ba00000|  0%| F|  |TAMS 0x000000009b900000, 0x000000009b900000| Untracked 
| 442|0x000000009ba00000, 0x000000009ba00000, 0x000000009bb00000|  0%| F|  |TAMS 0x000000009ba00000, 0x000000009ba00000| Untracked 
| 443|0x000000009bb00000, 0x000000009bb00000, 0x000000009bc00000|  0%| F|  |TAMS 0x000000009bb00000, 0x000000009bb00000| Untracked 
| 444|0x000000009bc00000, 0x000000009bc00000, 0x000000009bd00000|  0%| F|  |TAMS 0x000000009bc00000, 0x000000009bc00000| Untracked 
| 445|0x000000009bd00000, 0x000000009bd00000, 0x000000009be00000|  0%| F|  |TAMS 0x000000009bd00000, 0x000000009bd00000| Untracked 
| 446|0x000000009be00000, 0x000000009bf00000, 0x000000009bf00000|100%| O|  |TAMS 0x000000009bf00000, 0x000000009be00000| Untracked 
| 447|0x000000009bf00000, 0x000000009bf00000, 0x000000009c000000|  0%| F|  |TAMS 0x000000009bf00000, 0x000000009bf00000| Untracked 
| 448|0x000000009c000000, 0x000000009c000000, 0x000000009c100000|  0%| F|  |TAMS 0x000000009c000000, 0x000000009c000000| Untracked 
| 449|0x000000009c100000, 0x000000009c100000, 0x000000009c200000|  0%| F|  |TAMS 0x000000009c100000, 0x000000009c100000| Untracked 
| 450|0x000000009c200000, 0x000000009c200000, 0x000000009c300000|  0%| F|  |TAMS 0x000000009c200000, 0x000000009c200000| Untracked 
| 451|0x000000009c300000, 0x000000009c300000, 0x000000009c400000|  0%| F|  |TAMS 0x000000009c300000, 0x000000009c300000| Untracked 
| 452|0x000000009c400000, 0x000000009c400000, 0x000000009c500000|  0%| F|  |TAMS 0x000000009c400000, 0x000000009c400000| Untracked 
| 453|0x000000009c500000, 0x000000009c500000, 0x000000009c600000|  0%| F|  |TAMS 0x000000009c500000, 0x000000009c500000| Untracked 
| 454|0x000000009c600000, 0x000000009c600000, 0x000000009c700000|  0%| F|  |TAMS 0x000000009c600000, 0x000000009c600000| Untracked 
| 455|0x000000009c700000, 0x000000009c700000, 0x000000009c800000|  0%| F|  |TAMS 0x000000009c700000, 0x000000009c700000| Untracked 
| 456|0x000000009c800000, 0x000000009c800000, 0x000000009c900000|  0%| F|  |TAMS 0x000000009c800000, 0x000000009c800000| Untracked 
| 457|0x000000009c900000, 0x000000009c900000, 0x000000009ca00000|  0%| F|  |TAMS 0x000000009c900000, 0x000000009c900000| Untracked 
| 458|0x000000009ca00000, 0x000000009ca00000, 0x000000009cb00000|  0%| F|  |TAMS 0x000000009ca00000, 0x000000009ca00000| Untracked 
| 459|0x000000009cb00000, 0x000000009cb00000, 0x000000009cc00000|  0%| F|  |TAMS 0x000000009cb00000, 0x000000009cb00000| Untracked 
| 460|0x000000009cc00000, 0x000000009cc00000, 0x000000009cd00000|  0%| F|  |TAMS 0x000000009cc00000, 0x000000009cc00000| Untracked 
| 461|0x000000009cd00000, 0x000000009cd00000, 0x000000009ce00000|  0%| F|  |TAMS 0x000000009cd00000, 0x000000009cd00000| Untracked 
| 462|0x000000009ce00000, 0x000000009ce00000, 0x000000009cf00000|  0%| F|  |TAMS 0x000000009ce00000, 0x000000009ce00000| Untracked 
| 463|0x000000009cf00000, 0x000000009cf00000, 0x000000009d000000|  0%| F|  |TAMS 0x000000009cf00000, 0x000000009cf00000| Untracked 
| 464|0x000000009d000000, 0x000000009d000000, 0x000000009d100000|  0%| F|  |TAMS 0x000000009d000000, 0x000000009d000000| Untracked 
| 465|0x000000009d100000, 0x000000009d100000, 0x000000009d200000|  0%| F|  |TAMS 0x000000009d100000, 0x000000009d100000| Untracked 
| 466|0x000000009d200000, 0x000000009d200000, 0x000000009d300000|  0%| F|  |TAMS 0x000000009d200000, 0x000000009d200000| Untracked 
| 467|0x000000009d300000, 0x000000009d300000, 0x000000009d400000|  0%| F|  |TAMS 0x000000009d300000, 0x000000009d300000| Untracked 
| 468|0x000000009d400000, 0x000000009d400000, 0x000000009d500000|  0%| F|  |TAMS 0x000000009d400000, 0x000000009d400000| Untracked 
| 469|0x000000009d500000, 0x000000009d500000, 0x000000009d600000|  0%| F|  |TAMS 0x000000009d500000, 0x000000009d500000| Untracked 
| 470|0x000000009d600000, 0x000000009d600000, 0x000000009d700000|  0%| F|  |TAMS 0x000000009d600000, 0x000000009d600000| Untracked 
| 471|0x000000009d700000, 0x000000009d700000, 0x000000009d800000|  0%| F|  |TAMS 0x000000009d700000, 0x000000009d700000| Untracked 
| 472|0x000000009d800000, 0x000000009d800000, 0x000000009d900000|  0%| F|  |TAMS 0x000000009d800000, 0x000000009d800000| Untracked 
| 473|0x000000009d900000, 0x000000009d900000, 0x000000009da00000|  0%| F|  |TAMS 0x000000009d900000, 0x000000009d900000| Untracked 
| 474|0x000000009da00000, 0x000000009da00000, 0x000000009db00000|  0%| F|  |TAMS 0x000000009da00000, 0x000000009da00000| Untracked 
| 475|0x000000009db00000, 0x000000009db00000, 0x000000009dc00000|  0%| F|  |TAMS 0x000000009db00000, 0x000000009db00000| Untracked 
| 476|0x000000009dc00000, 0x000000009dc00000, 0x000000009dd00000|  0%| F|  |TAMS 0x000000009dc00000, 0x000000009dc00000| Untracked 
| 477|0x000000009dd00000, 0x000000009dd00000, 0x000000009de00000|  0%| F|  |TAMS 0x000000009dd00000, 0x000000009dd00000| Untracked 
| 478|0x000000009de00000, 0x000000009de00000, 0x000000009df00000|  0%| F|  |TAMS 0x000000009de00000, 0x000000009de00000| Untracked 
| 479|0x000000009df00000, 0x000000009df00000, 0x000000009e000000|  0%| F|  |TAMS 0x000000009df00000, 0x000000009df00000| Untracked 
| 480|0x000000009e000000, 0x000000009e000000, 0x000000009e100000|  0%| F|  |TAMS 0x000000009e000000, 0x000000009e000000| Untracked 
| 481|0x000000009e100000, 0x000000009e100000, 0x000000009e200000|  0%| F|  |TAMS 0x000000009e100000, 0x000000009e100000| Untracked 
| 482|0x000000009e200000, 0x000000009e200000, 0x000000009e300000|  0%| F|  |TAMS 0x000000009e200000, 0x000000009e200000| Untracked 
| 483|0x000000009e300000, 0x000000009e300000, 0x000000009e400000|  0%| F|  |TAMS 0x000000009e300000, 0x000000009e300000| Untracked 
| 484|0x000000009e400000, 0x000000009e400000, 0x000000009e500000|  0%| F|  |TAMS 0x000000009e400000, 0x000000009e400000| Untracked 
| 485|0x000000009e500000, 0x000000009e500000, 0x000000009e600000|  0%| F|  |TAMS 0x000000009e500000, 0x000000009e500000| Untracked 
| 486|0x000000009e600000, 0x000000009e700000, 0x000000009e700000|100%| O|  |TAMS 0x000000009e700000, 0x000000009e600000| Untracked 
| 487|0x000000009e700000, 0x000000009e800000, 0x000000009e800000|100%| O|  |TAMS 0x000000009e800000, 0x000000009e700000| Untracked 
| 488|0x000000009e800000, 0x000000009e900000, 0x000000009e900000|100%| O|  |TAMS 0x000000009e900000, 0x000000009e800000| Untracked 
| 489|0x000000009e900000, 0x000000009e900000, 0x000000009ea00000|  0%| F|  |TAMS 0x000000009e900000, 0x000000009e900000| Untracked 
| 490|0x000000009ea00000, 0x000000009ea00000, 0x000000009eb00000|  0%| F|  |TAMS 0x000000009ea00000, 0x000000009ea00000| Untracked 
| 491|0x000000009eb00000, 0x000000009eb00000, 0x000000009ec00000|  0%| F|  |TAMS 0x000000009eb00000, 0x000000009eb00000| Untracked 
| 492|0x000000009ec00000, 0x000000009ed00000, 0x000000009ed00000|100%| O|  |TAMS 0x000000009ec00000, 0x000000009ec00000| Untracked 
| 493|0x000000009ed00000, 0x000000009ee00000, 0x000000009ee00000|100%| O|  |TAMS 0x000000009ed00000, 0x000000009ed00000| Untracked 
| 494|0x000000009ee00000, 0x000000009ef00000, 0x000000009ef00000|100%| O|  |TAMS 0x000000009ee00000, 0x000000009ee00000| Untracked 
| 495|0x000000009ef00000, 0x000000009f000000, 0x000000009f000000|100%| O|  |TAMS 0x000000009ef00000, 0x000000009ef00000| Untracked 
| 496|0x000000009f000000, 0x000000009f100000, 0x000000009f100000|100%| O|  |TAMS 0x000000009f000000, 0x000000009f000000| Untracked 
| 497|0x000000009f100000, 0x000000009f200000, 0x000000009f200000|100%| O|  |TAMS 0x000000009f100000, 0x000000009f100000| Untracked 
| 498|0x000000009f200000, 0x000000009f300000, 0x000000009f300000|100%| O|  |TAMS 0x000000009f200000, 0x000000009f200000| Untracked 
| 499|0x000000009f300000, 0x000000009f400000, 0x000000009f400000|100%| O|  |TAMS 0x000000009f400000, 0x000000009f300000| Untracked 
| 500|0x000000009f400000, 0x000000009f500000, 0x000000009f500000|100%| O|  |TAMS 0x000000009f500000, 0x000000009f400000| Untracked 
| 501|0x000000009f500000, 0x000000009f600000, 0x000000009f600000|100%| O|  |TAMS 0x000000009f600000, 0x000000009f500000| Untracked 
| 502|0x000000009f600000, 0x000000009f600000, 0x000000009f700000|  0%| F|  |TAMS 0x000000009f600000, 0x000000009f600000| Untracked 
| 503|0x000000009f700000, 0x000000009f800000, 0x000000009f800000|100%| O|  |TAMS 0x000000009f700000, 0x000000009f700000| Untracked 
| 504|0x000000009f800000, 0x000000009f900000, 0x000000009f900000|100%| O|  |TAMS 0x000000009f800000, 0x000000009f800000| Untracked 
| 505|0x000000009f900000, 0x000000009fa00000, 0x000000009fa00000|100%| O|  |TAMS 0x000000009f900000, 0x000000009f900000| Untracked 
| 506|0x000000009fa00000, 0x000000009fb00000, 0x000000009fb00000|100%| O|  |TAMS 0x000000009fa00000, 0x000000009fa00000| Untracked 
| 507|0x000000009fb00000, 0x000000009fc00000, 0x000000009fc00000|100%| O|  |TAMS 0x000000009fb00000, 0x000000009fb00000| Untracked 
| 508|0x000000009fc00000, 0x000000009fd00000, 0x000000009fd00000|100%| O|  |TAMS 0x000000009fc00000, 0x000000009fc00000| Untracked 
| 509|0x000000009fd00000, 0x000000009fe00000, 0x000000009fe00000|100%| O|  |TAMS 0x000000009fd00000, 0x000000009fd00000| Untracked 
| 510|0x000000009fe00000, 0x000000009ff00000, 0x000000009ff00000|100%| O|  |TAMS 0x000000009fe00000, 0x000000009fe00000| Untracked 
| 511|0x000000009ff00000, 0x00000000a0000000, 0x00000000a0000000|100%| O|  |TAMS 0x000000009ff00000, 0x000000009ff00000| Untracked 
| 512|0x00000000a0000000, 0x00000000a0100000, 0x00000000a0100000|100%| O|  |TAMS 0x00000000a0000000, 0x00000000a0000000| Untracked 
| 513|0x00000000a0100000, 0x00000000a0100000, 0x00000000a0200000|  0%| F|  |TAMS 0x00000000a0100000, 0x00000000a0100000| Untracked 
| 514|0x00000000a0200000, 0x00000000a0200000, 0x00000000a0300000|  0%| F|  |TAMS 0x00000000a0200000, 0x00000000a0200000| Untracked 
| 515|0x00000000a0300000, 0x00000000a0300000, 0x00000000a0400000|  0%| F|  |TAMS 0x00000000a0300000, 0x00000000a0300000| Untracked 
| 516|0x00000000a0400000, 0x00000000a0400000, 0x00000000a0500000|  0%| F|  |TAMS 0x00000000a0400000, 0x00000000a0400000| Untracked 
| 517|0x00000000a0500000, 0x00000000a0500000, 0x00000000a0600000|  0%| F|  |TAMS 0x00000000a0500000, 0x00000000a0500000| Untracked 
| 518|0x00000000a0600000, 0x00000000a0600000, 0x00000000a0700000|  0%| F|  |TAMS 0x00000000a0600000, 0x00000000a0600000| Untracked 
| 519|0x00000000a0700000, 0x00000000a0700000, 0x00000000a0800000|  0%| F|  |TAMS 0x00000000a0700000, 0x00000000a0700000| Untracked 
| 520|0x00000000a0800000, 0x00000000a0800000, 0x00000000a0900000|  0%| F|  |TAMS 0x00000000a0800000, 0x00000000a0800000| Untracked 
| 521|0x00000000a0900000, 0x00000000a0900000, 0x00000000a0a00000|  0%| F|  |TAMS 0x00000000a0900000, 0x00000000a0900000| Untracked 
| 522|0x00000000a0a00000, 0x00000000a0a00000, 0x00000000a0b00000|  0%| F|  |TAMS 0x00000000a0a00000, 0x00000000a0a00000| Untracked 
| 523|0x00000000a0b00000, 0x00000000a0b00000, 0x00000000a0c00000|  0%| F|  |TAMS 0x00000000a0b00000, 0x00000000a0b00000| Untracked 
| 524|0x00000000a0c00000, 0x00000000a0c00000, 0x00000000a0d00000|  0%| F|  |TAMS 0x00000000a0c00000, 0x00000000a0c00000| Untracked 
| 525|0x00000000a0d00000, 0x00000000a0d00000, 0x00000000a0e00000|  0%| F|  |TAMS 0x00000000a0d00000, 0x00000000a0d00000| Untracked 
| 526|0x00000000a0e00000, 0x00000000a0e00000, 0x00000000a0f00000|  0%| F|  |TAMS 0x00000000a0e00000, 0x00000000a0e00000| Untracked 
| 527|0x00000000a0f00000, 0x00000000a0f00000, 0x00000000a1000000|  0%| F|  |TAMS 0x00000000a0f00000, 0x00000000a0f00000| Untracked 
| 528|0x00000000a1000000, 0x00000000a1000000, 0x00000000a1100000|  0%| F|  |TAMS 0x00000000a1000000, 0x00000000a1000000| Untracked 
| 529|0x00000000a1100000, 0x00000000a1100000, 0x00000000a1200000|  0%| F|  |TAMS 0x00000000a1100000, 0x00000000a1100000| Untracked 
| 530|0x00000000a1200000, 0x00000000a1200000, 0x00000000a1300000|  0%| F|  |TAMS 0x00000000a1200000, 0x00000000a1200000| Untracked 
| 531|0x00000000a1300000, 0x00000000a1300000, 0x00000000a1400000|  0%| F|  |TAMS 0x00000000a1300000, 0x00000000a1300000| Untracked 
| 532|0x00000000a1400000, 0x00000000a1400000, 0x00000000a1500000|  0%| F|  |TAMS 0x00000000a1400000, 0x00000000a1400000| Untracked 
| 533|0x00000000a1500000, 0x00000000a1500000, 0x00000000a1600000|  0%| F|  |TAMS 0x00000000a1500000, 0x00000000a1500000| Untracked 
| 534|0x00000000a1600000, 0x00000000a1600000, 0x00000000a1700000|  0%| F|  |TAMS 0x00000000a1600000, 0x00000000a1600000| Untracked 
| 535|0x00000000a1700000, 0x00000000a1700000, 0x00000000a1800000|  0%| F|  |TAMS 0x00000000a1700000, 0x00000000a1700000| Untracked 
| 536|0x00000000a1800000, 0x00000000a1800000, 0x00000000a1900000|  0%| F|  |TAMS 0x00000000a1800000, 0x00000000a1800000| Untracked 
| 537|0x00000000a1900000, 0x00000000a1900000, 0x00000000a1a00000|  0%| F|  |TAMS 0x00000000a1900000, 0x00000000a1900000| Untracked 
| 538|0x00000000a1a00000, 0x00000000a1a00000, 0x00000000a1b00000|  0%| F|  |TAMS 0x00000000a1a00000, 0x00000000a1a00000| Untracked 
| 539|0x00000000a1b00000, 0x00000000a1b00000, 0x00000000a1c00000|  0%| F|  |TAMS 0x00000000a1b00000, 0x00000000a1b00000| Untracked 
| 540|0x00000000a1c00000, 0x00000000a1c00000, 0x00000000a1d00000|  0%| F|  |TAMS 0x00000000a1c00000, 0x00000000a1c00000| Untracked 
| 541|0x00000000a1d00000, 0x00000000a1d00000, 0x00000000a1e00000|  0%| F|  |TAMS 0x00000000a1d00000, 0x00000000a1d00000| Untracked 
| 542|0x00000000a1e00000, 0x00000000a1e00000, 0x00000000a1f00000|  0%| F|  |TAMS 0x00000000a1e00000, 0x00000000a1e00000| Untracked 
| 543|0x00000000a1f00000, 0x00000000a1f00000, 0x00000000a2000000|  0%| F|  |TAMS 0x00000000a1f00000, 0x00000000a1f00000| Untracked 
| 544|0x00000000a2000000, 0x00000000a2000000, 0x00000000a2100000|  0%| F|  |TAMS 0x00000000a2000000, 0x00000000a2000000| Untracked 
| 545|0x00000000a2100000, 0x00000000a2100000, 0x00000000a2200000|  0%| F|  |TAMS 0x00000000a2100000, 0x00000000a2100000| Untracked 
| 546|0x00000000a2200000, 0x00000000a2200000, 0x00000000a2300000|  0%| F|  |TAMS 0x00000000a2200000, 0x00000000a2200000| Untracked 
| 547|0x00000000a2300000, 0x00000000a2300000, 0x00000000a2400000|  0%| F|  |TAMS 0x00000000a2300000, 0x00000000a2300000| Untracked 
| 548|0x00000000a2400000, 0x00000000a2400000, 0x00000000a2500000|  0%| F|  |TAMS 0x00000000a2400000, 0x00000000a2400000| Untracked 
| 549|0x00000000a2500000, 0x00000000a2500000, 0x00000000a2600000|  0%| F|  |TAMS 0x00000000a2500000, 0x00000000a2500000| Untracked 
| 550|0x00000000a2600000, 0x00000000a2600000, 0x00000000a2700000|  0%| F|  |TAMS 0x00000000a2600000, 0x00000000a2600000| Untracked 
| 551|0x00000000a2700000, 0x00000000a2700000, 0x00000000a2800000|  0%| F|  |TAMS 0x00000000a2700000, 0x00000000a2700000| Untracked 
| 552|0x00000000a2800000, 0x00000000a2800000, 0x00000000a2900000|  0%| F|  |TAMS 0x00000000a2800000, 0x00000000a2800000| Untracked 
| 553|0x00000000a2900000, 0x00000000a2900000, 0x00000000a2a00000|  0%| F|  |TAMS 0x00000000a2900000, 0x00000000a2900000| Untracked 
| 554|0x00000000a2a00000, 0x00000000a2a00000, 0x00000000a2b00000|  0%| F|  |TAMS 0x00000000a2a00000, 0x00000000a2a00000| Untracked 
| 555|0x00000000a2b00000, 0x00000000a2b00000, 0x00000000a2c00000|  0%| F|  |TAMS 0x00000000a2b00000, 0x00000000a2b00000| Untracked 
| 556|0x00000000a2c00000, 0x00000000a2c00000, 0x00000000a2d00000|  0%| F|  |TAMS 0x00000000a2c00000, 0x00000000a2c00000| Untracked 
| 557|0x00000000a2d00000, 0x00000000a2d00000, 0x00000000a2e00000|  0%| F|  |TAMS 0x00000000a2d00000, 0x00000000a2d00000| Untracked 
| 558|0x00000000a2e00000, 0x00000000a2e00000, 0x00000000a2f00000|  0%| F|  |TAMS 0x00000000a2e00000, 0x00000000a2e00000| Untracked 
| 559|0x00000000a2f00000, 0x00000000a2f00000, 0x00000000a3000000|  0%| F|  |TAMS 0x00000000a2f00000, 0x00000000a2f00000| Untracked 
| 560|0x00000000a3000000, 0x00000000a3000000, 0x00000000a3100000|  0%| F|  |TAMS 0x00000000a3000000, 0x00000000a3000000| Untracked 
| 561|0x00000000a3100000, 0x00000000a3100000, 0x00000000a3200000|  0%| F|  |TAMS 0x00000000a3100000, 0x00000000a3100000| Untracked 
| 562|0x00000000a3200000, 0x00000000a3200000, 0x00000000a3300000|  0%| F|  |TAMS 0x00000000a3200000, 0x00000000a3200000| Untracked 
| 563|0x00000000a3300000, 0x00000000a3300000, 0x00000000a3400000|  0%| F|  |TAMS 0x00000000a3300000, 0x00000000a3300000| Untracked 
| 564|0x00000000a3400000, 0x00000000a3400000, 0x00000000a3500000|  0%| F|  |TAMS 0x00000000a3400000, 0x00000000a3400000| Untracked 
| 565|0x00000000a3500000, 0x00000000a3500000, 0x00000000a3600000|  0%| F|  |TAMS 0x00000000a3500000, 0x00000000a3500000| Untracked 
| 566|0x00000000a3600000, 0x00000000a3600000, 0x00000000a3700000|  0%| F|  |TAMS 0x00000000a3600000, 0x00000000a3600000| Untracked 
| 567|0x00000000a3700000, 0x00000000a3700000, 0x00000000a3800000|  0%| F|  |TAMS 0x00000000a3700000, 0x00000000a3700000| Untracked 
| 568|0x00000000a3800000, 0x00000000a3800000, 0x00000000a3900000|  0%| F|  |TAMS 0x00000000a3800000, 0x00000000a3800000| Untracked 
| 569|0x00000000a3900000, 0x00000000a3900000, 0x00000000a3a00000|  0%| F|  |TAMS 0x00000000a3900000, 0x00000000a3900000| Untracked 
| 570|0x00000000a3a00000, 0x00000000a3a00000, 0x00000000a3b00000|  0%| F|  |TAMS 0x00000000a3a00000, 0x00000000a3a00000| Untracked 
| 571|0x00000000a3b00000, 0x00000000a3b00000, 0x00000000a3c00000|  0%| F|  |TAMS 0x00000000a3b00000, 0x00000000a3b00000| Untracked 
| 572|0x00000000a3c00000, 0x00000000a3c00000, 0x00000000a3d00000|  0%| F|  |TAMS 0x00000000a3c00000, 0x00000000a3c00000| Untracked 
| 573|0x00000000a3d00000, 0x00000000a3d00000, 0x00000000a3e00000|  0%| F|  |TAMS 0x00000000a3d00000, 0x00000000a3d00000| Untracked 
| 574|0x00000000a3e00000, 0x00000000a3e00000, 0x00000000a3f00000|  0%| F|  |TAMS 0x00000000a3e00000, 0x00000000a3e00000| Untracked 
| 575|0x00000000a3f00000, 0x00000000a3f00000, 0x00000000a4000000|  0%| F|  |TAMS 0x00000000a3f00000, 0x00000000a3f00000| Untracked 
| 576|0x00000000a4000000, 0x00000000a4000000, 0x00000000a4100000|  0%| F|  |TAMS 0x00000000a4000000, 0x00000000a4000000| Untracked 
| 577|0x00000000a4100000, 0x00000000a4100000, 0x00000000a4200000|  0%| F|  |TAMS 0x00000000a4100000, 0x00000000a4100000| Untracked 
| 578|0x00000000a4200000, 0x00000000a4200000, 0x00000000a4300000|  0%| F|  |TAMS 0x00000000a4200000, 0x00000000a4200000| Untracked 
| 579|0x00000000a4300000, 0x00000000a4300000, 0x00000000a4400000|  0%| F|  |TAMS 0x00000000a4300000, 0x00000000a4300000| Untracked 
| 580|0x00000000a4400000, 0x00000000a4400000, 0x00000000a4500000|  0%| F|  |TAMS 0x00000000a4400000, 0x00000000a4400000| Untracked 
| 581|0x00000000a4500000, 0x00000000a4500000, 0x00000000a4600000|  0%| F|  |TAMS 0x00000000a4500000, 0x00000000a4500000| Untracked 
| 582|0x00000000a4600000, 0x00000000a4600000, 0x00000000a4700000|  0%| F|  |TAMS 0x00000000a4600000, 0x00000000a4600000| Untracked 
| 583|0x00000000a4700000, 0x00000000a4700000, 0x00000000a4800000|  0%| F|  |TAMS 0x00000000a4700000, 0x00000000a4700000| Untracked 
| 584|0x00000000a4800000, 0x00000000a4800000, 0x00000000a4900000|  0%| F|  |TAMS 0x00000000a4800000, 0x00000000a4800000| Untracked 
| 585|0x00000000a4900000, 0x00000000a4900000, 0x00000000a4a00000|  0%| F|  |TAMS 0x00000000a4900000, 0x00000000a4900000| Untracked 
| 586|0x00000000a4a00000, 0x00000000a4a00000, 0x00000000a4b00000|  0%| F|  |TAMS 0x00000000a4a00000, 0x00000000a4a00000| Untracked 
| 587|0x00000000a4b00000, 0x00000000a4b00000, 0x00000000a4c00000|  0%| F|  |TAMS 0x00000000a4b00000, 0x00000000a4b00000| Untracked 
| 588|0x00000000a4c00000, 0x00000000a4c00000, 0x00000000a4d00000|  0%| F|  |TAMS 0x00000000a4c00000, 0x00000000a4c00000| Untracked 
| 589|0x00000000a4d00000, 0x00000000a4d00000, 0x00000000a4e00000|  0%| F|  |TAMS 0x00000000a4d00000, 0x00000000a4d00000| Untracked 
| 590|0x00000000a4e00000, 0x00000000a4e00000, 0x00000000a4f00000|  0%| F|  |TAMS 0x00000000a4e00000, 0x00000000a4e00000| Untracked 
| 591|0x00000000a4f00000, 0x00000000a4f00000, 0x00000000a5000000|  0%| F|  |TAMS 0x00000000a4f00000, 0x00000000a4f00000| Untracked 
| 592|0x00000000a5000000, 0x00000000a5000000, 0x00000000a5100000|  0%| F|  |TAMS 0x00000000a5000000, 0x00000000a5000000| Untracked 
| 593|0x00000000a5100000, 0x00000000a5100000, 0x00000000a5200000|  0%| F|  |TAMS 0x00000000a5100000, 0x00000000a5100000| Untracked 
| 594|0x00000000a5200000, 0x00000000a5200000, 0x00000000a5300000|  0%| F|  |TAMS 0x00000000a5200000, 0x00000000a5200000| Untracked 
| 595|0x00000000a5300000, 0x00000000a5300000, 0x00000000a5400000|  0%| F|  |TAMS 0x00000000a5300000, 0x00000000a5300000| Untracked 
| 596|0x00000000a5400000, 0x00000000a5400000, 0x00000000a5500000|  0%| F|  |TAMS 0x00000000a5400000, 0x00000000a5400000| Untracked 
| 597|0x00000000a5500000, 0x00000000a5500000, 0x00000000a5600000|  0%| F|  |TAMS 0x00000000a5500000, 0x00000000a5500000| Untracked 
| 598|0x00000000a5600000, 0x00000000a5600000, 0x00000000a5700000|  0%| F|  |TAMS 0x00000000a5600000, 0x00000000a5600000| Untracked 
| 599|0x00000000a5700000, 0x00000000a5700000, 0x00000000a5800000|  0%| F|  |TAMS 0x00000000a5700000, 0x00000000a5700000| Untracked 
| 600|0x00000000a5800000, 0x00000000a5800000, 0x00000000a5900000|  0%| F|  |TAMS 0x00000000a5800000, 0x00000000a5800000| Untracked 
| 601|0x00000000a5900000, 0x00000000a5900000, 0x00000000a5a00000|  0%| F|  |TAMS 0x00000000a5900000, 0x00000000a5900000| Untracked 
| 602|0x00000000a5a00000, 0x00000000a5a00000, 0x00000000a5b00000|  0%| F|  |TAMS 0x00000000a5a00000, 0x00000000a5a00000| Untracked 
| 603|0x00000000a5b00000, 0x00000000a5b00000, 0x00000000a5c00000|  0%| F|  |TAMS 0x00000000a5b00000, 0x00000000a5b00000| Untracked 
| 604|0x00000000a5c00000, 0x00000000a5c00000, 0x00000000a5d00000|  0%| F|  |TAMS 0x00000000a5c00000, 0x00000000a5c00000| Untracked 
| 605|0x00000000a5d00000, 0x00000000a5d00000, 0x00000000a5e00000|  0%| F|  |TAMS 0x00000000a5d00000, 0x00000000a5d00000| Untracked 
| 606|0x00000000a5e00000, 0x00000000a5e00000, 0x00000000a5f00000|  0%| F|  |TAMS 0x00000000a5e00000, 0x00000000a5e00000| Untracked 
| 607|0x00000000a5f00000, 0x00000000a5f00000, 0x00000000a6000000|  0%| F|  |TAMS 0x00000000a5f00000, 0x00000000a5f00000| Untracked 
| 608|0x00000000a6000000, 0x00000000a6000000, 0x00000000a6100000|  0%| F|  |TAMS 0x00000000a6000000, 0x00000000a6000000| Untracked 
| 609|0x00000000a6100000, 0x00000000a6100000, 0x00000000a6200000|  0%| F|  |TAMS 0x00000000a6100000, 0x00000000a6100000| Untracked 
| 610|0x00000000a6200000, 0x00000000a6200000, 0x00000000a6300000|  0%| F|  |TAMS 0x00000000a6200000, 0x00000000a6200000| Untracked 
| 611|0x00000000a6300000, 0x00000000a6300000, 0x00000000a6400000|  0%| F|  |TAMS 0x00000000a6300000, 0x00000000a6300000| Untracked 
| 612|0x00000000a6400000, 0x00000000a6400000, 0x00000000a6500000|  0%| F|  |TAMS 0x00000000a6400000, 0x00000000a6400000| Untracked 
| 613|0x00000000a6500000, 0x00000000a6500000, 0x00000000a6600000|  0%| F|  |TAMS 0x00000000a6500000, 0x00000000a6500000| Untracked 
| 614|0x00000000a6600000, 0x00000000a6600000, 0x00000000a6700000|  0%| F|  |TAMS 0x00000000a6600000, 0x00000000a6600000| Untracked 
| 615|0x00000000a6700000, 0x00000000a6700000, 0x00000000a6800000|  0%| F|  |TAMS 0x00000000a6700000, 0x00000000a6700000| Untracked 
| 616|0x00000000a6800000, 0x00000000a6800000, 0x00000000a6900000|  0%| F|  |TAMS 0x00000000a6800000, 0x00000000a6800000| Untracked 
| 617|0x00000000a6900000, 0x00000000a6900000, 0x00000000a6a00000|  0%| F|  |TAMS 0x00000000a6900000, 0x00000000a6900000| Untracked 
| 618|0x00000000a6a00000, 0x00000000a6a00000, 0x00000000a6b00000|  0%| F|  |TAMS 0x00000000a6a00000, 0x00000000a6a00000| Untracked 
| 619|0x00000000a6b00000, 0x00000000a6b00000, 0x00000000a6c00000|  0%| F|  |TAMS 0x00000000a6b00000, 0x00000000a6b00000| Untracked 
| 620|0x00000000a6c00000, 0x00000000a6c00000, 0x00000000a6d00000|  0%| F|  |TAMS 0x00000000a6c00000, 0x00000000a6c00000| Untracked 
| 621|0x00000000a6d00000, 0x00000000a6d00000, 0x00000000a6e00000|  0%| F|  |TAMS 0x00000000a6d00000, 0x00000000a6d00000| Untracked 
| 622|0x00000000a6e00000, 0x00000000a6e00000, 0x00000000a6f00000|  0%| F|  |TAMS 0x00000000a6e00000, 0x00000000a6e00000| Untracked 
| 623|0x00000000a6f00000, 0x00000000a6f00000, 0x00000000a7000000|  0%| F|  |TAMS 0x00000000a6f00000, 0x00000000a6f00000| Untracked 
| 624|0x00000000a7000000, 0x00000000a7000000, 0x00000000a7100000|  0%| F|  |TAMS 0x00000000a7000000, 0x00000000a7000000| Untracked 
| 625|0x00000000a7100000, 0x00000000a7100000, 0x00000000a7200000|  0%| F|  |TAMS 0x00000000a7100000, 0x00000000a7100000| Untracked 
| 626|0x00000000a7200000, 0x00000000a7200000, 0x00000000a7300000|  0%| F|  |TAMS 0x00000000a7200000, 0x00000000a7200000| Untracked 
| 627|0x00000000a7300000, 0x00000000a7300000, 0x00000000a7400000|  0%| F|  |TAMS 0x00000000a7300000, 0x00000000a7300000| Untracked 
| 628|0x00000000a7400000, 0x00000000a7400000, 0x00000000a7500000|  0%| F|  |TAMS 0x00000000a7400000, 0x00000000a7400000| Untracked 
| 629|0x00000000a7500000, 0x00000000a7500000, 0x00000000a7600000|  0%| F|  |TAMS 0x00000000a7500000, 0x00000000a7500000| Untracked 
| 630|0x00000000a7600000, 0x00000000a7600000, 0x00000000a7700000|  0%| F|  |TAMS 0x00000000a7600000, 0x00000000a7600000| Untracked 
| 631|0x00000000a7700000, 0x00000000a7700000, 0x00000000a7800000|  0%| F|  |TAMS 0x00000000a7700000, 0x00000000a7700000| Untracked 
| 632|0x00000000a7800000, 0x00000000a7800000, 0x00000000a7900000|  0%| F|  |TAMS 0x00000000a7800000, 0x00000000a7800000| Untracked 
| 633|0x00000000a7900000, 0x00000000a7900000, 0x00000000a7a00000|  0%| F|  |TAMS 0x00000000a7900000, 0x00000000a7900000| Untracked 
| 634|0x00000000a7a00000, 0x00000000a7a00000, 0x00000000a7b00000|  0%| F|  |TAMS 0x00000000a7a00000, 0x00000000a7a00000| Untracked 
| 635|0x00000000a7b00000, 0x00000000a7b00000, 0x00000000a7c00000|  0%| F|  |TAMS 0x00000000a7b00000, 0x00000000a7b00000| Untracked 
| 636|0x00000000a7c00000, 0x00000000a7c00000, 0x00000000a7d00000|  0%| F|  |TAMS 0x00000000a7c00000, 0x00000000a7c00000| Untracked 
| 637|0x00000000a7d00000, 0x00000000a7d00000, 0x00000000a7e00000|  0%| F|  |TAMS 0x00000000a7d00000, 0x00000000a7d00000| Untracked 
| 638|0x00000000a7e00000, 0x00000000a7e00000, 0x00000000a7f00000|  0%| F|  |TAMS 0x00000000a7e00000, 0x00000000a7e00000| Untracked 
| 639|0x00000000a7f00000, 0x00000000a7f00000, 0x00000000a8000000|  0%| F|  |TAMS 0x00000000a7f00000, 0x00000000a7f00000| Untracked 
| 640|0x00000000a8000000, 0x00000000a8000000, 0x00000000a8100000|  0%| F|  |TAMS 0x00000000a8000000, 0x00000000a8000000| Untracked 
| 641|0x00000000a8100000, 0x00000000a8100000, 0x00000000a8200000|  0%| F|  |TAMS 0x00000000a8100000, 0x00000000a8100000| Untracked 
| 642|0x00000000a8200000, 0x00000000a8200000, 0x00000000a8300000|  0%| F|  |TAMS 0x00000000a8200000, 0x00000000a8200000| Untracked 
| 643|0x00000000a8300000, 0x00000000a8300000, 0x00000000a8400000|  0%| F|  |TAMS 0x00000000a8300000, 0x00000000a8300000| Untracked 
| 644|0x00000000a8400000, 0x00000000a8400000, 0x00000000a8500000|  0%| F|  |TAMS 0x00000000a8400000, 0x00000000a8400000| Untracked 
| 645|0x00000000a8500000, 0x00000000a8500000, 0x00000000a8600000|  0%| F|  |TAMS 0x00000000a8500000, 0x00000000a8500000| Untracked 
| 646|0x00000000a8600000, 0x00000000a8600000, 0x00000000a8700000|  0%| F|  |TAMS 0x00000000a8600000, 0x00000000a8600000| Untracked 
| 647|0x00000000a8700000, 0x00000000a8700000, 0x00000000a8800000|  0%| F|  |TAMS 0x00000000a8700000, 0x00000000a8700000| Untracked 
| 648|0x00000000a8800000, 0x00000000a8800000, 0x00000000a8900000|  0%| F|  |TAMS 0x00000000a8800000, 0x00000000a8800000| Untracked 
| 649|0x00000000a8900000, 0x00000000a8900000, 0x00000000a8a00000|  0%| F|  |TAMS 0x00000000a8900000, 0x00000000a8900000| Untracked 
| 650|0x00000000a8a00000, 0x00000000a8a00000, 0x00000000a8b00000|  0%| F|  |TAMS 0x00000000a8a00000, 0x00000000a8a00000| Untracked 
| 651|0x00000000a8b00000, 0x00000000a8b00000, 0x00000000a8c00000|  0%| F|  |TAMS 0x00000000a8b00000, 0x00000000a8b00000| Untracked 
| 652|0x00000000a8c00000, 0x00000000a8c00000, 0x00000000a8d00000|  0%| F|  |TAMS 0x00000000a8c00000, 0x00000000a8c00000| Untracked 
| 653|0x00000000a8d00000, 0x00000000a8d00000, 0x00000000a8e00000|  0%| F|  |TAMS 0x00000000a8d00000, 0x00000000a8d00000| Untracked 
| 654|0x00000000a8e00000, 0x00000000a8e00000, 0x00000000a8f00000|  0%| F|  |TAMS 0x00000000a8e00000, 0x00000000a8e00000| Untracked 
| 655|0x00000000a8f00000, 0x00000000a8f00000, 0x00000000a9000000|  0%| F|  |TAMS 0x00000000a8f00000, 0x00000000a8f00000| Untracked 
| 656|0x00000000a9000000, 0x00000000a9000000, 0x00000000a9100000|  0%| F|  |TAMS 0x00000000a9000000, 0x00000000a9000000| Untracked 
| 657|0x00000000a9100000, 0x00000000a9100000, 0x00000000a9200000|  0%| F|  |TAMS 0x00000000a9100000, 0x00000000a9100000| Untracked 
| 658|0x00000000a9200000, 0x00000000a9200000, 0x00000000a9300000|  0%| F|  |TAMS 0x00000000a9200000, 0x00000000a9200000| Untracked 
| 659|0x00000000a9300000, 0x00000000a9300000, 0x00000000a9400000|  0%| F|  |TAMS 0x00000000a9300000, 0x00000000a9300000| Untracked 
| 660|0x00000000a9400000, 0x00000000a9400000, 0x00000000a9500000|  0%| F|  |TAMS 0x00000000a9400000, 0x00000000a9400000| Untracked 
| 661|0x00000000a9500000, 0x00000000a9500000, 0x00000000a9600000|  0%| F|  |TAMS 0x00000000a9500000, 0x00000000a9500000| Untracked 
| 662|0x00000000a9600000, 0x00000000a9600000, 0x00000000a9700000|  0%| F|  |TAMS 0x00000000a9600000, 0x00000000a9600000| Untracked 
| 663|0x00000000a9700000, 0x00000000a9700000, 0x00000000a9800000|  0%| F|  |TAMS 0x00000000a9700000, 0x00000000a9700000| Untracked 
| 664|0x00000000a9800000, 0x00000000a9800000, 0x00000000a9900000|  0%| F|  |TAMS 0x00000000a9800000, 0x00000000a9800000| Untracked 
| 665|0x00000000a9900000, 0x00000000a9900000, 0x00000000a9a00000|  0%| F|  |TAMS 0x00000000a9900000, 0x00000000a9900000| Untracked 
| 666|0x00000000a9a00000, 0x00000000a9a00000, 0x00000000a9b00000|  0%| F|  |TAMS 0x00000000a9a00000, 0x00000000a9a00000| Untracked 
| 667|0x00000000a9b00000, 0x00000000a9b00000, 0x00000000a9c00000|  0%| F|  |TAMS 0x00000000a9b00000, 0x00000000a9b00000| Untracked 
| 668|0x00000000a9c00000, 0x00000000a9c00000, 0x00000000a9d00000|  0%| F|  |TAMS 0x00000000a9c00000, 0x00000000a9c00000| Untracked 
| 669|0x00000000a9d00000, 0x00000000a9d00000, 0x00000000a9e00000|  0%| F|  |TAMS 0x00000000a9d00000, 0x00000000a9d00000| Untracked 
| 670|0x00000000a9e00000, 0x00000000a9e00000, 0x00000000a9f00000|  0%| F|  |TAMS 0x00000000a9e00000, 0x00000000a9e00000| Untracked 
| 671|0x00000000a9f00000, 0x00000000a9f00000, 0x00000000aa000000|  0%| F|  |TAMS 0x00000000a9f00000, 0x00000000a9f00000| Untracked 
| 672|0x00000000aa000000, 0x00000000aa000000, 0x00000000aa100000|  0%| F|  |TAMS 0x00000000aa000000, 0x00000000aa000000| Untracked 
| 673|0x00000000aa100000, 0x00000000aa100000, 0x00000000aa200000|  0%| F|  |TAMS 0x00000000aa100000, 0x00000000aa100000| Untracked 
| 674|0x00000000aa200000, 0x00000000aa200000, 0x00000000aa300000|  0%| F|  |TAMS 0x00000000aa200000, 0x00000000aa200000| Untracked 
| 675|0x00000000aa300000, 0x00000000aa300000, 0x00000000aa400000|  0%| F|  |TAMS 0x00000000aa300000, 0x00000000aa300000| Untracked 
| 676|0x00000000aa400000, 0x00000000aa400000, 0x00000000aa500000|  0%| F|  |TAMS 0x00000000aa400000, 0x00000000aa400000| Untracked 
| 677|0x00000000aa500000, 0x00000000aa500000, 0x00000000aa600000|  0%| F|  |TAMS 0x00000000aa500000, 0x00000000aa500000| Untracked 
| 678|0x00000000aa600000, 0x00000000aa600000, 0x00000000aa700000|  0%| F|  |TAMS 0x00000000aa600000, 0x00000000aa600000| Untracked 
| 679|0x00000000aa700000, 0x00000000aa700000, 0x00000000aa800000|  0%| F|  |TAMS 0x00000000aa700000, 0x00000000aa700000| Untracked 
| 680|0x00000000aa800000, 0x00000000aa800000, 0x00000000aa900000|  0%| F|  |TAMS 0x00000000aa800000, 0x00000000aa800000| Untracked 
| 681|0x00000000aa900000, 0x00000000aa900000, 0x00000000aaa00000|  0%| F|  |TAMS 0x00000000aa900000, 0x00000000aa900000| Untracked 
| 682|0x00000000aaa00000, 0x00000000aaa00000, 0x00000000aab00000|  0%| F|  |TAMS 0x00000000aaa00000, 0x00000000aaa00000| Untracked 
| 683|0x00000000aab00000, 0x00000000aab00000, 0x00000000aac00000|  0%| F|  |TAMS 0x00000000aab00000, 0x00000000aab00000| Untracked 
| 684|0x00000000aac00000, 0x00000000aac00000, 0x00000000aad00000|  0%| F|  |TAMS 0x00000000aac00000, 0x00000000aac00000| Untracked 
| 685|0x00000000aad00000, 0x00000000aad00000, 0x00000000aae00000|  0%| F|  |TAMS 0x00000000aad00000, 0x00000000aad00000| Untracked 
| 686|0x00000000aae00000, 0x00000000aae00000, 0x00000000aaf00000|  0%| F|  |TAMS 0x00000000aae00000, 0x00000000aae00000| Untracked 
| 687|0x00000000aaf00000, 0x00000000aaf00000, 0x00000000ab000000|  0%| F|  |TAMS 0x00000000aaf00000, 0x00000000aaf00000| Untracked 
| 688|0x00000000ab000000, 0x00000000ab000000, 0x00000000ab100000|  0%| F|  |TAMS 0x00000000ab000000, 0x00000000ab000000| Untracked 
| 689|0x00000000ab100000, 0x00000000ab100000, 0x00000000ab200000|  0%| F|  |TAMS 0x00000000ab100000, 0x00000000ab100000| Untracked 
| 690|0x00000000ab200000, 0x00000000ab200000, 0x00000000ab300000|  0%| F|  |TAMS 0x00000000ab200000, 0x00000000ab200000| Untracked 
| 691|0x00000000ab300000, 0x00000000ab300000, 0x00000000ab400000|  0%| F|  |TAMS 0x00000000ab300000, 0x00000000ab300000| Untracked 
| 692|0x00000000ab400000, 0x00000000ab400000, 0x00000000ab500000|  0%| F|  |TAMS 0x00000000ab400000, 0x00000000ab400000| Untracked 
| 693|0x00000000ab500000, 0x00000000ab500000, 0x00000000ab600000|  0%| F|  |TAMS 0x00000000ab500000, 0x00000000ab500000| Untracked 
| 694|0x00000000ab600000, 0x00000000ab600000, 0x00000000ab700000|  0%| F|  |TAMS 0x00000000ab600000, 0x00000000ab600000| Untracked 
| 695|0x00000000ab700000, 0x00000000ab700000, 0x00000000ab800000|  0%| F|  |TAMS 0x00000000ab700000, 0x00000000ab700000| Untracked 
| 696|0x00000000ab800000, 0x00000000ab800000, 0x00000000ab900000|  0%| F|  |TAMS 0x00000000ab800000, 0x00000000ab800000| Untracked 
| 697|0x00000000ab900000, 0x00000000ab900000, 0x00000000aba00000|  0%| F|  |TAMS 0x00000000ab900000, 0x00000000ab900000| Untracked 
| 698|0x00000000aba00000, 0x00000000aba00000, 0x00000000abb00000|  0%| F|  |TAMS 0x00000000aba00000, 0x00000000aba00000| Untracked 
| 699|0x00000000abb00000, 0x00000000abb00000, 0x00000000abc00000|  0%| F|  |TAMS 0x00000000abb00000, 0x00000000abb00000| Untracked 
| 700|0x00000000abc00000, 0x00000000abc00000, 0x00000000abd00000|  0%| F|  |TAMS 0x00000000abc00000, 0x00000000abc00000| Untracked 
| 701|0x00000000abd00000, 0x00000000abd00000, 0x00000000abe00000|  0%| F|  |TAMS 0x00000000abd00000, 0x00000000abd00000| Untracked 
| 702|0x00000000abe00000, 0x00000000abe00000, 0x00000000abf00000|  0%| F|  |TAMS 0x00000000abe00000, 0x00000000abe00000| Untracked 
| 703|0x00000000abf00000, 0x00000000abf00000, 0x00000000ac000000|  0%| F|  |TAMS 0x00000000abf00000, 0x00000000abf00000| Untracked 
| 704|0x00000000ac000000, 0x00000000ac000000, 0x00000000ac100000|  0%| F|  |TAMS 0x00000000ac000000, 0x00000000ac000000| Untracked 
| 705|0x00000000ac100000, 0x00000000ac100000, 0x00000000ac200000|  0%| F|  |TAMS 0x00000000ac100000, 0x00000000ac100000| Untracked 
| 706|0x00000000ac200000, 0x00000000ac200000, 0x00000000ac300000|  0%| F|  |TAMS 0x00000000ac200000, 0x00000000ac200000| Untracked 
| 707|0x00000000ac300000, 0x00000000ac300000, 0x00000000ac400000|  0%| F|  |TAMS 0x00000000ac300000, 0x00000000ac300000| Untracked 
| 708|0x00000000ac400000, 0x00000000ac400000, 0x00000000ac500000|  0%| F|  |TAMS 0x00000000ac400000, 0x00000000ac400000| Untracked 
| 709|0x00000000ac500000, 0x00000000ac500000, 0x00000000ac600000|  0%| F|  |TAMS 0x00000000ac500000, 0x00000000ac500000| Untracked 
| 710|0x00000000ac600000, 0x00000000ac600000, 0x00000000ac700000|  0%| F|  |TAMS 0x00000000ac600000, 0x00000000ac600000| Untracked 
| 711|0x00000000ac700000, 0x00000000ac700000, 0x00000000ac800000|  0%| F|  |TAMS 0x00000000ac700000, 0x00000000ac700000| Untracked 
| 712|0x00000000ac800000, 0x00000000ac800000, 0x00000000ac900000|  0%| F|  |TAMS 0x00000000ac800000, 0x00000000ac800000| Untracked 
| 713|0x00000000ac900000, 0x00000000ac900000, 0x00000000aca00000|  0%| F|  |TAMS 0x00000000ac900000, 0x00000000ac900000| Untracked 
| 714|0x00000000aca00000, 0x00000000aca00000, 0x00000000acb00000|  0%| F|  |TAMS 0x00000000aca00000, 0x00000000aca00000| Untracked 
| 715|0x00000000acb00000, 0x00000000acb00000, 0x00000000acc00000|  0%| F|  |TAMS 0x00000000acb00000, 0x00000000acb00000| Untracked 
| 716|0x00000000acc00000, 0x00000000acc00000, 0x00000000acd00000|  0%| F|  |TAMS 0x00000000acc00000, 0x00000000acc00000| Untracked 
| 717|0x00000000acd00000, 0x00000000acd00000, 0x00000000ace00000|  0%| F|  |TAMS 0x00000000acd00000, 0x00000000acd00000| Untracked 
| 718|0x00000000ace00000, 0x00000000ace00000, 0x00000000acf00000|  0%| F|  |TAMS 0x00000000ace00000, 0x00000000ace00000| Untracked 
| 719|0x00000000acf00000, 0x00000000acf00000, 0x00000000ad000000|  0%| F|  |TAMS 0x00000000acf00000, 0x00000000acf00000| Untracked 
| 720|0x00000000ad000000, 0x00000000ad000000, 0x00000000ad100000|  0%| F|  |TAMS 0x00000000ad000000, 0x00000000ad000000| Untracked 
| 721|0x00000000ad100000, 0x00000000ad100000, 0x00000000ad200000|  0%| F|  |TAMS 0x00000000ad100000, 0x00000000ad100000| Untracked 
| 722|0x00000000ad200000, 0x00000000ad200000, 0x00000000ad300000|  0%| F|  |TAMS 0x00000000ad200000, 0x00000000ad200000| Untracked 
| 723|0x00000000ad300000, 0x00000000ad300000, 0x00000000ad400000|  0%| F|  |TAMS 0x00000000ad300000, 0x00000000ad300000| Untracked 
| 724|0x00000000ad400000, 0x00000000ad400000, 0x00000000ad500000|  0%| F|  |TAMS 0x00000000ad400000, 0x00000000ad400000| Untracked 
| 725|0x00000000ad500000, 0x00000000ad500000, 0x00000000ad600000|  0%| F|  |TAMS 0x00000000ad500000, 0x00000000ad500000| Untracked 
| 726|0x00000000ad600000, 0x00000000ad600000, 0x00000000ad700000|  0%| F|  |TAMS 0x00000000ad600000, 0x00000000ad600000| Untracked 
| 727|0x00000000ad700000, 0x00000000ad700000, 0x00000000ad800000|  0%| F|  |TAMS 0x00000000ad700000, 0x00000000ad700000| Untracked 
| 728|0x00000000ad800000, 0x00000000ad800000, 0x00000000ad900000|  0%| F|  |TAMS 0x00000000ad800000, 0x00000000ad800000| Untracked 
| 729|0x00000000ad900000, 0x00000000ad900000, 0x00000000ada00000|  0%| F|  |TAMS 0x00000000ad900000, 0x00000000ad900000| Untracked 
| 730|0x00000000ada00000, 0x00000000ada00000, 0x00000000adb00000|  0%| F|  |TAMS 0x00000000ada00000, 0x00000000ada00000| Untracked 
| 731|0x00000000adb00000, 0x00000000adb00000, 0x00000000adc00000|  0%| F|  |TAMS 0x00000000adb00000, 0x00000000adb00000| Untracked 
| 732|0x00000000adc00000, 0x00000000adc00000, 0x00000000add00000|  0%| F|  |TAMS 0x00000000adc00000, 0x00000000adc00000| Untracked 
| 733|0x00000000add00000, 0x00000000add00000, 0x00000000ade00000|  0%| F|  |TAMS 0x00000000add00000, 0x00000000add00000| Untracked 
| 734|0x00000000ade00000, 0x00000000ade00000, 0x00000000adf00000|  0%| F|  |TAMS 0x00000000ade00000, 0x00000000ade00000| Untracked 
| 735|0x00000000adf00000, 0x00000000adf00000, 0x00000000ae000000|  0%| F|  |TAMS 0x00000000adf00000, 0x00000000adf00000| Untracked 
| 736|0x00000000ae000000, 0x00000000ae000000, 0x00000000ae100000|  0%| F|  |TAMS 0x00000000ae000000, 0x00000000ae000000| Untracked 
| 737|0x00000000ae100000, 0x00000000ae100000, 0x00000000ae200000|  0%| F|  |TAMS 0x00000000ae100000, 0x00000000ae100000| Untracked 
| 738|0x00000000ae200000, 0x00000000ae200000, 0x00000000ae300000|  0%| F|  |TAMS 0x00000000ae200000, 0x00000000ae200000| Untracked 
| 739|0x00000000ae300000, 0x00000000ae300000, 0x00000000ae400000|  0%| F|  |TAMS 0x00000000ae300000, 0x00000000ae300000| Untracked 
| 740|0x00000000ae400000, 0x00000000ae400000, 0x00000000ae500000|  0%| F|  |TAMS 0x00000000ae400000, 0x00000000ae400000| Untracked 
| 741|0x00000000ae500000, 0x00000000ae500000, 0x00000000ae600000|  0%| F|  |TAMS 0x00000000ae500000, 0x00000000ae500000| Untracked 
| 742|0x00000000ae600000, 0x00000000ae600000, 0x00000000ae700000|  0%| F|  |TAMS 0x00000000ae600000, 0x00000000ae600000| Untracked 
| 743|0x00000000ae700000, 0x00000000ae700000, 0x00000000ae800000|  0%| F|  |TAMS 0x00000000ae700000, 0x00000000ae700000| Untracked 
| 744|0x00000000ae800000, 0x00000000ae800000, 0x00000000ae900000|  0%| F|  |TAMS 0x00000000ae800000, 0x00000000ae800000| Untracked 
| 745|0x00000000ae900000, 0x00000000ae900000, 0x00000000aea00000|  0%| F|  |TAMS 0x00000000ae900000, 0x00000000ae900000| Untracked 
| 746|0x00000000aea00000, 0x00000000aea00000, 0x00000000aeb00000|  0%| F|  |TAMS 0x00000000aea00000, 0x00000000aea00000| Untracked 
| 747|0x00000000aeb00000, 0x00000000aeb00000, 0x00000000aec00000|  0%| F|  |TAMS 0x00000000aeb00000, 0x00000000aeb00000| Untracked 
| 748|0x00000000aec00000, 0x00000000aec00000, 0x00000000aed00000|  0%| F|  |TAMS 0x00000000aec00000, 0x00000000aec00000| Untracked 
| 749|0x00000000aed00000, 0x00000000aed00000, 0x00000000aee00000|  0%| F|  |TAMS 0x00000000aed00000, 0x00000000aed00000| Untracked 
| 750|0x00000000aee00000, 0x00000000aee00000, 0x00000000aef00000|  0%| F|  |TAMS 0x00000000aee00000, 0x00000000aee00000| Untracked 
| 751|0x00000000aef00000, 0x00000000aef00000, 0x00000000af000000|  0%| F|  |TAMS 0x00000000aef00000, 0x00000000aef00000| Untracked 
| 752|0x00000000af000000, 0x00000000af000000, 0x00000000af100000|  0%| F|  |TAMS 0x00000000af000000, 0x00000000af000000| Untracked 
| 753|0x00000000af100000, 0x00000000af100000, 0x00000000af200000|  0%| F|  |TAMS 0x00000000af100000, 0x00000000af100000| Untracked 
| 754|0x00000000af200000, 0x00000000af200000, 0x00000000af300000|  0%| F|  |TAMS 0x00000000af200000, 0x00000000af200000| Untracked 
| 755|0x00000000af300000, 0x00000000af300000, 0x00000000af400000|  0%| F|  |TAMS 0x00000000af300000, 0x00000000af300000| Untracked 
| 756|0x00000000af400000, 0x00000000af400000, 0x00000000af500000|  0%| F|  |TAMS 0x00000000af400000, 0x00000000af400000| Untracked 
| 757|0x00000000af500000, 0x00000000af500000, 0x00000000af600000|  0%| F|  |TAMS 0x00000000af500000, 0x00000000af500000| Untracked 
| 758|0x00000000af600000, 0x00000000af600000, 0x00000000af700000|  0%| F|  |TAMS 0x00000000af600000, 0x00000000af600000| Untracked 
| 759|0x00000000af700000, 0x00000000af700000, 0x00000000af800000|  0%| F|  |TAMS 0x00000000af700000, 0x00000000af700000| Untracked 
| 760|0x00000000af800000, 0x00000000af800000, 0x00000000af900000|  0%| F|  |TAMS 0x00000000af800000, 0x00000000af800000| Untracked 
| 761|0x00000000af900000, 0x00000000af911308, 0x00000000afa00000|  6%| S|CS|TAMS 0x00000000af900000, 0x00000000af900000| Complete 
| 762|0x00000000afa00000, 0x00000000afb00000, 0x00000000afb00000|100%| S|CS|TAMS 0x00000000afa00000, 0x00000000afa00000| Complete 
| 763|0x00000000afb00000, 0x00000000afb00000, 0x00000000afc00000|  0%| F|  |TAMS 0x00000000afb00000, 0x00000000afb00000| Untracked 
| 764|0x00000000afc00000, 0x00000000afc00000, 0x00000000afd00000|  0%| F|  |TAMS 0x00000000afc00000, 0x00000000afc00000| Untracked 
| 765|0x00000000afd00000, 0x00000000afd00000, 0x00000000afe00000|  0%| F|  |TAMS 0x00000000afd00000, 0x00000000afd00000| Untracked 
| 766|0x00000000afe00000, 0x00000000aff00000, 0x00000000aff00000|100%| S|CS|TAMS 0x00000000afe00000, 0x00000000afe00000| Complete 
| 767|0x00000000aff00000, 0x00000000b0000000, 0x00000000b0000000|100%| S|CS|TAMS 0x00000000aff00000, 0x00000000aff00000| Complete 
| 768|0x00000000b0000000, 0x00000000b0100000, 0x00000000b0100000|100%| S|CS|TAMS 0x00000000b0000000, 0x00000000b0000000| Complete 
| 769|0x00000000b0100000, 0x00000000b0100000, 0x00000000b0200000|  0%| F|  |TAMS 0x00000000b0100000, 0x00000000b0100000| Untracked 
| 770|0x00000000b0200000, 0x00000000b0200000, 0x00000000b0300000|  0%| F|  |TAMS 0x00000000b0200000, 0x00000000b0200000| Untracked 
| 771|0x00000000b0300000, 0x00000000b0300000, 0x00000000b0400000|  0%| F|  |TAMS 0x00000000b0300000, 0x00000000b0300000| Untracked 
| 772|0x00000000b0400000, 0x00000000b0400000, 0x00000000b0500000|  0%| F|  |TAMS 0x00000000b0400000, 0x00000000b0400000| Untracked 
| 773|0x00000000b0500000, 0x00000000b0500000, 0x00000000b0600000|  0%| F|  |TAMS 0x00000000b0500000, 0x00000000b0500000| Untracked 
| 774|0x00000000b0600000, 0x00000000b0600000, 0x00000000b0700000|  0%| F|  |TAMS 0x00000000b0600000, 0x00000000b0600000| Untracked 
| 775|0x00000000b0700000, 0x00000000b0700000, 0x00000000b0800000|  0%| F|  |TAMS 0x00000000b0700000, 0x00000000b0700000| Untracked 
| 776|0x00000000b0800000, 0x00000000b0800000, 0x00000000b0900000|  0%| F|  |TAMS 0x00000000b0800000, 0x00000000b0800000| Untracked 
| 777|0x00000000b0900000, 0x00000000b0900000, 0x00000000b0a00000|  0%| F|  |TAMS 0x00000000b0900000, 0x00000000b0900000| Untracked 
| 778|0x00000000b0a00000, 0x00000000b0a00000, 0x00000000b0b00000|  0%| F|  |TAMS 0x00000000b0a00000, 0x00000000b0a00000| Untracked 
| 779|0x00000000b0b00000, 0x00000000b0b00000, 0x00000000b0c00000|  0%| F|  |TAMS 0x00000000b0b00000, 0x00000000b0b00000| Untracked 
| 780|0x00000000b0c00000, 0x00000000b0c00000, 0x00000000b0d00000|  0%| F|  |TAMS 0x00000000b0c00000, 0x00000000b0c00000| Untracked 
| 781|0x00000000b0d00000, 0x00000000b0d00000, 0x00000000b0e00000|  0%| F|  |TAMS 0x00000000b0d00000, 0x00000000b0d00000| Untracked 
| 782|0x00000000b0e00000, 0x00000000b0e00000, 0x00000000b0f00000|  0%| F|  |TAMS 0x00000000b0e00000, 0x00000000b0e00000| Untracked 
| 783|0x00000000b0f00000, 0x00000000b0f00000, 0x00000000b1000000|  0%| F|  |TAMS 0x00000000b0f00000, 0x00000000b0f00000| Untracked 
| 784|0x00000000b1000000, 0x00000000b1000000, 0x00000000b1100000|  0%| F|  |TAMS 0x00000000b1000000, 0x00000000b1000000| Untracked 
| 785|0x00000000b1100000, 0x00000000b1100000, 0x00000000b1200000|  0%| F|  |TAMS 0x00000000b1100000, 0x00000000b1100000| Untracked 
| 786|0x00000000b1200000, 0x00000000b1200000, 0x00000000b1300000|  0%| F|  |TAMS 0x00000000b1200000, 0x00000000b1200000| Untracked 
| 787|0x00000000b1300000, 0x00000000b1300000, 0x00000000b1400000|  0%| F|  |TAMS 0x00000000b1300000, 0x00000000b1300000| Untracked 
| 788|0x00000000b1400000, 0x00000000b1400000, 0x00000000b1500000|  0%| F|  |TAMS 0x00000000b1400000, 0x00000000b1400000| Untracked 
| 789|0x00000000b1500000, 0x00000000b1500000, 0x00000000b1600000|  0%| F|  |TAMS 0x00000000b1500000, 0x00000000b1500000| Untracked 
| 790|0x00000000b1600000, 0x00000000b1600000, 0x00000000b1700000|  0%| F|  |TAMS 0x00000000b1600000, 0x00000000b1600000| Untracked 
| 791|0x00000000b1700000, 0x00000000b1700000, 0x00000000b1800000|  0%| F|  |TAMS 0x00000000b1700000, 0x00000000b1700000| Untracked 
| 792|0x00000000b1800000, 0x00000000b1800000, 0x00000000b1900000|  0%| F|  |TAMS 0x00000000b1800000, 0x00000000b1800000| Untracked 
| 793|0x00000000b1900000, 0x00000000b1900000, 0x00000000b1a00000|  0%| F|  |TAMS 0x00000000b1900000, 0x00000000b1900000| Untracked 
| 794|0x00000000b1a00000, 0x00000000b1a00000, 0x00000000b1b00000|  0%| F|  |TAMS 0x00000000b1a00000, 0x00000000b1a00000| Untracked 
| 795|0x00000000b1b00000, 0x00000000b1b00000, 0x00000000b1c00000|  0%| F|  |TAMS 0x00000000b1b00000, 0x00000000b1b00000| Untracked 
| 796|0x00000000b1c00000, 0x00000000b1c00000, 0x00000000b1d00000|  0%| F|  |TAMS 0x00000000b1c00000, 0x00000000b1c00000| Untracked 
| 797|0x00000000b1d00000, 0x00000000b1d00000, 0x00000000b1e00000|  0%| F|  |TAMS 0x00000000b1d00000, 0x00000000b1d00000| Untracked 
| 798|0x00000000b1e00000, 0x00000000b1e00000, 0x00000000b1f00000|  0%| F|  |TAMS 0x00000000b1e00000, 0x00000000b1e00000| Untracked 
| 799|0x00000000b1f00000, 0x00000000b1f00000, 0x00000000b2000000|  0%| F|  |TAMS 0x00000000b1f00000, 0x00000000b1f00000| Untracked 
| 800|0x00000000b2000000, 0x00000000b2000000, 0x00000000b2100000|  0%| F|  |TAMS 0x00000000b2000000, 0x00000000b2000000| Untracked 
| 801|0x00000000b2100000, 0x00000000b2100000, 0x00000000b2200000|  0%| F|  |TAMS 0x00000000b2100000, 0x00000000b2100000| Untracked 
| 802|0x00000000b2200000, 0x00000000b2200000, 0x00000000b2300000|  0%| F|  |TAMS 0x00000000b2200000, 0x00000000b2200000| Untracked 
| 803|0x00000000b2300000, 0x00000000b2300000, 0x00000000b2400000|  0%| F|  |TAMS 0x00000000b2300000, 0x00000000b2300000| Untracked 
|2044|0x00000000ffc00000, 0x00000000ffd00000, 0x00000000ffd00000|100%| O|  |TAMS 0x00000000ffd00000, 0x00000000ffc00000| Untracked 
|2045|0x00000000ffd00000, 0x00000000ffe00000, 0x00000000ffe00000|100%| O|  |TAMS 0x00000000ffe00000, 0x00000000ffd00000| Untracked 
|2046|0x00000000ffe00000, 0x00000000fff00000, 0x00000000fff00000|100%| O|  |TAMS 0x00000000fff00000, 0x00000000ffe00000| Untracked 
|2047|0x00000000fff00000, 0x0000000100000000, 0x0000000100000000|100%| O|  |TAMS 0x0000000100000000, 0x00000000fff00000| Untracked 

Card table byte_map: [0x0000021126c70000,0x0000021127070000] _byte_map_base: 0x0000021126870000

Marking Bits (Prev, Next): (CMBitMap*) 0x00000211121770f0, (CMBitMap*) 0x00000211121770b0
 Prev Bits: [0x0000021129470000, 0x000002112b470000)
 Next Bits: [0x0000021127470000, 0x0000021129470000)

Polling page: 0x00000211121f0000

Metaspace:

Usage:
  Non-class:    274.22 MB used.
      Class:     40.02 MB used.
       Both:    314.24 MB used.

Virtual space:
  Non-class space:      320.00 MB reserved,     275.06 MB ( 86%) committed,  5 nodes.
      Class space:        1.00 GB reserved,      40.81 MB (  4%) committed,  1 nodes.
             Both:        1.31 GB reserved,     315.88 MB ( 24%) committed. 

Chunk freelists:
   Non-Class:  12.69 MB
       Class:  7.17 MB
        Both:  19.86 MB

MaxMetaspaceSize: unlimited
CompressedClassSpaceSize: 1.00 GB
Initial GC threshold: 21.00 MB
Current GC threshold: 515.31 MB
CDS: off
MetaspaceReclaimPolicy: balanced
 - commit_granule_bytes: 65536.
 - commit_granule_words: 8192.
 - virtual_space_node_default_size: 8388608.
 - enlarge_chunks_in_place: 1.
 - new_chunks_are_fully_committed: 0.
 - uncommit_free_chunks: 1.
 - use_allocation_guard: 0.
 - handle_deallocations: 1.


Internal statistics:

num_allocs_failed_limit: 27.
num_arena_births: 2796.
num_arena_deaths: 26.
num_vsnodes_births: 6.
num_vsnodes_deaths: 0.
num_space_committed: 5058.
num_space_uncommitted: 7.
num_chunks_returned_to_freelist: 92.
num_chunks_taken_from_freelist: 14936.
num_chunk_merges: 46.
num_chunk_splits: 11149.
num_chunks_enlarged: 8644.
num_inconsistent_stats: 0.

CodeHeap 'non-profiled nmethods': size=120000Kb used=27246Kb max_used=27246Kb free=92753Kb
 bounds [0x000002111e8d0000, 0x0000021120370000, 0x0000021125e00000]
CodeHeap 'profiled nmethods': size=120000Kb used=69185Kb max_used=69185Kb free=50814Kb
 bounds [0x0000021116e00000, 0x000002111b1a0000, 0x000002111e330000]
CodeHeap 'non-nmethods': size=5760Kb used=2649Kb max_used=2732Kb free=3110Kb
 bounds [0x000002111e330000, 0x000002111e5f0000, 0x000002111e8d0000]
 total_blobs=35223 nmethods=34003 adapters=1129
 compilation: enabled
              stopped_count=0, restarted_count=0
 full_count=0

Compilation events (20 events):
Event: 650.134 Thread 0x000002112e1ed020 43559       3       jdk.internal.jrtfs.JrtFileSystem::iteratorOf (98 bytes)
Event: 650.139 Thread 0x000002112e1ed020 nmethod 43559 0x000002111a1aef90 code [0x000002111a1af380, 0x000002111a1b11b8]
Event: 650.143 Thread 0x000002112e1d5e00 43560       4       com.sun.tools.javac.file.JavacFileManager$$Lambda$3002/0x00000001018d6098::apply (16 bytes)
Event: 650.143 Thread 0x000002112e1ed020 43562   !   3       com.sun.tools.javac.file.JavacFileManager::pathsAndContainers (110 bytes)
Event: 650.145 Thread 0x000002112e1ed020 nmethod 43562 0x000002111aee8d90 code [0x000002111aee9080, 0x000002111aeea428]
Event: 650.145 Thread 0x000002112e1ed020 43561       3       com.sun.tools.javac.file.JavacFileManager$$Lambda$2999/0x00000001018d5230::apply (12 bytes)
Event: 650.145 Thread 0x000002112e1ed020 nmethod 43561 0x000002111a1ae990 code [0x000002111a1aeb40, 0x000002111a1aed88]
Event: 650.145 Thread 0x000002112e1ed020 43563       3       com.sun.tools.javac.code.Symtab$$Lambda$2935/0x000000010185bed8::complete (9 bytes)
Event: 650.145 Thread 0x000002112e1ed020 nmethod 43563 0x000002111aeefd10 code [0x000002111aeefec0, 0x000002111aef00e8]
Event: 650.156 Thread 0x000002112e1d5e00 nmethod 43560 0x000002112036af10 code [0x000002112036b0e0, 0x000002112036b498]
Event: 650.159 Thread 0x000002112e1ed020 43564       3       com.squareup.javapoet.LineWrapper::append (163 bytes)
Event: 650.161 Thread 0x000002112e1ed020 nmethod 43564 0x000002111aee7590 code [0x000002111aee7880, 0x000002111aee87f8]
Event: 650.161 Thread 0x000002112e1ed020 43565       3       com.squareup.javapoet.LineWrapper$RecordingAppendable::append (35 bytes)
Event: 650.162 Thread 0x000002112e1ed020 nmethod 43565 0x000002111aee6f10 code [0x000002111aee70e0, 0x000002111aee7488]
Event: 650.162 Thread 0x000002112e1ed020 43566       3       com.squareup.javapoet.Util::checkArgument (18 bytes)
Event: 650.163 Thread 0x000002112e1ed020 nmethod 43566 0x000002111aee6010 code [0x000002111aee6260, 0x000002111aee6b58]
Event: 650.163 Thread 0x000002112e1ed020 43568       3       com.squareup.javapoet.CodeWriter::emitAndIndent (206 bytes)
Event: 650.164 Thread 0x000002112e1ed020 nmethod 43568 0x000002111aee4d90 code [0x000002111aee5020, 0x000002111aee5b18]
Event: 650.164 Thread 0x000002112e1ed020 43567       1       com.squareup.javapoet.ClassName::simpleName (5 bytes)
Event: 650.164 Thread 0x000002112e1ed020 nmethod 43567 0x000002112036b890 code [0x000002112036ba20, 0x000002112036baf8]

GC Heap History (20 events):
Event: 595.084 GC heap after
{Heap after GC invocations=154 (full 0):
 garbage-first heap   total 827392K, used 374912K [0x0000000080000000, 0x0000000100000000)
  region size 1024K, 10 young (10240K), 10 survivors (10240K)
 Metaspace       used 301070K, committed 302592K, reserved 1376256K
  class space    used 38518K, committed 39232K, reserved 1048576K
}
Event: 599.790 GC heap before
{Heap before GC invocations=154 (full 0):
 garbage-first heap   total 827392K, used 485504K [0x0000000080000000, 0x0000000100000000)
  region size 1024K, 115 young (117760K), 10 survivors (10240K)
 Metaspace       used 309432K, committed 310976K, reserved 1376256K
  class space    used 39401K, committed 40128K, reserved 1048576K
}
Event: 599.882 GC heap after
{Heap after GC invocations=155 (full 0):
 garbage-first heap   total 827392K, used 434176K [0x0000000080000000, 0x0000000100000000)
  region size 1024K, 15 young (15360K), 15 survivors (15360K)
 Metaspace       used 309432K, committed 310976K, reserved 1376256K
  class space    used 39401K, committed 40128K, reserved 1048576K
}
Event: 601.433 GC heap before
{Heap before GC invocations=155 (full 0):
 garbage-first heap   total 827392K, used 488448K [0x0000000080000000, 0x0000000100000000)
  region size 1024K, 68 young (69632K), 15 survivors (15360K)
 Metaspace       used 314962K, committed 316480K, reserved 1376256K
  class space    used 40247K, committed 40960K, reserved 1048576K
}
Event: 601.466 GC heap after
{Heap after GC invocations=156 (full 0):
 garbage-first heap   total 827392K, used 442368K [0x0000000080000000, 0x0000000100000000)
  region size 1024K, 7 young (7168K), 7 survivors (7168K)
 Metaspace       used 314962K, committed 316480K, reserved 1376256K
  class space    used 40247K, committed 40960K, reserved 1048576K
}
Event: 602.598 GC heap before
{Heap before GC invocations=156 (full 0):
 garbage-first heap   total 827392K, used 617472K [0x0000000080000000, 0x0000000100000000)
  region size 1024K, 178 young (182272K), 7 survivors (7168K)
 Metaspace       used 315233K, committed 316800K, reserved 1376256K
  class space    used 40279K, committed 41024K, reserved 1048576K
}
Event: 602.749 GC heap after
{Heap after GC invocations=157 (full 0):
 garbage-first heap   total 827392K, used 535040K [0x0000000080000000, 0x0000000100000000)
  region size 1024K, 23 young (23552K), 23 survivors (23552K)
 Metaspace       used 315233K, committed 316800K, reserved 1376256K
  class space    used 40279K, committed 41024K, reserved 1048576K
}
Event: 628.420 GC heap before
{Heap before GC invocations=157 (full 0):
 garbage-first heap   total 827392K, used 619008K [0x0000000080000000, 0x0000000100000000)
  region size 1024K, 106 young (108544K), 23 survivors (23552K)
 Metaspace       used 315373K, committed 316864K, reserved 1376256K
  class space    used 40289K, committed 41024K, reserved 1048576K
}
Event: 628.713 GC heap after
{Heap after GC invocations=158 (full 0):
 garbage-first heap   total 827392K, used 537088K [0x0000000080000000, 0x0000000100000000)
  region size 1024K, 10 young (10240K), 10 survivors (10240K)
 Metaspace       used 315373K, committed 316864K, reserved 1376256K
  class space    used 40289K, committed 41024K, reserved 1048576K
}
Event: 636.499 GC heap before
{Heap before GC invocations=158 (full 0):
 garbage-first heap   total 827392K, used 464384K [0x0000000080000000, 0x0000000100000000)
  region size 1024K, 59 young (60416K), 10 survivors (10240K)
 Metaspace       used 314950K, committed 316608K, reserved 1376256K
  class space    used 40250K, committed 41024K, reserved 1048576K
}
Event: 636.680 GC heap after
{Heap after GC invocations=159 (full 0):
 garbage-first heap   total 827392K, used 423753K [0x0000000080000000, 0x0000000100000000)
  region size 1024K, 8 young (8192K), 8 survivors (8192K)
 Metaspace       used 314950K, committed 316608K, reserved 1376256K
  class space    used 40250K, committed 41024K, reserved 1048576K
}
Event: 639.163 GC heap before
{Heap before GC invocations=160 (full 0):
 garbage-first heap   total 827392K, used 466761K [0x0000000080000000, 0x0000000100000000)
  region size 1024K, 51 young (52224K), 8 survivors (8192K)
 Metaspace       used 315408K, committed 316992K, reserved 1376256K
  class space    used 40337K, committed 41088K, reserved 1048576K
}
Event: 639.188 GC heap after
{Heap after GC invocations=161 (full 0):
 garbage-first heap   total 827392K, used 427771K [0x0000000080000000, 0x0000000100000000)
  region size 1024K, 4 young (4096K), 4 survivors (4096K)
 Metaspace       used 315408K, committed 316992K, reserved 1376256K
  class space    used 40337K, committed 41088K, reserved 1048576K
}
Event: 646.311 GC heap before
{Heap before GC invocations=161 (full 0):
 garbage-first heap   total 827392K, used 465659K [0x0000000080000000, 0x0000000100000000)
  region size 1024K, 40 young (40960K), 4 survivors (4096K)
 Metaspace       used 315431K, committed 316992K, reserved 1376256K
  class space    used 40338K, committed 41088K, reserved 1048576K
}
Event: 646.562 GC heap after
{Heap after GC invocations=162 (full 0):
 garbage-first heap   total 827392K, used 370900K [0x0000000080000000, 0x0000000100000000)
  region size 1024K, 5 young (5120K), 5 survivors (5120K)
 Metaspace       used 315431K, committed 316992K, reserved 1376256K
  class space    used 40338K, committed 41088K, reserved 1048576K
}
Event: 647.264 GC heap before
{Heap before GC invocations=162 (full 0):
 garbage-first heap   total 827392K, used 409812K [0x0000000080000000, 0x0000000100000000)
  region size 1024K, 40 young (40960K), 5 survivors (5120K)
 Metaspace       used 315474K, committed 317184K, reserved 1376256K
  class space    used 40340K, committed 41152K, reserved 1048576K
}
Event: 647.392 GC heap after
{Heap after GC invocations=163 (full 0):
 garbage-first heap   total 827392K, used 358292K [0x0000000080000000, 0x0000000100000000)
  region size 1024K, 3 young (3072K), 3 survivors (3072K)
 Metaspace       used 315474K, committed 317184K, reserved 1376256K
  class space    used 40340K, committed 41152K, reserved 1048576K
}
Event: 648.882 GC heap before
{Heap before GC invocations=163 (full 0):
 garbage-first heap   total 827392K, used 397204K [0x0000000080000000, 0x0000000100000000)
  region size 1024K, 40 young (40960K), 3 survivors (3072K)
 Metaspace       used 315715K, committed 317376K, reserved 1376256K
  class space    used 40383K, committed 41152K, reserved 1048576K
}
Event: 648.996 GC heap after
{Heap after GC invocations=164 (full 0):
 garbage-first heap   total 827392K, used 358400K [0x0000000080000000, 0x0000000100000000)
  region size 1024K, 5 young (5120K), 5 survivors (5120K)
 Metaspace       used 315715K, committed 317376K, reserved 1376256K
  class space    used 40383K, committed 41152K, reserved 1048576K
}
Event: 650.172 GC heap before
{Heap before GC invocations=164 (full 0):
 garbage-first heap   total 827392K, used 397312K [0x0000000080000000, 0x0000000100000000)
  region size 1024K, 40 young (40960K), 5 survivors (5120K)
 Metaspace       used 321785K, committed 323456K, reserved 1376256K
  class space    used 40983K, committed 41792K, reserved 1048576K
}

Dll operation events (3 events):
Event: 0.024 Loaded shared library C:\Program Files\Android\Android Studio\jbr\bin\java.dll
Event: 0.207 Loaded shared library C:\Program Files\Android\Android Studio\jbr\bin\zip.dll
Event: 0.755 Loaded shared library C:\Program Files\Android\Android Studio\jbr\bin\verify.dll

Deoptimization events (20 events):
Event: 646.280 Thread 0x0000021139a5e870 Uncommon trap: trap_request=0xffffffd6 fr.pc=0x000002112025649c relative=0x00000000000003fc
Event: 646.280 Thread 0x0000021139a5e870 Uncommon trap: reason=array_check action=maybe_recompile pc=0x000002112025649c method=java.util.Arrays.fill([Ljava/lang/Object;IILjava/lang/Object;)V @ 20 c2
Event: 646.280 Thread 0x0000021139a5e870 DEOPT PACKING pc=0x000002112025649c sp=0x00000021581faa60
Event: 646.280 Thread 0x0000021139a5e870 DEOPT UNPACKING pc=0x000002111e3869a3 sp=0x00000021581faa28 mode 2
Event: 646.585 Thread 0x0000021139a5e870 Uncommon trap: trap_request=0xffffffd6 fr.pc=0x000002112025649c relative=0x00000000000003fc
Event: 646.585 Thread 0x0000021139a5e870 Uncommon trap: reason=array_check action=maybe_recompile pc=0x000002112025649c method=java.util.Arrays.fill([Ljava/lang/Object;IILjava/lang/Object;)V @ 20 c2
Event: 646.585 Thread 0x0000021139a5e870 DEOPT PACKING pc=0x000002112025649c sp=0x00000021581faa60
Event: 646.586 Thread 0x0000021139a5e870 DEOPT UNPACKING pc=0x000002111e3869a3 sp=0x00000021581faa28 mode 2
Event: 646.723 Thread 0x0000021136ad1250 Uncommon trap: trap_request=0xffffffd6 fr.pc=0x000002112025649c relative=0x00000000000003fc
Event: 646.723 Thread 0x0000021136ad1250 Uncommon trap: reason=array_check action=maybe_recompile pc=0x000002112025649c method=java.util.Arrays.fill([Ljava/lang/Object;IILjava/lang/Object;)V @ 20 c2
Event: 646.723 Thread 0x0000021136ad1250 DEOPT PACKING pc=0x000002112025649c sp=0x000000215a6fd080
Event: 646.723 Thread 0x0000021136ad1250 DEOPT UNPACKING pc=0x000002111e3869a3 sp=0x000000215a6fd048 mode 2
Event: 646.723 Thread 0x0000021136ad1250 Uncommon trap: trap_request=0xffffffbe fr.pc=0x000002111fd1f2dc relative=0x00000000000001bc
Event: 646.723 Thread 0x0000021136ad1250 Uncommon trap: reason=profile_predicate action=maybe_recompile pc=0x000002111fd1f2dc method=java.util.Arrays.fill([Ljava/lang/Object;IILjava/lang/Object;)V @ 10 c2
Event: 646.723 Thread 0x0000021136ad1250 DEOPT PACKING pc=0x000002111fd1f2dc sp=0x000000215a6fd080
Event: 646.723 Thread 0x0000021136ad1250 DEOPT UNPACKING pc=0x000002111e3869a3 sp=0x000000215a6fd060 mode 2
Event: 646.723 Thread 0x0000021136ad1250 Uncommon trap: trap_request=0xffffffbe fr.pc=0x000002111fd1f2dc relative=0x00000000000001bc
Event: 646.723 Thread 0x0000021136ad1250 Uncommon trap: reason=profile_predicate action=maybe_recompile pc=0x000002111fd1f2dc method=java.util.Arrays.fill([Ljava/lang/Object;IILjava/lang/Object;)V @ 10 c2
Event: 646.723 Thread 0x0000021136ad1250 DEOPT PACKING pc=0x000002111fd1f2dc sp=0x000000215a6fd080
Event: 646.723 Thread 0x0000021136ad1250 DEOPT UNPACKING pc=0x000002111e3869a3 sp=0x000000215a6fd060 mode 2

Classes unloaded (20 events):
Event: 632.385 Thread 0x000002112df4a940 Unloading class 0x00000001022ba000 'jdk/internal/jimage/ImageReader$Directory'
Event: 632.385 Thread 0x000002112df4a940 Unloading class 0x00000001022b9be8 'jdk/internal/jimage/ImageReader$Node'
Event: 632.385 Thread 0x000002112df4a940 Unloading class 0x00000001022b99c8 'jdk/internal/jimage/ImageStrings'
Event: 632.385 Thread 0x000002112df4a940 Unloading class 0x00000001022b96e0 'jdk/internal/jimage/ImageReader$SharedImageReader'
Event: 632.385 Thread 0x000002112df4a940 Unloading class 0x00000001022b93f8 'jdk/internal/jimage/BasicImageReader'
Event: 632.385 Thread 0x000002112df4a940 Unloading class 0x00000001022b91b0 'jdk/internal/jimage/ImageReader'
Event: 632.385 Thread 0x000002112df4a940 Unloading class 0x00000001022b8f60 'jdk/internal/jrtfs/SystemImage$2'
Event: 632.385 Thread 0x000002112df4a940 Unloading class 0x00000001022b8d20 'jdk/internal/jrtfs/SystemImage$$Lambda$4133+0x00000001022b8d20'
Event: 632.385 Thread 0x000002112df4a940 Unloading class 0x00000001022b8ac8 'jdk/internal/jrtfs/ExplodedImage'
Event: 632.385 Thread 0x000002112df4a940 Unloading class 0x00000001022b8868 'jdk/internal/jrtfs/SystemImage$1'
Event: 632.385 Thread 0x000002112df4a940 Unloading class 0x00000001022b8628 'jdk/internal/jrtfs/SystemImage'
Event: 632.385 Thread 0x000002112df4a940 Unloading class 0x00000001022b83a0 'jdk/internal/jrtfs/JrtFileStore'
Event: 632.386 Thread 0x000002112df4a940 Unloading class 0x00000001022b8000 'jdk/internal/jrtfs/JrtPath'
Event: 632.386 Thread 0x000002112df4a940 Unloading class 0x00000001022b1b08 'jdk/internal/jrtfs/JrtFileSystem'
Event: 632.386 Thread 0x000002112df4a940 Unloading class 0x00000001022b1800 'jdk/internal/jrtfs/JrtFileSystemProvider'
Event: 632.386 Thread 0x000002112df4a940 Unloading class 0x00000001022b09a0 'android/databinding/tool/writer/AnnotationJavaFileWriter'
Event: 632.386 Thread 0x000002112df4a940 Unloading class 0x00000001022b0760 'android/databinding/tool/writer/JavaFileWriter'
Event: 632.386 Thread 0x000002112df4a940 Unloading class 0x00000001022b0540 'android/databinding/annotationprocessor/ProcessDataBinding$Callback'
Event: 632.386 Thread 0x000002112df4a940 Unloading class 0x00000001022b02a8 'javax/xml/bind/JAXBException'
Event: 632.387 Thread 0x000002112df4a940 Unloading class 0x00000001022b0000 'android/databinding/annotationprocessor/ProcessDataBinding'

Classes redefined (0 events):
No events

Internal exceptions (20 events):
Event: 649.029 Thread 0x0000021136ad1250 Exception <a 'sun/nio/fs/WindowsException'{0x00000000b22cae00}> (0x00000000b22cae00) 
thrown [s\src\hotspot\share\prims\jni.cpp, line 517]
Event: 649.029 Thread 0x0000021136ad1250 Exception <a 'sun/nio/fs/WindowsException'{0x00000000b22cc0f0}> (0x00000000b22cc0f0) 
thrown [s\src\hotspot\share\prims\jni.cpp, line 517]
Event: 649.029 Thread 0x0000021136ad1250 Exception <a 'sun/nio/fs/WindowsException'{0x00000000b22cc290}> (0x00000000b22cc290) 
thrown [s\src\hotspot\share\prims\jni.cpp, line 517]
Event: 650.105 Thread 0x0000021136ad1250 Exception <a 'sun/nio/fs/WindowsException'{0x00000000b03122b0}> (0x00000000b03122b0) 
thrown [s\src\hotspot\share\prims\jni.cpp, line 517]
Event: 650.106 Thread 0x0000021136ad1250 Exception <a 'sun/nio/fs/WindowsException'{0x00000000b0313a80}> (0x00000000b0313a80) 
thrown [s\src\hotspot\share\prims\jni.cpp, line 517]
Event: 650.108 Thread 0x0000021136ad1250 Exception <a 'sun/nio/fs/WindowsException'{0x00000000b0315c10}> (0x00000000b0315c10) 
thrown [s\src\hotspot\share\prims\jni.cpp, line 517]
Event: 650.109 Thread 0x0000021136ad1250 Exception <a 'sun/nio/fs/WindowsException'{0x00000000b0320218}> (0x00000000b0320218) 
thrown [s\src\hotspot\share\prims\jni.cpp, line 517]
Event: 650.109 Thread 0x0000021136ad1250 Exception <a 'sun/nio/fs/WindowsException'{0x00000000b03203b0}> (0x00000000b03203b0) 
thrown [s\src\hotspot\share\prims\jni.cpp, line 517]
Event: 650.110 Thread 0x0000021136ad1250 Exception <a 'sun/nio/fs/WindowsException'{0x00000000b0321bf0}> (0x00000000b0321bf0) 
thrown [s\src\hotspot\share\prims\jni.cpp, line 517]
Event: 650.110 Thread 0x0000021136ad1250 Exception <a 'sun/nio/fs/WindowsException'{0x00000000b0321da0}> (0x00000000b0321da0) 
thrown [s\src\hotspot\share\prims\jni.cpp, line 517]
Event: 650.110 Thread 0x0000021136ad1250 Exception <a 'sun/nio/fs/WindowsException'{0x00000000b03235c8}> (0x00000000b03235c8) 
thrown [s\src\hotspot\share\prims\jni.cpp, line 517]
Event: 650.110 Thread 0x0000021136ad1250 Exception <a 'sun/nio/fs/WindowsException'{0x00000000b0323750}> (0x00000000b0323750) 
thrown [s\src\hotspot\share\prims\jni.cpp, line 517]
Event: 650.149 Thread 0x0000021136ad1250 Exception <a 'sun/nio/fs/WindowsException'{0x00000000b011d8f8}> (0x00000000b011d8f8) 
thrown [s\src\hotspot\share\prims\jni.cpp, line 517]
Event: 650.149 Thread 0x0000021136ad1250 Exception <a 'sun/nio/fs/WindowsException'{0x00000000b011e480}> (0x00000000b011e480) 
thrown [s\src\hotspot\share\prims\jni.cpp, line 517]
Event: 650.168 Thread 0x0000021136ad1250 Exception <a 'sun/nio/fs/WindowsException'{0x00000000b01a1b68}> (0x00000000b01a1b68) 
thrown [s\src\hotspot\share\prims\jni.cpp, line 517]
Event: 650.168 Thread 0x0000021136ad1250 Exception <a 'sun/nio/fs/WindowsException'{0x00000000b01a1d00}> (0x00000000b01a1d00) 
thrown [s\src\hotspot\share\prims\jni.cpp, line 517]
Event: 650.169 Thread 0x0000021136ad1250 Exception <a 'sun/nio/fs/WindowsException'{0x00000000b01a3008}> (0x00000000b01a3008) 
thrown [s\src\hotspot\share\prims\jni.cpp, line 517]
Event: 650.169 Thread 0x0000021136ad1250 Exception <a 'sun/nio/fs/WindowsException'{0x00000000b01a31c0}> (0x00000000b01a31c0) 
thrown [s\src\hotspot\share\prims\jni.cpp, line 517]
Event: 650.169 Thread 0x0000021136ad1250 Exception <a 'sun/nio/fs/WindowsException'{0x00000000b01a44b0}> (0x00000000b01a44b0) 
thrown [s\src\hotspot\share\prims\jni.cpp, line 517]
Event: 650.169 Thread 0x0000021136ad1250 Exception <a 'sun/nio/fs/WindowsException'{0x00000000b01a4648}> (0x00000000b01a4648) 
thrown [s\src\hotspot\share\prims\jni.cpp, line 517]

VM Operations (20 events):
Event: 636.681 Executing VM operation: G1CollectForAllocation done
Event: 637.009 Executing VM operation: G1Concurrent
Event: 637.021 Executing VM operation: G1Concurrent done
Event: 639.021 Executing VM operation: Cleanup
Event: 639.021 Executing VM operation: Cleanup done
Event: 639.162 Executing VM operation: G1CollectForAllocation
Event: 639.188 Executing VM operation: G1CollectForAllocation done
Event: 640.188 Executing VM operation: Cleanup
Event: 640.189 Executing VM operation: Cleanup done
Event: 646.190 Executing VM operation: Cleanup
Event: 646.191 Executing VM operation: Cleanup done
Event: 646.311 Executing VM operation: G1CollectForAllocation
Event: 646.563 Executing VM operation: G1CollectForAllocation done
Event: 647.264 Executing VM operation: G1CollectForAllocation
Event: 647.392 Executing VM operation: G1CollectForAllocation done
Event: 648.882 Executing VM operation: G1CollectForAllocation
Event: 648.996 Executing VM operation: G1CollectForAllocation done
Event: 649.996 Executing VM operation: Cleanup
Event: 649.997 Executing VM operation: Cleanup done
Event: 650.172 Executing VM operation: G1CollectForAllocation

Events (20 events):
Event: 638.632 Thread 0x000002112e1f20e0 flushing nmethod 0x000002111af2bd90
Event: 638.645 Thread 0x000002112e1f20e0 flushing nmethod 0x000002111afb4910
Event: 638.646 Thread 0x000002112e1f20e0 flushing nmethod 0x000002111afb8510
Event: 638.646 Thread 0x000002112e1f20e0 flushing nmethod 0x000002111afb9390
Event: 638.647 Thread 0x000002112e1f20e0 flushing nmethod 0x000002111afd9b90
Event: 638.647 Thread 0x000002112e1f20e0 flushing nmethod 0x000002111afda210
Event: 638.647 Thread 0x000002112e1f20e0 flushing nmethod 0x000002111afdbd10
Event: 638.647 Thread 0x000002112e1f20e0 flushing nmethod 0x000002111afdc090
Event: 638.648 Thread 0x000002112e1f20e0 flushing nmethod 0x000002111afe0910
Event: 638.648 Thread 0x000002112e1f20e0 flushing nmethod 0x000002111afe3510
Event: 638.648 Thread 0x000002112e1f20e0 flushing nmethod 0x000002111afe4490
Event: 638.650 Thread 0x000002112e1f20e0 flushing nmethod 0x000002111b012290
Event: 639.099 Thread 0x0000021136ad1250 Thread added: 0x0000021136ad1250
Event: 639.156 Thread 0x0000021136ace230 Thread added: 0x0000021136ace230
Event: 639.157 Thread 0x0000021149b0d210 Thread added: 0x0000021149b0d210
Event: 639.157 Thread 0x0000021149b0cd40 Thread added: 0x0000021149b0cd40
Event: 639.157 Thread 0x0000021149b0c870 Thread added: 0x0000021149b0c870
Event: 639.372 Thread 0x00000211358d93b0 Thread added: 0x00000211358d93b0
Event: 646.571 Thread 0x00000211358d93b0 Thread exited: 0x00000211358d93b0
Event: 646.703 Thread 0x00000211358d93b0 Thread added: 0x00000211358d93b0


Dynamic libraries:
0x00007ff6075d0000 - 0x00007ff6075da000 	C:\Program Files\Android\Android Studio\jbr\bin\java.exe
0x00007fff86a50000 - 0x00007fff86c48000 	C:\WINDOWS\SYSTEM32\ntdll.dll
0x00007fff86810000 - 0x00007fff868cd000 	C:\WINDOWS\System32\KERNEL32.DLL
0x00007fff84160000 - 0x00007fff84456000 	C:\WINDOWS\System32\KERNELBASE.dll
0x00007fff848a0000 - 0x00007fff849a0000 	C:\WINDOWS\System32\ucrtbase.dll
0x00007fff72550000 - 0x00007fff7256b000 	C:\Program Files\Android\Android Studio\jbr\bin\VCRUNTIME140.dll
0x00007fff772e0000 - 0x00007fff772f7000 	C:\Program Files\Android\Android Studio\jbr\bin\jli.dll
0x00007fff861c0000 - 0x00007fff8635e000 	C:\WINDOWS\System32\USER32.dll
0x00007fff84a30000 - 0x00007fff84a52000 	C:\WINDOWS\System32\win32u.dll
0x00007fff6ea10000 - 0x00007fff6ecaa000 	C:\WINDOWS\WinSxS\amd64_microsoft.windows.common-controls_6595b64144ccf1df_6.0.19041.1110_none_60b5254171f9507e\COMCTL32.dll
0x00007fff868d0000 - 0x00007fff868fc000 	C:\WINDOWS\System32\GDI32.dll
0x00007fff86360000 - 0x00007fff863fe000 	C:\WINDOWS\System32\msvcrt.dll
0x00007fff84570000 - 0x00007fff8468a000 	C:\WINDOWS\System32\gdi32full.dll
0x00007fff844d0000 - 0x00007fff8456d000 	C:\WINDOWS\System32\msvcp_win.dll
0x00007fff84b60000 - 0x00007fff84b90000 	C:\WINDOWS\System32\IMM32.DLL
0x00007fff744a0000 - 0x00007fff744ac000 	C:\Program Files\Android\Android Studio\jbr\bin\vcruntime140_1.dll
0x00007fff51190000 - 0x00007fff5121d000 	C:\Program Files\Android\Android Studio\jbr\bin\msvcp140.dll
0x00007fff4b2f0000 - 0x00007fff4bf70000 	C:\Program Files\Android\Android Studio\jbr\bin\server\jvm.dll
0x00007fff84fe0000 - 0x00007fff8508e000 	C:\WINDOWS\System32\ADVAPI32.dll
0x00007fff86100000 - 0x00007fff8619c000 	C:\WINDOWS\System32\sechost.dll
0x00007fff850b0000 - 0x00007fff851d6000 	C:\WINDOWS\System32\RPCRT4.dll
0x00007fff11510000 - 0x00007fff11519000 	C:\WINDOWS\SYSTEM32\WSOCK32.dll
0x00007fff7a820000 - 0x00007fff7a82a000 	C:\WINDOWS\SYSTEM32\VERSION.dll
0x00007fff79c70000 - 0x00007fff79c97000 	C:\WINDOWS\SYSTEM32\WINMM.dll
0x00007fff86090000 - 0x00007fff860fb000 	C:\WINDOWS\System32\WS2_32.dll
0x00007fff81fc0000 - 0x00007fff81fd2000 	C:\WINDOWS\SYSTEM32\kernel.appcore.dll
0x00007fff7fb90000 - 0x00007fff7fb9a000 	C:\Program Files\Android\Android Studio\jbr\bin\jimage.dll
0x00007fff70990000 - 0x00007fff70b74000 	C:\WINDOWS\SYSTEM32\DBGHELP.DLL
0x00007fff6fc90000 - 0x00007fff6fcc4000 	C:\WINDOWS\SYSTEM32\dbgcore.DLL
0x00007fff849a0000 - 0x00007fff84a22000 	C:\WINDOWS\System32\bcryptPrimitives.dll
0x00007fff77590000 - 0x00007fff7759e000 	C:\Program Files\Android\Android Studio\jbr\bin\instrument.dll
0x00007fff7fb60000 - 0x00007fff7fb85000 	C:\Program Files\Android\Android Studio\jbr\bin\java.dll
0x00007fff7fb00000 - 0x00007fff7fb18000 	C:\Program Files\Android\Android Studio\jbr\bin\zip.dll
0x00007fff852b0000 - 0x00007fff859f5000 	C:\WINDOWS\System32\SHELL32.dll
0x00007fff821c0000 - 0x00007fff8295b000 	C:\WINDOWS\SYSTEM32\windows.storage.dll
0x00007fff84bf0000 - 0x00007fff84f44000 	C:\WINDOWS\System32\combase.dll
0x00007fff83aa0000 - 0x00007fff83ace000 	C:\WINDOWS\SYSTEM32\Wldp.dll
0x00007fff84ab0000 - 0x00007fff84b5d000 	C:\WINDOWS\System32\SHCORE.dll
0x00007fff86680000 - 0x00007fff866d5000 	C:\WINDOWS\System32\shlwapi.dll
0x00007fff84060000 - 0x00007fff84085000 	C:\WINDOWS\SYSTEM32\profapi.dll
0x00007fff7faa0000 - 0x00007fff7fab9000 	C:\Program Files\Android\Android Studio\jbr\bin\net.dll
0x00007fff79ca0000 - 0x00007fff79daa000 	C:\WINDOWS\SYSTEM32\WINHTTP.dll
0x00007fff83800000 - 0x00007fff8386a000 	C:\WINDOWS\system32\mswsock.dll
0x00007fff7fa80000 - 0x00007fff7fa96000 	C:\Program Files\Android\Android Studio\jbr\bin\nio.dll
0x00007fff7efe0000 - 0x00007fff7eff0000 	C:\Program Files\Android\Android Studio\jbr\bin\verify.dll
0x00007fff7fbc0000 - 0x00007fff7fbe7000 	C:\Users\james\.gradle\native\68d5fa5c4cc2d200863cafc0d521ce42e7d3e7ee720ec0a83991735586a16f82\windows-amd64\native-platform.dll
0x00007fff64970000 - 0x00007fff64ab4000 	C:\Users\james\.gradle\native\e376f236ea51e6404a007f0833ffe2c6e607c4080706a723a18a27aeea778392\windows-amd64\native-platform-file-events.dll
0x00007fff775c0000 - 0x00007fff775c9000 	C:\Program Files\Android\Android Studio\jbr\bin\management.dll
0x00007fff775a0000 - 0x00007fff775ab000 	C:\Program Files\Android\Android Studio\jbr\bin\management_ext.dll
0x00007fff861a0000 - 0x00007fff861a8000 	C:\WINDOWS\System32\PSAPI.DLL
0x00007fff83a00000 - 0x00007fff83a18000 	C:\WINDOWS\SYSTEM32\CRYPTSP.dll
0x00007fff83110000 - 0x00007fff83144000 	C:\WINDOWS\system32\rsaenh.dll
0x00007fff84130000 - 0x00007fff84157000 	C:\WINDOWS\System32\bcrypt.dll
0x00007fff84020000 - 0x00007fff8404e000 	C:\WINDOWS\SYSTEM32\USERENV.dll
0x00007fff839f0000 - 0x00007fff839fc000 	C:\WINDOWS\SYSTEM32\CRYPTBASE.dll
0x00007fff834f0000 - 0x00007fff8352b000 	C:\WINDOWS\SYSTEM32\IPHLPAPI.DLL
0x00007fff861b0000 - 0x00007fff861b8000 	C:\WINDOWS\System32\NSI.dll
0x00007fff7a9a0000 - 0x00007fff7a9b7000 	C:\WINDOWS\SYSTEM32\dhcpcsvc6.DLL
0x00007fff7b5e0000 - 0x00007fff7b5fd000 	C:\WINDOWS\SYSTEM32\dhcpcsvc.DLL
0x00007fff83530000 - 0x00007fff835fa000 	C:\WINDOWS\SYSTEM32\DNSAPI.dll
0x00007fff7faf0000 - 0x00007fff7faf7000 	C:\WINDOWS\system32\wshunix.dll
0x00007fff0c930000 - 0x00007fff0c947000 	C:\WINDOWS\system32\napinsp.dll
0x00007fff0c910000 - 0x00007fff0c92b000 	C:\WINDOWS\system32\pnrpnsp.dll
0x00007fff7f010000 - 0x00007fff7f025000 	C:\WINDOWS\system32\wshbth.dll
0x00007fff7fa40000 - 0x00007fff7fa5d000 	C:\WINDOWS\system32\NLAapi.dll
0x00007fff0c8f0000 - 0x00007fff0c902000 	C:\WINDOWS\System32\winrnr.dll
0x00007fff73d20000 - 0x00007fff73d2a000 	C:\Windows\System32\rasadhlp.dll
0x00007fff73d40000 - 0x00007fff73dc2000 	C:\WINDOWS\System32\fwpuclnt.dll
0x00007fff708c0000 - 0x00007fff708c7000 	C:\Program Files\Android\Android Studio\jbr\bin\rmi.dll
0x00007fff526e0000 - 0x00007fff527c9000 	C:\Users\james\AppData\Local\Temp\sqlite-3.41.2.2-d521bfbb-a709-4935-8f38-c0d218d849af-sqlitejdbc.dll
0x00007fff586a0000 - 0x00007fff58789000 	C:\Users\james\AppData\Local\Temp\sqlite-3.41.2.2-46b0f6c1-fb67-4491-ade7-575bcd37c87a-sqlitejdbc.dll
0x00007fff83230000 - 0x00007fff83263000 	C:\WINDOWS\SYSTEM32\ntmarta.dll

dbghelp: loaded successfully - version: 4.0.5 - missing functions: none
symbol engine: initialized successfully - sym options: 0x614 - pdb path: .;C:\Program Files\Android\Android Studio\jbr\bin;C:\WINDOWS\SYSTEM32;C:\WINDOWS\WinSxS\amd64_microsoft.windows.common-controls_6595b64144ccf1df_6.0.19041.1110_none_60b5254171f9507e;C:\Program Files\Android\Android Studio\jbr\bin\server;C:\Users\james\.gradle\native\68d5fa5c4cc2d200863cafc0d521ce42e7d3e7ee720ec0a83991735586a16f82\windows-amd64;C:\Users\james\.gradle\native\e376f236ea51e6404a007f0833ffe2c6e607c4080706a723a18a27aeea778392\windows-amd64;C:\Users\james\AppData\Local\Temp

VM Arguments:
jvm_args: --add-opens=java.base/java.util=ALL-UNNAMED --add-opens=java.base/java.lang=ALL-UNNAMED --add-opens=java.base/java.lang.invoke=ALL-UNNAMED --add-opens=java.prefs/java.util.prefs=ALL-UNNAMED --add-opens=java.base/java.nio.charset=ALL-UNNAMED --add-opens=java.base/java.net=ALL-UNNAMED --add-opens=java.base/java.util.concurrent.atomic=ALL-UNNAMED -Xmx2048m -Dfile.encoding=UTF-8 -Duser.country=TR -Duser.language=tr -Duser.variant -javaagent:C:\Users\james\.gradle\wrapper\dists\gradle-8.2-bin\bbg7u40eoinfdyxsxr3z4i7ta\gradle-8.2\lib\agents\gradle-instrumentation-agent-8.2.jar 
java_command: org.gradle.launcher.daemon.bootstrap.GradleDaemon 8.2
java_class_path (initial): C:\Users\james\.gradle\wrapper\dists\gradle-8.2-bin\bbg7u40eoinfdyxsxr3z4i7ta\gradle-8.2\lib\gradle-launcher-8.2.jar
Launcher Type: SUN_STANDARD

[Global flags]
     intx CICompilerCount                          = 4                                         {product} {ergonomic}
     uint ConcGCThreads                            = 2                                         {product} {ergonomic}
     uint G1ConcRefinementThreads                  = 8                                         {product} {ergonomic}
   size_t G1HeapRegionSize                         = 1048576                                   {product} {ergonomic}
    uintx GCDrainStackTargetSize                   = 64                                        {product} {ergonomic}
   size_t InitialHeapSize                          = 117440512                                 {product} {ergonomic}
   size_t MarkStackSize                            = 4194304                                   {product} {ergonomic}
   size_t MaxHeapSize                              = 2147483648                                {product} {command line}
   size_t MaxNewSize                               = 1287651328                                {product} {ergonomic}
   size_t MinHeapDeltaBytes                        = 1048576                                   {product} {ergonomic}
   size_t MinHeapSize                              = 8388608                                   {product} {ergonomic}
    uintx NonNMethodCodeHeapSize                   = 5839372                                {pd product} {ergonomic}
    uintx NonProfiledCodeHeapSize                  = 122909434                              {pd product} {ergonomic}
    uintx ProfiledCodeHeapSize                     = 122909434                              {pd product} {ergonomic}
    uintx ReservedCodeCacheSize                    = 251658240                              {pd product} {ergonomic}
     bool SegmentedCodeCache                       = true                                      {product} {ergonomic}
   size_t SoftMaxHeapSize                          = 2147483648                             {manageable} {ergonomic}
     bool UseCompressedClassPointers               = true                           {product lp64_product} {ergonomic}
     bool UseCompressedOops                        = true                           {product lp64_product} {ergonomic}
     bool UseG1GC                                  = true                                      {product} {ergonomic}
     bool UseLargePagesIndividualAllocation        = false                                  {pd product} {ergonomic}

Logging:
Log output configuration:
 #0: stdout all=warning uptime,level,tags
 #1: stderr all=off uptime,level,tags

Environment Variables:
PATH=C:\Program Files\Common Files\Oracle\Java\javapath;C:\WINDOWS\system32;C:\WINDOWS;C:\WINDOWS\System32\Wbem;C:\WINDOWS\System32\WindowsPowerShell\v1.0\;C:\WINDOWS\System32\OpenSSH\;C:\Program Files\Git\cmd;C:\Users\james\AppData\Local\Microsoft\WindowsApps
USERNAME=james
OS=Windows_NT
PROCESSOR_IDENTIFIER=AMD64 Family 23 Model 24 Stepping 1, AuthenticAMD
TMP=C:\Users\james\AppData\Local\Temp
TEMP=C:\Users\james\AppData\Local\Temp


JNI global refs:
JNI global refs: 28, weak refs: 20

JNI global refs memory usage: 843, weak refs: 841

OOME stack traces (most recent first):
Classloader memory used:
Loader java.net.URLClassLoader                                                         : 13743K
Loader org.gradle.internal.classloader.VisitableURLClassLoader                         : 12201K
Loader org.gradle.internal.classloader.VisitableURLClassLoader$InstrumentingVisitableURLClassLoader: 7418K
Loader bootstrap                                                                       : 3636K
Loader org.gradle.initialization.MixInLegacyTypesClassLoader                           : 1459K
Loader jdk.internal.loader.ClassLoaders$AppClassLoader                                 : 1256K
Loader jdk.internal.reflect.DelegatingClassLoader                                      : 322K
Loader jdk.internal.loader.ClassLoaders$PlatformClassLoader                            : 132K
Loader jdk.internal.jrtfs.JrtFileSystemProvider$JrtFsLoader                            : 42548B
Loader org.gradle.internal.classloader.VisitableURLClassLoader                         : 5137B
Loader org.gradle.groovy.scripts.internal.DefaultScriptCompilationHandler$ScriptClassLoader: 3552B
Loader org.codehaus.groovy.runtime.callsite.CallSiteClassLoader                        : 891B
Loader sun.reflect.misc.MethodUtil                                                     : 519B

Classes loaded by more than one classloader:
Class kotlin.collections.MapsKt__MapWithDefaultKt                                     : loaded 9 times (x 69B)
Class kotlin.collections.MapWithDefault                                               : loaded 9 times (x 68B)
Class kotlin.collections.ArraysKt__ArraysKt                                           : loaded 9 times (x 69B)
Class kotlin.LazyKt__LazyJVMKt                                                        : loaded 9 times (x 69B)
Class kotlin.text.StringsKt__StringNumberConversionsKt                                : loaded 9 times (x 69B)
Class kotlin.text.StringsKt__IndentKt                                                 : loaded 9 times (x 69B)
Class com.google.common.base.Present                                                  : loaded 9 times (x 79B)
Class com.google.common.collect.AbstractMapBasedMultimap                              : loaded 9 times (x 137B)
Class kotlin.Function                                                                 : loaded 9 times (x 68B)
Class kotlin.comparisons.ComparisonsKt___ComparisonsJvmKt                             : loaded 9 times (x 69B)
Class com.google.common.collect.Iterators                                             : loaded 9 times (x 69B)
Class com.google.common.collect.AbstractIndexedListIterator                           : loaded 9 times (x 94B)
Class kotlin.sequences.Sequence                                                       : loaded 9 times (x 68B)
Class com.google.common.collect.RegularImmutableBiMap                                 : loaded 9 times (x 147B)
Class kotlin.collections.EmptySet                                                     : loaded 9 times (x 120B)
Class com.google.common.collect.ImmutableMapEntry                                     : loaded 9 times (x 83B)
Class com.google.common.collect.ImmutableCollection                                   : loaded 9 times (x 123B)
Class kotlin.jvm.internal.FunctionBase                                                : loaded 9 times (x 68B)
Class com.google.common.collect.UnmodifiableListIterator                              : loaded 9 times (x 93B)
Class kotlin.collections.SetsKt                                                       : loaded 9 times (x 69B)
Class kotlin.collections.CollectionsKt__CollectionsKt                                 : loaded 9 times (x 69B)
Class com.google.common.collect.Maps                                                  : loaded 9 times (x 69B)
Class kotlin.reflect.KDeclarationContainer                                            : loaded 9 times (x 68B)
Class kotlin.collections.EmptyIterator                                                : loaded 9 times (x 87B)
Class com.google.common.base.Predicate                                                : loaded 9 times (x 68B)
Class kotlin.text.StringsKt                                                           : loaded 9 times (x 69B)
Class kotlin.comparisons.ComparisonsKt                                                : loaded 9 times (x 69B)
Class com.google.common.base.Suppliers                                                : loaded 9 times (x 69B)
Class kotlin.collections.MapsKt                                                       : loaded 9 times (x 69B)
Class com.google.common.collect.Iterators$MergingIterator                             : loaded 9 times (x 79B)
Class kotlin.enums.EnumEntriesList                                                    : loaded 9 times (x 183B)
Class com.google.common.base.Suppliers$MemoizingSupplier                              : loaded 9 times (x 77B)
Class kotlin.Lazy                                                                     : loaded 9 times (x 68B)
Class com.google.common.collect.ImmutableSet$EmptySetBuilderImpl                      : loaded 9 times (x 74B)
Class com.google.common.collect.ImmutableList$1                                       : loaded 9 times (x 95B)
Class kotlin.collections.AbstractList                                                 : loaded 9 times (x 157B)
Class kotlin.collections.AbstractCollection                                           : loaded 9 times (x 115B)
Class kotlin.text.CharsKt__CharJVMKt                                                  : loaded 9 times (x 69B)
Class kotlin.collections.MapsKt___MapsJvmKt                                           : loaded 9 times (x 69B)
Class com.google.common.collect.RegularImmutableSet                                   : loaded 9 times (x 147B)
Class com.google.common.math.IntMath                                                  : loaded 9 times (x 69B)
Class com.google.common.base.FunctionalEquivalence                                    : loaded 9 times (x 81B)
Class kotlin.collections.ArraysKt__ArraysJVMKt                                        : loaded 9 times (x 69B)
Class kotlin.collections.SetsKt__SetsJVMKt                                            : loaded 9 times (x 69B)
Class com.google.common.base.Converter                                                : loaded 9 times (x 88B)
Class kotlin.jvm.internal.Lambda                                                      : loaded 9 times (x 73B)
Class kotlin.TuplesKt                                                                 : loaded 9 times (x 69B)
Class kotlin.internal.ProgressionUtilKt                                               : loaded 9 times (x 69B)
Class kotlin.ranges.IntProgression$Companion                                          : loaded 9 times (x 69B)
Class kotlin.collections.EmptyMap                                                     : loaded 9 times (x 107B)
Class com.google.common.collect.SingletonImmutableBiMap                               : loaded 9 times (x 141B)
Class com.google.common.collect.AbstractIterator                                      : loaded 9 times (x 80B)
Class kotlin.text.StringsKt__StringNumberConversionsJVMKt                             : loaded 9 times (x 69B)
Class kotlin.jvm.internal.CallableReference                                           : loaded 9 times (x 104B)
Class com.google.common.collect.CollectPreconditions                                  : loaded 9 times (x 69B)
Class kotlin.reflect.KFunction                                                        : loaded 9 times (x 68B)
Class kotlin.collections.MapsKt___MapsKt                                              : loaded 9 times (x 69B)
Class kotlin.comparisons.ComparisonsKt__ComparisonsKt                                 : loaded 9 times (x 69B)
Class com.google.common.collect.Multimap                                              : loaded 9 times (x 68B)
Class com.google.common.base.Optional                                                 : loaded 9 times (x 78B)
Class com.google.common.collect.ImmutableMap$Builder                                  : loaded 9 times (x 80B)
Class com.google.common.collect.AbstractMapEntry                                      : loaded 9 times (x 79B)
Class com.google.common.collect.ImmutableMap                                          : loaded 9 times (x 118B)
Class kotlin.jvm.KotlinReflectionNotSupportedError                                    : loaded 9 times (x 80B)
Class kotlin.LazyKt__LazyKt                                                           : loaded 9 times (x 69B)
Class kotlin.ranges.IntProgression                                                    : loaded 9 times (x 79B)
Class com.google.common.base.PairwiseEquivalence                                      : loaded 9 times (x 81B)
Class kotlin.jvm.internal.markers.KMappedMarker                                       : loaded 9 times (x 68B)
Class kotlin.collections.CollectionsKt__ReversedViewsKt                               : loaded 9 times (x 69B)
Class com.google.common.collect.ImmutableSet$CachingAsList                            : loaded 9 times (x 146B)
Class kotlin.jvm.functions.Function0                                                  : loaded 9 times (x 68B)
Class kotlin.jvm.functions.Function1                                                  : loaded 9 times (x 68B)
Class kotlin.collections.ArraysKt___ArraysKt                                          : loaded 9 times (x 69B)
Class com.google.common.collect.ImmutableCollection$Builder                           : loaded 9 times (x 74B)
Class com.google.common.base.Ascii                                                    : loaded 9 times (x 69B)
Class kotlin.reflect.KCallable                                                        : loaded 9 times (x 68B)
Class kotlin.jvm.functions.Function2                                                  : loaded 9 times (x 68B)
Class com.google.common.collect.AbstractListMultimap                                  : loaded 9 times (x 170B)
Class com.google.common.collect.Maps$EntryTransformer                                 : loaded 9 times (x 68B)
Class kotlin.text.CharsKt__CharKt                                                     : loaded 9 times (x 69B)
Class kotlin.UninitializedPropertyAccessException                                     : loaded 9 times (x 80B)
Class com.google.common.collect.ImmutableMap$IteratorBasedImmutableMap                : loaded 9 times (x 124B)
Class kotlin.collections.CollectionsKt__IterablesKt                                   : loaded 9 times (x 69B)
Class com.google.common.collect.SingletonImmutableSet                                 : loaded 9 times (x 144B)
Class com.google.common.collect.Maps$8                                                : loaded 9 times (x 80B)
Class com.google.common.collect.Multiset                                              : loaded 9 times (x 68B)
Class com.google.common.collect.ArrayListMultimapGwtSerializationDependencies         : loaded 9 times (x 170B)
Class kotlin.collections.CollectionsKt                                                : loaded 9 times (x 69B)
Class com.google.common.collect.Hashing                                               : loaded 9 times (x 69B)
Class kotlin.collections.ArraysKt                                                     : loaded 9 times (x 69B)
Class kotlin.Metadata                                                                 : loaded 9 times (x 68B)
Class com.google.common.collect.Iterators$9                                           : loaded 9 times (x 79B)
Class com.google.common.collect.Iterators$ArrayItr                                    : loaded 9 times (x 95B)
Class com.google.common.base.Function                                                 : loaded 9 times (x 68B)
Class kotlin.collections.MapsKt__MapsJVMKt                                            : loaded 9 times (x 69B)
Class kotlin.collections.MapsKt__MapsKt                                               : loaded 9 times (x 69B)
Class com.google.common.base.Preconditions                                            : loaded 9 times (x 69B)
Class com.google.common.base.Equivalence$Equals                                       : loaded 9 times (x 80B)
Class com.google.common.collect.SingletonImmutableList                                : loaded 9 times (x 167B)
Class kotlin.collections.ArraysKt___ArraysJvmKt                                       : loaded 9 times (x 69B)
Class kotlin.collections.CollectionsKt__IteratorsJVMKt                                : loaded 9 times (x 69B)
Class kotlin.UNINITIALIZED_VALUE                                                      : loaded 9 times (x 69B)
Class com.google.common.collect.ImmutableList$SubList                                 : loaded 9 times (x 169B)
Class kotlin.collections.CollectionsKt___CollectionsJvmKt                             : loaded 9 times (x 69B)
Class kotlin.ranges.OpenEndRange                                                      : loaded 9 times (x 68B)
Class com.google.common.collect.RegularImmutableList                                  : loaded 9 times (x 173B)
Class com.google.common.collect.Iterators$5                                           : loaded 9 times (x 80B)
Class kotlin.ranges.IntRange$Companion                                                : loaded 9 times (x 69B)
Class com.google.common.collect.ImmutableEnumMap                                      : loaded 9 times (x 124B)
Class com.google.common.collect.SetMultimap                                           : loaded 9 times (x 68B)
Class kotlin.collections.CollectionsKt__MutableCollectionsKt                          : loaded 9 times (x 69B)
Class com.google.common.collect.Iterators$4                                           : loaded 9 times (x 80B)
Class com.google.common.collect.BiMap                                                 : loaded 9 times (x 68B)
Class kotlin.annotation.Target                                                        : loaded 9 times (x 68B)
Class com.google.common.collect.Iterators$1                                           : loaded 9 times (x 79B)
Class kotlin.ranges.RangesKt__RangesKt                                                : loaded 9 times (x 69B)
Class kotlin.collections.CollectionsKt___CollectionsKt                                : loaded 9 times (x 69B)
Class com.google.common.math.IntMath$1                                                : loaded 9 times (x 69B)
Class kotlin.collections.CollectionsKt__CollectionsJVMKt                              : loaded 9 times (x 69B)
Class com.google.common.collect.MapDifference                                         : loaded 9 times (x 68B)
Class kotlin.text.StringsKt___StringsJvmKt                                            : loaded 9 times (x 69B)
Class com.google.common.collect.ImmutableSet                                          : loaded 9 times (x 143B)
Class kotlin.annotation.Retention                                                     : loaded 9 times (x 68B)
Class kotlin.NotImplementedError                                                      : loaded 9 times (x 80B)
Class kotlin.ranges.RangesKt___RangesKt                                               : loaded 9 times (x 69B)
Class kotlin.jvm.internal.Intrinsics                                                  : loaded 9 times (x 69B)
Class kotlin.text.CharsKt                                                             : loaded 9 times (x 69B)
Class kotlin.reflect.KAnnotatedElement                                                : loaded 9 times (x 68B)
Class kotlin.jvm.internal.CallableReference$NoReceiver                                : loaded 9 times (x 69B)
Class com.google.common.collect.UnmodifiableIterator                                  : loaded 9 times (x 78B)
Class kotlin.collections.CollectionsKt__IteratorsKt                                   : loaded 9 times (x 69B)
Class kotlin.collections.SetsKt__SetsKt                                               : loaded 9 times (x 69B)
Class com.google.common.collect.ImmutableList                                         : loaded 9 times (x 166B)
Class com.google.common.collect.ImmutableSet$Builder                                  : loaded 9 times (x 83B)
Class kotlin.LazyKt                                                                   : loaded 9 times (x 69B)
Class com.google.common.collect.ImmutableBiMap                                        : loaded 9 times (x 141B)
Class com.google.common.collect.ImmutableSet$JdkBackedSetBuilderImpl                  : loaded 9 times (x 74B)
Class kotlin.text.StringsKt___StringsKt                                               : loaded 9 times (x 69B)
Class kotlin.ranges.IntRange                                                          : loaded 9 times (x 91B)
Class kotlin.text.StringsKt__AppendableKt                                             : loaded 9 times (x 69B)
Class com.google.common.base.Equivalence$Identity                                     : loaded 9 times (x 80B)
Class com.google.common.collect.Maps$BiMapConverter                                   : loaded 9 times (x 88B)
Class com.google.common.math.MathPreconditions                                        : loaded 9 times (x 69B)
Class com.google.common.collect.RegularImmutableAsList                                : loaded 9 times (x 177B)
Class com.google.common.collect.ImmutableSet$RegularSetBuilderImpl                    : loaded 9 times (x 75B)
Class kotlin.jvm.internal.FunctionReference                                           : loaded 9 times (x 120B)
Class com.google.common.base.Absent                                                   : loaded 9 times (x 78B)
Class kotlin.SynchronizedLazyImpl                                                     : loaded 9 times (x 74B)
Class com.google.common.base.Suppliers$NonSerializableMemoizingSupplier               : loaded 9 times (x 77B)
Class com.google.common.collect.PeekingIterator                                       : loaded 9 times (x 68B)
Class kotlin.text.StringsKt__RegexExtensionsKt                                        : loaded 9 times (x 69B)
Class com.google.common.collect.ImmutableList$ReverseImmutableList                    : loaded 9 times (x 169B)
Class kotlin.Pair                                                                     : loaded 9 times (x 70B)
Class kotlin.comparisons.ComparisonsKt___ComparisonsKt                                : loaded 9 times (x 69B)
Class kotlin.enums.EnumEntriesKt                                                      : loaded 9 times (x 69B)
Class com.google.common.collect.ImmutableEntry                                        : loaded 9 times (x 80B)
Class com.google.common.collect.ImmutableAsList                                       : loaded 9 times (x 169B)
Class com.google.common.collect.ImmutableSet$SetBuilderImpl                           : loaded 9 times (x 74B)
Class com.google.common.collect.ListMultimap                                          : loaded 9 times (x 68B)
Class com.google.common.collect.Platform                                              : loaded 9 times (x 69B)
Class kotlin.collections.CollectionsKt__MutableCollectionsJVMKt                       : loaded 9 times (x 69B)
Class kotlin.KotlinNullPointerException                                               : loaded 9 times (x 81B)
Class com.google.common.base.Supplier                                                 : loaded 9 times (x 68B)
Class com.google.common.collect.ImmutableMap$MapViewOfValuesAsSingletonSets           : loaded 9 times (x 124B)
Class kotlin.text.StringsKt__StringsKt                                                : loaded 9 times (x 69B)
Class com.google.common.collect.ObjectArrays                                          : loaded 9 times (x 69B)
Class com.google.common.collect.SortedMapDifference                                   : loaded 9 times (x 68B)
Class kotlin.ranges.RangesKt                                                          : loaded 9 times (x 69B)
Class kotlin.collections.EmptyList                                                    : loaded 9 times (x 134B)
Class kotlin.NoWhenBranchMatchedException                                             : loaded 9 times (x 80B)
Class kotlin.text.StringsKt__StringsJVMKt                                             : loaded 9 times (x 69B)
Class kotlin.collections.ArraysUtilJVM                                                : loaded 9 times (x 69B)
Class com.google.common.collect.ImmutableMap$1                                        : loaded 9 times (x 79B)
Class kotlin.ranges.ClosedRange                                                       : loaded 9 times (x 68B)
Class kotlin.text.StringsKt__StringBuilderJVMKt                                       : loaded 9 times (x 69B)
Class kotlin.collections.SetsKt___SetsKt                                              : loaded 9 times (x 69B)
Class kotlin.text.StringsKt__StringBuilderKt                                          : loaded 9 times (x 69B)
Class com.google.common.collect.AbstractMultimap                                      : loaded 9 times (x 121B)
Class com.google.common.collect.ArrayListMultimap                                     : loaded 9 times (x 170B)
Class kotlin.text.StringsKt__RegexExtensionsJVMKt                                     : loaded 9 times (x 69B)
Class kotlin._Assertions                                                              : loaded 9 times (x 69B)
Class kotlin.collections.AbstractList$Companion                                       : loaded 9 times (x 69B)
Class kotlin.enums.EnumEntries                                                        : loaded 9 times (x 68B)
Class com.google.common.base.Equivalence                                              : loaded 9 times (x 80B)
Class com.squareup.javapoet.TypeName                                                  : loaded 8 times (x 79B)
Class kotlin.reflect.KClassifier                                                      : loaded 8 times (x 68B)
Class kotlin.jvm.functions.Function19                                                 : loaded 8 times (x 68B)
Class [Lcom.google.common.collect.ImmutableEntry;                                     : loaded 8 times (x 67B)
Class com.google.common.collect.ImmutableSetMultimap                                  : loaded 8 times (x 178B)
Class kotlin.reflect.KMutableProperty2                                                : loaded 8 times (x 68B)
Class kotlin.reflect.KMutableProperty                                                 : loaded 8 times (x 68B)
Class kotlin.reflect.jvm.internal.KClassImpl$Data$declaredMembers$2                   : loaded 8 times (x 77B)
Class com.google.common.base.CharMatcher$Or                                           : loaded 8 times (x 110B)
Class kotlin.reflect.jvm.internal.CacheByClass                                        : loaded 8 times (x 71B)
Class kotlin.jvm.functions.Function18                                                 : loaded 8 times (x 68B)
Class kotlin.reflect.KMutableProperty1                                                : loaded 8 times (x 68B)
Class com.squareup.javapoet.ArrayTypeName                                             : loaded 8 times (x 79B)
Class kotlin.reflect.KMutableProperty0                                                : loaded 8 times (x 68B)
Class com.squareup.javapoet.TypeSpec$Kind                                             : loaded 8 times (x 77B)
Class kotlin.reflect.jvm.internal.KClassImpl$Data$inheritedStaticMembers$2            : loaded 8 times (x 77B)
Class kotlin.reflect.jvm.internal.KClassImpl$Data$descriptor$2                        : loaded 8 times (x 77B)
Class com.google.common.collect.Collections2$FilteredCollection                       : loaded 8 times (x 117B)
Class kotlin.reflect.jvm.internal.impl.name.StandardClassIds                          : loaded 8 times (x 69B)
Class kotlin.jvm.functions.Function17                                                 : loaded 8 times (x 68B)
Class kotlin.reflect.jvm.internal.KClassImpl$Data$supertypes$2                        : loaded 8 times (x 77B)
Class kotlin.reflect.jvm.internal.ReflectProperties$Val$1                             : loaded 8 times (x 69B)
Class kotlin.reflect.jvm.internal.impl.builtins.jvm.JavaToKotlinClassMap$PlatformMutabilityMapping: loaded 8 times (x 70B)
Class kotlin.reflect.jvm.internal.RuntimeTypeMapper                                   : loaded 8 times (x 69B)
Class kotlin.reflect.jvm.internal.KPackageImpl                                        : loaded 8 times (x 83B)
Class com.google.common.collect.ImmutableBiMap$Builder                                : loaded 8 times (x 80B)
Class kotlin.reflect.jvm.internal.CachesKt                                            : loaded 8 times (x 69B)
Class kotlin.jvm.functions.Function16                                                 : loaded 8 times (x 68B)
Class kotlin.reflect.jvm.internal.KCallableImpl                                       : loaded 8 times (x 103B)
Class com.google.common.collect.ImmutableMapKeySet                                    : loaded 8 times (x 150B)
Class kotlin.reflect.jvm.internal.impl.name.Name                                      : loaded 8 times (x 73B)
Class com.google.common.collect.Sets$ImprovedAbstractSet                              : loaded 8 times (x 133B)
Class kotlin.jvm.functions.Function15                                                 : loaded 8 times (x 68B)
Class [Lkotlin.reflect.jvm.internal.impl.name.FqName;                                 : loaded 8 times (x 67B)
Class kotlin.reflect.jvm.internal.KProperty1Impl$delegateSource$1                     : loaded 8 times (x 77B)
Class kotlin.reflect.jvm.internal.KCallableImpl$_parameters$1                         : loaded 8 times (x 77B)
Class com.squareup.javapoet.ParameterizedTypeName                                     : loaded 8 times (x 79B)
Class kotlin.reflect.jvm.internal.KClassImpl$Data$annotations$2                       : loaded 8 times (x 77B)
Class kotlin.jvm.functions.Function14                                                 : loaded 8 times (x 68B)
Class kotlin.reflect.jvm.internal.ComputableClassValue                                : loaded 8 times (x 78B)
Class kotlin.reflect.jvm.internal.impl.builtins.PrimitiveType$Companion               : loaded 8 times (x 69B)
Class kotlin.reflect.jvm.internal.KCallableImpl$_returnType$1                         : loaded 8 times (x 77B)
Class kotlin.reflect.jvm.internal.KDeclarationContainerImpl$Data                      : loaded 8 times (x 70B)
Class kotlin.reflect.jvm.internal.KCallableImpl$_absentArguments$1                    : loaded 8 times (x 77B)
Class com.google.common.collect.Lists$StringAsImmutableList                           : loaded 8 times (x 167B)
Class com.google.common.collect.ImmutableEnumSet                                      : loaded 8 times (x 144B)
Class kotlin.jvm.functions.Function13                                                 : loaded 8 times (x 68B)
Class com.squareup.kotlinpoet.UtilKt                                                  : loaded 8 times (x 69B)
Class kotlin.reflect.jvm.internal.KPropertyImpl$_javaField$1                          : loaded 8 times (x 77B)
Class com.google.common.collect.Maps$AbstractFilteredMap                              : loaded 8 times (x 125B)
Class com.squareup.kotlinpoet.ClassNames                                              : loaded 8 times (x 69B)
Class kotlin.jvm.internal.PropertyReference0                                          : loaded 8 times (x 125B)
Class com.google.common.collect.AbstractIterator$State                                : loaded 8 times (x 77B)
Class kotlin.jvm.functions.Function12                                                 : loaded 8 times (x 68B)
Class kotlin.reflect.jvm.internal.impl.builtins.functions.FunctionClassKind           : loaded 8 times (x 78B)
Class kotlin.jvm.internal.PropertyReference1                                          : loaded 8 times (x 125B)
Class kotlin.reflect.jvm.internal.KTypeParameterOwnerImpl                             : loaded 8 times (x 68B)
Class com.google.common.collect.ImmutableMapEntrySet                                  : loaded 8 times (x 150B)
Class com.google.common.base.CharMatcher$ForPredicate                                 : loaded 8 times (x 110B)
Class kotlin.jvm.internal.PropertyReference2                                          : loaded 8 times (x 125B)
Class [Lkotlin.reflect.KProperty;                                                     : loaded 8 times (x 67B)
Class dagger.hilt.processor.internal.root.ir.InvalidRootsException                    : loaded 8 times (x 80B)
Class kotlin.reflect.jvm.internal.impl.builtins.PrimitiveType$arrayTypeFqName$2       : loaded 8 times (x 77B)
Class kotlin.jvm.functions.Function11                                                 : loaded 8 times (x 68B)
Class kotlin.reflect.jvm.internal.impl.builtins.CompanionObjectMapping                : loaded 8 times (x 69B)
Class com.google.common.base.CharMatcher$Is                                           : loaded 8 times (x 109B)
Class [Lkotlin.reflect.jvm.internal.impl.name.ClassId;                                : loaded 8 times (x 67B)
Class com.google.common.collect.Sets$FilteredSet                                      : loaded 8 times (x 135B)
Class kotlin.reflect.jvm.internal.KClassImpl$Data$qualifiedName$2                     : loaded 8 times (x 77B)
Class kotlin.jvm.functions.Function10                                                 : loaded 8 times (x 68B)
Class kotlin.jvm.internal.MutablePropertyReference2                                   : loaded 8 times (x 135B)
Class com.google.common.base.CharMatcher$AnyOf                                        : loaded 8 times (x 110B)
Class [Ldagger.hilt.processor.internal.optionvalues.GradleProjectType;                : loaded 8 times (x 67B)
Class com.google.common.base.CharMatcher$IsEither                                     : loaded 8 times (x 109B)
Class kotlin.jvm.functions.Function9                                                  : loaded 8 times (x 68B)
Class com.google.common.collect.ImmutableMultimap                                     : loaded 8 times (x 145B)
Class kotlin.reflect.jvm.internal.ReflectProperties$LazyVal                           : loaded 8 times (x 73B)
Class kotlin.sequences.SequencesKt__SequencesJVMKt                                    : loaded 8 times (x 69B)
Class kotlin.text.Regex$Companion                                                     : loaded 8 times (x 69B)
Class kotlin.reflect.jvm.internal.ReflectProperties$LazySoftVal                       : loaded 8 times (x 76B)
Class kotlin.reflect.jvm.internal.impl.name.StandardClassIdsKt                        : loaded 8 times (x 69B)
Class kotlin.jvm.internal.MutablePropertyReference1                                   : loaded 8 times (x 135B)
Class kotlin.reflect.jvm.internal.impl.resolve.jvm.JvmPrimitiveType                   : loaded 8 times (x 77B)
Class kotlin.reflect.jvm.internal.KClassImpl$Data$allStaticMembers$2                  : loaded 8 times (x 77B)
Class com.squareup.javapoet.TypeSpec$Builder                                          : loaded 8 times (x 70B)
Class com.google.common.collect.Sets$4                                                : loaded 8 times (x 137B)
Class com.squareup.kotlinpoet.ClassName$Companion                                     : loaded 8 times (x 69B)
Class kotlin.Result                                                                   : loaded 8 times (x 70B)
Class kotlin.reflect.KClass                                                           : loaded 8 times (x 68B)
Class com.google.common.graph.SuccessorsFunction                                      : loaded 8 times (x 68B)
Class kotlin.LazyThreadSafetyMode                                                     : loaded 8 times (x 77B)
Class kotlin.reflect.KMutableProperty$Setter                                          : loaded 8 times (x 68B)
Class com.google.common.collect.Sets$3                                                : loaded 8 times (x 137B)
Class com.google.common.base.CharMatcher                                              : loaded 8 times (x 109B)
Class kotlin.jvm.internal.SpreadBuilder                                               : loaded 8 times (x 74B)
Class com.google.common.collect.Sets$2                                                : loaded 8 times (x 137B)
Class kotlin.reflect.jvm.internal.KClassImpl$Data                                     : loaded 8 times (x 70B)
Class kotlin.reflect.jvm.internal.KClassImpl$Data$objectInstance$2                    : loaded 8 times (x 77B)
Class kotlin.sequences.SequencesKt__SequencesKt                                       : loaded 8 times (x 69B)
Class kotlin.jvm.internal.MutablePropertyReference0                                   : loaded 8 times (x 135B)
Class kotlin.reflect.jvm.internal.KPropertyImpl$Companion                             : loaded 8 times (x 69B)
Class com.google.common.collect.Sets$1                                                : loaded 8 times (x 137B)
Class kotlin.reflect.jvm.internal.impl.descriptors.runtime.structure.ReflectClassUtilKt: loaded 8 times (x 69B)
Class com.squareup.javapoet.TypeVariableName                                          : loaded 8 times (x 79B)
Class kotlin.reflect.jvm.internal.impl.name.FqNameUnsafe$1                            : loaded 8 times (x 72B)
Class com.google.common.collect.AbstractIterator$1                                    : loaded 8 times (x 69B)
Class kotlin.reflect.jvm.internal.CachesKt$K_PACKAGE_CACHE$1                          : loaded 8 times (x 76B)
Class com.squareup.javapoet.Util                                                      : loaded 8 times (x 69B)
Class com.squareup.javapoet.AnnotationSpec                                            : loaded 8 times (x 70B)
Class kotlin.jvm.internal.ReflectionFactory                                           : loaded 8 times (x 89B)
Class com.google.common.base.CharMatcher$IsNot                                        : loaded 8 times (x 109B)
Class kotlin.reflect.jvm.internal.ReflectionFactoryImpl                               : loaded 8 times (x 89B)
Class kotlin.reflect.jvm.internal.impl.name.SpecialNames                              : loaded 8 times (x 69B)
Class com.google.common.collect.RegularImmutableSortedSet                             : loaded 8 times (x 234B)
Class kotlin.DeprecationLevel                                                         : loaded 8 times (x 77B)
Class kotlin.jvm.functions.Function8                                                  : loaded 8 times (x 68B)
Class kotlin.reflect.jvm.internal.impl.name.FqNamesUtilKt                             : loaded 8 times (x 69B)
Class kotlin.jvm.internal.PropertyReference                                           : loaded 8 times (x 113B)
Class kotlin.jvm.functions.Function7                                                  : loaded 8 times (x 68B)
Class kotlin.text.Regex                                                               : loaded 8 times (x 70B)
Class com.squareup.javapoet.CodeBlock$Builder                                         : loaded 8 times (x 70B)
Class kotlin.reflect.jvm.internal.KMutableProperty1Impl$_setter$1                     : loaded 8 times (x 77B)
Class kotlin.annotation.AnnotationTarget                                              : loaded 8 times (x 77B)
Class com.squareup.javapoet.CodeWriter$Multiset                                       : loaded 8 times (x 70B)
Class com.squareup.javapoet.JavaFile$1                                                : loaded 8 times (x 77B)
Class kotlin.reflect.jvm.internal.impl.name.ClassId                                   : loaded 8 times (x 70B)
Class android.databinding.tool.writer.JavaFileWriter                                  : loaded 8 times (x 72B)
Class com.google.common.collect.Iterables                                             : loaded 8 times (x 69B)
Class com.google.common.collect.Lists                                                 : loaded 8 times (x 69B)
Class kotlin.reflect.jvm.internal.impl.builtins.PrimitiveType$typeFqName$2            : loaded 8 times (x 77B)
Class com.google.common.collect.Sets                                                  : loaded 8 times (x 69B)
Class com.google.common.collect.BaseImmutableMultimap                                 : loaded 8 times (x 121B)
Class com.google.common.collect.CollectSpliterators                                   : loaded 8 times (x 69B)
Class kotlin.reflect.jvm.internal.KPackageImpl$data$1                                 : loaded 8 times (x 77B)
Class com.google.common.collect.ImmutableSortedSet                                    : loaded 8 times (x 234B)
Class com.google.common.collect.Maps$ViewCachingAbstractMap                           : loaded 8 times (x 123B)
Class com.google.common.collect.RegularImmutableMap$BucketOverflowException           : loaded 8 times (x 80B)
Class kotlin.reflect.KProperty                                                        : loaded 8 times (x 68B)
Class com.google.common.collect.Sets$SetView                                          : loaded 8 times (x 136B)
Class kotlin.jvm.functions.Function6                                                  : loaded 8 times (x 68B)
Class kotlin.reflect.jvm.internal.impl.builtins.StandardNames                         : loaded 8 times (x 69B)
Class kotlin.Result$Companion                                                         : loaded 8 times (x 69B)
Class com.squareup.kotlinpoet.WildcardTypeName$Companion                              : loaded 8 times (x 69B)
Class com.google.common.collect.Maps$KeySet                                           : loaded 8 times (x 135B)
Class [Lkotlin.reflect.jvm.internal.impl.resolve.jvm.JvmPrimitiveType;                : loaded 8 times (x 67B)
Class kotlin.jvm.functions.Function20                                                 : loaded 8 times (x 68B)
Class kotlin.jvm.functions.Function21                                                 : loaded 8 times (x 68B)
Class kotlin.sequences.SequencesKt___SequencesKt                                      : loaded 8 times (x 69B)
Class kotlin.jvm.functions.Function22                                                 : loaded 8 times (x 68B)
Class kotlin.reflect.jvm.internal.KPropertyImpl$_descriptor$1                         : loaded 8 times (x 77B)
Class kotlin.reflect.KProperty$Accessor                                               : loaded 8 times (x 68B)
Class com.google.common.base.Joiner                                                   : loaded 8 times (x 77B)
Class kotlin.Result$Failure                                                           : loaded 8 times (x 70B)
Class kotlin.sequences.SequencesKt___SequencesJvmKt                                   : loaded 8 times (x 69B)
Class kotlin.jvm.functions.Function5                                                  : loaded 8 times (x 68B)
Class kotlin.reflect.jvm.internal.KClassImpl$Data$inheritedNonStaticMembers$2         : loaded 8 times (x 77B)
Class kotlin.reflect.KProperty0                                                       : loaded 8 times (x 68B)
Class kotlin.reflect.jvm.internal.KClassImpl$Data$allMembers$2                        : loaded 8 times (x 77B)
Class [Lkotlin.annotation.AnnotationRetention;                                        : loaded 8 times (x 67B)
Class kotlin.reflect.KProperty1                                                       : loaded 8 times (x 68B)
Class [Lkotlin.LazyThreadSafetyMode;                                                  : loaded 8 times (x 67B)
Class kotlin.jvm.internal.MutablePropertyReference                                    : loaded 8 times (x 117B)
Class com.google.common.base.CharMatcher$InRange                                      : loaded 8 times (x 109B)
Class com.squareup.kotlinpoet.ClassName                                               : loaded 8 times (x 87B)
Class kotlin.reflect.KProperty2                                                       : loaded 8 times (x 68B)
Class [Lcom.google.common.collect.AbstractMapEntry;                                   : loaded 8 times (x 67B)
Class kotlin.SafePublicationLazyImpl                                                  : loaded 8 times (x 74B)
Class kotlin.reflect.jvm.internal.KClassImpl$Data$typeParameters$2                    : loaded 8 times (x 77B)
Class kotlin.reflect.jvm.internal.KClassImpl$Data$declaredNonStaticMembers$2          : loaded 8 times (x 77B)
Class com.squareup.javapoet.JavaFile$Builder                                          : loaded 8 times (x 70B)
Class kotlin.reflect.full.IllegalPropertyDelegateAccessException                      : loaded 8 times (x 80B)
Class [Lkotlin.reflect.KClassifier;                                                   : loaded 8 times (x 67B)
Class [Lkotlin.DeprecationLevel;                                                      : loaded 8 times (x 67B)
Class kotlin.reflect.jvm.internal.impl.name.FqNameUnsafe                              : loaded 8 times (x 70B)
Class kotlin.reflect.jvm.internal.KClassImpl$Data$simpleName$2                        : loaded 8 times (x 77B)
Class kotlin.jvm.internal.ClassBasedDeclarationContainer                              : loaded 8 times (x 68B)
Class kotlin.Unit                                                                     : loaded 8 times (x 69B)
Class javax.xml.bind.JAXBException                                                    : loaded 8 times (x 83B)
Class [Lkotlin.reflect.KCallable;                                                     : loaded 8 times (x 67B)
Class kotlin.jvm.functions.Function4                                                  : loaded 8 times (x 68B)
Class com.google.common.base.CharMatcher$FastMatcher                                  : loaded 8 times (x 109B)
Class kotlin.reflect.jvm.internal.KDeclarationContainerImpl                           : loaded 8 times (x 82B)
Class com.google.common.collect.SortedIterable                                        : loaded 8 times (x 68B)
Class kotlin.collections.AbstractList$IteratorImpl                                    : loaded 8 times (x 80B)
Class kotlin.reflect.KProperty$Getter                                                 : loaded 8 times (x 68B)
Class kotlin.reflect.jvm.internal.KProperty1Impl                                      : loaded 8 times (x 126B)
Class kotlin.LazyKt__LazyJVMKt$WhenMappings                                           : loaded 8 times (x 69B)
Class [Lkotlin.reflect.KDeclarationContainer;                                         : loaded 8 times (x 67B)
Class kotlin.collections.IndexedValue                                                 : loaded 8 times (x 70B)
Class [Lkotlin.reflect.KClass;                                                        : loaded 8 times (x 67B)
Class kotlin.collections.CollectionsKt___CollectionsKt$withIndex$1                    : loaded 8 times (x 77B)
Class com.google.common.base.CharMatcher$BitSetMatcher                                : loaded 8 times (x 110B)
Class [Lcom.google.common.collect.AbstractIterator$State;                             : loaded 8 times (x 67B)
Class kotlin.reflect.jvm.internal.KotlinReflectionInternalError                       : loaded 8 times (x 80B)
Class kotlin.reflect.jvm.internal.KClassImpl$Data$nestedClasses$2                     : loaded 8 times (x 77B)
Class kotlin.jvm.functions.Function3                                                  : loaded 8 times (x 68B)
Class kotlin.jvm.internal.Reflection                                                  : loaded 8 times (x 69B)
Class kotlin.reflect.jvm.internal.CachesKt$CACHE_FOR_BASE_CLASSIFIERS$1               : loaded 8 times (x 76B)
Class kotlin.reflect.jvm.internal.ReflectProperties$Val                               : loaded 8 times (x 72B)
Class com.squareup.javapoet.CodeWriter                                                : loaded 8 times (x 70B)
Class com.squareup.javapoet.ClassName                                                 : loaded 8 times (x 82B)
Class [Lcom.google.common.collect.ImmutableMapEntry;                                  : loaded 8 times (x 67B)
Class com.squareup.kotlinpoet.TypeName$cachedString$2                                 : loaded 8 times (x 77B)
Class com.google.common.collect.RegularImmutableMap$Values                            : loaded 8 times (x 167B)
Class com.google.common.base.Joiner$2                                                 : loaded 8 times (x 77B)
Class kotlin.reflect.jvm.internal.KClassImpl                                          : loaded 8 times (x 113B)
Class [Lkotlin.reflect.KAnnotatedElement;                                             : loaded 8 times (x 67B)
Class com.google.common.collect.IndexedImmutableSet$1                                 : loaded 8 times (x 173B)
Class com.google.common.collect.ImmutableList$Builder                                 : loaded 8 times (x 75B)
Class kotlin.reflect.jvm.internal.KClassImpl$data$1                                   : loaded 8 times (x 77B)
Class com.squareup.kotlinpoet.TypeNames                                               : loaded 8 times (x 69B)
Class com.google.common.base.CharMatcher$Negated                                      : loaded 8 times (x 111B)
Class kotlin.reflect.full.IllegalCallableAccessException                              : loaded 8 times (x 80B)
Class kotlin.reflect.jvm.internal.CachesKt$K_CLASS_CACHE$1                            : loaded 8 times (x 76B)
Class kotlin.reflect.jvm.internal.KProperty1Impl$_getter$1                            : loaded 8 times (x 77B)
Class com.squareup.kotlinpoet.TagMap                                                  : loaded 8 times (x 77B)
Class com.google.common.base.Joiner$1                                                 : loaded 8 times (x 78B)
Class [Lkotlin.annotation.AnnotationTarget;                                           : loaded 8 times (x 67B)
Class com.google.common.collect.ImmutableMapEntrySet$RegularEntrySet                  : loaded 8 times (x 150B)
Class com.squareup.javapoet.LineWrapper                                               : loaded 8 times (x 70B)
Class kotlin.reflect.jvm.internal.KCallableImpl$_typeParameters$1                     : loaded 8 times (x 77B)
Class kotlin.reflect.jvm.internal.KDeclarationContainerImpl$Companion                 : loaded 8 times (x 69B)
Class com.google.common.collect.RegularImmutableMap$KeySet                            : loaded 8 times (x 150B)
Class kotlin.annotation.MustBeDocumented                                              : loaded 8 times (x 68B)
Class kotlin.reflect.jvm.internal.impl.builtins.functions.FunctionClassKind$Companion : loaded 8 times (x 69B)
Class kotlin.reflect.jvm.internal.impl.name.FqName                                    : loaded 8 times (x 70B)
Class kotlin.reflect.jvm.internal.KClassImpl$Data$constructors$2                      : loaded 8 times (x 77B)
Class com.squareup.kotlinpoet.TypeName                                                : loaded 8 times (x 84B)
Class com.google.common.collect.IndexedImmutableSet                                   : loaded 8 times (x 150B)
Class kotlin.jvm.JvmClassMappingKt                                                    : loaded 8 times (x 69B)
Class kotlin.reflect.jvm.internal.impl.builtins.jvm.JavaToKotlinClassMap              : loaded 8 times (x 69B)
Class kotlin.reflect.jvm.internal.impl.utils.CollectionsKt                            : loaded 8 times (x 69B)
Class kotlin.jvm.internal.PropertyReference1Impl                                      : loaded 8 times (x 125B)
Class [Lkotlin.reflect.jvm.internal.impl.builtins.PrimitiveType;                      : loaded 8 times (x 67B)
Class com.google.common.primitives.IntsMethodsForWeb                                  : loaded 8 times (x 69B)
Class kotlin.reflect.jvm.internal.KPropertyImpl                                       : loaded 8 times (x 113B)
Class kotlin.reflect.jvm.internal.ReflectProperties                                   : loaded 8 times (x 69B)
Class kotlin.sequences.SequencesKt                                                    : loaded 8 times (x 69B)
Class kotlin.reflect.jvm.internal.KCallableImpl$_annotations$1                        : loaded 8 times (x 77B)
Class [Lkotlin.reflect.jvm.internal.impl.builtins.functions.FunctionClassKind;        : loaded 8 times (x 67B)
Class com.google.common.collect.TransformedIterator                                   : loaded 8 times (x 78B)
Class kotlin.jvm.internal.CollectionToArray                                           : loaded 8 times (x 69B)
Class kotlin.collections.IndexingIterator                                             : loaded 8 times (x 77B)
Class kotlin.reflect.jvm.internal.CacheByClassKt                                      : loaded 8 times (x 69B)
Class [Lcom.squareup.javapoet.TypeSpec$Kind;                                          : loaded 8 times (x 67B)
Class [Lkotlin.reflect.jvm.internal.impl.builtins.jvm.JavaToKotlinClassMap$PlatformMutabilityMapping;: loaded 8 times (x 67B)
Class kotlin.reflect.jvm.internal.KClassImpl$Data$allNonStaticMembers$2               : loaded 8 times (x 77B)
Class com.google.common.base.CharMatcher$And                                          : loaded 8 times (x 110B)
Class kotlin.reflect.jvm.internal.KDeclarationContainerImpl$Data$moduleData$2         : loaded 8 times (x 77B)
Class com.squareup.javapoet.AnnotationSpec$Builder                                    : loaded 8 times (x 70B)
Class com.squareup.javapoet.LineWrapper$RecordingAppendable                           : loaded 8 times (x 75B)
Class com.squareup.kotlinpoet.WildcardTypeName                                        : loaded 8 times (x 84B)
Class kotlin.jvm.internal.DefaultConstructorMarker                                    : loaded 8 times (x 69B)
Class kotlin.reflect.jvm.internal.KClassifierImpl                                     : loaded 8 times (x 68B)
Class kotlin.annotation.AnnotationRetention                                           : loaded 8 times (x 77B)
Class com.squareup.kotlinpoet.TypeName$Companion                                      : loaded 8 times (x 69B)
Class kotlin.reflect.jvm.internal.ClassValueCache                                     : loaded 8 times (x 72B)
Class kotlin.reflect.jvm.internal.impl.builtins.PrimitiveType                         : loaded 8 times (x 77B)
Class kotlin.reflect.jvm.internal.CachesKt$CACHE_FOR_NULLABLE_BASE_CLASSIFIERS$1      : loaded 8 times (x 76B)
Class com.google.common.collect.RegularImmutableMap                                   : loaded 8 times (x 119B)
Class com.google.common.base.CharMatcher$NamedFastMatcher                             : loaded 8 times (x 110B)
Class com.google.common.base.CharMatcher$NegatedFastMatcher                           : loaded 8 times (x 111B)
Class com.squareup.kotlinpoet.Dynamic                                                 : loaded 8 times (x 84B)
Class kotlin.reflect.jvm.internal.EmptyContainerForLocal                              : loaded 8 times (x 82B)
Class kotlin.reflect.KTypeParameter                                                   : loaded 8 times (x 68B)
Class kotlin.collections.IndexingIterable                                             : loaded 8 times (x 77B)
Class kotlin.reflect.jvm.internal.KClassImpl$Data$sealedSubclasses$2                  : loaded 8 times (x 77B)
Class com.google.common.base.CharMatcher$1                                            : loaded 8 times (x 111B)
Class kotlin.reflect.KType                                                            : loaded 8 times (x 68B)
Class com.squareup.javapoet.TypeSpec                                                  : loaded 8 times (x 70B)
Class kotlin.reflect.jvm.internal.KMutableProperty1Impl                               : loaded 8 times (x 133B)
Class kotlin.jvm.internal.MutablePropertyReference1Impl                               : loaded 8 times (x 135B)
Class kotlin.reflect.jvm.internal.impl.builtins.StandardNames$FqNames                 : loaded 8 times (x 69B)
Class com.squareup.kotlinpoet.Taggable                                                : loaded 8 times (x 68B)
Class kotlin.sequences.SequencesKt__SequenceBuilderKt                                 : loaded 8 times (x 69B)
Class com.google.common.collect.ImmutableMapEntry$NonTerminalImmutableMapEntry        : loaded 8 times (x 83B)
Class com.google.common.collect.ForwardingObject                                      : loaded 8 times (x 70B)
Class kotlin.reflect.jvm.internal.KClassImpl$Data$declaredStaticMembers$2             : loaded 8 times (x 77B)
Class com.squareup.javapoet.JavaFile                                                  : loaded 8 times (x 70B)
Class kotlin.SafePublicationLazyImpl$Companion                                        : loaded 8 times (x 69B)
Class com.google.common.primitives.Ints                                               : loaded 8 times (x 69B)
Class dagger.hilt.processor.internal.optionvalues.GradleProjectType                   : loaded 8 times (x 77B)
Class com.squareup.javapoet.CodeBlock                                                 : loaded 8 times (x 70B)
Class kotlin.reflect.jvm.internal.CachesKt$CACHE_FOR_GENERIC_CLASSIFIERS$1            : loaded 8 times (x 76B)
Class dagger.spi.internal.shaded.androidx.room.compiler.processing.XMemberContainer   : loaded 7 times (x 68B)
Class dagger.hilt.processor.internal.BaseProcessingStep                               : loaded 7 times (x 85B)
Class dagger.spi.internal.shaded.androidx.room.jarjarred.kotlinx.metadata.internal.protobuf.CodedOutputStream: loaded 7 times (x 70B)
Class dagger.spi.internal.shaded.androidx.room.compiler.processing.javac.JavacBasicAnnotationProcessor$commonDelegate$2: loaded 7 times (x 77B)
Class dagger.spi.internal.shaded.androidx.room.compiler.processing.javac.JavacBasicAnnotationProcessor$xEnv$2: loaded 7 times (x 77B)
Class dagger.spi.internal.shaded.androidx.room.jarjarred.kotlinx.metadata.internal.protobuf.WireFormat: loaded 7 times (x 69B)
Class dagger.spi.internal.shaded.androidx.room.compiler.processing.javac.JavacProcessingEnv$typeElementStore$1: loaded 7 times (x 77B)
Class [Ldagger.spi.internal.shaded.androidx.room.jarjarred.kotlinx.metadata.internal.metadata.ProtoBuf$VersionRequirement$VersionKind;: loaded 7 times (x 67B)
Class dagger.spi.internal.shaded.androidx.room.jarjarred.kotlinx.metadata.KmConstructorExtensionVisitor: loaded 7 times (x 68B)
Class dagger.hilt.android.processor.internal.bindvalue.BindValueProcessingStep        : loaded 7 times (x 85B)
Class dagger.spi.internal.shaded.androidx.room.jarjarred.kotlinx.metadata.internal.FlagDelegatesImplKt$propertyAccessorBooleanFlag$1: loaded 7 times (x 135B)
Class kotlin.comparisons.NaturalOrderComparator                                       : loaded 7 times (x 86B)
Class kotlin.io.FileSystemException                                                   : loaded 7 times (x 80B)
Class dagger.spi.internal.shaded.androidx.room.jarjarred.kotlinx.metadata.KmClass     : loaded 7 times (x 96B)
Class [Ldagger.hilt.processor.internal.optionvalues.BooleanValue;                     : loaded 7 times (x 67B)
Class dagger.spi.internal.shaded.androidx.room.jarjarred.kotlinx.metadata.internal.metadata.ProtoBuf$ValueParameter: loaded 7 times (x 126B)
Class dagger.spi.internal.shaded.androidx.room.jarjarred.kotlinx.metadata.internal.protobuf.ByteString$ByteIterator: loaded 7 times (x 68B)
Class dagger.spi.internal.shaded.androidx.room.jarjarred.kotlinx.metadata.internal.protobuf.AbstractMessageLite$Builder$LimitedInputStream: loaded 7 times (x 90B)
Class dagger.spi.internal.shaded.androidx.room.jarjarred.kotlinx.metadata.internal.metadata.ProtoBuf$Constructor$1: loaded 7 times (x 142B)
Class com.google.common.collect.ImmutableMultimap$Builder                             : loaded 7 times (x 81B)
Class [Lkotlin.io.FileWalkDirection;                                                  : loaded 7 times (x 67B)
Class dagger.spi.internal.shaded.androidx.room.compiler.processing.javac.JavacProcessingEnv$typeElementStore$2: loaded 7 times (x 76B)
Class androidx.room.compiler.processing.javac.JavacBasicAnnotationProcessor           : loaded 7 times (x 96B)
Class androidx.room.processor.Context                                                 : loaded 7 times (x 70B)
Class dagger.spi.internal.shaded.androidx.room.jarjarred.kotlinx.metadata.internal.protobuf.Parser: loaded 7 times (x 68B)
Class kotlin.io.LinesSequence                                                         : loaded 7 times (x 73B)
Class dagger.spi.internal.shaded.auto.common.AnnotationMirrors$1                      : loaded 7 times (x 82B)
Class dagger.spi.internal.shaded.androidx.room.jarjarred.kotlinx.metadata.KmConstructor: loaded 7 times (x 75B)
Class dagger.spi.internal.shaded.androidx.room.compiler.processing.javac.JavacRoundEnv: loaded 7 times (x 75B)
Class dagger.spi.internal.shaded.androidx.room.compiler.processing.javac.JavacElement$docComment$2: loaded 7 times (x 77B)
Class dagger.spi.internal.shaded.auto.common.Overrides$ExplicitOverrides              : loaded 7 times (x 74B)
Class dagger.spi.internal.shaded.androidx.room.compiler.processing.javac.JavacProcessingEnv$typeElementStore$3: loaded 7 times (x 77B)
Class dagger.spi.internal.shaded.androidx.room.compiler.processing.XBasicAnnotationProcessor: loaded 7 times (x 68B)
Class dagger.spi.internal.shaded.androidx.room.jarjarred.kotlinx.metadata.jvm.JvmPropertyExtensionVisitor: loaded 7 times (x 80B)
Class dagger.spi.internal.shaded.androidx.room.compiler.processing.javac.JavacMethodElement$typeParameters$2: loaded 7 times (x 77B)
Class dagger.spi.internal.shaded.androidx.room.compiler.processing.javac.kotlin.KmClassContainer$typeParameters$2: loaded 7 times (x 77B)
Class dagger.spi.internal.shaded.androidx.room.jarjarred.kotlinx.metadata.internal.metadata.ProtoBuf$Effect$EffectType$1: loaded 7 times (x 72B)
Class dagger.hilt.processor.internal.definecomponent.DefineComponentProcessingStep    : loaded 7 times (x 85B)
Class androidx.room.compiler.processing.XFiler                                        : loaded 7 times (x 68B)
Class dagger.spi.internal.shaded.androidx.room.jarjarred.kotlinx.metadata.internal.metadata.jvm.JvmProtoBuf: loaded 7 times (x 69B)
Class dagger.spi.internal.shaded.androidx.room.compiler.processing.XProcessingEnvConfig: loaded 7 times (x 69B)
Class dagger.spi.internal.shaded.androidx.room.jarjarred.kotlinx.metadata.Modality    : loaded 7 times (x 77B)
Class dagger.hilt.processor.internal.earlyentrypoint.EarlyEntryPointProcessor         : loaded 7 times (x 98B)
Class dagger.hilt.processor.internal.HiltCompilerOptions$EnumOption                   : loaded 7 times (x 70B)
Class dagger.spi.internal.shaded.androidx.room.jarjarred.kotlinx.metadata.internal.protobuf.CodedOutputStream$ByteBufferOutputStream: loaded 7 times (x 84B)
Class dagger.spi.internal.shaded.androidx.room.jarjarred.kotlinx.metadata.internal.metadata.jvm.JvmProtoBuf$StringTableTypes: loaded 7 times (x 108B)
Class org.apache.commons.io.IOUtils                                                   : loaded 7 times (x 69B)
Class dagger.spi.internal.shaded.androidx.room.jarjarred.kotlinx.metadata.internal.metadata.ProtoBuf$Effect$InvocationKind$1: loaded 7 times (x 72B)
Class dagger.spi.internal.shaded.androidx.room.compiler.processing.XEquality$Companion: loaded 7 times (x 69B)
Class dagger.spi.internal.shaded.androidx.room.compiler.processing.util.MemoizedSequence$delegateIterator$2: loaded 7 times (x 77B)
Class dagger.spi.internal.shaded.androidx.room.compiler.processing.XElement           : loaded 7 times (x 68B)
Class dagger.spi.internal.shaded.androidx.room.compiler.processing.javac.JavacBasicAnnotationProcessor$steps$2: loaded 7 times (x 77B)
Class kotlin.io.FilesKt                                                               : loaded 7 times (x 69B)
Class android.databinding.tool.CompilerArguments$Companion                            : loaded 7 times (x 69B)
Class dagger.spi.internal.shaded.androidx.room.jarjarred.kotlinx.metadata.Attributes$visibility$2: loaded 7 times (x 135B)
Class dagger.spi.internal.shaded.androidx.room.compiler.processing.javac.JavacMethodElement$propertyName$2: loaded 7 times (x 77B)
Class dagger.spi.internal.shaded.androidx.room.jarjarred.kotlinx.metadata.internal.metadata.jvm.JvmProtoBuf$StringTableTypes$RecordOrBuilder: loaded 7 times (x 68B)
Class dagger.spi.internal.shaded.androidx.room.jarjarred.kotlinx.metadata.Visibility  : loaded 7 times (x 77B)
Class dagger.spi.internal.shaded.androidx.room.compiler.processing.javac.JavacExecutableElement$Companion: loaded 7 times (x 69B)
Class dagger.spi.internal.shaded.auto.common.GeneratedAnnotations                     : loaded 7 times (x 69B)
Class dagger.spi.internal.shaded.androidx.room.jarjarred.kotlinx.metadata.internal.FlagImpl: loaded 7 times (x 69B)
Class dagger.spi.internal.shaded.androidx.room.jarjarred.kotlinx.metadata.internal.metadata.ProtoBuf$ValueParameter$1: loaded 7 times (x 142B)
Class kotlin.text.Charsets                                                            : loaded 7 times (x 69B)
Class kotlin.io.TextStreamsKt                                                         : loaded 7 times (x 69B)
Class dagger.spi.internal.shaded.androidx.room.jarjarred.kotlinx.metadata.internal.metadata.ProtoBuf$Contract$1: loaded 7 times (x 142B)
Class dagger.spi.internal.shaded.androidx.room.jarjarred.kotlinx.metadata.internal.metadata.jvm.deserialization.JvmProtoBufUtil: loaded 7 times (x 69B)
Class dagger.spi.internal.shaded.androidx.room.compiler.processing.javac.kotlin.KmClassContainer$functionList$2: loaded 7 times (x 77B)
Class dagger.spi.internal.shaded.androidx.room.jarjarred.kotlinx.metadata.KmDeclarationContainer: loaded 7 times (x 68B)
Class dagger.spi.internal.shaded.androidx.room.jarjarred.kotlinx.metadata.internal.protobuf.WireFormat$FieldType: loaded 7 times (x 81B)
Class dagger.spi.internal.shaded.androidx.room.compiler.processing.XParameterizable   : loaded 7 times (x 68B)
Class dagger.spi.internal.shaded.auto.common.MoreTypes$TypeEquivalence                : loaded 7 times (x 80B)
Class dagger.spi.internal.shaded.androidx.room.compiler.processing.CommonProcessorDelegate$processRound$currentElementsDeferredByStep$1$stepDeferredElementsByAnnotation$1: loaded 7 times (x 76B)
Class dagger.spi.internal.shaded.androidx.room.jarjarred.kotlinx.metadata.internal.metadata.ProtoBuf$Property$1: loaded 7 times (x 142B)
Class dagger.spi.internal.shaded.androidx.room.jarjarred.kotlinx.metadata.jvm.KotlinClassMetadata$Class: loaded 7 times (x 75B)
Class dagger.spi.internal.shaded.androidx.room.jarjarred.kotlinx.metadata.internal.metadata.jvm.deserialization.JvmMetadataVersion: loaded 7 times (x 72B)
Class dagger.spi.internal.shaded.androidx.room.jarjarred.kotlinx.metadata.internal.protobuf.Internal$EnumLite: loaded 7 times (x 68B)
Class dagger.spi.internal.shaded.androidx.room.jarjarred.kotlinx.metadata.KmType      : loaded 7 times (x 81B)
Class kotlin.io.FilesKt__FileReadWriteKt                                              : loaded 7 times (x 69B)
Class kotlin.sequences.TransformingSequence$iterator$1                                : loaded 7 times (x 77B)
Class kotlin.io.FileWalkDirection                                                     : loaded 7 times (x 77B)
Class dagger.spi.internal.shaded.androidx.room.jarjarred.kotlinx.metadata.Attributes$visibility$6: loaded 7 times (x 135B)
Class dagger.spi.internal.shaded.androidx.room.compiler.processing.XMessager          : loaded 7 times (x 71B)
Class dagger.spi.internal.shaded.androidx.room.compiler.processing.XExecutableElement : loaded 7 times (x 68B)
Class dagger.spi.internal.shaded.auto.common.MoreTypes$CastingTypeVisitor             : loaded 7 times (x 100B)
Class dagger.spi.internal.shaded.androidx.room.compiler.processing.javac.JavacElement$equalityItems$2: loaded 7 times (x 77B)
Class dagger.spi.internal.shaded.androidx.room.jarjarred.kotlinx.metadata.jvm.JvmDeclarationContainerExtensionVisitor: loaded 7 times (x 79B)
Class dagger.spi.internal.shaded.androidx.room.jarjarred.kotlinx.metadata.internal.protobuf.FieldSet$FieldDescriptorLite: loaded 7 times (x 68B)
Class dagger.spi.internal.shaded.androidx.room.jarjarred.kotlinx.metadata.internal.metadata.deserialization.TypeTable: loaded 7 times (x 70B)
Class dagger.spi.internal.shaded.androidx.room.jarjarred.kotlinx.metadata.internal.metadata.jvm.deserialization.BitEncoding: loaded 7 times (x 69B)
Class dagger.spi.internal.shaded.androidx.room.compiler.processing.XConstructorElement: loaded 7 times (x 68B)
Class dagger.spi.internal.shaded.androidx.room.jarjarred.kotlinx.metadata.KmClassifier: loaded 7 times (x 69B)
Class dagger.hilt.processor.internal.definecomponent.DefineComponentProcessor         : loaded 7 times (x 98B)
Class kotlin.io.FileAlreadyExistsException                                            : loaded 7 times (x 80B)
Class dagger.spi.internal.shaded.androidx.room.compiler.processing.XProcessingStep    : loaded 7 times (x 68B)
Class dagger.spi.internal.shaded.androidx.room.jarjarred.kotlinx.metadata.jvm.internal.JvmTypeExtension: loaded 7 times (x 84B)
Class dagger.spi.internal.shaded.androidx.room.compiler.processing.XAnnotated         : loaded 7 times (x 68B)
Class dagger.spi.internal.shaded.androidx.room.compiler.processing.javac.JavacType$xTypeName$2: loaded 7 times (x 77B)
Class dagger.spi.internal.shaded.androidx.room.jarjarred.kotlinx.metadata.internal.extensions.KmPropertyExtension: loaded 7 times (x 68B)
Class [Ldagger.spi.internal.shaded.androidx.room.jarjarred.kotlinx.metadata.Modality; : loaded 7 times (x 67B)
Class [Ldagger.spi.internal.shaded.androidx.room.jarjarred.kotlinx.metadata.internal.protobuf.Internal$EnumLite;: loaded 7 times (x 67B)
Class dagger.spi.internal.shaded.androidx.room.jarjarred.kotlinx.metadata.internal.BooleanFlagDelegate: loaded 7 times (x 70B)
Class androidx.room.DatabaseProcessingStep$Companion                                  : loaded 7 times (x 69B)
Class dagger.hilt.processor.internal.generatesrootinput.GeneratesRootInputProcessor   : loaded 7 times (x 98B)
Class dagger.spi.internal.shaded.androidx.room.compiler.processing.javac.JavacTypeElement$Companion$WhenMappings: loaded 7 times (x 69B)
Class com.google.common.collect.ForwardingCollection                                  : loaded 7 times (x 128B)
Class dagger.spi.internal.shaded.androidx.room.jarjarred.kotlinx.metadata.internal.metadata.jvm.JvmProtoBuf$JvmFieldSignature: loaded 7 times (x 106B)
Class [Landroidx.room.processor.Context$BooleanProcessorOptions;                      : loaded 7 times (x 67B)
Class dagger.spi.internal.shaded.androidx.room.compiler.processing.XProcessingEnv$Companion: loaded 7 times (x 69B)
Class dagger.spi.internal.shaded.androidx.room.jarjarred.kotlinx.metadata.internal.metadata.jvm.JvmProtoBuf$JvmMethodSignatureOrBuilder: loaded 7 times (x 68B)
Class dagger.hilt.processor.internal.generatesrootinput.GeneratesRootInputs           : loaded 7 times (x 70B)
Class androidx.room.compiler.processing.XProcessingEnvConfig                          : loaded 7 times (x 69B)
Class dagger.spi.internal.shaded.androidx.room.jarjarred.kotlinx.metadata.internal.metadata.ProtoBuf$VersionRequirementTable$1: loaded 7 times (x 142B)
Class dagger.spi.internal.shaded.androidx.room.jarjarred.kotlinx.metadata.internal.protobuf.GeneratedMessageLite$1: loaded 7 times (x 69B)
Class dagger.spi.internal.shaded.androidx.room.jarjarred.kotlinx.metadata.internal.metadata.ProtoBuf$TypeOrBuilder: loaded 7 times (x 68B)
Class dagger.spi.internal.shaded.androidx.room.compiler.processing.XFiler             : loaded 7 times (x 68B)
Class dagger.spi.internal.shaded.androidx.room.compiler.processing.javac.JavacMethodElement$executableType$2: loaded 7 times (x 77B)
Class dagger.internal.codegen.DelegateComponentProcessor                              : loaded 7 times (x 70B)
Class [Lcom.squareup.javapoet.LineWrapper$FlushType;                                  : loaded 7 times (x 67B)
Class dagger.spi.internal.shaded.androidx.room.jarjarred.kotlinx.metadata.internal.extensions.KmTypeExtension: loaded 7 times (x 68B)
Class dagger.spi.internal.shaded.androidx.room.jarjarred.kotlinx.metadata.jvm.JvmExtensionsKt: loaded 7 times (x 69B)
Class dagger.spi.internal.shaded.androidx.room.jarjarred.kotlinx.metadata.internal.protobuf.AbstractMessageLite$Builder: loaded 7 times (x 120B)
Class dagger.spi.internal.shaded.androidx.room.jarjarred.kotlinx.metadata.internal.metadata.ProtoBuf$TypeParameter$Variance: loaded 7 times (x 80B)
Class dagger.spi.internal.shaded.androidx.room.compiler.processing.javac.JavacTypeElement$superInterfaces$2: loaded 7 times (x 77B)
Class dagger.spi.internal.shaded.androidx.room.compiler.processing.javac.JavacTypeElement$typeParameters$2: loaded 7 times (x 77B)
Class androidx.room.compiler.processing.javac.JavacBasicAnnotationProcessor$commonDelegate$2: loaded 7 times (x 77B)
Class dagger.hilt.processor.internal.aliasof.AliasOfProcessor                         : loaded 7 times (x 98B)
Class dagger.spi.internal.shaded.androidx.room.jarjarred.kotlinx.metadata.jvm.JvmClassExtensionVisitor: loaded 7 times (x 85B)
Class dagger.spi.internal.shaded.androidx.room.jarjarred.kotlinx.metadata.jvm.JvmMemberSignatureKt: loaded 7 times (x 69B)
Class kotlin.io.TerminateException                                                    : loaded 7 times (x 80B)
Class [Ldagger.spi.internal.shaded.androidx.room.jarjarred.kotlinx.metadata.ClassKind;: loaded 7 times (x 67B)
Class dagger.spi.internal.shaded.androidx.room.jarjarred.kotlinx.metadata.internal.metadata.deserialization.Flags$EnumLiteFlagField: loaded 7 times (x 74B)
Class kotlin.annotation.Repeatable                                                    : loaded 7 times (x 68B)
Class [Lnet.ltgt.gradle.incap.IncrementalAnnotationProcessorType;                     : loaded 7 times (x 67B)
Class dagger.spi.internal.shaded.androidx.room.jarjarred.kotlinx.metadata.Attributes$isNegated$2: loaded 7 times (x 135B)
Class kotlin.io.FileTreeWalk$FileTreeWalkIterator$TopDownDirectoryState               : loaded 7 times (x 72B)
Class dagger.spi.internal.shaded.androidx.room.compiler.processing.javac.JavacTypeElement$xClassName$2: loaded 7 times (x 77B)
Class dagger.spi.internal.shaded.androidx.room.compiler.processing.javac.JavacElement : loaded 7 times (x 177B)
Class dagger.spi.internal.shaded.androidx.room.jarjarred.kotlinx.metadata.jvm.JvmTypeExtensionVisitor$Companion: loaded 7 times (x 69B)
Class dagger.hilt.processor.internal.HiltCompilerOptions                              : loaded 7 times (x 69B)
Class dagger.spi.internal.shaded.androidx.room.compiler.processing.javac.kotlin.KmClassContainer$superTypes$2: loaded 7 times (x 77B)
Class dagger.spi.internal.shaded.androidx.room.jarjarred.kotlinx.metadata.internal.protobuf.FieldSet: loaded 7 times (x 70B)
Class com.google.common.collect.SortedSetMultimap                                     : loaded 7 times (x 68B)
Class dagger.spi.internal.shaded.androidx.room.jarjarred.kotlinx.metadata.internal.metadata.ProtoBuf$Visibility: loaded 7 times (x 80B)
Class dagger.spi.internal.shaded.androidx.room.compiler.processing.javac.kotlin.KmTypeContainer: loaded 7 times (x 74B)
Class dagger.spi.internal.shaded.androidx.room.jarjarred.kotlinx.metadata.internal.metadata.ProtoBuf$PackageOrBuilder: loaded 7 times (x 68B)
Class dagger.spi.internal.shaded.androidx.room.jarjarred.kotlinx.metadata.internal.extensions.MetadataExtensions$Companion$INSTANCES$2: loaded 7 times (x 76B)
Class [Ldagger.spi.internal.shaded.androidx.room.jarjarred.kotlinx.metadata.internal.metadata.ProtoBuf$TypeParameter$Variance;: loaded 7 times (x 67B)
Class dagger.spi.internal.shaded.androidx.room.compiler.processing.javac.JavacFiler   : loaded 7 times (x 76B)
Class dagger.hilt.android.processor.internal.AndroidClassNames                        : loaded 7 times (x 69B)
Class [Ldagger.spi.internal.shaded.androidx.room.jarjarred.kotlinx.metadata.internal.metadata.ProtoBuf$Visibility;: loaded 7 times (x 67B)
Class kotlin.io.FileTreeWalk$FileTreeWalkIterator                                     : loaded 7 times (x 81B)
Class dagger.spi.internal.shaded.androidx.room.compiler.processing.XType              : loaded 7 times (x 68B)
Class androidx.room.util.SimpleJavaVersion                                            : loaded 7 times (x 73B)
Class com.google.common.collect.ImmutableMultiset                                     : loaded 7 times (x 161B)
Class dagger.spi.internal.shaded.androidx.room.jarjarred.kotlinx.metadata.internal.FlagDelegatesImplKt$functionBooleanFlag$1: loaded 7 times (x 135B)
Class dagger.spi.internal.shaded.androidx.room.compiler.processing.javac.JavacMethodElement$name$2: loaded 7 times (x 77B)
Class dagger.spi.internal.shaded.androidx.room.compiler.processing.javac.kotlin.KmClassContainer$Companion: loaded 7 times (x 69B)
Class androidx.room.RoomProcessor$1                                                   : loaded 7 times (x 76B)
Class dagger.spi.internal.shaded.androidx.room.compiler.processing.javac.JavacMethodElement: loaded 7 times (x 267B)
Class com.google.common.collect.Maps$FilteredEntryMap                                 : loaded 7 times (x 126B)
Class dagger.spi.internal.shaded.androidx.room.jarjarred.kotlinx.metadata.internal.metadata.jvm.deserialization.JvmNameResolverBase$WhenMappings: loaded 7 times (x 69B)
Class dagger.hilt.android.processor.internal.bindvalue.BindValueProcessor             : loaded 7 times (x 98B)
Class dagger.spi.internal.shaded.androidx.room.jarjarred.kotlinx.metadata.internal.extensions.MetadataExtensions$Companion: loaded 7 times (x 69B)
Class dagger.spi.internal.shaded.androidx.room.jarjarred.kotlinx.metadata.internal.FlagDelegatesImplKt$typeBooleanFlag$1: loaded 7 times (x 135B)
Class dagger.spi.internal.shaded.androidx.room.compiler.processing.javac.JavacBasicAnnotationProcessor: loaded 7 times (x 96B)
Class dagger.hilt.android.processor.internal.customtestapplication.CustomTestApplicationProcessor: loaded 7 times (x 98B)
Class dagger.spi.internal.shaded.androidx.room.jarjarred.kotlinx.metadata.internal.metadata.deserialization.BinaryVersion$Companion: loaded 7 times (x 69B)
Class dagger.spi.internal.shaded.androidx.room.jarjarred.kotlinx.metadata.internal.metadata.ProtoBuf$AnnotationOrBuilder: loaded 7 times (x 68B)
Class dagger.spi.internal.shaded.androidx.room.jarjarred.kotlinx.metadata.internal.protobuf.WireFormat$JavaType: loaded 7 times (x 77B)
Class dagger.hilt.processor.internal.generatesrootinput.GeneratesRootInputProcessingStep: loaded 7 times (x 85B)
Class dagger.spi.internal.shaded.androidx.room.jarjarred.kotlinx.metadata.internal.protobuf.SmallSortedMap$EmptySet$2: loaded 7 times (x 76B)
Class dagger.spi.internal.shaded.androidx.room.jarjarred.kotlinx.metadata.internal.metadata.ProtoBuf$Property: loaded 7 times (x 146B)
Class dagger.spi.internal.shaded.androidx.room.jarjarred.kotlinx.metadata.KmTypeVisitor: loaded 7 times (x 80B)
Class dagger.spi.internal.shaded.androidx.room.jarjarred.kotlinx.metadata.internal.protobuf.SmallSortedMap$EmptySet$1: loaded 7 times (x 76B)
Class com.google.common.collect.ImmutableSortedSet$Builder                            : loaded 7 times (x 84B)
Class dagger.spi.internal.shaded.androidx.room.compiler.processing.javac.kotlin.KmData: loaded 7 times (x 68B)
Class [Ldagger.spi.internal.shaded.androidx.room.jarjarred.kotlinx.metadata.internal.protobuf.WireFormat$JavaType;: loaded 7 times (x 67B)
Class dagger.spi.internal.shaded.androidx.room.compiler.codegen.XClassName            : loaded 7 times (x 73B)
Class androidx.room.compiler.processing.javac.JavacProcessingEnv$messager$2           : loaded 7 times (x 77B)
Class dagger.spi.internal.shaded.androidx.room.jarjarred.kotlinx.metadata.jvm.internal.JvmMetadataExtensions: loaded 7 times (x 101B)
Class com.google.common.collect.Maps$FilteredEntryMap$EntrySet                        : loaded 7 times (x 150B)
Class dagger.spi.internal.shaded.androidx.room.jarjarred.kotlinx.metadata.internal.ReadContext: loaded 7 times (x 70B)
Class dagger.spi.internal.shaded.androidx.room.compiler.processing.compat.XConverters : loaded 7 times (x 69B)
Class dagger.spi.internal.shaded.androidx.room.compiler.processing.XRoundEnv          : loaded 7 times (x 68B)
Class androidx.room.compiler.processing.XProcessingStep                               : loaded 7 times (x 68B)
Class com.google.common.collect.Maps$EntrySet                                         : loaded 7 times (x 134B)
Class dagger.spi.internal.shaded.androidx.room.jarjarred.kotlinx.metadata.internal.protobuf.BoundedByteString: loaded 7 times (x 110B)
Class com.google.common.collect.Iterators$6                                           : loaded 7 times (x 79B)
Class com.google.common.base.CaseFormat                                               : loaded 7 times (x 81B)
Class dagger.spi.internal.shaded.androidx.room.compiler.processing.javac.JavacAnnotation$declaredAnnotationValues$2: loaded 7 times (x 77B)
Class com.google.common.collect.ImmutableMultimap$1                                   : loaded 7 times (x 80B)
Class dagger.spi.internal.shaded.androidx.room.jarjarred.kotlinx.metadata.internal.metadata.ProtoBuf$Type$1: loaded 7 times (x 142B)
Class dagger.spi.internal.shaded.androidx.room.compiler.processing.javac.JavacTypeElement$superClass$2: loaded 7 times (x 77B)
Class com.google.common.collect.ImmutableMultimap$EntryCollection                     : loaded 7 times (x 126B)
Class dagger.hilt.android.processor.internal.bindvalue.AutoValue_BindValueMetadata    : loaded 7 times (x 72B)
Class dagger.spi.internal.shaded.androidx.room.compiler.processing.XElementKt         : loaded 7 times (x 69B)
Class com.google.common.collect.ImmutableMultimap$2                                   : loaded 7 times (x 79B)
Class dagger.spi.internal.shaded.androidx.room.jarjarred.kotlinx.metadata.jvm.internal.JvmClassExtension: loaded 7 times (x 91B)
Class dagger.spi.internal.shaded.auto.common.MoreElements$TypeElementVisitor          : loaded 7 times (x 91B)
Class dagger.spi.internal.shaded.androidx.room.compiler.processing.javac.JavacTypeElement: loaded 7 times (x 298B)
Class kotlin.sequences.FilteringSequence                                              : loaded 7 times (x 73B)
Class dagger.spi.internal.shaded.androidx.room.jarjarred.kotlinx.metadata.internal.protobuf.InvalidProtocolBufferException: loaded 7 times (x 82B)
Class dagger.spi.internal.shaded.androidx.room.compiler.processing.javac.JavacProcessingEnvMessager$Companion: loaded 7 times (x 69B)
Class androidx.room.processor.Context$BooleanProcessorOptions                         : loaded 7 times (x 78B)
Class dagger.internal.codegen.extension.DaggerStreams                                 : loaded 7 times (x 69B)
Class dagger.spi.internal.shaded.androidx.room.jarjarred.kotlinx.metadata.internal.metadata.deserialization.VersionRequirementTable: loaded 7 times (x 70B)
Class dagger.spi.internal.shaded.androidx.room.jarjarred.kotlinx.metadata.internal.metadata.ProtoBuf$TypeTable: loaded 7 times (x 107B)
Class [Ldagger.spi.internal.shaded.androidx.room.compiler.processing.XProcessingEnv$Backend;: loaded 7 times (x 67B)
Class androidx.room.compiler.processing.XProcessingEnv$Companion                      : loaded 7 times (x 69B)
Class dagger.spi.internal.shaded.androidx.room.jarjarred.kotlinx.metadata.internal.metadata.deserialization.BinaryVersion: loaded 7 times (x 72B)
Class [Ldagger.spi.internal.shaded.androidx.room.compiler.processing.XFiler$Mode;     : loaded 7 times (x 67B)
Class dagger.spi.internal.shaded.androidx.room.jarjarred.kotlinx.metadata.internal.extensions.KmConstructorExtension: loaded 7 times (x 68B)
Class dagger.spi.internal.shaded.androidx.room.jarjarred.kotlinx.metadata.internal.metadata.ProtoBuf$Modality$1: loaded 7 times (x 72B)
Class dagger.spi.internal.shaded.androidx.room.jarjarred.kotlinx.metadata.internal.ReadUtilsKt: loaded 7 times (x 69B)
Class dagger.spi.internal.shaded.androidx.room.jarjarred.kotlinx.metadata.internal.metadata.jvm.deserialization.JvmNameResolverBase: loaded 7 times (x 78B)
Class dagger.hilt.processor.internal.root.RootProcessor                               : loaded 7 times (x 98B)
Class dagger.spi.internal.shaded.androidx.room.compiler.processing.javac.JavacTypeElement$DefaultJavacTypeElement: loaded 7 times (x 298B)
Class dagger.spi.internal.shaded.androidx.room.compiler.processing.XNullability       : loaded 7 times (x 77B)
Class dagger.hilt.processor.internal.ProcessorErrors                                  : loaded 7 times (x 69B)
Class com.google.common.collect.Maps$IteratorBasedAbstractMap                         : loaded 7 times (x 123B)
Class dagger.spi.internal.shaded.androidx.room.jarjarred.kotlinx.metadata.internal.metadata.ProtoBuf$Annotation: loaded 7 times (x 107B)
Class [Landroidx.room.processor.Context$ProcessorOptions;                             : loaded 7 times (x 67B)
Class dagger.spi.internal.shaded.androidx.room.compiler.processing.InternalXAnnotated : loaded 7 times (x 68B)
Class dagger.spi.internal.shaded.androidx.room.jarjarred.kotlinx.metadata.internal.ReadersKt: loaded 7 times (x 69B)
Class dagger.internal.codegen.xprocessing.XTypes                                      : loaded 7 times (x 69B)
Class com.google.common.base.CaseFormat$StringConverter                               : loaded 7 times (x 88B)
Class dagger.spi.internal.shaded.androidx.room.jarjarred.kotlinx.metadata.internal.protobuf.CodedOutputStream$OutOfSpaceException: loaded 7 times (x 80B)
Class dagger.spi.internal.shaded.androidx.room.compiler.processing.javac.JavacMethodElement$returnType$2: loaded 7 times (x 77B)
Class kotlin.io.FileTreeWalk$DirectoryState                                           : loaded 7 times (x 71B)
Class dagger.spi.internal.shaded.androidx.room.jarjarred.kotlinx.metadata.internal.metadata.deserialization.VersionRequirementTable$Companion: loaded 7 times (x 69B)
Class dagger.spi.internal.shaded.androidx.room.compiler.processing.javac.JavacProcessingEnv: loaded 7 times (x 114B)
Class dagger.spi.internal.shaded.androidx.room.jarjarred.kotlinx.metadata.jvm.JvmTypeExtensionVisitor: loaded 7 times (x 78B)
Class dagger.spi.internal.shaded.androidx.room.compiler.processing.javac.JavacAnnotationValue$1: loaded 7 times (x 77B)
Class androidx.room.processor.Context$Companion                                       : loaded 7 times (x 69B)
Class dagger.spi.internal.shaded.androidx.room.jarjarred.kotlinx.metadata.internal.protobuf.AbstractMessageLite: loaded 7 times (x 96B)
Class androidx.room.util.SimpleJavaVersion$compareTo$$inlined$thenBy$1                : loaded 7 times (x 88B)
Class dagger.spi.internal.shaded.androidx.room.jarjarred.kotlinx.metadata.internal.metadata.ProtoBuf$PropertyOrBuilder: loaded 7 times (x 68B)
Class dagger.spi.internal.shaded.androidx.room.jarjarred.kotlinx.metadata.internal.metadata.jvm.JvmProtoBuf$JvmPropertySignature$Builder: loaded 7 times (x 139B)
Class dagger.spi.internal.shaded.androidx.room.jarjarred.kotlinx.metadata.jvm.internal.JvmExtensionNodesKt: loaded 7 times (x 69B)
Class dagger.internal.codegen.xprocessing.XTypes$1                                    : loaded 7 times (x 69B)
Class androidx.room.compiler.processing.javac.XTypeElementStore                       : loaded 7 times (x 70B)
Class [Lkotlin.collections.State;                                                     : loaded 7 times (x 67B)
Class dagger.spi.internal.shaded.androidx.room.compiler.processing.InternalXAnnotation$valuesByName$2: loaded 7 times (x 77B)
Class dagger.spi.internal.shaded.androidx.room.jarjarred.kotlinx.metadata.Attributes$kind$2: loaded 7 times (x 135B)
Class dagger.spi.internal.shaded.androidx.room.jarjarred.kotlinx.metadata.internal.metadata.ProtoBuf$Type: loaded 7 times (x 143B)
Class dagger.spi.internal.shaded.androidx.room.compiler.processing.javac.JavacType    : loaded 7 times (x 185B)
Class dagger.spi.internal.shaded.androidx.room.jarjarred.kotlinx.metadata.internal.EnumFlagDelegate: loaded 7 times (x 70B)
Class com.squareup.javapoet.MethodSpec$Builder                                        : loaded 7 times (x 70B)
Class dagger.hilt.processor.internal.earlyentrypoint.EarlyEntryPointProcessingStep    : loaded 7 times (x 85B)
Class [Ldagger.spi.internal.shaded.androidx.room.jarjarred.kotlinx.metadata.internal.metadata.ProtoBuf$Type$Argument$Projection;: loaded 7 times (x 67B)
Class androidx.room.compiler.processing.javac.JavacBasicAnnotationProcessor$xEnv$2    : loaded 7 times (x 77B)
Class dagger.spi.internal.shaded.androidx.room.compiler.processing.javac.JavacTypeElement$type$2: loaded 7 times (x 77B)
Class androidx.room.compiler.processing.javac.JavacProcessingEnv                      : loaded 7 times (x 113B)
Class dagger.spi.internal.shaded.androidx.room.jarjarred.kotlinx.metadata.KmDeclarationContainerVisitor: loaded 7 times (x 75B)
Class dagger.spi.internal.shaded.androidx.room.compiler.codegen.XTypeName             : loaded 7 times (x 73B)
Class androidx.room.util.SimpleJavaVersion$compareTo$$inlined$thenBy$2                : loaded 7 times (x 88B)
Class dagger.spi.internal.shaded.androidx.room.jarjarred.kotlinx.metadata.internal.metadata.jvm.JvmProtoBuf$StringTableTypes$Record$Operation$1: loaded 7 times (x 72B)
Class dagger.spi.internal.shaded.androidx.room.jarjarred.kotlinx.metadata.internal.protobuf.SmallSortedMap$Entry: loaded 7 times (x 86B)
Class dagger.spi.internal.shaded.androidx.room.jarjarred.kotlinx.metadata.internal.metadata.ProtoBuf$Effect$InvocationKind: loaded 7 times (x 80B)
Class dagger.hilt.processor.internal.ClassNames                                       : loaded 7 times (x 69B)
Class dagger.spi.internal.shaded.androidx.room.jarjarred.kotlinx.metadata.internal.metadata.jvm.JvmProtoBuf$StringTableTypes$Record: loaded 7 times (x 117B)
Class androidx.room.compiler.processing.javac.JavacFiler                              : loaded 7 times (x 76B)
Class dagger.spi.internal.shaded.androidx.room.compiler.processing.javac.kotlin.KmClassContainer$propertyList$2: loaded 7 times (x 77B)
Class dagger.spi.internal.shaded.androidx.room.jarjarred.kotlinx.metadata.internal.metadata.ProtoBuf$ConstructorOrBuilder: loaded 7 times (x 68B)
Class dagger.spi.internal.shaded.androidx.room.jarjarred.kotlinx.metadata.Attributes$kind$7: loaded 7 times (x 135B)
Class dagger.spi.internal.shaded.androidx.room.jarjarred.kotlinx.metadata.internal.extensions.KmClassExtension: loaded 7 times (x 68B)
Class dagger.spi.internal.shaded.androidx.room.jarjarred.kotlinx.metadata.internal.protobuf.FieldSet$1: loaded 7 times (x 69B)
Class com.google.common.base.CaseFormat$1                                             : loaded 7 times (x 81B)
Class kotlin.io.NoSuchFileException                                                   : loaded 7 times (x 80B)
Class dagger.spi.internal.shaded.androidx.room.compiler.processing.javac.JavacTypeElement$_declaredMethods$2: loaded 7 times (x 77B)
Class dagger.spi.internal.shaded.androidx.room.jarjarred.kotlinx.metadata.internal.protobuf.RopeByteString$RopeInputStream: loaded 7 times (x 90B)
Class com.google.common.base.CaseFormat$2                                             : loaded 7 times (x 81B)
Class dagger.spi.internal.shaded.androidx.room.jarjarred.kotlinx.metadata.internal.metadata.jvm.deserialization.UtfEncodingKt: loaded 7 times (x 69B)
Class dagger.spi.internal.shaded.auto.common.Overrides$NativeOverrides                : loaded 7 times (x 72B)
Class com.google.common.collect.ImmutableMultimap$Keys                                : loaded 7 times (x 164B)
Class [Ldagger.spi.internal.shaded.androidx.room.jarjarred.kotlinx.metadata.internal.metadata.ProtoBuf$Effect$EffectType;: loaded 7 times (x 67B)
Class dagger.spi.internal.shaded.androidx.room.jarjarred.kotlinx.metadata.KmPropertyVisitor: loaded 7 times (x 78B)
Class dagger.spi.internal.shaded.androidx.room.jarjarred.kotlinx.metadata.internal.extensions.KmExtension: loaded 7 times (x 68B)
Class com.google.common.base.CaseFormat$3                                             : loaded 7 times (x 81B)
Class dagger.spi.internal.shaded.androidx.room.jarjarred.kotlinx.metadata.internal.metadata.ProtoBuf$TypeParameterOrBuilder: loaded 7 times (x 68B)
Class kotlin.io.FilesKt__FileTreeWalkKt                                               : loaded 7 times (x 69B)
Class dagger.spi.internal.shaded.androidx.room.jarjarred.kotlinx.metadata.jvm.JvmMethodSignature: loaded 7 times (x 72B)
Class dagger.hilt.processor.internal.optionvalues.BooleanValue                        : loaded 7 times (x 77B)
Class [Ldagger.spi.internal.shaded.androidx.room.jarjarred.kotlinx.metadata.MemberKind;: loaded 7 times (x 67B)
Class dagger.spi.internal.shaded.androidx.room.compiler.processing.javac.JavacType$superTypes$2: loaded 7 times (x 77B)
Class dagger.spi.internal.shaded.androidx.room.jarjarred.kotlinx.metadata.internal.metadata.ProtoBuf$MemberKind: loaded 7 times (x 80B)
Class dagger.spi.internal.shaded.androidx.room.jarjarred.kotlinx.metadata.internal.FlagDelegatesImplKt$valueParameterBooleanFlag$1: loaded 7 times (x 135B)
Class dagger.spi.internal.shaded.androidx.room.compiler.processing.javac.JavacTypeElement$_declaredFields$2: loaded 7 times (x 77B)
Class org.apache.commons.io.filefilter.IOFileFilter                                   : loaded 7 times (x 68B)
Class dagger.spi.internal.shaded.androidx.room.compiler.processing.javac.AnnotationMirrorExtKt: loaded 7 times (x 69B)
Class dagger.spi.internal.shaded.androidx.room.jarjarred.kotlinx.metadata.KmPropertyAccessorAttributes: loaded 7 times (x 69B)
Class com.google.common.base.CaseFormat$4                                             : loaded 7 times (x 81B)
Class com.google.common.base.CaseFormat$5                                             : loaded 7 times (x 81B)
Class com.google.common.collect.ImmutableMap$IteratorBasedImmutableMap$1EntrySetImpl  : loaded 7 times (x 152B)
Class dagger.spi.internal.shaded.androidx.room.jarjarred.kotlinx.metadata.jvm.JvmMemberSignature: loaded 7 times (x 71B)
Class com.google.common.collect.Iterators$SingletonIterator                           : loaded 7 times (x 79B)
Class dagger.spi.internal.shaded.androidx.room.compiler.processing.javac.JavacAnnotationValueKt: loaded 7 times (x 69B)
Class dagger.spi.internal.shaded.androidx.room.jarjarred.kotlinx.metadata.internal.metadata.jvm.JvmProtoBuf$JvmPropertySignature: loaded 7 times (x 112B)
Class dagger.hilt.android.processor.internal.androidentrypoint.AndroidEntryPointProcessor: loaded 7 times (x 98B)
Class dagger.spi.internal.shaded.androidx.room.jarjarred.kotlinx.metadata.internal.metadata.ProtoBuf$Function: loaded 7 times (x 147B)
Class dagger.spi.internal.shaded.androidx.room.compiler.processing.javac.JavacProcessingEnv$messager$2: loaded 7 times (x 77B)
Class dagger.spi.internal.shaded.androidx.room.jarjarred.kotlinx.metadata.internal.protobuf.LazyFieldLite: loaded 7 times (x 80B)
Class dagger.hilt.processor.internal.root.ComponentTreeDepsProcessingStep             : loaded 7 times (x 85B)
Class kotlin.io.LinesSequence$iterator$1                                              : loaded 7 times (x 77B)
Class dagger.spi.internal.shaded.androidx.room.jarjarred.kotlinx.metadata.jvm.JvmClassExtensionVisitor$Companion: loaded 7 times (x 69B)
Class dagger.spi.internal.shaded.androidx.room.jarjarred.kotlinx.metadata.internal.metadata.ProtoBuf$VersionRequirement$VersionKind$1: loaded 7 times (x 72B)
Class dagger.spi.internal.shaded.androidx.room.compiler.processing.javac.JavacExecutableElement$enclosingElement$2: loaded 7 times (x 77B)
Class com.squareup.javapoet.TypeName$1                                                : loaded 7 times (x 107B)
Class dagger.spi.internal.shaded.androidx.room.compiler.processing.javac.JavacTypeElement$packageName$2: loaded 7 times (x 77B)
Class com.squareup.javapoet.ParameterSpec                                             : loaded 7 times (x 70B)
Class dagger.spi.internal.shaded.androidx.room.jarjarred.kotlinx.metadata.KmDeclarationContainerExtensionVisitor: loaded 7 times (x 68B)
Class dagger.spi.internal.shaded.androidx.room.jarjarred.kotlinx.metadata.internal.metadata.jvm.deserialization.JvmMemberSignature: loaded 7 times (x 72B)
Class dagger.spi.internal.shaded.androidx.room.compiler.processing.XEquality          : loaded 7 times (x 68B)
Class dagger.spi.internal.shaded.androidx.room.jarjarred.kotlinx.metadata.jvm.internal.JvmExceptionUtilsKt: loaded 7 times (x 69B)
Class dagger.spi.internal.shaded.androidx.room.jarjarred.kotlinx.metadata.Attributes$isNullCheckPredicate$2: loaded 7 times (x 135B)
Class dagger.spi.internal.shaded.androidx.room.jarjarred.kotlinx.metadata.internal.extensions.ExtensionUtilsKt: loaded 7 times (x 69B)
Class dagger.spi.internal.shaded.androidx.room.jarjarred.kotlinx.metadata.MemberKind  : loaded 7 times (x 77B)
Class androidx.room.RoomProcessor                                                     : loaded 7 times (x 96B)
Class dagger.spi.internal.shaded.androidx.room.compiler.processing.javac.JavacDeclaredType: loaded 7 times (x 185B)
Class dagger.spi.internal.shaded.androidx.room.jarjarred.kotlinx.metadata.internal.metadata.jvm.JvmProtoBuf$StringTableTypes$Record$1: loaded 7 times (x 142B)
Class com.google.common.collect.EmptyImmutableListMultimap                            : loaded 7 times (x 174B)
Class dagger.spi.internal.shaded.androidx.room.compiler.processing.javac.kotlin.KmClassContainer$constructorList$2: loaded 7 times (x 77B)
Class [Ldagger.spi.internal.shaded.androidx.room.jarjarred.kotlinx.metadata.internal.metadata.ProtoBuf$MemberKind;: loaded 7 times (x 67B)
Class dagger.spi.internal.shaded.androidx.room.compiler.processing.javac.kotlin.KmClassContainer: loaded 7 times (x 77B)
Class dagger.spi.internal.shaded.auto.common.MoreTypes$ArrayTypeVisitor               : loaded 7 times (x 100B)
Class dagger.spi.internal.shaded.androidx.room.jarjarred.kotlinx.metadata.internal.protobuf.CodedInputStream: loaded 7 times (x 70B)
Class com.squareup.javapoet.WildcardTypeName                                          : loaded 7 times (x 79B)
Class dagger.spi.internal.shaded.androidx.room.compiler.processing.javac.JavacAnnotationValue: loaded 7 times (x 153B)
Class dagger.spi.internal.shaded.androidx.room.jarjarred.kotlinx.metadata.Attributes$hasAnnotations$2: loaded 7 times (x 135B)
Class dagger.hilt.android.processor.internal.bindvalue.BindValueMetadata              : loaded 7 times (x 71B)
Class dagger.hilt.processor.internal.HiltProcessingEnvConfigs                         : loaded 7 times (x 69B)
Class dagger.spi.internal.shaded.androidx.room.compiler.processing.XHasModifiers      : loaded 7 times (x 68B)
Class dagger.spi.internal.shaded.androidx.room.jarjarred.kotlinx.metadata.internal.metadata.jvm.JvmProtoBuf$JvmFieldSignature$1: loaded 7 times (x 142B)
Class dagger.spi.internal.shaded.androidx.room.jarjarred.kotlinx.metadata.internal.metadata.ProtoBuf$FunctionOrBuilder: loaded 7 times (x 68B)
Class dagger.spi.internal.shaded.androidx.room.compiler.processing.CommonProcessorDelegate: loaded 7 times (x 70B)
Class [Ldagger.spi.internal.shaded.androidx.room.jarjarred.kotlinx.metadata.internal.metadata.ProtoBuf$Modality;: loaded 7 times (x 67B)
Class dagger.spi.internal.shaded.androidx.room.jarjarred.kotlinx.metadata.Attributes  : loaded 7 times (x 69B)
Class dagger.spi.internal.shaded.androidx.room.jarjarred.kotlinx.metadata.internal.metadata.ProtoBuf$Expression$ConstantValue$1: loaded 7 times (x 72B)
Class dagger.spi.internal.shaded.androidx.room.jarjarred.kotlinx.metadata.KmProperty  : loaded 7 times (x 79B)
Class dagger.spi.internal.shaded.androidx.room.jarjarred.kotlinx.metadata.jvm.JvmMetadataVersion: loaded 7 times (x 72B)
Class dagger.spi.internal.shaded.androidx.room.compiler.processing.javac.JavacTypeElement$allMethods$1: loaded 7 times (x 77B)
Class dagger.spi.internal.shaded.androidx.room.jarjarred.kotlinx.metadata.internal.metadata.ProtoBuf$TypeTable$1: loaded 7 times (x 142B)
Class dagger.spi.internal.shaded.androidx.room.jarjarred.kotlinx.metadata.KmConstructorVisitor: loaded 7 times (x 74B)
Class dagger.spi.internal.shaded.androidx.room.compiler.processing.javac.JavacTypeElement$allFieldsIncludingPrivateSupers$1: loaded 7 times (x 77B)
Class dagger.spi.internal.shaded.androidx.room.compiler.processing.javac.kotlin.KmClassContainer$type$2: loaded 7 times (x 77B)
Class dagger.spi.internal.shaded.androidx.room.jarjarred.kotlinx.metadata.Attributes$hasAnnotations$6: loaded 7 times (x 135B)
Class dagger.spi.internal.shaded.androidx.room.compiler.processing.javac.JavacAnnotation$defaultValues$2: loaded 7 times (x 77B)
Class dagger.spi.internal.shaded.androidx.room.compiler.processing.InternalXAnnotationValue$kind$2: loaded 7 times (x 77B)
Class dagger.spi.internal.shaded.androidx.room.jarjarred.kotlinx.metadata.internal.metadata.ProtoBuf$Package$1: loaded 7 times (x 142B)
Class dagger.spi.internal.shaded.androidx.room.compiler.codegen.XTypeNameKt           : loaded 7 times (x 69B)
Class dagger.spi.internal.shaded.androidx.room.jarjarred.kotlinx.metadata.internal.protobuf.MessageLiteOrBuilder: loaded 7 times (x 68B)
Class dagger.spi.internal.shaded.androidx.room.jarjarred.kotlinx.metadata.Attributes$modality$2: loaded 7 times (x 135B)
Class dagger.spi.internal.shaded.androidx.room.compiler.processing.javac.JavacConstructorElement$typeParameters$2: loaded 7 times (x 77B)
Class dagger.spi.internal.shaded.androidx.room.jarjarred.kotlinx.metadata.internal.metadata.ProtoBuf$ContractOrBuilder: loaded 7 times (x 68B)
Class kotlin.collections.MapWithDefaultImpl                                           : loaded 7 times (x 124B)
Class dagger.spi.internal.shaded.androidx.room.jarjarred.kotlinx.metadata.internal.metadata.ProtoBuf$Modality: loaded 7 times (x 80B)
Class dagger.spi.internal.shaded.androidx.room.jarjarred.kotlinx.metadata.internal.protobuf.AbstractParser: loaded 7 times (x 142B)
Class dagger.spi.internal.shaded.auto.common.MoreTypes$DeclaredTypeVisitor            : loaded 7 times (x 100B)
Class com.google.common.collect.ForwardingSet                                         : loaded 7 times (x 149B)
Class dagger.spi.internal.shaded.androidx.room.jarjarred.kotlinx.metadata.internal.protobuf.LiteralByteString: loaded 7 times (x 110B)
Class androidx.room.compiler.processing.XProcessingEnvConfig$Companion                : loaded 7 times (x 69B)
Class kotlin.io.FilesKt__FilePathComponentsKt                                         : loaded 7 times (x 69B)
Class dagger.spi.internal.shaded.androidx.room.jarjarred.kotlinx.metadata.ClassKind   : loaded 7 times (x 77B)
Class dagger.spi.internal.shaded.androidx.room.jarjarred.kotlinx.metadata.internal.protobuf.GeneratedMessageLite: loaded 7 times (x 99B)
Class dagger.spi.internal.shaded.androidx.room.jarjarred.kotlinx.metadata.Attributes$hasAnnotations$26: loaded 7 times (x 135B)
Class kotlin.sequences.FilteringSequence$iterator$1                                   : loaded 7 times (x 77B)
Class com.squareup.kotlinpoet.Annotatable                                             : loaded 7 times (x 68B)
Class dagger.spi.internal.shaded.androidx.room.jarjarred.kotlinx.metadata.internal.metadata.ProtoBuf$TypeParameter$1: loaded 7 times (x 142B)
Class [Landroidx.room.compiler.processing.XProcessingEnv$Backend;                     : loaded 7 times (x 67B)
Class dagger.spi.internal.shaded.androidx.room.jarjarred.kotlinx.metadata.internal.metadata.ProtoBuf$VersionRequirementTable: loaded 7 times (x 105B)
Class kotlin.text.DelimitedRangesSequence$iterator$1                                  : loaded 7 times (x 77B)
Class dagger.spi.internal.shaded.androidx.room.compiler.processing.javac.JavacMethodElement$parameters$2: loaded 7 times (x 77B)
Class dagger.spi.internal.shaded.androidx.room.jarjarred.kotlinx.metadata.Attributes$modality$6: loaded 7 times (x 135B)
Class dagger.spi.internal.shaded.androidx.room.jarjarred.kotlinx.metadata.internal.protobuf.UninitializedMessageException: loaded 7 times (x 82B)
Class dagger.internal.codegen.xprocessing.XTypes$XTypeEquivalence                     : loaded 7 times (x 82B)
Class dagger.spi.internal.shaded.androidx.room.jarjarred.kotlinx.metadata.internal.protobuf.SmallSortedMap$EmptySet: loaded 7 times (x 69B)
Class dagger.spi.internal.shaded.androidx.room.jarjarred.kotlinx.metadata.internal.metadata.ProtoBuf$TypeTableOrBuilder: loaded 7 times (x 68B)
Class [Lcom.google.common.base.CaseFormat;                                            : loaded 7 times (x 67B)
Class dagger.spi.internal.shaded.androidx.room.jarjarred.kotlinx.metadata.internal.metadata.jvm.deserialization.JvmNameResolver: loaded 7 times (x 78B)
Class com.squareup.kotlinpoet.TagMap$Companion                                        : loaded 7 times (x 69B)
Class dagger.hilt.processor.internal.ProcessorErrorHandler                            : loaded 7 times (x 70B)
Class dagger.spi.internal.shaded.androidx.room.compiler.processing.javac.JavacConstructorElement$executableType$2: loaded 7 times (x 77B)
Class com.google.common.collect.Maps$FilteredEntryMap$EntrySet$1                      : loaded 7 times (x 80B)
Class androidx.room.compiler.processing.XBasicAnnotationProcessor                     : loaded 7 times (x 68B)
Class kotlin.io.FileTreeWalk$WalkState                                                : loaded 7 times (x 71B)
Class dagger.spi.internal.shaded.androidx.room.compiler.processing.JavaPoetExtKt      : loaded 7 times (x 69B)
Class dagger.spi.internal.shaded.androidx.room.jarjarred.kotlinx.metadata.internal.metadata.ProtoBuf$Function$1: loaded 7 times (x 142B)
Class dagger.spi.internal.shaded.auto.common.MoreTypes$AsElementVisitor               : loaded 7 times (x 99B)
Class dagger.spi.internal.shaded.androidx.room.jarjarred.kotlinx.metadata.internal.FlagDelegatesImplKt$constructorBooleanFlag$1: loaded 7 times (x 135B)
Class org.apache.commons.io.output.StringBuilderWriter                                : loaded 7 times (x 98B)
Class dagger.spi.internal.shaded.androidx.room.compiler.processing.javac.kotlin.KmClassContainer$superType$2: loaded 7 times (x 77B)
Class com.squareup.javapoet.LineWrapper$FlushType                                     : loaded 7 times (x 77B)
Class com.squareup.javapoet.MethodSpec                                                : loaded 7 times (x 70B)
Class dagger.spi.internal.shaded.auto.common.MoreTypes                                : loaded 7 times (x 69B)
Class dagger.spi.internal.shaded.androidx.room.jarjarred.kotlinx.metadata.internal.metadata.jvm.JvmProtoBuf$JvmMethodSignature$Builder: loaded 7 times (x 132B)
Class dagger.spi.internal.shaded.androidx.room.jarjarred.kotlinx.metadata.internal.protobuf.SmallSortedMap: loaded 7 times (x 128B)
Class com.google.common.collect.Multimaps                                             : loaded 7 times (x 69B)
Class dagger.spi.internal.shaded.androidx.room.jarjarred.kotlinx.metadata.internal.metadata.ProtoBuf$ValueParameterOrBuilder: loaded 7 times (x 68B)
Class com.google.devtools.ksp.symbol.KSAnnotated                                      : loaded 7 times (x 68B)
Class dagger.hilt.processor.internal.Processors                                       : loaded 7 times (x 69B)
Class dagger.spi.internal.shaded.androidx.room.jarjarred.kotlinx.metadata.Attributes$hasAnnotations$22: loaded 7 times (x 135B)
Class com.google.common.collect.AbstractSetMultimap                                   : loaded 7 times (x 172B)
Class dagger.spi.internal.shaded.auto.common.Overrides                                : loaded 7 times (x 70B)
Class dagger.spi.internal.shaded.androidx.room.jarjarred.kotlinx.metadata.internal.metadata.jvm.JvmProtoBuf$StringTableTypes$Record$Operation: loaded 7 times (x 80B)
Class dagger.spi.internal.shaded.androidx.room.compiler.processing.XProcessingEnv$Backend: loaded 7 times (x 77B)
Class [Ldagger.spi.internal.shaded.androidx.room.jarjarred.kotlinx.metadata.Visibility;: loaded 7 times (x 67B)
Class dagger.spi.internal.shaded.androidx.room.jarjarred.kotlinx.metadata.internal.metadata.ProtoBuf$Class$Kind$1: loaded 7 times (x 72B)
Class dagger.hilt.processor.internal.root.RootProcessingStep                          : loaded 7 times (x 85B)
Class dagger.spi.internal.shaded.androidx.room.jarjarred.kotlinx.metadata.KmPropertyExtensionVisitor: loaded 7 times (x 68B)
Class dagger.spi.internal.shaded.androidx.room.compiler.processing.javac.JavacProcessingEnv$WhenMappings: loaded 7 times (x 69B)
Class kotlin.collections.AbstractIterator                                             : loaded 7 times (x 81B)
Class dagger.spi.internal.shaded.androidx.room.jarjarred.kotlinx.metadata.internal.metadata.ProtoBuf$Class$Kind: loaded 7 times (x 80B)
Class dagger.spi.internal.shaded.androidx.room.compiler.processing.InternalXAnnotationValue$Companion: loaded 7 times (x 69B)
Class dagger.spi.internal.shaded.androidx.room.jarjarred.kotlinx.metadata.internal.metadata.jvm.JvmProtoBuf$JvmFieldSignatureOrBuilder: loaded 7 times (x 68B)
Class dagger.spi.internal.shaded.androidx.room.jarjarred.kotlinx.metadata.InconsistentKotlinMetadataException: loaded 7 times (x 80B)
Class com.google.devtools.ksp.symbol.KSNode                                           : loaded 7 times (x 68B)
Class dagger.hilt.processor.internal.root.RootType                                    : loaded 7 times (x 77B)
Class kotlin.sequences.TransformingSequence                                           : loaded 7 times (x 73B)
Class kotlin.io.FilesKt__UtilsKt                                                      : loaded 7 times (x 69B)
Class [Ldagger.spi.internal.shaded.androidx.room.jarjarred.kotlinx.metadata.internal.protobuf.WireFormat$FieldType;: loaded 7 times (x 67B)
Class dagger.spi.internal.shaded.androidx.room.compiler.processing.javac.JavacAnnotation: loaded 7 times (x 137B)
Class androidx.room.compiler.processing.XProcessingEnvConfig$Builder                  : loaded 7 times (x 70B)
Class dagger.spi.internal.shaded.androidx.room.jarjarred.kotlinx.metadata.internal.metadata.ProtoBuf$MemberKind$1: loaded 7 times (x 72B)
Class dagger.spi.internal.shaded.androidx.room.jarjarred.kotlinx.metadata.internal.protobuf.ByteString: loaded 7 times (x 106B)
Class kotlin.io.FileTreeWalk                                                          : loaded 7 times (x 73B)
Class dagger.spi.internal.shaded.androidx.room.compiler.processing.javac.JavacMethodElement$kotlinDefaultImplClass$2: loaded 7 times (x 77B)
Class dagger.spi.internal.shaded.androidx.room.compiler.processing.javac.JavacExecutableElement$thrownTypes$2: loaded 7 times (x 77B)
Class dagger.spi.internal.shaded.androidx.room.jarjarred.kotlinx.metadata.Attributes$kind$11: loaded 7 times (x 135B)
Class dagger.spi.internal.shaded.androidx.room.compiler.processing.javac.JavacType$rawType$2: loaded 7 times (x 77B)
Class kotlin.io.FileTreeWalk$FileTreeWalkIterator$WhenMappings                        : loaded 7 times (x 69B)
Class dagger.spi.internal.shaded.androidx.room.jarjarred.kotlinx.metadata.Attributes$isReified$2: loaded 7 times (x 135B)
Class androidx.room.compiler.processing.XProcessingEnv$Backend                        : loaded 7 times (x 77B)
Class dagger.spi.internal.shaded.androidx.room.jarjarred.kotlinx.metadata.internal.metadata.ProtoBuf$Constructor: loaded 7 times (x 122B)
Class dagger.spi.internal.shaded.androidx.room.compiler.processing.javac.ElementExtKt : loaded 7 times (x 69B)
Class dagger.spi.internal.shaded.androidx.room.compiler.processing.javac.JavacBasicAnnotationProcessor$2: loaded 7 times (x 77B)
Class com.squareup.kotlinpoet.ClassName$special$$inlined$compareBy$1                  : loaded 7 times (x 87B)
Class dagger.spi.internal.shaded.androidx.room.jarjarred.kotlinx.metadata.jvm.internal.JvmPropertyExtension: loaded 7 times (x 86B)
Class dagger.spi.internal.shaded.androidx.room.jarjarred.kotlinx.metadata.jvm.JvmMetadataVersion$Companion: loaded 7 times (x 69B)
Class dagger.spi.internal.shaded.androidx.room.compiler.codegen.XTypeName$Companion   : loaded 7 times (x 69B)
Class android.databinding.annotationprocessor.ProcessDataBinding$Callback             : loaded 7 times (x 68B)
Class dagger.spi.internal.shaded.androidx.room.compiler.processing.javac.JavacAnnotation$annotationValues$2: loaded 7 times (x 77B)
Class dagger.spi.internal.shaded.androidx.room.jarjarred.kotlinx.metadata.Attributes$modality$10: loaded 7 times (x 135B)
Class dagger.spi.internal.shaded.androidx.room.compiler.processing.javac.JavacConstructorElement: loaded 7 times (x 254B)
Class dagger.spi.internal.shaded.androidx.room.compiler.processing.javac.kotlin.KmVisibility: loaded 7 times (x 68B)
Class dagger.hilt.android.processor.internal.androidentrypoint.AndroidEntryPointProcessingStep: loaded 7 times (x 85B)
Class dagger.spi.internal.shaded.androidx.room.compiler.processing.javac.JavacDeclaredType$typeArguments$2: loaded 7 times (x 77B)
Class dagger.spi.internal.shaded.androidx.room.jarjarred.kotlinx.metadata.jvm.KotlinClassMetadata: loaded 7 times (x 74B)
Class dagger.spi.internal.shaded.androidx.room.jarjarred.kotlinx.metadata.Attributes$visibility$22: loaded 7 times (x 135B)
Class android.databinding.annotationprocessor.ProcessDataBinding                      : loaded 7 times (x 85B)
Class dagger.internal.codegen.ComponentProcessor                                      : loaded 7 times (x 96B)
Class dagger.spi.internal.shaded.androidx.room.compiler.processing.javac.JavacTypeElement$className$2: loaded 7 times (x 77B)
Class dagger.spi.internal.shaded.androidx.room.jarjarred.kotlinx.metadata.internal.metadata.deserialization.ProtoBufUtilKt: loaded 7 times (x 69B)
Class dagger.spi.internal.shaded.androidx.room.jarjarred.kotlinx.metadata.internal.metadata.ProtoBuf$Package: loaded 7 times (x 127B)
Class org.apache.commons.io.output.ByteArrayOutputStream                              : loaded 7 times (x 90B)
Class kotlin.collections.State                                                        : loaded 7 times (x 77B)
Class dagger.spi.internal.shaded.androidx.room.jarjarred.kotlinx.metadata.Attributes$modality$14: loaded 7 times (x 135B)
Class dagger.hilt.android.processor.internal.customtestapplication.CustomTestApplicationProcessingStep: loaded 7 times (x 85B)
Class [Ldagger.hilt.processor.internal.root.RootType;                                 : loaded 7 times (x 67B)
Class dagger.spi.internal.shaded.androidx.room.jarjarred.kotlinx.metadata.internal.metadata.jvm.JvmProtoBuf$StringTableTypes$1: loaded 7 times (x 142B)
Class dagger.spi.internal.shaded.androidx.room.compiler.processing.javac.JavacType$typeElement$2: loaded 7 times (x 77B)
Class dagger.spi.internal.shaded.androidx.room.compiler.processing.XTypeElement       : loaded 7 times (x 68B)
Class dagger.spi.internal.shaded.androidx.room.jarjarred.kotlinx.metadata.internal.metadata.deserialization.ProtoTypeTableUtilKt: loaded 7 times (x 69B)
Class dagger.spi.internal.shaded.androidx.room.compiler.processing.javac.JavacAnnotationValue$value$2: loaded 7 times (x 77B)
Class dagger.spi.internal.shaded.androidx.room.compiler.processing.CommonProcessorDelegate$processRound$currentElementsDeferredByStep$1$previousRoundDeferredElementsByAnnotation$1: loaded 7 times (x 76B)
Class dagger.spi.internal.shaded.androidx.room.jarjarred.kotlinx.metadata.internal.protobuf.ExtensionRegistryLite: loaded 7 times (x 72B)
Class dagger.spi.internal.shaded.androidx.room.jarjarred.kotlinx.metadata.KmClassVisitor: loaded 7 times (x 90B)
Class android.databinding.tool.CompilerArguments                                      : loaded 7 times (x 70B)
Class dagger.spi.internal.shaded.androidx.room.compiler.processing.XProcessingEnvConfig$Companion: loaded 7 times (x 69B)
Class dagger.spi.internal.shaded.androidx.room.compiler.processing.javac.kotlin.KmClassContainer$primaryConstructorSignature$2: loaded 7 times (x 77B)
Class kotlin.sequences.ConstrainedOnceSequence                                        : loaded 7 times (x 73B)
Class dagger.spi.internal.shaded.androidx.room.jarjarred.kotlinx.metadata.internal.protobuf.MessageLite: loaded 7 times (x 68B)
Class dagger.spi.internal.shaded.androidx.room.compiler.processing.javac.JavacConstructorElement$kotlinMetadata$2: loaded 7 times (x 77B)
Class androidx.room.compiler.processing.javac.JavacProcessingEnv$Companion            : loaded 7 times (x 69B)
Class dagger.spi.internal.shaded.androidx.room.jarjarred.kotlinx.metadata.internal.metadata.ProtoBuf$Annotation$1: loaded 7 times (x 142B)
Class dagger.spi.internal.shaded.androidx.room.jarjarred.kotlinx.metadata.KmExtensionType: loaded 7 times (x 70B)
Class dagger.spi.internal.shaded.androidx.room.jarjarred.kotlinx.metadata.jvm.JvmConstructorExtensionVisitor: loaded 7 times (x 76B)
Class [Ldagger.spi.internal.shaded.androidx.room.jarjarred.kotlinx.metadata.internal.metadata.ProtoBuf$Class$Kind;: loaded 7 times (x 67B)
Class dagger.spi.internal.shaded.androidx.room.jarjarred.kotlinx.metadata.internal.metadata.jvm.JvmProtoBuf$JvmPropertySignature$1: loaded 7 times (x 142B)
Class dagger.hilt.processor.internal.originatingelement.OriginatingElementProcessor   : loaded 7 times (x 98B)
Class com.squareup.javapoet.ParameterSpec$Builder                                     : loaded 7 times (x 70B)
Class dagger.spi.internal.shaded.androidx.room.jarjarred.kotlinx.metadata.KmClassExtensionVisitor: loaded 7 times (x 68B)
Class [Lkotlin.Pair;                                                                  : loaded 7 times (x 67B)
Class [Ldagger.spi.internal.shaded.androidx.room.jarjarred.kotlinx.metadata.internal.metadata.jvm.JvmProtoBuf$StringTableTypes$Record$Operation;: loaded 7 times (x 67B)
Class dagger.spi.internal.shaded.androidx.room.compiler.processing.javac.XTypeElementStore: loaded 7 times (x 70B)
Class dagger.internal.codegen.xprocessing.XElements                                   : loaded 7 times (x 69B)
Class androidx.room.util.SimpleJavaVersion$Companion                                  : loaded 7 times (x 69B)
Class dagger.spi.internal.shaded.androidx.room.compiler.processing.XProcessingEnvConfig$Builder: loaded 7 times (x 70B)
Class dagger.spi.internal.shaded.androidx.room.compiler.processing.javac.JavacProcessingEnv$Companion: loaded 7 times (x 69B)
Class dagger.spi.internal.shaded.androidx.room.compiler.processing.javac.JavacTypeElement$kotlinMetadata$2: loaded 7 times (x 77B)
Class com.google.common.collect.Maps$IteratorBasedAbstractMap$1                       : loaded 7 times (x 136B)
Class dagger.spi.internal.shaded.androidx.room.jarjarred.kotlinx.metadata.internal.protobuf.WireFormat$FieldType$4: loaded 7 times (x 81B)
Class dagger.spi.internal.shaded.androidx.room.jarjarred.kotlinx.metadata.jvm.internal.JvmReadUtils: loaded 7 times (x 69B)
Class dagger.spi.internal.shaded.androidx.room.jarjarred.kotlinx.metadata.internal.protobuf.WireFormat$FieldType$3: loaded 7 times (x 81B)
Class dagger.spi.internal.shaded.androidx.room.jarjarred.kotlinx.metadata.internal.metadata.ProtoBuf$VersionRequirementTableOrBuilder: loaded 7 times (x 68B)
Class dagger.spi.internal.shaded.androidx.room.compiler.processing.javac.kotlin.KmBaseTypeContainer: loaded 7 times (x 68B)
Class dagger.spi.internal.shaded.androidx.room.compiler.processing.javac.JavacType$typeName$2: loaded 7 times (x 77B)
Class dagger.spi.internal.shaded.androidx.room.jarjarred.kotlinx.metadata.internal.metadata.ProtoBuf$Expression$ConstantValue: loaded 7 times (x 80B)
Class dagger.internal.codegen.base.SourceFileGenerationException                      : loaded 7 times (x 80B)
Class dagger.spi.internal.shaded.androidx.room.jarjarred.kotlinx.metadata.internal.protobuf.WireFormat$FieldType$2: loaded 7 times (x 81B)
Class dagger.spi.internal.shaded.androidx.room.compiler.processing.javac.JavacAnnotation$type$2: loaded 7 times (x 77B)
Class dagger.spi.internal.shaded.androidx.room.jarjarred.kotlinx.metadata.internal.extensions.MetadataExtensions: loaded 7 times (x 68B)
Class android.databinding.tool.writer.AnnotationJavaFileWriter                        : loaded 7 times (x 73B)
Class dagger.spi.internal.shaded.androidx.room.jarjarred.kotlinx.metadata.internal.metadata.jvm.deserialization.JvmMemberSignature$Method: loaded 7 times (x 73B)
Class dagger.spi.internal.shaded.auto.common.MoreElements                             : loaded 7 times (x 69B)
Class dagger.spi.internal.shaded.androidx.room.jarjarred.kotlinx.metadata.jvm.KotlinClassMetadata$Companion: loaded 7 times (x 69B)
Class dagger.spi.internal.shaded.androidx.room.compiler.processing.XAnnotationValue   : loaded 7 times (x 68B)
Class dagger.spi.internal.shaded.androidx.room.jarjarred.kotlinx.metadata.internal.protobuf.WireFormat$FieldType$1: loaded 7 times (x 81B)
Class dagger.spi.internal.shaded.androidx.room.jarjarred.kotlinx.metadata.internal.protobuf.ExtensionRegistryLite$ObjectIntPair: loaded 7 times (x 70B)
Class dagger.spi.internal.shaded.androidx.room.jarjarred.kotlinx.metadata.internal.FlagDelegatesImplKt: loaded 7 times (x 69B)
Class dagger.spi.internal.shaded.androidx.room.compiler.codegen.XClassName$Companion  : loaded 7 times (x 69B)
Class [Ldagger.spi.internal.shaded.androidx.room.compiler.processing.XNullability;    : loaded 7 times (x 67B)
Class dagger.spi.internal.shaded.androidx.room.jarjarred.kotlinx.metadata.internal.ReadersKt$WhenMappings: loaded 7 times (x 69B)
Class dagger.hilt.processor.internal.aliasof.AliasOfProcessingStep                    : loaded 7 times (x 85B)
Class dagger.spi.internal.shaded.androidx.room.jarjarred.kotlinx.metadata.internal.metadata.ProtoBuf$VersionRequirement$VersionKind: loaded 7 times (x 80B)
Class dagger.spi.internal.shaded.androidx.room.jarjarred.kotlinx.metadata.internal.protobuf.MessageLite$Builder: loaded 7 times (x 68B)
Class dagger.spi.internal.shaded.androidx.room.compiler.processing.javac.JavacTypeElement$enclosingElement$2: loaded 7 times (x 77B)
Class dagger.spi.internal.shaded.androidx.room.jarjarred.kotlinx.metadata.internal.protobuf.GeneratedMessageLite$ExtendableMessage: loaded 7 times (x 111B)
Class dagger.spi.internal.shaded.androidx.room.compiler.processing.javac.kotlin.KmClassContainer$functionByDescriptor$2: loaded 7 times (x 77B)
Class dagger.spi.internal.shaded.androidx.room.compiler.processing.javac.kotlin.KotlinClassMetadataUtilsKt: loaded 7 times (x 69B)
Class com.squareup.javapoet.LineWrapper$1                                             : loaded 7 times (x 69B)
Class dagger.hilt.processor.internal.JavacBaseProcessingStepProcessor                 : loaded 7 times (x 98B)
Class dagger.spi.internal.shaded.androidx.room.compiler.processing.javac.JavacMethodElement$kotlinMetadata$2: loaded 7 times (x 77B)
Class com.google.common.base.NullnessCasts                                            : loaded 7 times (x 69B)
Class dagger.spi.internal.shaded.androidx.room.jarjarred.kotlinx.metadata.internal.metadata.jvm.JvmProtoBuf$StringTableTypesOrBuilder: loaded 7 times (x 68B)
Class dagger.spi.internal.shaded.androidx.room.compiler.processing.util.MemoizedSequence: loaded 7 times (x 73B)
Class com.google.common.collect.ImmutableMapValues                                    : loaded 7 times (x 124B)
Class com.google.common.collect.Sets$1$1                                              : loaded 7 times (x 80B)
Class dagger.spi.internal.shaded.androidx.room.compiler.processing.javac.JavacDeclaredType$equalityItems$2: loaded 7 times (x 77B)
Class dagger.spi.internal.shaded.androidx.room.jarjarred.kotlinx.metadata.KmTypeExtensionVisitor: loaded 7 times (x 68B)
Class dagger.spi.internal.shaded.androidx.room.jarjarred.kotlinx.metadata.internal.metadata.ProtoBuf$Type$Argument$Projection$1: loaded 7 times (x 72B)
Class dagger.spi.internal.shaded.androidx.room.compiler.processing.javac.JavacTypeElement$Companion: loaded 7 times (x 69B)
Class dagger.spi.internal.shaded.androidx.room.jarjarred.kotlinx.metadata.internal.protobuf.LazyField: loaded 7 times (x 81B)
Class dagger.spi.internal.shaded.androidx.room.jarjarred.kotlinx.metadata.internal.metadata.jvm.JvmProtoBuf$JvmPropertySignatureOrBuilder: loaded 7 times (x 68B)
Class dagger.spi.internal.shaded.androidx.room.compiler.processing.javac.JavacTypeElement$enclosingTypeElement$2: loaded 7 times (x 77B)
Class dagger.spi.internal.shaded.androidx.room.compiler.processing.InternalXAnnotation: loaded 7 times (x 137B)
Class dagger.spi.internal.shaded.androidx.room.jarjarred.kotlinx.metadata.internal.metadata.ProtoBuf$Effect$EffectType: loaded 7 times (x 80B)
Class dagger.spi.internal.shaded.androidx.room.jarjarred.kotlinx.metadata.internal.metadata.deserialization.Flags: loaded 7 times (x 69B)
Class dagger.spi.internal.shaded.androidx.room.compiler.processing.javac.JavacExecutableElement$jvmDescriptor$2: loaded 7 times (x 77B)
Class dagger.spi.internal.shaded.androidx.room.jarjarred.kotlinx.metadata.Attributes$visibility$10: loaded 7 times (x 135B)
Class [Ldagger.spi.internal.shaded.androidx.room.jarjarred.kotlinx.metadata.internal.metadata.ProtoBuf$Expression$ConstantValue;: loaded 7 times (x 67B)
Class dagger.spi.internal.shaded.androidx.room.jarjarred.kotlinx.metadata.internal.protobuf.SmallSortedMap$1: loaded 7 times (x 128B)
Class dagger.hilt.processor.internal.aggregateddeps.AggregatedDepsProcessor           : loaded 7 times (x 98B)
Class dagger.spi.internal.shaded.androidx.room.jarjarred.kotlinx.metadata.internal.metadata.ProtoBuf$TypeParameter: loaded 7 times (x 128B)
Class dagger.hilt.processor.internal.uninstallmodules.UninstallModulesProcessor       : loaded 7 times (x 98B)
Class androidx.room.Database                                                          : loaded 7 times (x 68B)
Class dagger.hilt.processor.internal.BadInputException                                : loaded 7 times (x 80B)
Class dagger.hilt.android.processor.internal.viewmodel.ViewModelProcessor             : loaded 7 times (x 98B)
Class dagger.spi.internal.shaded.auto.common.MoreElements$CastingElementVisitor       : loaded 7 times (x 91B)
Class dagger.spi.internal.shaded.androidx.room.jarjarred.kotlinx.metadata.Attributes$hasAnnotations$18: loaded 7 times (x 135B)
Class dagger.spi.internal.shaded.androidx.room.compiler.processing.XProcessingEnv     : loaded 7 times (x 68B)
Class androidx.room.DatabaseProcessingStep                                            : loaded 7 times (x 77B)
Class dagger.spi.internal.shaded.androidx.room.jarjarred.kotlinx.metadata.internal.metadata.jvm.JvmProtoBuf$JvmMethodSignature$1: loaded 7 times (x 142B)
Class dagger.spi.internal.shaded.androidx.room.compiler.processing.javac.VisitorData  : loaded 7 times (x 70B)
Class androidx.room.processor.Context$ProcessorOptions                                : loaded 7 times (x 77B)
Class dagger.spi.internal.shaded.androidx.room.jarjarred.kotlinx.metadata.internal.metadata.ProtoBuf$Type$Argument$Projection: loaded 7 times (x 80B)
Class dagger.hilt.android.processor.internal.viewmodel.ViewModelProcessingStep        : loaded 7 times (x 85B)
Class dagger.spi.internal.shaded.androidx.room.compiler.processing.javac.JavacProcessingEnvMessager: loaded 7 times (x 71B)
Class com.google.common.collect.ImmutableListMultimap                                 : loaded 7 times (x 174B)
Class dagger.spi.internal.shaded.androidx.room.compiler.processing.javac.JavacTypeElement$qualifiedName$2: loaded 7 times (x 77B)
Class dagger.spi.internal.shaded.androidx.room.compiler.processing.javac.JavacAnnotationValueKt$UNWRAP_VISITOR$1: loaded 7 times (x 101B)
Class com.google.common.collect.CollectSpliterators$1WithCharacteristics              : loaded 7 times (x 88B)
Class com.google.common.collect.ImmutableMultimap$Values                              : loaded 7 times (x 124B)
Class dagger.hilt.processor.internal.root.ComponentTreeDepsProcessor                  : loaded 7 times (x 98B)
Class com.squareup.kotlinpoet.ClassName$special$$inlined$thenBy$1                     : loaded 7 times (x 88B)
Class com.squareup.kotlinpoet.ClassName$special$$inlined$thenBy$2                     : loaded 7 times (x 88B)
Class dagger.spi.internal.shaded.androidx.room.jarjarred.kotlinx.metadata.Attributes$hasAnnotations$10: loaded 7 times (x 135B)
Class dagger.spi.internal.shaded.androidx.room.compiler.processing.javac.JavacConstructorElement$parameters$2: loaded 7 times (x 77B)
Class dagger.spi.internal.shaded.androidx.room.compiler.processing.javac.JavacExecutableElement: loaded 7 times (x 221B)
Class dagger.spi.internal.shaded.androidx.room.jarjarred.kotlinx.metadata.KmClassifier$Class: loaded 7 times (x 70B)
Class dagger.spi.internal.shaded.androidx.room.jarjarred.kotlinx.metadata.internal.protobuf.GeneratedMessageLite$Builder: loaded 7 times (x 126B)
Class net.ltgt.gradle.incap.IncrementalAnnotationProcessorType                        : loaded 7 times (x 77B)
Class dagger.spi.internal.shaded.androidx.room.jarjarred.kotlinx.metadata.KmExtensionVisitor: loaded 7 times (x 68B)
Class kotlin.text.DelimitedRangesSequence                                             : loaded 7 times (x 73B)
Class [Ldagger.spi.internal.shaded.androidx.room.jarjarred.kotlinx.metadata.internal.metadata.ProtoBuf$Effect$InvocationKind;: loaded 7 times (x 67B)
Class dagger.spi.internal.shaded.androidx.room.jarjarred.kotlinx.metadata.internal.metadata.ProtoBuf$Class: loaded 7 times (x 178B)
Class dagger.spi.internal.shaded.androidx.room.compiler.processing.XMethodElement     : loaded 7 times (x 68B)
Class kotlin.collections.AbstractIterator$WhenMappings                                : loaded 7 times (x 69B)
Class dagger.spi.internal.shaded.androidx.room.jarjarred.kotlinx.metadata.internal.protobuf.RopeByteString: loaded 7 times (x 108B)
Class dagger.spi.internal.shaded.androidx.room.jarjarred.kotlinx.metadata.internal.protobuf.Internal$EnumLiteMap: loaded 7 times (x 68B)
Class dagger.spi.internal.shaded.androidx.room.jarjarred.kotlinx.metadata.Attributes$visibility$14: loaded 7 times (x 135B)
Class dagger.spi.internal.shaded.androidx.room.compiler.processing.XFiler$Mode        : loaded 7 times (x 77B)
Class dagger.spi.internal.shaded.androidx.room.jarjarred.kotlinx.metadata.internal.protobuf.ByteString$Output: loaded 7 times (x 84B)
Class dagger.spi.internal.shaded.androidx.room.jarjarred.kotlinx.metadata.internal.metadata.ProtoBuf$Visibility$1: loaded 7 times (x 72B)
Class dagger.spi.internal.shaded.androidx.room.jarjarred.kotlinx.metadata.internal.FlagDelegatesImplKt$classBooleanFlag$1: loaded 7 times (x 135B)
Class dagger.spi.internal.shaded.androidx.room.jarjarred.kotlinx.metadata.internal.metadata.jvm.deserialization.JvmNameResolverKt: loaded 7 times (x 69B)
Class dagger.hilt.processor.internal.originatingelement.OriginatingElementProcessingStep: loaded 7 times (x 85B)
Class com.google.common.collect.ImmutableMultisetGwtSerializationDependencies         : loaded 7 times (x 123B)
Class com.squareup.javapoet.ClassName$1                                               : loaded 7 times (x 95B)
Class dagger.spi.internal.shaded.androidx.room.compiler.processing.XAnnotation        : loaded 7 times (x 68B)
Class dagger.spi.internal.shaded.androidx.room.jarjarred.kotlinx.metadata.internal.metadata.ProtoBuf$ClassOrBuilder: loaded 7 times (x 68B)
Class dagger.spi.internal.shaded.androidx.room.jarjarred.kotlinx.metadata.internal.metadata.ProtoBuf$Class$1: loaded 7 times (x 142B)
Class dagger.spi.internal.shaded.androidx.room.jarjarred.kotlinx.metadata.internal.metadata.jvm.deserialization.JvmNameResolverBase$Companion: loaded 7 times (x 69B)
Class dagger.spi.internal.shaded.androidx.room.jarjarred.kotlinx.metadata.internal.metadata.jvm.JvmProtoBuf$JvmMethodSignature: loaded 7 times (x 106B)
Class dagger.spi.internal.shaded.androidx.room.jarjarred.kotlinx.metadata.internal.protobuf.GeneratedMessageLite$GeneratedExtension: loaded 7 times (x 77B)
Class dagger.spi.internal.shaded.androidx.room.jarjarred.kotlinx.metadata.internal.metadata.ProtoBuf$Contract: loaded 7 times (x 105B)
Class dagger.hilt.processor.internal.uninstallmodules.UninstallModulesProcessingStep  : loaded 7 times (x 85B)
Class dagger.hilt.processor.internal.aggregateddeps.AggregatedDepsProcessingStep      : loaded 7 times (x 85B)
Class dagger.spi.internal.shaded.androidx.room.jarjarred.kotlinx.metadata.jvm.internal.JvmConstructorExtension: loaded 7 times (x 81B)
Class dagger.spi.internal.shaded.androidx.room.jarjarred.kotlinx.metadata.internal.protobuf.GeneratedMessageLite$ExtensionDescriptor: loaded 7 times (x 82B)
Class androidx.room.compiler.processing.XProcessingEnv                                : loaded 7 times (x 68B)
Class dagger.spi.internal.shaded.androidx.room.compiler.processing.javac.JavacTypeElement$packageElement$2: loaded 7 times (x 77B)
Class androidx.room.processor.Context$Companion$ARG_OPTIONS$2                         : loaded 7 times (x 76B)
Class dagger.spi.internal.shaded.androidx.room.jarjarred.kotlinx.metadata.internal.metadata.deserialization.Flags$BooleanFlagField: loaded 7 times (x 74B)
Class dagger.spi.internal.shaded.androidx.room.jarjarred.kotlinx.metadata.Attributes$visibility$18: loaded 7 times (x 135B)
Class androidx.room.compiler.processing.javac.JavacBasicAnnotationProcessor$steps$2   : loaded 7 times (x 77B)
Class dagger.spi.internal.shaded.androidx.room.compiler.processing.InternalXAnnotationValue: loaded 7 times (x 153B)
Class dagger.spi.internal.shaded.androidx.room.jarjarred.kotlinx.metadata.Attributes$hasAnnotations$14: loaded 7 times (x 135B)
Class dagger.spi.internal.shaded.androidx.room.jarjarred.kotlinx.metadata.internal.metadata.jvm.deserialization.JvmMetadataVersion$Companion: loaded 7 times (x 69B)
Class dagger.spi.internal.shaded.androidx.room.jarjarred.kotlinx.metadata.internal.metadata.ProtoBuf$TypeParameter$Variance$1: loaded 7 times (x 72B)
Class dagger.spi.internal.shaded.auto.common.AnnotationMirrors                        : loaded 7 times (x 69B)
Class dagger.spi.internal.shaded.androidx.room.jarjarred.kotlinx.metadata.jvm.JvmConstructorExtensionVisitor$Companion: loaded 7 times (x 69B)
Class dagger.spi.internal.shaded.androidx.room.jarjarred.kotlinx.metadata.internal.metadata.deserialization.Flags$FlagField: loaded 7 times (x 71B)
Class androidx.room.compiler.processing.javac.JavacProcessingEnv$typeElementStore$3   : loaded 7 times (x 77B)
Class androidx.room.compiler.processing.javac.JavacProcessingEnv$typeElementStore$2   : loaded 7 times (x 76B)
Class kotlin.io.CloseableKt                                                           : loaded 7 times (x 69B)
Class androidx.room.compiler.processing.javac.JavacProcessingEnv$typeElementStore$1   : loaded 7 times (x 77B)
Class dagger.spi.internal.shaded.androidx.room.jarjarred.kotlinx.metadata.internal.metadata.deserialization.NameResolver: loaded 7 times (x 68B)
Class androidx.room.util.SimpleJavaVersion$compareTo$$inlined$compareBy$1             : loaded 7 times (x 87B)
Class dagger.spi.internal.shaded.androidx.room.jarjarred.kotlinx.metadata.jvm.JvmPropertyExtensionVisitor$Companion: loaded 7 times (x 69B)
Class dagger.spi.internal.shaded.androidx.room.jarjarred.kotlinx.metadata.internal.FlagDelegatesImplKt$propertyBooleanFlag$1: loaded 7 times (x 135B)
Class dagger.spi.internal.shaded.androidx.room.jarjarred.kotlinx.metadata.internal.protobuf.GeneratedMessageLite$ExtendableMessageOrBuilder: loaded 7 times (x 68B)
Class com.sun.xml.bind.v2.runtime.reflect.Lister                                      : loaded 6 times (x 74B)
Class com.google.gson.internal.bind.CollectionTypeAdapterFactory$Adapter              : loaded 6 times (x 72B)
Class dagger.internal.Preconditions                                                   : loaded 6 times (x 69B)
Class com.sun.xml.bind.v2.model.impl.RuntimeReferencePropertyInfoImpl                 : loaded 6 times (x 139B)
Class com.sun.xml.bind.v2.model.annotation.RuntimeInlineAnnotationReader              : loaded 6 times (x 104B)
Class dagger.spi.internal.shaded.androidx.room.compiler.processing.javac.JavacMethodParameter: loaded 6 times (x 223B)
Class [Ljavax.xml.bind.annotation.XmlAccessOrder;                                     : loaded 6 times (x 67B)
Class dagger.internal.codegen.xprocessing.XAnnotations$1                              : loaded 6 times (x 82B)
Class dagger.internal.codegen.bindinggraphvalidation.NullableBindingValidator_Factory : loaded 6 times (x 77B)
Class dagger.internal.codegen.validation.BindsInstanceParameterValidator              : loaded 6 times (x 76B)
Class javax.xml.bind.annotation.XmlSchemaType                                         : loaded 6 times (x 68B)
Class com.sun.xml.bind.v2.runtime.ElementBeanInfoImpl$IntercepterLoader               : loaded 6 times (x 79B)
Class com.google.gson.internal.bind.ReflectiveTypeAdapterFactory$BoundField           : loaded 6 times (x 73B)
Class dagger.internal.codegen.componentgenerator.ComponentGenerator                   : loaded 6 times (x 75B)
Class com.sun.xml.bind.v2.model.core.MaybeElement                                     : loaded 6 times (x 68B)
Class dagger.internal.codegen.processingstep.TypeCheckingProcessingStep_MembersInjector: loaded 6 times (x 73B)
Class com.sun.xml.bind.v2.model.impl.ClassInfoImpl$ConflictException                  : loaded 6 times (x 80B)
Class javax.xml.bind.Marshaller                                                       : loaded 6 times (x 68B)
Class dagger.internal.codegen.validation.BindingMethodValidator$Abstractness          : loaded 6 times (x 77B)
Class com.google.common.collect.CompoundOrdering                                      : loaded 6 times (x 113B)
Class com.google.gson.internal.bind.TypeAdapters                                      : loaded 6 times (x 69B)
Class dagger.internal.codegen.validation.BindingMethodValidator$ExceptionSuperclass$1 : loaded 6 times (x 79B)
Class com.google.gson.internal.bind.DefaultDateTypeAdapter$DateType                   : loaded 6 times (x 71B)
Class [Lcom.google.gson.ToNumberPolicy;                                               : loaded 6 times (x 67B)
Class com.sun.xml.bind.DatatypeConverterImpl                                          : loaded 6 times (x 109B)
Class dagger.internal.codegen.validation.BindingMethodValidator$ExceptionSuperclass$2 : loaded 6 times (x 79B)
Class com.sun.xml.bind.v2.runtime.property.ArrayERProperty                            : loaded 6 times (x 102B)
Class dagger.internal.codegen.validation.ComponentCreatorValidator_Factory            : loaded 6 times (x 77B)
Class dagger.internal.codegen.validation.BindingMethodValidator$ExceptionSuperclass$3 : loaded 6 times (x 79B)
Class [Lcom.google.common.collect.LinkedHashMultimap$ValueEntry;                      : loaded 6 times (x 67B)
Class javax.xml.bind.annotation.XmlEnum                                               : loaded 6 times (x 68B)
Class com.sun.xml.bind.v2.runtime.property.SingleElementNodeProperty                  : loaded 6 times (x 100B)
Class dagger.internal.codegen.base.ContributionType$HasContributionType               : loaded 6 times (x 68B)
Class android.databinding.tool.processing.scopes.ScopeProvider                        : loaded 6 times (x 68B)
Class dagger.internal.codegen.validation.BindingElementValidator$ElementValidator     : loaded 6 times (x 75B)
Class dagger.internal.codegen.bindinggraphvalidation.MapMultibindingValidator         : loaded 6 times (x 83B)
Class dagger.internal.codegen.componentgenerator.ComponentGeneratorModule             : loaded 6 times (x 68B)
Class com.sun.xml.bind.v2.model.impl.ReferencePropertyInfoImpl                        : loaded 6 times (x 125B)
Class dagger.internal.codegen.validation.BindingMethodValidatorsModule_IndexValidatorsFactory: loaded 6 times (x 77B)
Class com.google.gson.internal.reflect.ReflectionHelper$RecordSupportedHelper         : loaded 6 times (x 76B)
Class [Lcom.sun.xml.bind.v2.model.core.PropertyKind;                                  : loaded 6 times (x 67B)
Class com.sun.xml.bind.v2.model.annotation.Init                                       : loaded 6 times (x 69B)
Class com.sun.xml.bind.v2.runtime.JAXBContextImpl$JAXBContextBuilder                  : loaded 6 times (x 84B)
Class com.sun.xml.bind.v2.model.core.ReferencePropertyInfo                            : loaded 6 times (x 68B)
Class javax.activation.DataSource                                                     : loaded 6 times (x 68B)
Class dagger.spi.internal.shaded.androidx.room.compiler.processing.ksp.KSTypeJavaPoetExtKt$typeVarNameConstructor$2: loaded 6 times (x 76B)
Class dagger.internal.codegen.validation.SpiModelBindingGraphConverter$DaggerProcessingEnvImpl: loaded 6 times (x 74B)
Class kotlin.jvm.internal.markers.KMutableCollection                                  : loaded 6 times (x 68B)
Class dagger.internal.codegen.validation.BindsMethodValidator_Factory                 : loaded 6 times (x 77B)
Class com.sun.xml.bind.v2.model.impl.ArrayInfoImpl                                    : loaded 6 times (x 96B)
Class dagger.internal.codegen.validation.BindsInstanceMethodValidator                 : loaded 6 times (x 76B)
Class dagger.MembersInjector                                                          : loaded 6 times (x 68B)
Class com.sun.xml.bind.v2.runtime.reflect.TransducedAccessor$CompositeContextDependentTransducedAccessorImpl: loaded 6 times (x 77B)
Class com.sun.xml.bind.v2.runtime.AttributeAccessor                                   : loaded 6 times (x 68B)
Class dagger.internal.codegen.validation.BindingElementValidator$AllowsScoping        : loaded 6 times (x 77B)
Class dagger.spi.internal.shaded.androidx.room.compiler.processing.InternalXAnnotationValue$Kind: loaded 6 times (x 77B)
Class dagger.internal.codegen.bindinggraphvalidation.DuplicateBindingsValidator       : loaded 6 times (x 83B)
Class com.google.gson.stream.JsonWriter                                               : loaded 6 times (x 96B)
Class dagger.spi.internal.shaded.androidx.room.compiler.processing.javac.JavacMethodParameter$closestMemberContainer$2: loaded 6 times (x 77B)
Class dagger.internal.codegen.binding.AutoValue_MultibindingDeclaration               : loaded 6 times (x 77B)
Class com.google.common.collect.ImmutableMap$MapViewOfValuesAsSingletonSets$1         : loaded 6 times (x 80B)
Class [Ljavax.xml.bind.annotation.XmlElement;                                         : loaded 6 times (x 67B)
Class org.apache.commons.io.FilenameUtils                                             : loaded 6 times (x 69B)
Class javax.xml.bind.annotation.XmlIDREF                                              : loaded 6 times (x 68B)
Class com.sun.xml.bind.v2.model.impl.RuntimeArrayInfoImpl                             : loaded 6 times (x 105B)
Class com.google.gson.internal.bind.JsonTreeReader                                    : loaded 6 times (x 96B)
Class com.sun.xml.bind.v2.runtime.reflect.Accessor$GetterSetterReflection             : loaded 6 times (x 83B)
Class com.sun.xml.bind.v2.model.impl.RuntimeTypeRefImpl                               : loaded 6 times (x 94B)
Class dagger.spi.internal.shaded.androidx.room.compiler.processing.javac.DefaultJavacType$equalityItems$2: loaded 6 times (x 77B)
Class com.sun.xml.bind.v2.runtime.BridgeAdapter                                       : loaded 6 times (x 85B)
Class com.google.common.collect.ImmutableSetMultimap$EntrySet                         : loaded 6 times (x 144B)
Class javax.xml.bind.annotation.XmlAttribute                                          : loaded 6 times (x 68B)
Class dagger.spi.BindingGraphPlugin                                                   : loaded 6 times (x 68B)
Class dagger.internal.codegen.componentgenerator.TopLevelImplementationComponent$Factory: loaded 6 times (x 68B)
Class dagger.internal.codegen.ProcessingEnvironmentModule_ProcessingOptionsFactory    : loaded 6 times (x 77B)
Class com.google.common.collect.ByFunctionOrdering                                    : loaded 6 times (x 113B)
Class dagger.internal.codegen.validation.MultibindsMethodValidator                    : loaded 6 times (x 77B)
Class dagger.internal.codegen.binding.MonitoringModules                               : loaded 6 times (x 73B)
Class com.sun.xml.bind.api.CompositeStructure                                         : loaded 6 times (x 70B)
Class dagger.internal.codegen.validation.AnyBindingMethodValidator                    : loaded 6 times (x 73B)
Class com.google.common.collect.NaturalOrdering                                       : loaded 6 times (x 113B)
Class com.sun.xml.bind.v2.runtime.reflect.PrimitiveArrayListerBoolean                 : loaded 6 times (x 74B)
Class com.google.common.collect.ImmutableSetMultimap$Builder                          : loaded 6 times (x 81B)
Class dagger.internal.codegen.xprocessing.XAnnotationValues$1                         : loaded 6 times (x 82B)
Class com.google.common.collect.LinkedHashMultimap$ValueEntry                         : loaded 6 times (x 87B)
Class com.sun.xml.bind.v2.model.impl.Utils$1                                          : loaded 6 times (x 75B)
Class android.databinding.tool.store.ResourceBundle$ValidateAndFilterCallback         : loaded 6 times (x 68B)
Class [Ldagger.internal.codegen.compileroption.ProcessingEnvironmentCompilerOptions$CommandLineOption;: loaded 6 times (x 67B)
Class dagger.internal.codegen.processingstep.SuperficialValidator                     : loaded 6 times (x 73B)
Class dagger.internal.codegen.validation.SpiModelBindingGraphConverter                : loaded 6 times (x 69B)
Class com.sun.xml.bind.v2.runtime.unmarshaller.XsiTypeLoader                          : loaded 6 times (x 76B)
Class com.google.gson.JsonElement                                                     : loaded 6 times (x 90B)
Class com.google.gson.internal.bind.MapTypeAdapterFactory                             : loaded 6 times (x 73B)
Class dagger.internal.codegen.binding.BindingDeclaration                              : loaded 6 times (x 72B)
Class dagger.internal.codegen.writing.UnwrappedMapKeyGenerator_Factory                : loaded 6 times (x 77B)
Class dagger.internal.codegen.binding.AutoValue_ModuleDescriptor                      : loaded 6 times (x 84B)
Class com.sun.xml.bind.v2.model.impl.RuntimeEnumLeafInfoImpl                          : loaded 6 times (x 147B)
Class javax.xml.bind.annotation.XmlAccessOrder                                        : loaded 6 times (x 77B)
Class com.sun.xml.bind.api.RawAccessor                                                : loaded 6 times (x 71B)
Class com.google.gson.TypeAdapterFactory                                              : loaded 6 times (x 68B)
Class com.sun.xml.bind.v2.model.impl.ClassInfoImpl$DuplicateException                 : loaded 6 times (x 80B)
Class [Lcom.google.gson.ToNumberStrategy;                                             : loaded 6 times (x 67B)
Class com.sun.xml.bind.v2.util.QNameMap$Entry                                         : loaded 6 times (x 70B)
Class dagger.internal.codegen.validation.MembersInjectionValidator                    : loaded 6 times (x 70B)
Class dagger.internal.codegen.compileroption.ProcessingEnvironmentCompilerOptions$CommandLineOption: loaded 6 times (x 68B)
Class com.google.common.collect.NullsFirstOrdering                                    : loaded 6 times (x 113B)
Class dagger.internal.codegen.compileroption.ValidationType                           : loaded 6 times (x 77B)
Class com.sun.xml.bind.v2.model.core.EnumLeafInfo                                     : loaded 6 times (x 68B)
Class kotlin.jvm.internal.markers.KMutableMap                                         : loaded 6 times (x 68B)
Class dagger.internal.codegen.binding.ProvisionBinding$Builder                        : loaded 6 times (x 86B)
Class com.sun.xml.bind.v2.model.runtime.RuntimeClassInfo                              : loaded 6 times (x 68B)
Class com.sun.xml.bind.v2.model.impl.ElementInfoImpl                                  : loaded 6 times (x 107B)
Class dagger.internal.codegen.model.DaggerProcessingEnv                               : loaded 6 times (x 72B)
Class dagger.internal.codegen.compileroption.ProcessingEnvironmentCompilerOptions$Feature: loaded 6 times (x 88B)
Class com.google.gson.reflect.TypeToken                                               : loaded 6 times (x 73B)
Class com.sun.xml.bind.v2.model.impl.ModelBuilder                                     : loaded 6 times (x 90B)
Class com.sun.xml.bind.v2.runtime.NameBuilder                                         : loaded 6 times (x 70B)
Class com.sun.xml.bind.Util                                                           : loaded 6 times (x 69B)
Class dagger.internal.codegen.writing.FactoryGenerator                                : loaded 6 times (x 75B)
Class dagger.internal.codegen.base.ElementFormatter                                   : loaded 6 times (x 83B)
Class com.google.gson.internal.bind.TypeAdapters$EnumTypeAdapter                      : loaded 6 times (x 72B)
Class [Lcom.google.gson.stream.JsonToken;                                             : loaded 6 times (x 67B)
Class com.sun.xml.bind.v2.runtime.unmarshaller.WildcardLoader                         : loaded 6 times (x 77B)
Class com.sun.xml.bind.v2.runtime.unmarshaller.ChildLoader                            : loaded 6 times (x 70B)
Class dagger.internal.codegen.binding.BindingGraphConverter                           : loaded 6 times (x 70B)
Class com.google.gson.internal.bind.ReflectiveTypeAdapterFactory$Adapter              : loaded 6 times (x 75B)
Class dagger.internal.codegen.validation.BindsOptionalOfMethodValidator_Factory       : loaded 6 times (x 77B)
Class com.sun.xml.bind.v2.runtime.unmarshaller.Scope                                  : loaded 6 times (x 70B)
Class dagger.spi.internal.shaded.androidx.room.jarjarred.kotlinx.metadata.internal.extensions.KmFunctionExtension: loaded 6 times (x 68B)
Class org.apache.commons.io.FileExistsException                                       : loaded 6 times (x 80B)
Class dagger.internal.codegen.binding.$AutoValue_ComponentDescriptor                  : loaded 6 times (x 87B)
Class com.sun.xml.bind.AccessorFactory                                                : loaded 6 times (x 68B)
Class dagger.internal.codegen.compileroption.ProcessingEnvironmentCompilerOptions$Validation$1: loaded 6 times (x 91B)
Class dagger.internal.codegen.writing.UnwrappedMapKeyGenerator                        : loaded 6 times (x 78B)
Class dagger.internal.codegen.processingstep.MapKeyProcessingStep                     : loaded 6 times (x 84B)
Class [Lcom.sun.xml.bind.v2.model.annotation.Locatable;                               : loaded 6 times (x 67B)
Class javax.xml.bind.annotation.XmlTransient                                          : loaded 6 times (x 68B)
Class com.google.common.collect.MultimapBuilder$ListMultimapBuilder                   : loaded 6 times (x 73B)
Class dagger.internal.codegen.processingstep.InjectProcessingStep                     : loaded 6 times (x 84B)
Class dagger.internal.codegen.binding.BindsTypeChecker                                : loaded 6 times (x 70B)
Class [Lcom.sun.xml.bind.v2.model.annotation.Quick;                                   : loaded 6 times (x 67B)
Class dagger.internal.codegen.binding.SourceFiles                                     : loaded 6 times (x 69B)
Class javax.xml.bind.annotation.XmlSchema                                             : loaded 6 times (x 68B)
Class com.sun.xml.bind.v2.model.impl.RuntimeClassInfoImpl                             : loaded 6 times (x 160B)
Class com.sun.xml.bind.v2.runtime.reflect.Accessor$SetterOnlyReflection               : loaded 6 times (x 83B)
Class com.sun.xml.bind.v2.model.runtime.RuntimeArrayInfo                              : loaded 6 times (x 68B)
Class dagger.spi.internal.shaded.androidx.room.jarjarred.kotlinx.metadata.jvm.JvmFunctionExtensionVisitor$Companion: loaded 6 times (x 69B)
Class javax.xml.bind.annotation.XmlElement                                            : loaded 6 times (x 68B)
Class [Lcom.sun.xml.bind.v2.model.core.ID;                                            : loaded 6 times (x 67B)
Class dagger.internal.codegen.validation.InjectBindingRegistryImpl$BindingsCollection : loaded 6 times (x 70B)
Class dagger.internal.codegen.binding.BindingGraphConverter_Factory                   : loaded 6 times (x 77B)
Class com.sun.xml.bind.v2.model.nav.ParameterizedTypeImpl                             : loaded 6 times (x 83B)
Class javax.xml.bind.annotation.W3CDomHandler                                         : loaded 6 times (x 83B)
Class dagger.internal.codegen.bindinggraphvalidation.IncompatiblyScopedBindingsValidator: loaded 6 times (x 83B)
Class com.google.gson.Gson$FutureTypeAdapter                                          : loaded 6 times (x 74B)
Class com.sun.xml.bind.v2.model.runtime.RuntimeValuePropertyInfo                      : loaded 6 times (x 68B)
Class com.sun.xml.bind.api.ErrorListener                                              : loaded 6 times (x 68B)
Class com.google.common.collect.LinkedHashMultimapGwtSerializationDependencies        : loaded 6 times (x 172B)
Class kotlin.text.StringsKt__StringsKt$splitToSequence$2                              : loaded 6 times (x 77B)
Class com.sun.xml.bind.v2.runtime.property.SingleReferenceNodeProperty$1              : loaded 6 times (x 83B)
Class com.sun.xml.bind.v2.runtime.unmarshaller.TextLoader                             : loaded 6 times (x 76B)
Class dagger.internal.codegen.DaggerDelegateComponentProcessor_Injector$Factory       : loaded 6 times (x 72B)
Class dagger.internal.codegen.validation.InjectBindingRegistryImpl_Factory            : loaded 6 times (x 77B)
Class com.google.gson.JsonNull                                                        : loaded 6 times (x 90B)
Class dagger.spi.internal.shaded.androidx.room.compiler.processing.javac.JavacArrayType$equalityItems$2: loaded 6 times (x 77B)
Class com.sun.xml.bind.v2.model.core.AttributePropertyInfo                            : loaded 6 times (x 68B)
Class dagger.internal.codegen.validation.BindingMethodValidatorsModule                : loaded 6 times (x 68B)
Class dagger.internal.codegen.validation.BindsMethodValidator                         : loaded 6 times (x 76B)
Class com.sun.xml.bind.v2.ClassFactory                                                : loaded 6 times (x 69B)
Class com.sun.xml.bind.v2.model.nav.ReflectionNavigator$6                             : loaded 6 times (x 79B)
Class kotlin.collections.CollectionsKt___CollectionsKt$asSequence$$inlined$Sequence$1 : loaded 6 times (x 73B)
Class com.google.gson.internal.bind.DateTypeAdapter$1                                 : loaded 6 times (x 73B)
Class com.sun.xml.bind.v2.model.annotation.Locatable                                  : loaded 6 times (x 68B)
Class javax.xml.bind.annotation.XmlValue                                              : loaded 6 times (x 68B)
Class com.sun.xml.bind.v2.model.nav.ReflectionNavigator$5                             : loaded 6 times (x 75B)
Class dagger.internal.codegen.compileroption.FeatureStatus                            : loaded 6 times (x 77B)
Class dagger.internal.codegen.writing.ModuleProxies_ModuleConstructorProxyGenerator_Factory: loaded 6 times (x 77B)
Class dagger.internal.codegen.validation.BindsMethodValidator$Validator               : loaded 6 times (x 78B)
Class dagger.spi.internal.shaded.androidx.room.compiler.processing.javac.JavacConstructorElement$parameters$2$1$1: loaded 6 times (x 77B)
Class dagger.internal.codegen.base.Formatter                                          : loaded 6 times (x 83B)
Class [Ldagger.internal.codegen.validation.BindingMethodValidator$ExceptionSuperclass;: loaded 6 times (x 67B)
Class com.sun.xml.bind.v2.model.nav.ReflectionNavigator$3                             : loaded 6 times (x 75B)
Class com.sun.xml.bind.v2.model.core.MapPropertyInfo                                  : loaded 6 times (x 68B)
Class dagger.internal.codegen.base.SourceFileHjarGenerator                            : loaded 6 times (x 75B)
Class com.sun.xml.bind.v2.model.impl.ClassInfoImpl                                    : loaded 6 times (x 135B)
Class com.google.gson.internal.sql.SqlTimestampTypeAdapter$1                          : loaded 6 times (x 73B)
Class com.sun.xml.bind.v2.model.nav.ReflectionNavigator$2                             : loaded 6 times (x 79B)
Class com.sun.xml.bind.v2.model.nav.ReflectionNavigator$1                             : loaded 6 times (x 79B)
Class android.databinding.tool.store.ResourceBundle                                   : loaded 6 times (x 82B)
Class dagger.spi.internal.shaded.androidx.room.jarjarred.kotlinx.metadata.internal.metadata.jvm.deserialization.JvmMemberSignature$Field: loaded 6 times (x 73B)
Class dagger.internal.codegen.processingstep.ComponentProcessingStep                  : loaded 6 times (x 84B)
Class com.sun.xml.bind.v2.model.annotation.AbstractInlineAnnotationReaderImpl         : loaded 6 times (x 102B)
Class com.sun.xml.bind.v2.model.impl.ERPropertyInfoImpl                               : loaded 6 times (x 106B)
Class dagger.internal.codegen.writing.AnnotationCreatorGenerator                      : loaded 6 times (x 78B)
Class com.sun.xml.bind.v2.runtime.reflect.TransducedAccessor$CompositeTransducedAccessorImpl: loaded 6 times (x 77B)
Class com.sun.xml.bind.v2.runtime.unmarshaller.UnmarshallerImpl                       : loaded 6 times (x 137B)
Class dagger.internal.codegen.validation.BindsInstanceMethodValidator$Validator       : loaded 6 times (x 75B)
Class dagger.internal.codegen.ProcessingEnvironmentModule_FilerFactory                : loaded 6 times (x 77B)
Class com.google.common.collect.MultimapBuilder$MultimapBuilderWithKeys               : loaded 6 times (x 80B)
Class com.sun.xml.bind.v2.model.impl.RuntimeAnyTypeImpl                               : loaded 6 times (x 92B)
Class com.google.common.collect.ImmutableSortedAsList                                 : loaded 6 times (x 181B)
Class dagger.internal.codegen.validation.ExternalBindingGraphPlugins                  : loaded 6 times (x 70B)
Class dagger.internal.Provider                                                        : loaded 6 times (x 68B)
Class dagger.internal.codegen.validation.BindingElementValidator                      : loaded 6 times (x 76B)
Class com.google.gson.internal.reflect.ReflectionHelper                               : loaded 6 times (x 69B)
Class dagger.spi.internal.shaded.androidx.room.compiler.processing.javac.JavacMethodParameter$name$2: loaded 6 times (x 77B)
Class dagger.spi.internal.shaded.androidx.room.jarjarred.kotlinx.metadata.KmVariance  : loaded 6 times (x 77B)
Class dagger.internal.codegen.extension.DaggerCollectors$ToOptionalState              : loaded 6 times (x 70B)
Class com.sun.xml.bind.v2.model.impl.RuntimeElementPropertyInfoImpl                   : loaded 6 times (x 137B)
Class com.sun.xml.bind.v2.runtime.BridgeContextImpl                                   : loaded 6 times (x 75B)
Class dagger.internal.codegen.binding.InjectionAnnotations                            : loaded 6 times (x 70B)
Class dagger.internal.codegen.componentgenerator.ComponentHjarGenerator_Factory       : loaded 6 times (x 77B)
Class com.google.gson.internal.sql.SqlTypesSupport$2                                  : loaded 6 times (x 72B)
Class com.google.gson.internal.sql.SqlTypesSupport$1                                  : loaded 6 times (x 72B)
Class com.google.common.collect.ImmutableListMultimap$Builder                         : loaded 6 times (x 81B)
Class dagger.internal.codegen.kotlin.KotlinMetadataFactory                            : loaded 6 times (x 73B)
Class com.sun.xml.bind.v2.runtime.ArrayBeanInfoImpl                                   : loaded 6 times (x 87B)
Class javax.xml.bind.ValidationEventHandler                                           : loaded 6 times (x 68B)
Class dagger.internal.codegen.processingstep.MultibindingAnnotationsProcessingStep_Factory: loaded 6 times (x 77B)
Class dagger.internal.codegen.bindinggraphvalidation.DependencyCycleValidator         : loaded 6 times (x 83B)
Class dagger.spi.internal.shaded.androidx.room.jarjarred.kotlinx.metadata.internal.metadata.ProtoBuf$Type$Argument$1: loaded 6 times (x 142B)
Class dagger.internal.codegen.validation.ValidationBindingGraphPlugins_Factory        : loaded 6 times (x 77B)
Class com.sun.xml.bind.v2.runtime.unmarshaller.LocatorEx                              : loaded 6 times (x 68B)
Class javax.xml.bind.JAXBContext                                                      : loaded 6 times (x 76B)
Class javax.activation.MimeTypeParseException                                         : loaded 6 times (x 80B)
Class com.google.gson.internal.bind.DefaultDateTypeAdapter$DateType$1                 : loaded 6 times (x 71B)
Class com.google.common.collect.MultimapBuilder$4                                     : loaded 6 times (x 82B)
Class dagger.internal.codegen.validation.ComponentCreatorValidator                    : loaded 6 times (x 73B)
Class com.sun.xml.bind.v2.runtime.reflect.Lister$1                                    : loaded 6 times (x 74B)
Class dagger.internal.codegen.validation.ProvidesMethodValidator_Factory              : loaded 6 times (x 77B)
Class dagger.internal.codegen.javapoet.TypeNames                                      : loaded 6 times (x 69B)
Class dagger.internal.codegen.model.Binding                                           : loaded 6 times (x 68B)
Class com.sun.xml.bind.annotation.OverrideAnnotationOf                                : loaded 6 times (x 68B)
Class dagger.spi.model.BindingGraphPlugin                                             : loaded 6 times (x 68B)
Class com.google.gson.internal.Streams$AppendableWriter                               : loaded 6 times (x 97B)
Class com.google.common.collect.MultimapBuilder$3                                     : loaded 6 times (x 82B)
Class com.sun.xml.bind.v2.runtime.reflect.Lister$2                                    : loaded 6 times (x 75B)
Class [Lcom.sun.xml.bind.v2.model.impl.ClassInfoImpl$SecondaryAnnotation;             : loaded 6 times (x 67B)
Class com.sun.xml.bind.v2.runtime.unmarshaller.Base64Data                             : loaded 6 times (x 87B)
Class dagger.spi.internal.shaded.androidx.room.compiler.processing.javac.JavacMethodParameter$jvmName$2: loaded 6 times (x 77B)
Class dagger.internal.codegen.writing.ProducerFactoryGenerator_Factory                : loaded 6 times (x 77B)
Class dagger.internal.codegen.ServiceLoaders$1                                        : loaded 6 times (x 69B)
Class com.sun.xml.bind.v2.runtime.unmarshaller.StructureLoader$1                      : loaded 6 times (x 69B)
Class dagger.internal.InstanceFactory                                                 : loaded 6 times (x 80B)
Class com.sun.xml.bind.v2.runtime.unmarshaller.LeafPropertyXsiLoader                  : loaded 6 times (x 76B)
Class com.sun.xml.bind.v2.runtime.AnyTypeBeanInfo                                     : loaded 6 times (x 90B)
Class com.sun.xml.bind.v2.runtime.CompositeStructureBeanInfo                          : loaded 6 times (x 96B)
Class dagger.internal.codegen.base.ElementFormatter_Factory$InstanceHolder            : loaded 6 times (x 69B)
Class com.google.common.collect.MultimapBuilder$2                                     : loaded 6 times (x 81B)
Class dagger.internal.codegen.binding.DependencyRequestFormatter_Factory              : loaded 6 times (x 77B)
Class com.sun.xml.bind.v2.runtime.BridgeImpl                                          : loaded 6 times (x 85B)
Class com.google.common.collect.MultimapBuilder$1                                     : loaded 6 times (x 81B)
Class com.sun.xml.bind.v2.runtime.unmarshaller.TagName                                : loaded 6 times (x 73B)
Class com.google.common.collect.Ordering                                              : loaded 6 times (x 112B)
Class com.sun.xml.bind.api.impl.NameConverter$1                                       : loaded 6 times (x 91B)
Class javax.xml.bind.annotation.adapters.XmlJavaTypeAdapter                           : loaded 6 times (x 68B)
Class com.sun.xml.bind.v2.model.impl.RuntimeBuiltinLeafInfoImpl$10                    : loaded 6 times (x 134B)
Class dagger.spi.internal.shaded.androidx.room.jarjarred.kotlinx.metadata.internal.metadata.ProtoBuf$Type$ArgumentOrBuilder: loaded 6 times (x 68B)
Class dagger.internal.codegen.binding.ComponentDescriptor                             : loaded 6 times (x 85B)
Class com.sun.xml.bind.api.impl.NameConverter$2                                       : loaded 6 times (x 91B)
Class javax.xml.bind.annotation.XmlType                                               : loaded 6 times (x 68B)
Class com.sun.xml.bind.v2.model.impl.RuntimeBuiltinLeafInfoImpl$11                    : loaded 6 times (x 134B)
Class com.sun.xml.bind.v2.model.impl.Util                                             : loaded 6 times (x 69B)
Class com.sun.xml.bind.v2.model.impl.RuntimeBuiltinLeafInfoImpl$12                    : loaded 6 times (x 134B)
Class dagger.internal.codegen.binding.DependencyRequestFactory_Factory                : loaded 6 times (x 77B)
Class com.google.gson.GsonBuilder                                                     : loaded 6 times (x 70B)
Class dagger.internal.codegen.binding.ModuleDescriptor_Factory_Factory                : loaded 6 times (x 77B)
Class com.sun.xml.bind.v2.model.impl.ClassInfoImpl$1                                  : loaded 6 times (x 69B)
Class javax.xml.bind.helpers.AbstractUnmarshallerImpl                                 : loaded 6 times (x 128B)
Class dagger.internal.codegen.validation.BindingMethodValidator$ExceptionSuperclass   : loaded 6 times (x 79B)
Class [[Ldagger.internal.codegen.compileroption.ProcessingEnvironmentCompilerOptions$CommandLineOption;: loaded 6 times (x 67B)
Class dagger.internal.codegen.DelegateComponentProcessor_MembersInjector              : loaded 6 times (x 73B)
Class com.google.gson.internal.UnsafeAllocator$4                                      : loaded 6 times (x 70B)
Class dagger.spi.internal.shaded.androidx.room.compiler.processing.XTypeParameterElement: loaded 6 times (x 68B)
Class javax.xml.bind.annotation.XmlRegistry                                           : loaded 6 times (x 68B)
Class dagger.internal.codegen.binding.InjectionSiteFactory                            : loaded 6 times (x 70B)
Class com.google.gson.internal.bind.SerializationDelegatingTypeAdapter                : loaded 6 times (x 72B)
Class com.sun.xml.bind.v2.model.impl.RuntimeBuiltinLeafInfoImpl$13                    : loaded 6 times (x 135B)
Class com.sun.xml.bind.v2.runtime.unmarshaller.DomLoader                              : loaded 6 times (x 76B)
Class javax.xml.bind.annotation.XmlAccessType                                         : loaded 6 times (x 77B)
Class com.google.gson.internal.UnsafeAllocator$3                                      : loaded 6 times (x 71B)
Class com.sun.xml.bind.v2.runtime.reflect.PrimitiveArrayListerCharacter               : loaded 6 times (x 74B)
Class com.sun.xml.bind.v2.model.impl.RuntimeBuiltinLeafInfoImpl$14                    : loaded 6 times (x 134B)
Class com.sun.xml.bind.v2.model.impl.EnumLeafInfoImpl                                 : loaded 6 times (x 126B)
Class dagger.internal.codegen.base.DaggerSuperficialValidation                        : loaded 6 times (x 70B)
Class dagger.internal.codegen.processingstep.AssistedInjectProcessingStep             : loaded 6 times (x 84B)
Class com.sun.xml.bind.IDResolver                                                     : loaded 6 times (x 73B)
Class com.google.gson.internal.UnsafeAllocator$2                                      : loaded 6 times (x 71B)
Class dagger.internal.codegen.validation.BindingGraphValidator                        : loaded 6 times (x 70B)
Class com.sun.xml.bind.v2.runtime.reflect.AdaptedAccessor                             : loaded 6 times (x 83B)
Class com.sun.xml.bind.v2.model.impl.RuntimeBuiltinLeafInfoImpl$15                    : loaded 6 times (x 134B)
Class dagger.internal.codegen.binding.InjectBindingRegistry                           : loaded 6 times (x 68B)
Class com.sun.xml.bind.v2.runtime.IllegalAnnotationsException$Builder                 : loaded 6 times (x 75B)
Class com.google.gson.internal.UnsafeAllocator$1                                      : loaded 6 times (x 71B)
Class com.google.gson.internal.LinkedTreeMap$1                                        : loaded 6 times (x 89B)
Class com.sun.xml.bind.v2.model.impl.RuntimeBuiltinLeafInfoImpl$16                    : loaded 6 times (x 134B)
Class dagger.internal.codegen.compileroption.ProcessingEnvironmentCompilerOptions$Validation: loaded 6 times (x 91B)
Class com.google.gson.internal.ConstructorConstructor$9                               : loaded 6 times (x 74B)
Class dagger.internal.codegen.compileroption.ProcessingEnvironmentCompilerOptions$KeyOnlyOption$2: loaded 6 times (x 84B)
Class dagger.spi.internal.shaded.androidx.room.jarjarred.kotlinx.metadata.KmFunction  : loaded 6 times (x 80B)
Class dagger.internal.codegen.compileroption.ProcessingEnvironmentCompilerOptions$KeyOnlyOption$1: loaded 6 times (x 84B)
Class dagger.internal.codegen.writing.ProducerFactoryGenerator$FutureTransform        : loaded 6 times (x 76B)
Class com.google.gson.FieldNamingStrategy                                             : loaded 6 times (x 68B)
Class com.google.gson.TypeAdapter                                                     : loaded 6 times (x 71B)
Class com.sun.xml.bind.v2.model.runtime.RuntimeMapPropertyInfo                        : loaded 6 times (x 68B)
Class dagger.internal.codegen.bindinggraphvalidation.MapMultibindingValidator_Factory : loaded 6 times (x 77B)
Class [Ldagger.internal.codegen.compileroption.ProcessingEnvironmentCompilerOptions$EnumOption;: loaded 6 times (x 67B)
Class com.sun.xml.bind.v2.model.impl.RuntimeBuiltinLeafInfoImpl$17                    : loaded 6 times (x 134B)
Class com.google.gson.TypeAdapter$1                                                   : loaded 6 times (x 72B)
Class com.sun.xml.bind.v2.model.runtime.RuntimeTypeInfo                               : loaded 6 times (x 68B)
Class javax.xml.bind.annotation.XmlList                                               : loaded 6 times (x 68B)
Class com.sun.xml.bind.v2.model.impl.RuntimeBuiltinLeafInfoImpl$18                    : loaded 6 times (x 134B)
Class com.sun.xml.bind.v2.model.impl.RuntimeBuiltinLeafInfoImpl$19                    : loaded 6 times (x 134B)
Class com.google.gson.Gson$5                                                          : loaded 6 times (x 74B)
Class dagger.internal.codegen.writing.ModuleProxies$ModuleConstructorProxyGenerator   : loaded 6 times (x 75B)
Class android.databinding.tool.util.Preconditions                                     : loaded 6 times (x 69B)
Class dagger.internal.codegen.binding.ContributionBinding                             : loaded 6 times (x 88B)
Class javax.xml.bind.annotation.XmlMixed                                              : loaded 6 times (x 68B)
Class [Ldagger.internal.codegen.compileroption.ValidationType;                        : loaded 6 times (x 67B)
Class dagger.internal.codegen.base.SourceFileGenerator                                : loaded 6 times (x 75B)
Class com.google.common.collect.ReverseOrdering                                       : loaded 6 times (x 113B)
Class com.sun.xml.bind.v2.model.impl.RuntimeTypeInfoSetImpl                           : loaded 6 times (x 121B)
Class dagger.internal.codegen.bindinggraphvalidation.NullableBindingValidator         : loaded 6 times (x 83B)
Class dagger.internal.codegen.bindinggraphvalidation.SubcomponentFactoryMethodValidator_Factory$InstanceHolder: loaded 6 times (x 69B)
Class com.sun.xml.bind.v2.runtime.property.Utils$1                                    : loaded 6 times (x 75B)
Class com.sun.xml.bind.v2.runtime.reflect.Accessor$1                                  : loaded 6 times (x 83B)
Class com.google.gson.Gson$4                                                          : loaded 6 times (x 74B)
Class com.sun.xml.bind.v2.runtime.unmarshaller.ProxyLoader                            : loaded 6 times (x 76B)
Class dagger.spi.internal.shaded.androidx.room.jarjarred.kotlinx.metadata.KmFunctionVisitor: loaded 6 times (x 79B)
Class com.sun.xml.bind.v2.runtime.reflect.Accessor$2                                  : loaded 6 times (x 85B)
Class dagger.internal.codegen.binding.ModuleDescriptor$Factory                        : loaded 6 times (x 73B)
Class dagger.internal.codegen.DelegateComponentProcessor$SourceFileGeneratorsModule   : loaded 6 times (x 68B)
Class dagger.internal.codegen.componentgenerator.ComponentGenerator_Factory           : loaded 6 times (x 77B)
Class com.google.gson.Gson$3                                                          : loaded 6 times (x 73B)
Class com.google.gson.Gson$2                                                          : loaded 6 times (x 74B)
Class javax.xml.bind.UnmarshallerHandler                                              : loaded 6 times (x 68B)
Class dagger.internal.codegen.binding.BindingDeclarationFormatter                     : loaded 6 times (x 84B)
Class dagger.internal.codegen.bindinggraphvalidation.DependencyCycleValidator_Factory : loaded 6 times (x 77B)
Class com.sun.xml.bind.v2.model.nav.Navigator                                         : loaded 6 times (x 68B)
Class dagger.hilt.processor.internal.aggregateddeps.PkgPrivateMetadata                : loaded 6 times (x 73B)
Class com.sun.xml.bind.v2.runtime.property.ArrayReferenceNodeProperty                 : loaded 6 times (x 102B)
Class com.google.gson.Gson$1                                                          : loaded 6 times (x 74B)
Class [Lcom.sun.xml.bind.v2.runtime.unmarshaller.Scope;                               : loaded 6 times (x 67B)
Class [Ldagger.spi.internal.shaded.androidx.room.compiler.processing.InternalXAnnotationValue$Kind;: loaded 6 times (x 67B)
Class com.google.gson.internal.bind.TypeAdapters$1                                    : loaded 6 times (x 73B)
Class com.google.gson.JsonIOException                                                 : loaded 6 times (x 80B)
Class dagger.spi.model.DiagnosticReporter                                             : loaded 6 times (x 73B)
Class dagger.internal.codegen.validation.MapKeyValidator                              : loaded 6 times (x 70B)
Class com.google.gson.internal.bind.TypeAdapters$2                                    : loaded 6 times (x 73B)
Class com.sun.xml.bind.AccessorFactoryImpl                                            : loaded 6 times (x 79B)
Class com.google.gson.internal.bind.ReflectiveTypeAdapterFactory$1                    : loaded 6 times (x 77B)
Class com.sun.xml.bind.v2.model.impl.FieldPropertySeed                                : loaded 6 times (x 88B)
Class com.sun.xml.bind.v2.model.impl.RuntimeModelBuilder                              : loaded 6 times (x 98B)
Class com.google.gson.internal.bind.TypeAdapters$3                                    : loaded 6 times (x 73B)
Class com.google.gson.LongSerializationPolicy$1                                       : loaded 6 times (x 78B)
Class com.google.gson.internal.sql.SqlTimeTypeAdapter$1                               : loaded 6 times (x 73B)
Class dagger.internal.Factory                                                         : loaded 6 times (x 68B)
Class com.sun.xml.bind.v2.model.runtime.RuntimePropertyInfo                           : loaded 6 times (x 68B)
Class com.sun.xml.bind.v2.model.impl.RuntimeBuiltinLeafInfoImpl                       : loaded 6 times (x 131B)
Class com.google.common.collect.Maps$TransformedEntriesMap                            : loaded 6 times (x 125B)
Class [Ldagger.internal.codegen.validation.BindingElementValidator$AllowsScoping;     : loaded 6 times (x 67B)
Class com.sun.xml.bind.v2.model.runtime.RuntimeElementPropertyInfo                    : loaded 6 times (x 68B)
Class com.google.gson.internal.bind.TypeAdapters$4                                    : loaded 6 times (x 73B)
Class com.google.gson.LongSerializationPolicy$2                                       : loaded 6 times (x 78B)
Class com.google.gson.internal.bind.TypeAdapters$5                                    : loaded 6 times (x 73B)
Class dagger.internal.codegen.componentgenerator.TopLevelImplementationComponent      : loaded 6 times (x 68B)
Class dagger.internal.codegen.validation.ComponentDescriptorValidator_Factory         : loaded 6 times (x 77B)
Class dagger.internal.codegen.validation.ExternalBindingGraphPlugins_Factory          : loaded 6 times (x 77B)
Class javax.xml.bind.annotation.XmlElementDecl                                        : loaded 6 times (x 68B)
Class com.google.gson.internal.bind.TypeAdapters$6                                    : loaded 6 times (x 73B)
Class dagger.internal.codegen.compileroption.ProcessingEnvironmentCompilerOptions_Factory: loaded 6 times (x 77B)
Class android.databinding.tool.CompilerArguments$Type                                 : loaded 6 times (x 77B)
Class [Ldagger.internal.codegen.base.ClearableCache;                                  : loaded 6 times (x 67B)
Class com.google.gson.internal.bind.TypeAdapterRuntimeTypeWrapper                     : loaded 6 times (x 72B)
Class com.google.gson.internal.Excluder$1                                             : loaded 6 times (x 72B)
Class com.google.gson.internal.bind.TypeAdapters$7                                    : loaded 6 times (x 73B)
Class dagger.internal.codegen.validation.ComponentHierarchyValidator                  : loaded 6 times (x 70B)
Class dagger.internal.codegen.compileroption.ProcessingEnvironmentCompilerOptions$KeyOnlyOption: loaded 6 times (x 84B)
Class com.sun.xml.bind.v2.model.annotation.SecureLoader                               : loaded 6 times (x 69B)
Class com.google.gson.internal.bind.TypeAdapters$8                                    : loaded 6 times (x 73B)
Class org.apache.commons.io.FileUtils                                                 : loaded 6 times (x 69B)
Class dagger.internal.codegen.bindinggraphvalidation.BindingGraphValidationModule_ProvidePluginsFactory: loaded 6 times (x 77B)
Class com.google.gson.internal.bind.TypeAdapters$9                                    : loaded 6 times (x 73B)
Class com.google.gson.stream.JsonReader                                               : loaded 6 times (x 95B)
Class com.sun.xml.bind.v2.runtime.property.SingleMapNodeProperty                      : loaded 6 times (x 100B)
Class dagger.internal.codegen.binding.MonitoringModules_Factory                       : loaded 6 times (x 76B)
Class [Ldagger.internal.codegen.base.ComponentCreatorAnnotation;                      : loaded 6 times (x 67B)
Class kotlin.jvm.internal.markers.KMutableIterable                                    : loaded 6 times (x 68B)
Class dagger.spi.internal.shaded.androidx.room.compiler.processing.javac.JavacPackageElement$name$2: loaded 6 times (x 77B)
Class com.google.gson.stream.MalformedJsonException                                   : loaded 6 times (x 80B)
Class com.sun.xml.bind.api.JAXBRIContext                                              : loaded 6 times (x 87B)
Class com.sun.xml.bind.v2.model.impl.PropertySeed                                     : loaded 6 times (x 68B)
Class com.sun.xml.bind.v2.model.runtime.RuntimeReferencePropertyInfo                  : loaded 6 times (x 68B)
Class dagger.internal.codegen.binding.ProvisionBinding                                : loaded 6 times (x 93B)
Class com.sun.xml.bind.v2.runtime.property.UnmarshallerChain                          : loaded 6 times (x 70B)
Class javax.xml.bind.annotation.XmlMimeType                                           : loaded 6 times (x 68B)
Class com.sun.xml.bind.v2.runtime.unmarshaller.XsiNilLoader$Array                     : loaded 6 times (x 78B)
Class dagger.internal.codegen.bindinggraphvalidation.SubcomponentFactoryMethodValidator: loaded 6 times (x 83B)
Class dagger.internal.codegen.DelegateComponentProcessor_SourceFileGeneratorsModule_ProducerFactoryGeneratorFactory: loaded 6 times (x 77B)
Class com.sun.xml.bind.v2.runtime.unmarshaller.SAXConnector                           : loaded 6 times (x 99B)
Class com.google.gson.internal.bind.MapTypeAdapterFactory$Adapter                     : loaded 6 times (x 72B)
Class com.sun.xml.bind.v2.model.runtime.RuntimeLeafInfo                               : loaded 6 times (x 68B)
Class dagger.internal.codegen.processingstep.SuperficialValidator_Factory             : loaded 6 times (x 77B)
Class kotlin.collections.builders.ListBuilderKt                                       : loaded 6 times (x 69B)
Class dagger.internal.codegen.writing.ProducerFactoryGenerator                        : loaded 6 times (x 75B)
Class com.google.gson.internal.bind.ArrayTypeAdapter$1                                : loaded 6 times (x 73B)
Class dagger.internal.codegen.validation.BindsInstanceElementValidator                : loaded 6 times (x 76B)
Class com.google.gson.internal.Primitives                                             : loaded 6 times (x 69B)
Class [Lcom.sun.xml.bind.v2.runtime.property.AttributeProperty;                       : loaded 6 times (x 67B)
Class com.google.gson.internal.bind.DefaultDateTypeAdapter                            : loaded 6 times (x 72B)
Class dagger.internal.codegen.validation.ValidationBindingGraphPlugins                : loaded 6 times (x 70B)
Class dagger.internal.codegen.bindinggraphvalidation.CompositeBindingGraphPlugin$Factory: loaded 6 times (x 68B)
Class javax.xml.bind.annotation.XmlSeeAlso                                            : loaded 6 times (x 68B)
Class kotlin.jvm.internal.markers.KMutableIterator                                    : loaded 6 times (x 68B)
Class com.google.common.graph.PredecessorsFunction                                    : loaded 6 times (x 68B)
Class com.google.gson.internal.bind.JsonTreeWriter                                    : loaded 6 times (x 96B)
Class dagger.internal.codegen.validation.DiagnosticMessageGenerator$Factory           : loaded 6 times (x 70B)
Class dagger.internal.codegen.binding.OptionalBindingDeclaration                      : loaded 6 times (x 72B)
Class [Ldagger.internal.codegen.validation.BindingMethodValidator$Abstractness;       : loaded 6 times (x 67B)
Class dagger.spi.internal.shaded.androidx.room.compiler.processing.InternalXAnnotationValue$Kind$Companion: loaded 6 times (x 69B)
Class dagger.internal.codegen.bindinggraphvalidation.SetMultibindingValidator_Factory : loaded 6 times (x 76B)
Class com.sun.xml.bind.v2.runtime.property.ArrayProperty                              : loaded 6 times (x 100B)
Class dagger.internal.codegen.validation.ComponentValidator                           : loaded 6 times (x 73B)
Class com.sun.xml.bind.v2.model.impl.RuntimeBuiltinLeafInfoImpl$10$1                  : loaded 6 times (x 354B)
Class android.databinding.tool.util.LoggedErrorException                              : loaded 6 times (x 80B)
Class com.sun.xml.bind.v2.model.core.ValuePropertyInfo                                : loaded 6 times (x 68B)
Class com.sun.xml.bind.v2.runtime.reflect.ListTransducedAccessorImpl                  : loaded 6 times (x 78B)
Class com.sun.xml.bind.v2.runtime.property.StructureLoaderBuilder                     : loaded 6 times (x 68B)
Class com.google.common.collect.EmptyImmutableSetMultimap                             : loaded 6 times (x 178B)
Class dagger.internal.codegen.binding.ComponentDescriptor$Factory                     : loaded 6 times (x 73B)
Class com.sun.xml.bind.v2.runtime.unmarshaller.LeafPropertyLoader                     : loaded 6 times (x 76B)
Class dagger.internal.codegen.bindinggraphvalidation.CompositeBindingGraphPlugin_Factory_Impl: loaded 6 times (x 73B)
Class dagger.internal.codegen.validation.DiagnosticReporterFactory_Factory            : loaded 6 times (x 77B)
Class javax.xml.bind.JAXBElement                                                      : loaded 6 times (x 79B)
Class dagger.internal.codegen.processingstep.BindingMethodProcessingStep_Factory      : loaded 6 times (x 77B)
Class com.sun.xml.bind.v2.runtime.ClassBeanInfoImpl                                   : loaded 6 times (x 90B)
Class dagger.internal.codegen.validation.ProvidesMethodValidator$Validator            : loaded 6 times (x 78B)
Class com.google.gson.internal.sql.SqlDateTypeAdapter                                 : loaded 6 times (x 72B)
Class [Ldagger.internal.codegen.compileroption.ProcessingEnvironmentCompilerOptions$KeyOnlyOption;: loaded 6 times (x 67B)
Class dagger.internal.codegen.processingstep.AssistedInjectProcessingStep_Factory     : loaded 6 times (x 77B)
Class dagger.internal.codegen.DelegateComponentProcessor_SourceFileGeneratorsModule_ModuleConstructorProxyGeneratorFactory: loaded 6 times (x 77B)
Class android.databinding.tool.processing.ScopedException                             : loaded 6 times (x 84B)
Class dagger.spi.internal.shaded.androidx.room.jarjarred.kotlinx.metadata.jvm.internal.JvmFunctionExtension: loaded 6 times (x 83B)
Class com.sun.xml.bind.annotation.XmlLocation                                         : loaded 6 times (x 68B)
Class com.sun.xml.bind.v2.model.impl.RuntimeBuiltinLeafInfoImpl$20                    : loaded 6 times (x 134B)
Class com.sun.xml.bind.v2.model.impl.ElementPropertyInfoImpl$1                        : loaded 6 times (x 160B)
Class com.sun.xml.bind.v2.model.impl.RuntimeBuiltinLeafInfoImpl$21                    : loaded 6 times (x 134B)
Class dagger.internal.codegen.validation.ModuleValidator$ModuleMethodKind             : loaded 6 times (x 77B)
Class com.google.gson.internal.sql.SqlDateTypeAdapter$1                               : loaded 6 times (x 73B)
Class com.google.gson.ReflectionAccessFilter$FilterResult                             : loaded 6 times (x 77B)
Class javax.xml.bind.annotation.XmlAccessorOrder                                      : loaded 6 times (x 68B)
Class javax.inject.Provider                                                           : loaded 6 times (x 68B)
Class dagger.internal.codegen.model.AutoValue_DaggerProcessingEnv                     : loaded 6 times (x 73B)
Class dagger.spi.internal.shaded.androidx.room.compiler.processing.javac.JavacArrayType$xTypeName$2: loaded 6 times (x 77B)
Class com.sun.xml.bind.v2.runtime.reflect.Lister$CollectionLister                     : loaded 6 times (x 75B)
Class com.sun.xml.bind.v2.model.core.PropertyKind                                     : loaded 6 times (x 77B)
Class javax.xml.bind.JAXBIntrospector                                                 : loaded 6 times (x 71B)
Class com.google.common.collect.Sets$3$1                                              : loaded 6 times (x 80B)
Class javax.xml.bind.annotation.XmlElementRef                                         : loaded 6 times (x 68B)
Class com.sun.xml.bind.v2.runtime.reflect.PrimitiveArrayListerShort                   : loaded 6 times (x 74B)
Class com.google.common.collect.Maps$9                                                : loaded 6 times (x 74B)
Class dagger.internal.codegen.validation.BindsOptionalOfMethodValidator$Validator     : loaded 6 times (x 78B)
Class com.sun.xml.bind.v2.model.impl.RuntimeBuiltinLeafInfoImpl$22                    : loaded 6 times (x 134B)
Class com.sun.xml.bind.WhiteSpaceProcessor                                            : loaded 6 times (x 69B)
Class dagger.internal.codegen.validation.ProducesMethodValidator_Factory              : loaded 6 times (x 77B)
Class dagger.internal.codegen.bindinggraphvalidation.MissingBindingValidator_Factory  : loaded 6 times (x 77B)
Class com.sun.xml.bind.v2.model.impl.RuntimeBuiltinLeafInfoImpl$23                    : loaded 6 times (x 134B)
Class dagger.spi.internal.shaded.androidx.room.jarjarred.kotlinx.metadata.internal.metadata.ProtoBuf$Type$Argument: loaded 6 times (x 108B)
Class com.google.gson.JsonSyntaxException                                             : loaded 6 times (x 80B)
Class com.sun.xml.bind.v2.model.impl.RuntimeMapPropertyInfoImpl                       : loaded 6 times (x 135B)
Class android.databinding.tool.util.L$Client                                          : loaded 6 times (x 68B)
Class com.sun.istack.SAXException2                                                    : loaded 6 times (x 81B)
Class com.sun.xml.bind.v2.model.impl.RuntimeBuiltinLeafInfoImpl$24                    : loaded 6 times (x 135B)
Class com.sun.xml.bind.v2.runtime.output.Pcdata                                       : loaded 6 times (x 86B)
Class kotlin.collections.builders.MapBuilder                                          : loaded 6 times (x 110B)
Class com.sun.xml.bind.v2.model.runtime.RuntimeAttributePropertyInfo                  : loaded 6 times (x 68B)
Class com.sun.xml.bind.v2.ContextFactory                                              : loaded 6 times (x 69B)
Class com.sun.xml.bind.v2.runtime.unmarshaller.StructureLoader                        : loaded 6 times (x 76B)
Class com.sun.xml.bind.v2.model.impl.RuntimeBuiltinLeafInfoImpl$26                    : loaded 6 times (x 134B)
Class dagger.internal.codegen.binding.DependencyRequestFormatter                      : loaded 6 times (x 84B)
Class dagger.internal.codegen.processingstep.ComponentHjarProcessingStep_Factory      : loaded 6 times (x 77B)
Class dagger.internal.codegen.ServiceLoaders                                          : loaded 6 times (x 69B)
Class com.google.common.collect.ExplicitOrdering                                      : loaded 6 times (x 113B)
Class com.sun.xml.bind.v2.runtime.NameList                                            : loaded 6 times (x 70B)
Class com.sun.xml.bind.v2.runtime.IllegalAnnotationsException                         : loaded 6 times (x 84B)
Class com.sun.xml.bind.v2.model.impl.RuntimeBuiltinLeafInfoImpl$27                    : loaded 6 times (x 134B)
Class javax.xml.bind.annotation.XmlElementWrapper                                     : loaded 6 times (x 68B)
Class com.sun.xml.bind.v2.model.impl.RuntimeBuiltinLeafInfoImpl$28                    : loaded 6 times (x 74B)
Class com.google.gson.internal.reflect.ReflectionHelper$RecordHelper                  : loaded 6 times (x 73B)
Class com.sun.xml.bind.v2.runtime.unmarshaller.UnmarshallingContext$DefaultRootLoader : loaded 6 times (x 78B)
Class dagger.internal.codegen.base.ComponentCreatorAnnotation                         : loaded 6 times (x 77B)
Class dagger.internal.codegen.binding.BindingGraph$TopLevelBindingGraph               : loaded 6 times (x 97B)
Class dagger.internal.codegen.processingstep.InjectProcessingStep_Factory             : loaded 6 times (x 77B)
Class [Lcom.google.gson.LongSerializationPolicy;                                      : loaded 6 times (x 67B)
Class [Lcom.google.common.collect.LinkedHashMultimap$ValueSetLink;                    : loaded 6 times (x 67B)
Class com.google.common.collect.AllEqualOrdering                                      : loaded 6 times (x 112B)
Class dagger.internal.codegen.model.RequestKind                                       : loaded 6 times (x 77B)
Class dagger.internal.codegen.validation.DiagnosticMessageGenerator_Factory_Factory   : loaded 6 times (x 77B)
Class com.sun.xml.bind.v2.model.impl.RuntimeBuiltinLeafInfoImpl$UUIDImpl              : loaded 6 times (x 134B)
Class com.sun.xml.bind.v2.model.impl.PropertyInfoImpl                                 : loaded 6 times (x 106B)
Class com.sun.xml.bind.v2.runtime.LifecycleMethods                                    : loaded 6 times (x 70B)
Class dagger.internal.codegen.base.DaggerSuperficialValidation$ValidationException$UnexpectedException: loaded 6 times (x 81B)
Class com.google.gson.JsonParseException                                              : loaded 6 times (x 80B)
Class dagger.internal.codegen.ProcessingEnvironmentModule                             : loaded 6 times (x 68B)
Class com.sun.xml.bind.v2.runtime.unmarshaller.XmlVisitor                             : loaded 6 times (x 68B)
Class [Ldagger.internal.codegen.base.ComponentCreatorKind;                            : loaded 6 times (x 67B)
Class com.google.common.collect.ComparatorOrdering                                    : loaded 6 times (x 113B)
Class dagger.internal.codegen.validation.BindingMethodValidator                       : loaded 6 times (x 76B)
Class dagger.internal.codegen.processingstep.BindsInstanceProcessingStep_Factory      : loaded 6 times (x 77B)
Class com.google.gson.JsonArray                                                       : loaded 6 times (x 98B)
Class com.sun.xml.bind.v2.runtime.JAXBContextImpl$6                                   : loaded 6 times (x 89B)
Class com.sun.xml.bind.v2.model.runtime.RuntimeEnumLeafInfo                           : loaded 6 times (x 68B)
Class dagger.internal.codegen.binding.MultibindingDeclaration_Factory_Factory         : loaded 6 times (x 77B)
Class com.sun.xml.bind.v2.runtime.ElementBeanInfoImpl$1                               : loaded 6 times (x 104B)
Class com.sun.xml.bind.v2.model.core.ElementPropertyInfo                              : loaded 6 times (x 68B)
Class dagger.internal.codegen.binding.KeyFactory_Factory                              : loaded 6 times (x 77B)
Class com.sun.xml.bind.v2.runtime.JAXBContextImpl$5                                   : loaded 6 times (x 72B)
Class [Ldagger.internal.codegen.compileroption.ProcessingEnvironmentCompilerOptions$Feature;: loaded 6 times (x 67B)
Class com.sun.istack.SAXParseException2                                               : loaded 6 times (x 86B)
Class dagger.internal.codegen.model.BindingGraphPlugin                                : loaded 6 times (x 68B)
Class dagger.internal.codegen.base.DaggerSuperficialValidation$ValidationException$KnownErrorType: loaded 6 times (x 81B)
Class dagger.internal.codegen.writing.InaccessibleMapKeyProxyGenerator                : loaded 6 times (x 75B)
Class dagger.Lazy                                                                     : loaded 6 times (x 68B)
Class com.sun.xml.bind.v2.runtime.JAXBContextImpl$3                                   : loaded 6 times (x 72B)
Class javax.xml.bind.annotation.XmlRootElement                                        : loaded 6 times (x 68B)
Class dagger.spi.internal.shaded.androidx.room.compiler.processing.XVariableElement   : loaded 6 times (x 68B)
Class com.google.gson.internal.$Gson$Types                                            : loaded 6 times (x 69B)
Class com.google.gson.internal.sql.SqlTimestampTypeAdapter                            : loaded 6 times (x 74B)
Class com.sun.xml.bind.v2.model.core.TypeInfoSet                                      : loaded 6 times (x 68B)
Class dagger.internal.codegen.model.BindingGraph$Node                                 : loaded 6 times (x 68B)
Class dagger.internal.codegen.validation.SpiModelBindingGraphConverter$DiagnosticReporterImpl: loaded 6 times (x 74B)
Class com.sun.xml.bind.v2.model.annotation.XmlTypeQuick                               : loaded 6 times (x 93B)
Class com.sun.xml.bind.v2.model.runtime.RuntimeBuiltinLeafInfo                        : loaded 6 times (x 68B)
Class com.sun.xml.bind.v2.runtime.JAXBContextImpl$2                                   : loaded 6 times (x 76B)
Class dagger.internal.codegen.bindinggraphvalidation.ProvisionDependencyOnProducerBindingValidator_Factory$InstanceHolder: loaded 6 times (x 69B)
Class com.sun.xml.bind.v2.runtime.unmarshaller.XmlVisitor$TextPredictor               : loaded 6 times (x 68B)
Class dagger.internal.codegen.binding.$AutoValue_OptionalBindingDeclaration           : loaded 6 times (x 73B)
Class dagger.internal.codegen.ProcessingEnvironmentModule_MessagerFactory             : loaded 6 times (x 77B)
Class dagger.internal.codegen.writing.ProducerFactoryGenerator$SingleArgFutureTransform: loaded 6 times (x 76B)
Class dagger.internal.codegen.writing.MembersInjectorGenerator_Factory                : loaded 6 times (x 77B)
Class com.sun.xml.bind.v2.runtime.JAXBContextImpl$1                                   : loaded 6 times (x 76B)
Class com.sun.xml.bind.v2.model.impl.MapPropertyInfoImpl                              : loaded 6 times (x 117B)
Class com.google.common.collect.LexicographicalOrdering                               : loaded 6 times (x 113B)
Class dagger.internal.codegen.binding.SubcomponentDeclaration_Factory_Factory         : loaded 6 times (x 77B)
Class com.sun.xml.bind.v2.runtime.unmarshaller.Intercepter                            : loaded 6 times (x 68B)
Class com.google.common.collect.MultimapBuilder$SortedSetMultimapBuilder              : loaded 6 times (x 75B)
Class dagger.internal.codegen.bindinggraphvalidation.DependsOnProductionExecutorValidator_Factory: loaded 6 times (x 77B)
Class dagger.internal.codegen.base.ClearableCache                                     : loaded 6 times (x 68B)
Class com.sun.xml.bind.v2.runtime.property.ArrayReferenceNodeProperty$MixedTextLoader : loaded 6 times (x 76B)
Class com.sun.xml.bind.v2.runtime.reflect.PrimitiveArrayListerDouble                  : loaded 6 times (x 74B)
Class kotlin.collections.AbstractMutableList                                          : loaded 6 times (x 166B)
Class com.sun.xml.bind.v2.runtime.reflect.Accessor$GetterOnlyReflection               : loaded 6 times (x 83B)
Class dagger.internal.codegen.binding.MultibindingDeclaration$Factory                 : loaded 6 times (x 70B)
Class com.sun.xml.bind.v2.runtime.Coordinator                                         : loaded 6 times (x 81B)
Class com.sun.xml.bind.v2.model.impl.Utils                                            : loaded 6 times (x 69B)
Class dagger.internal.codegen.validation.ProvidesMethodValidator                      : loaded 6 times (x 76B)
Class com.google.gson.internal.Excluder                                               : loaded 6 times (x 73B)
Class dagger.internal.codegen.validation.InjectBindingRegistryImpl                    : loaded 6 times (x 79B)
Class com.sun.xml.bind.v2.runtime.InternalBridge                                      : loaded 6 times (x 85B)
Class com.google.gson.JsonPrimitive                                                   : loaded 6 times (x 91B)
Class com.sun.xml.bind.v2.model.impl.BuiltinLeafInfoImpl                              : loaded 6 times (x 103B)
Class javax.xml.bind.PropertyException                                                : loaded 6 times (x 83B)
Class kotlin.collections.builders.ListBuilder                                         : loaded 6 times (x 167B)
Class com.squareup.javapoet.FieldSpec$Builder                                         : loaded 6 times (x 70B)
Class javax.xml.bind.annotation.DomHandler                                            : loaded 6 times (x 68B)
Class com.google.gson.internal.ObjectConstructor                                      : loaded 6 times (x 68B)
Class dagger.internal.codegen.processingstep.AssistedFactoryProcessingStep_Factory    : loaded 6 times (x 77B)
Class javax.xml.bind.annotation.XmlID                                                 : loaded 6 times (x 68B)
Class com.sun.xml.bind.v2.model.nav.ReflectionNavigator                               : loaded 6 times (x 121B)
Class [Lcom.google.gson.ReflectionAccessFilter$FilterResult;                          : loaded 6 times (x 67B)
Class com.sun.xml.bind.v2.runtime.property.SingleElementLeafProperty                  : loaded 6 times (x 100B)
Class dagger.internal.codegen.binding.ProductionBinding                               : loaded 6 times (x 93B)
Class dagger.internal.codegen.model.BindingGraph                                      : loaded 6 times (x 91B)
Class com.sun.xml.bind.v2.runtime.reflect.PrimitiveArrayListerByte                    : loaded 6 times (x 74B)
Class com.sun.xml.bind.v2.model.impl.RuntimeClassInfoImpl$RuntimePropertySeed         : loaded 6 times (x 82B)
Class dagger.internal.codegen.DaggerDelegateComponentProcessor_Injector               : loaded 6 times (x 69B)
Class dagger.internal.codegen.validation.AnyBindingMethodValidator_Factory            : loaded 6 times (x 77B)
Class javax.xml.bind.annotation.adapters.XmlJavaTypeAdapters                          : loaded 6 times (x 68B)
Class com.google.gson.ToNumberStrategy                                                : loaded 6 times (x 68B)
Class dagger.internal.codegen.bindinggraphvalidation.InjectBindingValidator           : loaded 6 times (x 83B)
Class [Lcom.sun.xml.bind.v2.runtime.Location;                                         : loaded 6 times (x 67B)
Class com.google.gson.Gson                                                            : loaded 6 times (x 70B)
Class com.sun.xml.bind.v2.model.impl.RuntimeAttributePropertyInfoImpl                 : loaded 6 times (x 142B)
Class dagger.spi.internal.shaded.androidx.room.compiler.processing.javac.JavacMethodParameter$kotlinMetadata$2: loaded 6 times (x 77B)
Class dagger.internal.codegen.binding.BindsTypeChecker_Factory                        : loaded 6 times (x 77B)
Class com.sun.xml.bind.api.AccessorException                                          : loaded 6 times (x 80B)
Class com.google.gson.internal.bind.TypeAdapters$34$1                                 : loaded 6 times (x 72B)
Class dagger.internal.codegen.base.ComponentAnnotation                                : loaded 6 times (x 74B)
Class dagger.internal.codegen.model.BindingGraph$MaybeBinding                         : loaded 6 times (x 68B)
Class org.apache.commons.io.output.NullOutputStream                                   : loaded 6 times (x 83B)
Class dagger.internal.codegen.componentgenerator.ComponentGeneratorModule_ComponentHjarGeneratorFactory: loaded 6 times (x 77B)
Class dagger.spi.internal.shaded.androidx.room.compiler.processing.javac.DefaultJavacType: loaded 6 times (x 185B)
Class dagger.internal.codegen.writing.ProducerFactoryGenerator$MultiArgFutureTransform: loaded 6 times (x 76B)
Class com.google.gson.internal.bind.ReflectiveTypeAdapterFactory$RecordAdapter        : loaded 6 times (x 75B)
Class com.google.gson.internal.bind.CollectionTypeAdapterFactory                      : loaded 6 times (x 73B)
Class dagger.internal.codegen.validation.BindsInstanceMethodValidator_Factory         : loaded 6 times (x 77B)
Class com.google.common.collect.CompactHashing                                        : loaded 6 times (x 69B)
Class com.sun.xml.bind.v2.runtime.reflect.Utils$1                                     : loaded 6 times (x 75B)
Class com.google.gson.internal.$Gson$Types$ParameterizedTypeImpl                      : loaded 6 times (x 79B)
Class com.google.gson.internal.bind.JsonAdapterAnnotationTypeAdapterFactory           : loaded 6 times (x 73B)
Class com.google.gson.FieldNamingPolicy$7                                             : loaded 6 times (x 81B)
Class dagger.internal.codegen.writing.FactoryGenerator_Factory                        : loaded 6 times (x 77B)
Class dagger.internal.codegen.base.ElementFormatter_Factory                           : loaded 6 times (x 76B)
Class com.sun.xml.bind.v2.runtime.reflect.AdaptedLister                               : loaded 6 times (x 75B)
Class dagger.internal.codegen.DelegateComponentProcessor$Injector$Factory             : loaded 6 times (x 68B)
Class com.google.gson.FieldNamingPolicy$6                                             : loaded 6 times (x 81B)
Class com.google.gson.stream.JsonReader$1                                             : loaded 6 times (x 70B)
Class dagger.internal.codegen.writing.AnnotationCreatorGenerator_Factory              : loaded 6 times (x 77B)
Class com.sun.xml.bind.v2.runtime.property.ArrayElementProperty                       : loaded 6 times (x 103B)
Class com.sun.xml.bind.v2.model.runtime.RuntimeTypeInfoSet                            : loaded 6 times (x 68B)
Class com.google.gson.FieldNamingPolicy$5                                             : loaded 6 times (x 81B)
Class dagger.internal.codegen.processingstep.MultibindingAnnotationsProcessingStep    : loaded 6 times (x 84B)
Class [Lcom.sun.xml.bind.v2.model.impl.ClassInfoImpl$PropertyGroup;                   : loaded 6 times (x 67B)
Class com.google.common.collect.ImmutableMap$MapViewOfValuesAsSingletonSets$1$1       : loaded 6 times (x 81B)
Class com.sun.xml.bind.v2.model.core.NonElementRef                                    : loaded 6 times (x 68B)
Class dagger.internal.codegen.validation.MembersInjectionValidator_Factory            : loaded 6 times (x 77B)
Class dagger.spi.internal.shaded.androidx.room.jarjarred.kotlinx.metadata.jvm.JvmFunctionExtensionVisitor: loaded 6 times (x 78B)
Class com.sun.xml.bind.v2.model.annotation.XmlAttributeQuick                          : loaded 6 times (x 91B)
Class [Ldagger.internal.codegen.compileroption.FeatureStatus;                         : loaded 6 times (x 67B)
Class com.google.gson.FieldNamingPolicy$4                                             : loaded 6 times (x 81B)
Class com.sun.xml.bind.v2.model.core.TypeRef                                          : loaded 6 times (x 68B)
Class com.google.gson.FieldNamingPolicy$3                                             : loaded 6 times (x 81B)
Class com.sun.xml.bind.api.Bridge                                                     : loaded 6 times (x 83B)
Class com.sun.xml.bind.v2.runtime.unmarshaller.DefaultIDResolver                      : loaded 6 times (x 74B)
Class dagger.internal.codegen.binding.SubcomponentDeclaration$Factory                 : loaded 6 times (x 71B)
Class com.sun.xml.bind.v2.model.annotation.XmlSchemaQuick                             : loaded 6 times (x 93B)
Class dagger.internal.codegen.processingstep.MonitoringModuleGenerator                : loaded 6 times (x 75B)
Class dagger.internal.codegen.validation.BindingElementValidator$AllowsMultibindings  : loaded 6 times (x 77B)
Class com.google.gson.FieldNamingPolicy$2                                             : loaded 6 times (x 81B)
Class com.sun.xml.bind.v2.ClassFactory$1                                              : loaded 6 times (x 78B)
Class com.google.gson.ToNumberPolicy$4                                                : loaded 6 times (x 81B)
Class com.sun.xml.bind.v2.model.annotation.XmlTransientQuick                          : loaded 6 times (x 88B)
Class com.google.gson.internal.LazilyParsedNumber                                     : loaded 6 times (x 76B)
Class kotlin.text.StringsKt__StringsKt$rangesDelimitedBy$1                            : loaded 6 times (x 77B)
Class com.google.gson.ToNumberPolicy$3                                                : loaded 6 times (x 81B)
Class com.sun.xml.bind.v2.model.core.Element                                          : loaded 6 times (x 68B)
Class dagger.spi.internal.shaded.androidx.room.compiler.processing.XPackageElement    : loaded 6 times (x 68B)
Class com.sun.xml.bind.unmarshaller.InfosetScanner                                    : loaded 6 times (x 68B)
Class com.google.gson.FieldNamingPolicy$1                                             : loaded 6 times (x 81B)
Class com.sun.xml.bind.v2.model.impl.DummyPropertyInfo                                : loaded 6 times (x 68B)
Class dagger.internal.codegen.binding.BindingFactory                                  : loaded 6 times (x 70B)
Class dagger.internal.codegen.binding.MembersInjectionBinding                         : loaded 6 times (x 83B)
Class com.google.gson.ToNumberPolicy$2                                                : loaded 6 times (x 81B)
Class [Lcom.sun.xml.bind.v2.runtime.property.PropertyImpl;                            : loaded 6 times (x 67B)
Class javax.xml.bind.annotation.XmlElement$DEFAULT                                    : loaded 6 times (x 69B)
Class com.sun.xml.bind.InternalAccessorFactory                                        : loaded 6 times (x 68B)
Class com.sun.xml.bind.api.impl.NameConverter$Standard                                : loaded 6 times (x 91B)
Class dagger.spi.internal.shaded.androidx.room.compiler.processing.javac.JavacPackageElement: loaded 6 times (x 191B)
Class dagger.internal.codegen.binding.BindingDeclarationFormatter_Factory             : loaded 6 times (x 77B)
Class com.google.gson.ToNumberPolicy$1                                                : loaded 6 times (x 81B)
Class dagger.internal.codegen.binding.OptionalBindingDeclaration$Factory              : loaded 6 times (x 71B)
Class com.google.gson.internal.bind.NumberTypeAdapter$1                               : loaded 6 times (x 74B)
Class com.google.gson.internal.bind.ReflectiveTypeAdapterFactory                      : loaded 6 times (x 73B)
Class com.google.gson.LongSerializationPolicy                                         : loaded 6 times (x 78B)
Class com.sun.xml.bind.v2.model.core.ID                                               : loaded 6 times (x 77B)
Class com.sun.xml.bind.v2.runtime.RuntimeUtil                                         : loaded 6 times (x 69B)
Class com.sun.xml.bind.v2.model.impl.AttributePropertyInfoImpl                        : loaded 6 times (x 122B)
Class dagger.internal.codegen.processingstep.ModuleProcessingStep                     : loaded 6 times (x 84B)
Class com.sun.xml.bind.v2.model.annotation.AnnotationSource                           : loaded 6 times (x 68B)
Class com.google.common.collect.LinkedHashMultimap$ValueSet                           : loaded 6 times (x 140B)
Class dagger.internal.codegen.validation.ComponentValidator_Factory                   : loaded 6 times (x 77B)
Class dagger.internal.codegen.binding.MonitoringModules_Factory$InstanceHolder        : loaded 6 times (x 69B)
Class com.sun.xml.bind.v2.model.impl.ModelBuilder$1                                   : loaded 6 times (x 74B)
Class com.sun.xml.bind.v2.runtime.reflect.Lister$ArrayLister                          : loaded 6 times (x 75B)
Class javax.xml.bind.ValidationEvent                                                  : loaded 6 times (x 68B)
Class dagger.spi.model.BindingGraph$Edge                                              : loaded 6 times (x 68B)
Class com.google.common.base.Equivalence$Wrapper                                      : loaded 6 times (x 70B)
Class com.sun.xml.bind.v2.util.ByteArrayOutputStreamEx                                : loaded 6 times (x 92B)
Class dagger.internal.codegen.binding.$AutoValue_MultibindingDeclaration              : loaded 6 times (x 77B)
Class com.sun.xml.bind.v2.util.TypeCast                                               : loaded 6 times (x 69B)
Class com.sun.istack.FinalArrayList                                                   : loaded 6 times (x 169B)
Class dagger.internal.codegen.bindinggraphvalidation.BindingGraphValidationModule     : loaded 6 times (x 68B)
Class com.sun.xml.bind.v2.model.impl.RuntimeElementInfoImpl                           : loaded 6 times (x 117B)
Class com.google.gson.internal.JsonReaderInternalAccess                               : loaded 6 times (x 70B)
Class [Ldagger.internal.codegen.xprocessing.XTypeElements$Visibility;                 : loaded 6 times (x 67B)
Class com.sun.xml.bind.v2.model.impl.RuntimeBuiltinLeafInfoImpl$StringImplImpl        : loaded 6 times (x 134B)
Class com.sun.xml.bind.v2.runtime.ValueListBeanInfoImpl                               : loaded 6 times (x 87B)
Class com.google.gson.internal.$Gson$Preconditions                                    : loaded 6 times (x 69B)
Class dagger.internal.codegen.binding.ModuleDescriptor                                : loaded 6 times (x 79B)
Class dagger.spi.internal.shaded.androidx.room.jarjarred.kotlinx.metadata.internal.metadata.jvm.deserialization.ClassMapperLite: loaded 6 times (x 69B)
Class dagger.hilt.android.processor.internal.viewmodel.ViewModelValidationPlugin      : loaded 6 times (x 81B)
Class com.sun.xml.bind.v2.model.core.ClassInfo                                        : loaded 6 times (x 68B)
Class com.sun.xml.bind.v2.model.annotation.Quick                                      : loaded 6 times (x 86B)
Class dagger.internal.codegen.base.$AutoValue_ComponentAnnotation                     : loaded 6 times (x 74B)
Class com.google.common.collect.LinkedHashMultimap$ValueSetLink                       : loaded 6 times (x 68B)
Class dagger.internal.codegen.binding.InjectionAnnotations_Factory                    : loaded 6 times (x 77B)
Class com.google.common.collect.MultimapBuilder                                       : loaded 6 times (x 71B)
Class dagger.internal.codegen.validation.BindingGraphValidator_Factory                : loaded 6 times (x 77B)
Class com.sun.xml.bind.v2.runtime.property.ArrayElementLeafProperty                   : loaded 6 times (x 103B)
Class dagger.spi.internal.shaded.androidx.room.compiler.processing.XExecutableParameterElement: loaded 6 times (x 68B)
Class dagger.internal.codegen.kotlin.KotlinMetadataUtil                               : loaded 6 times (x 70B)
Class dagger.internal.codegen.validation.DependencyRequestValidator_Factory           : loaded 6 times (x 77B)
Class dagger.internal.codegen.binding.AutoValue_OptionalBindingDeclaration            : loaded 6 times (x 73B)
Class dagger.spi.internal.shaded.androidx.room.compiler.processing.XExecutableType    : loaded 6 times (x 68B)
Class com.google.gson.internal.bind.TypeAdapters$10                                   : loaded 6 times (x 73B)
Class com.sun.xml.bind.v2.model.runtime.RuntimeNonElementRef                          : loaded 6 times (x 68B)
Class [Ljavax.xml.bind.annotation.XmlAccessType;                                      : loaded 6 times (x 67B)
Class dagger.internal.codegen.binding.MultibindingDeclaration                         : loaded 6 times (x 76B)
Class com.sun.xml.bind.v2.runtime.property.ArrayERProperty$ReceiverImpl               : loaded 6 times (x 73B)
Class dagger.internal.codegen.validation.ModuleValidator_Factory                      : loaded 6 times (x 77B)
Class dagger.internal.codegen.binding.$AutoValue_DelegateDeclaration                  : loaded 6 times (x 81B)
Class [Lcom.google.gson.FieldNamingPolicy;                                            : loaded 6 times (x 67B)
Class com.google.common.graph.Network                                                 : loaded 6 times (x 68B)
Class dagger.internal.codegen.binding.ContributionBinding$Builder                     : loaded 6 times (x 81B)
Class dagger.hilt.processor.internal.Components                                       : loaded 6 times (x 69B)
Class com.sun.xml.bind.v2.model.impl.RuntimeBuiltinLeafInfoImpl$PcdataImpl            : loaded 6 times (x 132B)
Class com.sun.xml.bind.v2.runtime.Location                                            : loaded 6 times (x 68B)
Class dagger.internal.codegen.kotlin.KotlinMetadataUtil_Factory                       : loaded 6 times (x 77B)
Class com.sun.xml.bind.api.impl.NameConverter                                         : loaded 6 times (x 68B)
Class com.google.gson.internal.ConstructorConstructor                                 : loaded 6 times (x 70B)
Class dagger.internal.codegen.DelegateComponentProcessor$Injector                     : loaded 6 times (x 68B)
Class dagger.internal.codegen.DelegateComponentProcessor_SourceFileGeneratorsModule_FactoryGeneratorFactory: loaded 6 times (x 77B)
Class dagger.internal.codegen.validation.DependencyRequestValidator                   : loaded 6 times (x 70B)
Class dagger.internal.codegen.extension.DaggerCollectors                              : loaded 6 times (x 69B)
Class com.google.gson.internal.bind.TypeAdapters$11                                   : loaded 6 times (x 73B)
Class com.sun.xml.bind.v2.runtime.reflect.PrimitiveArrayListerFloat                   : loaded 6 times (x 74B)
Class com.google.common.collect.Multimaps$CustomListMultimap                          : loaded 6 times (x 172B)
Class com.sun.xml.bind.v2.model.impl.TypeInfoSetImpl                                  : loaded 6 times (x 109B)
Class [Lcom.squareup.javapoet.TypeName;                                               : loaded 6 times (x 67B)
Class com.google.gson.internal.bind.TypeAdapters$12                                   : loaded 6 times (x 73B)
Class com.google.gson.internal.bind.TypeAdapters$13                                   : loaded 6 times (x 73B)
Class dagger.internal.codegen.compileroption.ProcessingEnvironmentCompilerOptions$EnumOption: loaded 6 times (x 68B)
Class com.sun.xml.bind.v2.model.annotation.MethodLocatable                            : loaded 6 times (x 76B)
Class kotlin.sequences.SequencesKt___SequencesKt$filterNotNull$1                      : loaded 6 times (x 76B)
Class [Ldagger.internal.codegen.validation.ValidationBindingGraphPlugin;              : loaded 6 times (x 67B)
Class android.databinding.tool.util.L                                                 : loaded 6 times (x 69B)
Class com.google.gson.internal.bind.ReflectiveTypeAdapterFactory$FieldReflectionAdapter: loaded 6 times (x 75B)
Class dagger.internal.codegen.processingstep.BindingMethodProcessingStep              : loaded 6 times (x 84B)
Class com.sun.xml.bind.v2.runtime.property.ArrayERProperty$ItemsLoader                : loaded 6 times (x 76B)
Class com.sun.xml.bind.v2.model.nav.ReflectionNavigator$10                            : loaded 6 times (x 75B)
Class [Lcom.sun.xml.bind.v2.runtime.property.StructureLoaderBuilder;                  : loaded 6 times (x 67B)
Class dagger.spi.internal.shaded.androidx.room.jarjarred.kotlinx.metadata.KmValueParameterVisitor: loaded 6 times (x 74B)
Class dagger.internal.codegen.bindinggraphvalidation.SetMultibindingValidator_Factory$InstanceHolder: loaded 6 times (x 69B)
Class dagger.internal.codegen.binding.ProductionBinding$Builder                       : loaded 6 times (x 88B)
Class com.google.gson.internal.bind.TypeAdapters$14                                   : loaded 6 times (x 73B)
Class com.google.common.collect.MultimapBuilder$SetMultimapBuilder                    : loaded 6 times (x 73B)
Class com.google.gson.internal.sql.SqlTypesSupport                                    : loaded 6 times (x 69B)
Class com.sun.xml.bind.v2.runtime.unmarshaller.Receiver                               : loaded 6 times (x 68B)
Class com.google.gson.internal.bind.TypeAdapters$15                                   : loaded 6 times (x 73B)
Class com.sun.xml.bind.v2.model.core.Ref                                              : loaded 6 times (x 70B)
Class com.google.gson.internal.bind.TypeAdapters$16                                   : loaded 6 times (x 73B)
Class com.sun.xml.bind.v2.runtime.unmarshaller.UnmarshallingContext                   : loaded 6 times (x 101B)
Class com.google.gson.internal.bind.TypeAdapters$17                                   : loaded 6 times (x 73B)
Class com.google.gson.internal.bind.TypeAdapters$18                                   : loaded 6 times (x 73B)
Class [Lcom.google.gson.FieldNamingStrategy;                                          : loaded 6 times (x 67B)
Class com.sun.xml.bind.v2.model.impl.ElementPropertyInfoImpl                          : loaded 6 times (x 121B)
Class com.sun.xml.bind.v2.runtime.property.SingleMapNodeProperty$2                    : loaded 6 times (x 76B)
Class dagger.internal.codegen.bindinggraphvalidation.InjectBindingValidator_Factory   : loaded 6 times (x 77B)
Class com.sun.xml.bind.v2.runtime.property.SingleMapNodeProperty$1                    : loaded 6 times (x 76B)
Class dagger.internal.SingleCheck                                                     : loaded 6 times (x 75B)
Class com.squareup.javapoet.FieldSpec                                                 : loaded 6 times (x 70B)
Class javax.activation.DataHandler                                                    : loaded 6 times (x 90B)
Class javax.xml.bind.annotation.XmlAccessorType                                       : loaded 6 times (x 68B)
Class com.sun.xml.bind.v2.runtime.BinderImpl                                          : loaded 6 times (x 84B)
Class dagger.internal.codegen.binding.MethodSignatureFormatter$1                      : loaded 6 times (x 85B)
Class dagger.internal.codegen.binding.ComponentDescriptor_Factory_Factory             : loaded 6 times (x 77B)
Class dagger.internal.codegen.DaggerDelegateComponentProcessor_Injector$InjectorImpl  : loaded 6 times (x 73B)
Class com.sun.xml.bind.v2.runtime.unmarshaller.SAXConnector$TagNameImpl               : loaded 6 times (x 73B)
Class [Landroid.databinding.tool.CompilerArguments$Type;                              : loaded 6 times (x 67B)
Class com.sun.xml.bind.v2.runtime.unmarshaller.DefaultValueLoaderDecorator            : loaded 6 times (x 76B)
Class com.google.gson.internal.bind.TypeAdapters$19                                   : loaded 6 times (x 73B)
Class com.google.gson.annotations.SerializedName                                      : loaded 6 times (x 68B)
Class dagger.internal.codegen.validation.BindsInstanceParameterValidator_Factory      : loaded 6 times (x 77B)
Class com.sun.xml.bind.v2.model.annotation.AnnotationReader                           : loaded 6 times (x 68B)
Class kotlin.jvm.internal.markers.KMutableList                                        : loaded 6 times (x 68B)
Class dagger.internal.codegen.DelegateComponentProcessor_SourceFileGeneratorsModule_MembersInjectorGeneratorFactory: loaded 6 times (x 77B)
Class com.google.gson.FieldNamingPolicy                                               : loaded 6 times (x 81B)
Class javax.xml.bind.annotation.XmlAttachmentRef                                      : loaded 6 times (x 68B)
Class [Lcom.sun.xml.bind.v2.util.QNameMap$Entry;                                      : loaded 6 times (x 67B)
Class dagger.spi.internal.shaded.androidx.room.compiler.processing.KClassExtKt        : loaded 6 times (x 69B)
Class com.google.gson.internal.bind.ArrayTypeAdapter                                  : loaded 6 times (x 72B)
Class com.sun.xml.bind.v2.model.impl.AnyTypeImpl                                      : loaded 6 times (x 87B)
Class dagger.internal.codegen.bindinggraphvalidation.SubcomponentFactoryMethodValidator_Factory: loaded 6 times (x 76B)
Class dagger.internal.codegen.bindinggraphvalidation.SetMultibindingValidator         : loaded 6 times (x 83B)
Class dagger.internal.codegen.model.DiagnosticReporter                                : loaded 6 times (x 73B)
Class com.sun.xml.bind.v2.model.core.ErrorHandler                                     : loaded 6 times (x 68B)
Class dagger.internal.codegen.validation.BindingMethodValidator$MethodValidator       : loaded 6 times (x 78B)
Class dagger.spi.internal.shaded.androidx.room.compiler.processing.XArrayType         : loaded 6 times (x 68B)
Class dagger.internal.codegen.binding.MethodSignatureFormatter                        : loaded 6 times (x 84B)
Class [Ldagger.internal.codegen.model.RequestKind;                                    : loaded 6 times (x 67B)
Class com.sun.xml.bind.v2.model.core.PropertyInfo                                     : loaded 6 times (x 68B)
Class com.sun.xml.bind.v2.model.impl.RuntimeBuiltinLeafInfoImpl$1                     : loaded 6 times (x 74B)
Class dagger.spi.internal.shaded.androidx.room.jarjarred.kotlinx.metadata.KmTypeProjection: loaded 6 times (x 70B)
Class dagger.internal.codegen.validation.DiagnosticReporterFactory$DiagnosticReporterImpl: loaded 6 times (x 74B)
Class com.sun.xml.bind.v2.model.impl.RuntimeBuiltinLeafInfoImpl$2                     : loaded 6 times (x 134B)
Class com.sun.xml.bind.api.impl.NameUtil                                              : loaded 6 times (x 78B)
Class com.sun.xml.bind.v2.model.impl.ValuePropertyInfoImpl                            : loaded 6 times (x 118B)
Class com.sun.xml.bind.v2.model.impl.GetterSetterPropertySeed                         : loaded 6 times (x 88B)
Class com.google.gson.internal.bind.TreeTypeAdapter                                   : loaded 6 times (x 73B)
Class dagger.spi.internal.shaded.androidx.room.compiler.processing.javac.JavacVariableElement: loaded 6 times (x 198B)
Class com.sun.xml.bind.v2.runtime.Name                                                : loaded 6 times (x 73B)
Class com.sun.xml.bind.v2.model.impl.RuntimeBuiltinLeafInfoImpl$3                     : loaded 6 times (x 134B)
Class dagger.internal.codegen.compileroption.CompilerOptions                          : loaded 6 times (x 92B)
Class com.sun.xml.bind.v2.runtime.property.Property                                   : loaded 6 times (x 68B)
Class dagger.internal.codegen.validation.MapKeyValidator_Factory                      : loaded 6 times (x 77B)
Class com.sun.xml.bind.v2.model.nav.ReflectionNavigator$BinderArg                     : loaded 6 times (x 71B)
Class com.sun.xml.bind.v2.runtime.property.SingleReferenceNodeProperty                : loaded 6 times (x 100B)
Class dagger.internal.codegen.validation.ModuleValidator                              : loaded 6 times (x 70B)
Class dagger.internal.codegen.processingstep.AssistedProcessingStep_Factory           : loaded 6 times (x 77B)
Class com.sun.xml.bind.v2.model.impl.RuntimeBuiltinLeafInfoImpl$4                     : loaded 6 times (x 134B)
Class com.google.gson.internal.bind.ObjectTypeAdapter                                 : loaded 6 times (x 72B)
Class dagger.internal.codegen.binding.BindingFactory_Factory                          : loaded 6 times (x 77B)
Class dagger.internal.codegen.model.BindingGraph$Edge                                 : loaded 6 times (x 68B)
Class javax.xml.bind.DatatypeConverterInterface                                       : loaded 6 times (x 68B)
Class dagger.internal.codegen.validation.ProducesMethodValidator                      : loaded 6 times (x 76B)
Class com.sun.xml.bind.v2.model.annotation.XmlRootElementQuick                        : loaded 6 times (x 90B)
Class dagger.internal.codegen.validation.MultibindsMethodValidator_Factory            : loaded 6 times (x 77B)
Class dagger.internal.codegen.base.AutoValue_ComponentAnnotation                      : loaded 6 times (x 74B)
Class com.sun.xml.bind.v2.model.impl.RuntimeBuiltinLeafInfoImpl$5                     : loaded 6 times (x 134B)
Class com.sun.xml.bind.v2.runtime.property.ArrayElementNodeProperty                   : loaded 6 times (x 103B)
Class dagger.internal.codegen.validation.ProducesMethodValidator$Validator            : loaded 6 times (x 78B)
Class com.sun.xml.bind.v2.model.annotation.XmlElementQuick                            : loaded 6 times (x 94B)
Class com.sun.xml.bind.v2.runtime.reflect.Utils                                       : loaded 6 times (x 69B)
Class dagger.internal.codegen.binding.BindingGraphFactory_Factory                     : loaded 6 times (x 77B)
Class com.sun.xml.bind.v2.model.annotation.XmlElementDeclQuick                        : loaded 6 times (x 94B)
Class com.sun.xml.bind.v2.model.impl.RuntimeBuiltinLeafInfoImpl$6                     : loaded 6 times (x 134B)
Class dagger.internal.codegen.xprocessing.XAnnotationValues                           : loaded 6 times (x 69B)
Class com.sun.xml.bind.v2.model.impl.LeafInfoImpl                                     : loaded 6 times (x 100B)
Class com.sun.xml.bind.v2.runtime.reflect.Accessor$ReadOnlyFieldReflection            : loaded 6 times (x 83B)
Class dagger.internal.codegen.binding.OptionalBindingDeclaration_Factory_Factory      : loaded 6 times (x 77B)
Class com.sun.xml.bind.v2.model.impl.RuntimeBuiltinLeafInfoImpl$7                     : loaded 6 times (x 134B)
Class com.google.gson.internal.bind.DateTypeAdapter                                   : loaded 6 times (x 72B)
Class dagger.internal.codegen.processingstep.ModuleProcessingStep_Factory             : loaded 6 times (x 77B)
Class com.sun.xml.bind.v2.model.core.BuiltinLeafInfo                                  : loaded 6 times (x 68B)
Class com.sun.xml.bind.v2.model.impl.RuntimeBuiltinLeafInfoImpl$8                     : loaded 6 times (x 134B)
Class dagger.internal.codegen.processingstep.MapKeyProcessingStep_Factory             : loaded 6 times (x 77B)
Class com.sun.xml.bind.v2.model.core.TypeInfo                                         : loaded 6 times (x 68B)
Class dagger.internal.codegen.binding.AutoValue_ComponentDescriptor                   : loaded 6 times (x 88B)
Class com.sun.xml.bind.v2.model.impl.RuntimeBuiltinLeafInfoImpl$9                     : loaded 6 times (x 134B)
Class dagger.internal.codegen.xprocessing.XTypeElements                               : loaded 6 times (x 69B)
Class com.google.common.collect.SortedIterables                                       : loaded 6 times (x 69B)
Class javax.xml.bind.annotation.XmlAnyAttribute                                       : loaded 6 times (x 68B)
Class com.sun.xml.bind.v2.model.impl.ClassInfoImpl$PropertyGroup                      : loaded 6 times (x 77B)
Class com.sun.xml.bind.v2.runtime.unmarshaller.XsiNilLoader                           : loaded 6 times (x 78B)
Class dagger.internal.codegen.writing.ProducerFactoryGenerator$NoArgFutureTransform   : loaded 6 times (x 76B)
Class dagger.internal.codegen.validation.BindsInstanceParameterValidator$Validator    : loaded 6 times (x 75B)
Class kotlin.collections.builders.ListBuilder$Itr                                     : loaded 6 times (x 92B)
Class com.sun.xml.bind.v2.runtime.unmarshaller.Loader                                 : loaded 6 times (x 75B)
Class dagger.internal.codegen.binding.DelegateDeclaration_Factory_Factory             : loaded 6 times (x 77B)
Class dagger.internal.codegen.validation.ValidationBindingGraphPlugin                 : loaded 6 times (x 83B)
Class com.sun.xml.bind.v2.model.annotation.LocatableAnnotation                        : loaded 6 times (x 83B)
Class com.google.common.collect.LinkedHashMultimap                                    : loaded 6 times (x 173B)
Class com.sun.xml.bind.v2.runtime.JAXBContextImpl                                     : loaded 6 times (x 88B)
Class com.sun.xml.bind.v2.model.core.LeafInfo                                         : loaded 6 times (x 68B)
Class com.sun.xml.bind.v2.model.core.NonElement                                       : loaded 6 times (x 68B)
Class com.squareup.javapoet.TypeName$2                                                : loaded 6 times (x 69B)
Class com.sun.xml.bind.v2.util.FlattenIterator                                        : loaded 6 times (x 77B)
Class com.google.gson.internal.bind.ObjectTypeAdapter$1                               : loaded 6 times (x 74B)
Class dagger.internal.codegen.processingstep.BindsInstanceProcessingStep              : loaded 6 times (x 84B)
Class dagger.internal.codegen.validation.ComponentHierarchyValidator_Factory          : loaded 6 times (x 77B)
Class dagger.internal.codegen.binding.DelegateDeclaration                             : loaded 6 times (x 78B)
Class javax.xml.bind.UnmarshalException                                               : loaded 6 times (x 83B)
Class com.google.gson.internal.bind.TypeAdapters$20                                   : loaded 6 times (x 73B)
Class dagger.internal.codegen.bindinggraphvalidation.ProvisionDependencyOnProducerBindingValidator: loaded 6 times (x 83B)
Class dagger.internal.codegen.processingstep.AssistedFactoryProcessingStep            : loaded 6 times (x 84B)
Class dagger.internal.codegen.processingstep.MonitoringModuleProcessingStep_Factory   : loaded 6 times (x 77B)
Class com.google.gson.internal.bind.TypeAdapters$21                                   : loaded 6 times (x 73B)
Class dagger.spi.internal.shaded.androidx.room.jarjarred.kotlinx.metadata.KmValueParameter: loaded 6 times (x 75B)
Class com.sun.xml.bind.v2.model.runtime.RuntimeElement                                : loaded 6 times (x 68B)
Class dagger.internal.codegen.base.DaggerSuperficialValidation$ValidationException    : loaded 6 times (x 81B)
Class dagger.internal.codegen.xprocessing.XAnnotations                                : loaded 6 times (x 69B)
Class kotlin.UnsafeLazyImpl                                                           : loaded 6 times (x 74B)
Class com.sun.xml.bind.api.BridgeContext                                              : loaded 6 times (x 74B)
Class dagger.internal.codegen.processingstep.ComponentHjarProcessingStep              : loaded 6 times (x 84B)
Class dagger.internal.codegen.bindinggraphvalidation.DuplicateBindingsValidator_Factory: loaded 6 times (x 77B)
Class [Ldagger.spi.internal.shaded.androidx.room.jarjarred.kotlinx.metadata.KmVariance;: loaded 6 times (x 67B)
Class com.google.gson.internal.bind.TypeAdapters$22                                   : loaded 6 times (x 73B)
Class dagger.internal.codegen.processingstep.ProcessingStepsModule_ProcessingStepsFactory: loaded 6 times (x 77B)
Class dagger.internal.codegen.binding.KeyFactory                                      : loaded 6 times (x 70B)
Class com.sun.xml.bind.v2.runtime.property.PropertyFactory                            : loaded 6 times (x 69B)
Class com.google.gson.internal.bind.TypeAdapters$23                                   : loaded 6 times (x 73B)
Class com.sun.xml.bind.v2.model.runtime.RuntimeTypeRef                                : loaded 6 times (x 68B)
Class com.sun.xml.bind.v2.model.runtime.RuntimeNonElement                             : loaded 6 times (x 68B)
Class com.sun.xml.bind.v2.runtime.unmarshaller.UnmarshallingContext$ExpectedTypeRootLoader: loaded 6 times (x 78B)
Class dagger.internal.codegen.componentgenerator.ComponentHjarGenerator               : loaded 6 times (x 75B)
Class com.sun.xml.bind.v2.model.impl.TypeInfoSetImpl$1                                : loaded 6 times (x 78B)
Class com.google.gson.internal.bind.TypeAdapters$24                                   : loaded 6 times (x 73B)
Class com.sun.xml.bind.v2.model.annotation.XmlSchemaTypeQuick                         : loaded 6 times (x 91B)
Class dagger.internal.codegen.validation.InjectValidator                              : loaded 6 times (x 73B)
Class com.google.gson.internal.bind.TypeAdapters$25                                   : loaded 6 times (x 73B)
Class dagger.internal.codegen.validation.InjectValidator_Factory                      : loaded 6 times (x 77B)
Class com.google.gson.internal.Streams                                                : loaded 6 times (x 69B)
Class com.google.gson.internal.bind.TypeAdapters$26                                   : loaded 6 times (x 73B)
Class dagger.internal.codegen.processingstep.ComponentProcessingStep_Factory          : loaded 6 times (x 77B)
Class com.sun.xml.bind.v2.runtime.unmarshaller.UnmarshallingContext$State             : loaded 6 times (x 70B)
Class javax.xml.bind.annotation.XmlInlineBinaryData                                   : loaded 6 times (x 68B)
Class com.sun.xml.bind.v2.model.impl.ClassInfoImpl$SecondaryAnnotation                : loaded 6 times (x 78B)
Class dagger.internal.codegen.binding.BindingGraphFactory                             : loaded 6 times (x 73B)
Class dagger.internal.codegen.writing.MembersInjectorGenerator                        : loaded 6 times (x 75B)
Class com.google.gson.internal.bind.TypeAdapters$27                                   : loaded 6 times (x 73B)
Class javax.xml.bind.annotation.XmlElementRefs                                        : loaded 6 times (x 68B)
Class dagger.internal.codegen.binding.MethodSignatureFormatter_Factory                : loaded 6 times (x 77B)
Class dagger.internal.codegen.validation.BindsOptionalOfMethodValidator               : loaded 6 times (x 76B)
Class com.sun.xml.bind.v2.runtime.property.PropertyImpl                               : loaded 6 times (x 100B)
Class com.google.gson.stream.JsonToken                                                : loaded 6 times (x 77B)
Class com.google.gson.internal.bind.TypeAdapters$28                                   : loaded 6 times (x 73B)
Class com.sun.istack.Pool                                                             : loaded 6 times (x 68B)
Class dagger.internal.codegen.binding.DelegateDeclaration$Factory                     : loaded 6 times (x 70B)
Class com.google.gson.internal.bind.TypeAdapters$29                                   : loaded 6 times (x 73B)
Class kotlin.jvm.internal.markers.KMutableListIterator                                : loaded 6 times (x 68B)
Class com.google.gson.JsonObject                                                      : loaded 6 times (x 91B)
Class dagger.spi.internal.shaded.androidx.room.jarjarred.kotlinx.metadata.KmFunctionExtensionVisitor: loaded 6 times (x 68B)
Class com.sun.xml.bind.v2.runtime.unmarshaller.XsiNilLoader$Single                    : loaded 6 times (x 78B)
Class dagger.internal.codegen.binding.InjectionSiteFactory_Factory                    : loaded 6 times (x 77B)
Class com.sun.xml.bind.v2.model.annotation.RuntimeAnnotationReader                    : loaded 6 times (x 68B)
Class dagger.internal.codegen.bindinggraphvalidation.DependsOnProductionExecutorValidator: loaded 6 times (x 83B)
Class com.sun.xml.bind.v2.model.impl.RuntimeValuePropertyInfoImpl                     : loaded 6 times (x 133B)
Class javax.xml.bind.annotation.XmlSchemaTypes                                        : loaded 6 times (x 68B)
Class com.sun.xml.bind.v2.model.runtime.RuntimeElementInfo                            : loaded 6 times (x 68B)
Class dagger.spi.internal.shaded.androidx.room.compiler.processing.javac.JavacPackageElement$qualifiedName$2: loaded 6 times (x 77B)
Class dagger.spi.internal.shaded.androidx.room.compiler.processing.XTypeKt            : loaded 6 times (x 69B)
Class com.sun.xml.bind.v2.runtime.property.AttributeProperty                          : loaded 6 times (x 103B)
Class com.sun.xml.bind.v2.model.impl.ModelBuilderI                                    : loaded 6 times (x 68B)
Class com.sun.xml.bind.v2.runtime.reflect.Accessor                                    : loaded 6 times (x 83B)
Class com.sun.xml.bind.v2.runtime.property.Utils                                      : loaded 6 times (x 69B)
Class javax.xml.bind.Unmarshaller                                                     : loaded 6 times (x 68B)
Class dagger.internal.codegen.binding.SourceFiles_Factory                             : loaded 6 times (x 76B)
Class com.sun.xml.bind.v2.model.impl.TypeRefImpl                                      : loaded 6 times (x 85B)
Class com.sun.xml.bind.v2.runtime.unmarshaller.LocatorExWrapper                       : loaded 6 times (x 84B)
Class com.sun.xml.bind.v2.model.impl.SingleTypePropertyInfoImpl                       : loaded 6 times (x 111B)
Class dagger.internal.codegen.base.ComponentCreatorKind                               : loaded 6 times (x 77B)
Class com.sun.xml.bind.v2.runtime.ElementBeanInfoImpl                                 : loaded 6 times (x 87B)
Class com.google.gson.internal.LinkedTreeMap$Node                                     : loaded 6 times (x 77B)
Class com.sun.xml.bind.v2.model.impl.RuntimeBuiltinLeafInfoImpl$StringImpl            : loaded 6 times (x 132B)
Class dagger.internal.codegen.binding.$AutoValue_ModuleDescriptor                     : loaded 6 times (x 84B)
Class dagger.internal.codegen.DaggerDelegateComponentProcessor_Injector$TopLevelImplementationComponentFactory: loaded 6 times (x 73B)
Class com.sun.xml.bind.v2.runtime.reflect.NullSafeAccessor                            : loaded 6 times (x 83B)
Class com.sun.xml.bind.v2.runtime.property.TagAndType                                 : loaded 6 times (x 70B)
Class com.sun.xml.bind.v2.runtime.reflect.PrimitiveArrayListerInteger                 : loaded 6 times (x 74B)
Class com.sun.xml.bind.v2.runtime.reflect.ListIterator                                : loaded 6 times (x 68B)
Class dagger.internal.DoubleCheck                                                     : loaded 6 times (x 78B)
Class dagger.spi.internal.shaded.androidx.room.compiler.processing.javac.JavacVariableElement$type$2: loaded 6 times (x 77B)
Class com.sun.xml.bind.v2.model.nav.TypeVisitor                                       : loaded 6 times (x 74B)
Class com.google.gson.internal.ReflectionAccessFilterHelper                           : loaded 6 times (x 69B)
Class dagger.hilt.processor.internal.aggregateddeps.AggregatedDepsGenerator           : loaded 6 times (x 70B)
Class dagger.internal.codegen.bindinggraphvalidation.IncompatiblyScopedBindingsValidator_Factory: loaded 6 times (x 77B)
Class dagger.internal.codegen.bindinggraphvalidation.MissingBindingValidator          : loaded 6 times (x 83B)
Class dagger.spi.internal.shaded.androidx.room.compiler.processing.ksp.KSTypeJavaPoetExtKt: loaded 6 times (x 69B)
Class com.google.gson.ToNumberPolicy                                                  : loaded 6 times (x 81B)
Class com.google.gson.internal.bind.NumberTypeAdapter                                 : loaded 6 times (x 72B)
Class javax.xml.bind.annotation.XmlElements                                           : loaded 6 times (x 68B)
Class javax.xml.bind.helpers.DefaultValidationEventHandler                            : loaded 6 times (x 73B)
Class dagger.internal.codegen.writing.InaccessibleMapKeyProxyGenerator_Factory        : loaded 6 times (x 77B)
Class dagger.internal.codegen.binding.AutoValue_DelegateDeclaration                   : loaded 6 times (x 81B)
Class com.sun.xml.bind.v2.model.annotation.XmlValueQuick                              : loaded 6 times (x 88B)
Class dagger.internal.codegen.compileroption.ProcessingEnvironmentCompilerOptions     : loaded 6 times (x 93B)
Class dagger.internal.codegen.kotlin.KotlinMetadataFactory_Factory                    : loaded 6 times (x 76B)
Class dagger.internal.codegen.base.DaggerSuperficialValidation_Factory                : loaded 6 times (x 77B)
Class com.sun.xml.bind.v2.util.QNameMap                                               : loaded 6 times (x 70B)
Class dagger.spi.internal.shaded.androidx.room.compiler.processing.javac.JavacArrayType: loaded 6 times (x 209B)
Class com.sun.xml.bind.v2.runtime.reflect.Lister$IDREFS                               : loaded 6 times (x 75B)
Class javax.xml.bind.MarshalException                                                 : loaded 6 times (x 83B)
Class com.google.gson.internal.LinkedTreeMap                                          : loaded 6 times (x 121B)
Class com.google.gson.internal.UnsafeAllocator                                        : loaded 6 times (x 70B)
Class dagger.internal.codegen.processingstep.MonitoringModuleGenerator_Factory        : loaded 6 times (x 77B)
Class [Ldagger.internal.codegen.validation.BindingElementValidator$AllowsMultibindings;: loaded 6 times (x 67B)
Class com.sun.xml.bind.v2.model.core.ElementInfo                                      : loaded 6 times (x 68B)
Class [Ldagger.internal.codegen.model.BindingGraphPlugin;                             : loaded 6 times (x 67B)
Class com.sun.istack.Pool$Impl                                                        : loaded 6 times (x 75B)
Class dagger.internal.codegen.xprocessing.XTypeElements$Visibility                    : loaded 6 times (x 77B)
Class dagger.internal.codegen.processingstep.ProcessingStepsModule                    : loaded 6 times (x 68B)
Class dagger.internal.codegen.base.DaggerSuperficialValidation$ValidationException$UnknownErrorType: loaded 6 times (x 81B)
Class com.google.gson.internal.bind.TypeAdapters$31                                   : loaded 6 times (x 74B)
Class com.sun.xml.bind.v2.TODO                                                        : loaded 6 times (x 69B)
Class dagger.spi.model.BindingGraph$Node                                              : loaded 6 times (x 68B)
Class com.sun.xml.bind.v2.model.annotation.XmlElementRefQuick                         : loaded 6 times (x 92B)
Class com.google.gson.internal.sql.SqlTimeTypeAdapter                                 : loaded 6 times (x 72B)
Class com.google.common.collect.Maps$13                                               : loaded 6 times (x 83B)
Class javax.xml.bind.Binder                                                           : loaded 6 times (x 83B)
Class com.sun.xml.bind.v2.runtime.JaxBeanInfo$1                                       : loaded 6 times (x 75B)
Class com.google.common.collect.Maps$12                                               : loaded 6 times (x 80B)
Class com.google.gson.internal.bind.TypeAdapters$32                                   : loaded 6 times (x 74B)
Class com.google.gson.internal.bind.TypeAdapters$33                                   : loaded 6 times (x 74B)
Class com.sun.xml.bind.v2.model.impl.TypeInfoImpl                                     : loaded 6 times (x 83B)
Class javax.xml.bind.annotation.XmlAnyElement                                         : loaded 6 times (x 68B)
Class com.sun.xml.bind.v2.runtime.Transducer                                          : loaded 6 times (x 68B)
Class dagger.internal.codegen.bindinggraphvalidation.ProvisionDependencyOnProducerBindingValidator_Factory: loaded 6 times (x 76B)
Class com.sun.xml.bind.v2.model.annotation.XmlElementRefsQuick                        : loaded 6 times (x 89B)
Class dagger.internal.codegen.processingstep.TypeCheckingProcessingStep               : loaded 6 times (x 84B)
Class com.google.gson.internal.bind.TypeAdapters$34                                   : loaded 6 times (x 74B)
Class com.sun.xml.bind.v2.model.core.RegistryInfo                                     : loaded 6 times (x 68B)
Class [Ldagger.internal.codegen.compileroption.ProcessingEnvironmentCompilerOptions$Validation;: loaded 6 times (x 67B)
Class com.sun.xml.bind.v2.runtime.reflect.PrimitiveArrayListerLong                    : loaded 6 times (x 74B)
Class com.google.common.collect.CompactHashSet                                        : loaded 6 times (x 148B)
Class com.google.common.collect.MultimapBuilder$MultimapBuilderWithKeys$1             : loaded 6 times (x 74B)
Class dagger.internal.codegen.processingstep.MonitoringModuleProcessingStep           : loaded 6 times (x 84B)
Class com.google.common.collect.MultimapBuilder$MultimapBuilderWithKeys$2             : loaded 6 times (x 74B)
Class com.google.common.collect.MultimapBuilder$ArrayListSupplier                     : loaded 6 times (x 75B)
Class dagger.spi.internal.shaded.androidx.room.compiler.processing.javac.JavacArrayType$componentType$2: loaded 6 times (x 77B)
Class dagger.internal.codegen.kotlin.KotlinMetadataFactory_Factory$InstanceHolder     : loaded 6 times (x 69B)
Class dagger.internal.codegen.validation.MultibindsMethodValidator$Validator          : loaded 6 times (x 78B)
Class dagger.internal.codegen.validation.DiagnosticReporterFactory                    : loaded 6 times (x 70B)
Class dagger.spi.model.DaggerProcessingEnv                                            : loaded 6 times (x 73B)
Class com.google.gson.internal.ConstructorConstructor$18                              : loaded 6 times (x 73B)
Class com.sun.xml.bind.v2.model.annotation.XmlEnumQuick                               : loaded 6 times (x 89B)
Class dagger.internal.codegen.binding.DependencyRequestFactory                        : loaded 6 times (x 70B)
Class com.sun.xml.bind.v2.runtime.LeafBeanInfoImpl                                    : loaded 6 times (x 87B)
Class com.google.common.collect.MultimapBuilder$MultimapBuilderWithKeys$3             : loaded 6 times (x 74B)
Class com.sun.xml.bind.v2.runtime.reflect.Accessor$FieldReflection                    : loaded 6 times (x 83B)
Class dagger.spi.internal.shaded.androidx.room.compiler.processing.javac.JavacAnnotationValueKt$UNWRAP_VISITOR$1$visitArray$1$1: loaded 6 times (x 77B)
Class com.sun.xml.bind.v2.runtime.property.PropertyFactory$1                          : loaded 6 times (x 69B)
Class com.google.gson.internal.ConstructorConstructor$19                              : loaded 6 times (x 74B)
Class [Lcom.sun.xml.bind.v2.runtime.property.Property;                                : loaded 6 times (x 67B)
Class com.google.common.collect.MultimapBuilder$MultimapBuilderWithKeys$4             : loaded 6 times (x 74B)
Class com.google.common.collect.UsingToStringOrdering                                 : loaded 6 times (x 112B)
Class com.google.common.collect.NullsLastOrdering                                     : loaded 6 times (x 113B)
Class kotlin.collections.builders.MapBuilder$Companion                                : loaded 6 times (x 69B)
Class com.sun.xml.bind.v2.model.core.ArrayInfo                                        : loaded 6 times (x 68B)
Class dagger.internal.codegen.binding.Binding                                         : loaded 6 times (x 81B)
Class dagger.spi.internal.shaded.androidx.room.jarjarred.kotlinx.metadata.KmTypeProjection$Companion: loaded 6 times (x 69B)
Class dagger.internal.codegen.validation.ComponentDescriptorValidator                 : loaded 6 times (x 70B)
Class javax.xml.bind.ValidationEventLocator                                           : loaded 6 times (x 68B)
Class com.google.common.collect.MultimapBuilder$MultimapBuilderWithKeys$5             : loaded 6 times (x 76B)
Class com.sun.xml.bind.v2.runtime.reflect.DefaultTransducedAccessor                   : loaded 6 times (x 77B)
Class com.google.gson.internal.reflect.ReflectionHelper$RecordNotSupportedHelper      : loaded 6 times (x 76B)
Class com.sun.xml.bind.v2.runtime.JaxBeanInfo                                         : loaded 6 times (x 87B)
Class com.google.gson.annotations.JsonAdapter                                         : loaded 6 times (x 68B)
Class com.sun.xml.bind.v2.runtime.reflect.TransducedAccessor$IDREFTransducedAccessorImpl: loaded 6 times (x 78B)
Class com.google.common.collect.MultimapBuilder$MultimapBuilderWithKeys$6             : loaded 6 times (x 74B)
Class dagger.spi.internal.shaded.androidx.room.jarjarred.kotlinx.metadata.jvm.JvmFieldSignature: loaded 6 times (x 72B)
Class dagger.internal.codegen.bindinggraphvalidation.CompositeBindingGraphPlugin_Factory: loaded 6 times (x 70B)
Class dagger.internal.codegen.processingstep.AssistedProcessingStep                   : loaded 6 times (x 84B)
Class com.sun.xml.bind.v2.runtime.reflect.TransducedAccessor                          : loaded 6 times (x 76B)
Class com.google.common.collect.ReverseNaturalOrdering                                : loaded 6 times (x 112B)
Class android.databinding.tool.writer.BindingMapperWriterV2                           : loaded 5 times (x 70B)
Class dagger.internal.codegen.model.Key                                               : loaded 5 times (x 76B)
Class dagger.hilt.android.processor.internal.androidentrypoint.AndroidEntryPointMetadata: loaded 5 times (x 89B)
Class dagger.internal.codegen.validation.ValidationReport                             : loaded 5 times (x 70B)
Class android.databinding.tool.reflection.ModelAnalyzer$viewBindingType$2             : loaded 5 times (x 77B)
Class dagger.hilt.processor.internal.kotlin.KotlinMetadataUtils$MetadataComponent     : loaded 5 times (x 68B)
Class com.google.common.graph.BaseGraph                                               : loaded 5 times (x 68B)
Class org.apache.commons.io.filefilter.ConditionalFileFilter                          : loaded 5 times (x 68B)
Class android.databinding.tool.LibTypes$viewBinding$2                                 : loaded 5 times (x 77B)
Class dagger.spi.internal.shaded.androidx.room.compiler.processing.javac.kotlin.KmPropertyContainer: loaded 5 times (x 77B)
Class android.databinding.tool.LibTypes$dataBinderMapper$2                            : loaded 5 times (x 77B)
Class com.google.gson.internal.ConstructorConstructor$11                              : loaded 5 times (x 73B)
Class dagger.internal.codegen.base.AutoValue_ModuleAnnotation                         : loaded 5 times (x 74B)
Class android.databinding.tool.writer.BindingMapperWriterV2$special$$inlined$sortedBy$2: loaded 5 times (x 87B)
Class android.databinding.tool.writer.BindingMapperWriterV2$special$$inlined$sortedBy$1: loaded 5 times (x 87B)
Class dagger.spi.internal.shaded.androidx.room.compiler.processing.javac.JavacMethodType$returnType$2: loaded 5 times (x 77B)
Class dagger.internal.codegen.binding.$AutoValue_ProvisionBinding$Builder             : loaded 5 times (x 101B)
Class org.apache.commons.io.filefilter.AbstractFileFilter                             : loaded 5 times (x 81B)
Class com.sun.xml.bind.v2.runtime.MarshallerImpl$1                                    : loaded 5 times (x 150B)
Class dagger.spi.internal.shaded.androidx.room.compiler.processing.javac.kotlin.JvmDescriptorTypeVisitor$WhenMappings: loaded 5 times (x 69B)
Class [Ldagger.internal.codegen.binding.FrameworkType;                                : loaded 5 times (x 67B)
Class dagger.internal.codegen.model.AutoValue_Scope                                   : loaded 5 times (x 71B)
Class org.apache.commons.io.IOCase                                                    : loaded 5 times (x 70B)
Class kotlin.collections.SlidingWindowKt                                              : loaded 5 times (x 69B)
Class android.databinding.tool.store.ResourceBundle$BindingTargetBundle               : loaded 5 times (x 93B)
Class kotlin.coroutines.jvm.internal.SuspendFunction                                  : loaded 5 times (x 68B)
Class android.databinding.tool.util.Resources                                         : loaded 5 times (x 70B)
Class android.databinding.tool.store.SetterStore$AdapterSetter                        : loaded 5 times (x 88B)
Class android.databinding.annotationprocessor.ProcessDataBinding$ProcessingStep       : loaded 5 times (x 73B)
Class dagger.spi.internal.shaded.androidx.room.compiler.processing.javac.JavacMethodType$NormalMethodType: loaded 5 times (x 89B)
Class android.databinding.tool.util.GenerationalClassUtil$Companion                   : loaded 5 times (x 69B)
Class android.databinding.tool.LibTypes$viewDataBinding$2                             : loaded 5 times (x 77B)
Class android.databinding.internal.org.antlr.v4.runtime.tree.ParseTree                : loaded 5 times (x 68B)
Class org.apache.commons.io.filefilter.AndFileFilter                                  : loaded 5 times (x 92B)
Class android.databinding.tool.CompilerArguments$Companion$stringToFileList$1         : loaded 5 times (x 76B)
Class dagger.internal.codegen.writing.ModuleProxies                                   : loaded 5 times (x 69B)
Class android.databinding.tool.writer.MergedBindingMapperWriter$Companion             : loaded 5 times (x 69B)
Class dagger.internal.codegen.validation.DependencyRequestValidator$Validator         : loaded 5 times (x 70B)
Class android.databinding.tool.reflection.annotation.AnnotationLogger                 : loaded 5 times (x 75B)
Class com.sun.xml.bind.v2.runtime.output.C14nXmlOutput                                : loaded 5 times (x 99B)
Class dagger.internal.codegen.model.AutoValue_DependencyRequest$Builder               : loaded 5 times (x 75B)
Class kotlin.coroutines.intrinsics.IntrinsicsKt                                       : loaded 5 times (x 69B)
Class dagger.internal.codegen.compileroption.ValidationType$1                         : loaded 5 times (x 69B)
Class android.databinding.tool.reflection.SdkUtil$ApiChecker                          : loaded 5 times (x 72B)
Class dagger.internal.codegen.writing.InjectionMethods$InstanceCastPolicy             : loaded 5 times (x 77B)
Class kotlin.coroutines.intrinsics.IntrinsicsKt__IntrinsicsKt                         : loaded 5 times (x 69B)
Class dagger.internal.codegen.binding.AutoValue_MembersInjectionBinding_InjectionSite : loaded 5 times (x 75B)
Class android.databinding.annotationprocessor.ProcessExpressions                      : loaded 5 times (x 73B)
Class com.sun.xml.bind.v2.runtime.output.XmlOutputAbstractImpl                        : loaded 5 times (x 94B)
Class android.databinding.tool.store.SetterStore$IntermediateV3                       : loaded 5 times (x 74B)
Class dagger.hilt.android.processor.internal.viewmodel.ViewModelValidationPluginKt$WhenMappings: loaded 5 times (x 69B)
Class kotlin.coroutines.jvm.internal.RestrictedContinuationImpl                       : loaded 5 times (x 85B)
Class android.databinding.tool.store.SetterStore$Intermediate                         : loaded 5 times (x 68B)
Class android.databinding.tool.store.SetterStore$IntermediateV2                       : loaded 5 times (x 74B)
Class com.sun.xml.bind.CycleRecoverable$Context                                       : loaded 5 times (x 68B)
Class android.databinding.tool.store.SetterStore$IntermediateV1                       : loaded 5 times (x 74B)
Class android.databinding.tool.reflection.ModelAnalyzer$mapType$2                     : loaded 5 times (x 77B)
Class com.google.common.graph.Traverser$2                                             : loaded 5 times (x 72B)
Class kotlin.coroutines.intrinsics.CoroutineSingletons                                : loaded 5 times (x 77B)
Class org.apache.commons.io.Charsets                                                  : loaded 5 times (x 69B)
Class dagger.internal.codegen.base.RequestKinds                                       : loaded 5 times (x 69B)
Class dagger.internal.codegen.binding.Nullability                                     : loaded 5 times (x 71B)
Class com.squareup.javapoet.CodeBlock$CodeBlockJoiner                                 : loaded 5 times (x 70B)
Class kotlin.sequences.SequenceBuilderIterator                                        : loaded 5 times (x 83B)
Class dagger.internal.codegen.xprocessing.XExecutableTypes                            : loaded 5 times (x 69B)
Class android.databinding.tool.writer.BRWriter                                        : loaded 5 times (x 69B)
Class dagger.hilt.processor.internal.kotlin.DaggerKotlinMetadataUtils_MetadataComponent$Builder: loaded 5 times (x 69B)
Class dagger.internal.codegen.validation.BindingMethodValidator$1                     : loaded 5 times (x 69B)
Class android.databinding.tool.reflection.ModelAnalyzer$listTypes$2                   : loaded 5 times (x 77B)
Class com.google.common.graph.Traverser$1                                             : loaded 5 times (x 72B)
Class dagger.spi.internal.shaded.androidx.room.compiler.processing.KnownTypeNames     : loaded 5 times (x 69B)
Class com.google.common.base.ExtraObjectsMethodsForWeb                                : loaded 5 times (x 69B)
Class dagger.internal.codegen.model.BindingKind                                       : loaded 5 times (x 77B)
Class org.apache.commons.io.filefilter.DirectoryFileFilter                            : loaded 5 times (x 81B)
Class org.apache.commons.io.filefilter.TrueFileFilter                                 : loaded 5 times (x 81B)
Class android.databinding.tool.reflection.ModelAnalyzer$viewStubProxyType$2           : loaded 5 times (x 77B)
Class dagger.spi.internal.shaded.androidx.room.compiler.processing.javac.JavacFieldElement$getter$2: loaded 5 times (x 77B)
Class android.databinding.tool.reflection.ModelClass                                  : loaded 5 times (x 102B)
Class android.databinding.tool.store.ResourceBundle$IncludedLayout                    : loaded 5 times (x 70B)
Class android.databinding.annotationprocessor.BindableBag$ModuleBR                    : loaded 5 times (x 70B)
Class android.databinding.tool.reflection.ModelAnalyzer$mutableStateFlowDataType$2    : loaded 5 times (x 77B)
Class android.databinding.tool.writer.MergedBindingMapperWriter                       : loaded 5 times (x 70B)
Class [Ldagger.internal.codegen.base.ModuleKind;                                      : loaded 5 times (x 67B)
Class android.databinding.tool.store.BindingAdapterStore$Companion                    : loaded 5 times (x 69B)
Class android.databinding.tool.util.SymbolTableUtil                                   : loaded 5 times (x 69B)
Class dagger.internal.codegen.base.ModuleAnnotation                                   : loaded 5 times (x 74B)
Class dagger.internal.codegen.binding.AutoValue_ProvisionBinding                      : loaded 5 times (x 94B)
Class com.sun.xml.bind.marshaller.DataWriter                                          : loaded 5 times (x 169B)
Class android.databinding.tool.reflection.ClassFinderCache                            : loaded 5 times (x 70B)
Class android.databinding.tool.reflection.ModelAnalyzer$appCompatResourcesType$2      : loaded 5 times (x 77B)
Class android.databinding.tool.store.SetterStore$InverseDescription                   : loaded 5 times (x 75B)
Class kotlin.coroutines.jvm.internal.CoroutineStackFrame                              : loaded 5 times (x 68B)
Class android.databinding.tool.LibTypes$stateFlow$2                                   : loaded 5 times (x 76B)
Class dagger.hilt.android.processor.internal.viewmodel.ViewModelMetadata$Companion    : loaded 5 times (x 69B)
Class android.databinding.tool.LibTypes$observableMap$2                               : loaded 5 times (x 77B)
Class android.databinding.tool.LibTypes$typeRewriter$2                                : loaded 5 times (x 76B)
Class dagger.spi.internal.shaded.androidx.room.compiler.processing.util.NamingUtilsKt : loaded 5 times (x 69B)
Class dagger.internal.codegen.model.$AutoValue_Key$Builder                            : loaded 5 times (x 76B)
Class androidx.databinding.BindingMethods                                             : loaded 5 times (x 68B)
Class dagger.internal.codegen.validation.BindingElementValidator$1                    : loaded 5 times (x 69B)
Class com.google.common.collect.Maps$FilteredEntryMap$KeySet                          : loaded 5 times (x 135B)
Class dagger.hilt.android.processor.internal.androidentrypoint.Generators             : loaded 5 times (x 69B)
Class android.databinding.tool.expr.MethodCallExpr                                    : loaded 5 times (x 151B)
Class kotlin.coroutines.jvm.internal.RestrictedSuspendLambda                          : loaded 5 times (x 89B)
Class dagger.internal.codegen.validation.SpiModelBindingGraphConverter$1              : loaded 5 times (x 69B)
Class android.databinding.tool.LibTypes$bindingAdapter$2                              : loaded 5 times (x 77B)
Class com.sun.xml.bind.marshaller.CharacterEscapeHandler                              : loaded 5 times (x 68B)
Class android.databinding.tool.writer.BindingMapperWriterV2$Companion                 : loaded 5 times (x 69B)
Class dagger.internal.codegen.model.DaggerElement                                     : loaded 5 times (x 71B)
Class android.databinding.tool.reflection.RecursiveResolutionStack$items$1            : loaded 5 times (x 72B)
Class dagger.hilt.processor.internal.kotlin.KotlinMetadataFactory_Factory             : loaded 5 times (x 76B)
Class org.apache.commons.io.filefilter.NameFileFilter                                 : loaded 5 times (x 82B)
Class androidx.databinding.InverseBindingMethods                                      : loaded 5 times (x 68B)
Class android.databinding.annotationprocessor.AnnotationUtil                          : loaded 5 times (x 69B)
Class android.databinding.tool.reflection.ModelAnalyzer$observableFieldTypes$2        : loaded 5 times (x 77B)
Class [Ldagger.internal.codegen.binding.BindingType;                                  : loaded 5 times (x 67B)
Class dagger.hilt.android.processor.internal.androidentrypoint.InjectorEntryPointGenerator: loaded 5 times (x 70B)
Class [Ldagger.internal.codegen.writing.InjectionMethods$InstanceCastPolicy;          : loaded 5 times (x 67B)
Class dagger.spi.internal.shaded.androidx.room.compiler.processing.javac.JavacConstructorType: loaded 5 times (x 81B)
Class dagger.internal.codegen.base.DaggerSuperficialValidation$1                      : loaded 5 times (x 69B)
Class [Ldagger.spi.model.DaggerProcessingEnv$Backend;                                 : loaded 5 times (x 67B)
Class android.databinding.tool.reflection.ImportBag                                   : loaded 5 times (x 70B)
Class dagger.internal.codegen.base.ModuleKind                                         : loaded 5 times (x 77B)
Class android.databinding.internal.org.antlr.v4.runtime.tree.SyntaxTree               : loaded 5 times (x 68B)
Class androidx.databinding.Untaggable                                                 : loaded 5 times (x 68B)
Class com.sun.xml.bind.marshaller.XMLWriter                                           : loaded 5 times (x 165B)
Class android.databinding.tool.ext.ExtKt                                              : loaded 5 times (x 69B)
Class android.databinding.tool.store.BindingAdapterStore$merge$$inlined$merge$5$1     : loaded 5 times (x 75B)
Class dagger.hilt.processor.internal.kotlin.KotlinMetadataFactory_Factory$InstanceHolder: loaded 5 times (x 69B)
Class dagger.internal.codegen.base.RequestKinds$1                                     : loaded 5 times (x 69B)
Class dagger.spi.internal.shaded.androidx.room.compiler.processing.javac.kotlin.JvmDescriptorTypeVisitor: loaded 5 times (x 97B)
Class dagger.spi.internal.shaded.auto.common.MoreTypes$PrimitiveTypeVisitor           : loaded 5 times (x 100B)
Class android.databinding.tool.reflection.ModelAnalyzer$objectType$2                  : loaded 5 times (x 77B)
Class Program                                                                         : loaded 5 times (x 70B)
Class dagger.hilt.android.processor.internal.viewmodel.ViewModelValidationPluginKt    : loaded 5 times (x 69B)
Class dagger.hilt.processor.internal.kotlin.KotlinMetadataFactory                     : loaded 5 times (x 70B)
Class android.databinding.tool.util.FileUtil$listAndSortFiles$$inlined$sortedBy$2     : loaded 5 times (x 87B)
Class android.databinding.tool.reflection.ModelAnalyzer$observableType$2              : loaded 5 times (x 77B)
Class android.databinding.tool.LibTypes$propertyChangedInverseListener$2              : loaded 5 times (x 77B)
Class android.databinding.tool.util.FileUtil$listAndSortFiles$$inlined$sortedBy$1     : loaded 5 times (x 87B)
Class dagger.spi.internal.shaded.androidx.room.compiler.processing.javac.kotlin.KmConstructorContainer: loaded 5 times (x 98B)
Class com.google.common.collect.Maps$1                                                : loaded 5 times (x 80B)
Class android.databinding.tool.reflection.annotation.AnnotationAnalyzer               : loaded 5 times (x 79B)
Class com.sun.xml.bind.marshaller.NamespacePrefixMapper                               : loaded 5 times (x 73B)
Class [Ldagger.internal.codegen.writing.InjectionMethods$CheckNotNullPolicy;          : loaded 5 times (x 67B)
Class android.databinding.tool.store.SetterStore$SetterCall                           : loaded 5 times (x 88B)
Class dagger.internal.codegen.base.FrameworkTypes                                     : loaded 5 times (x 69B)
Class [Ldagger.internal.codegen.model.BindingKind;                                    : loaded 5 times (x 67B)
Class androidx.databinding.InverseBindingAdapter                                      : loaded 5 times (x 68B)
Class android.databinding.annotationprocessor.BindableBag$BRMapping                   : loaded 5 times (x 70B)
Class android.databinding.tool.LibTypes$dataBindingKtx$2                              : loaded 5 times (x 76B)
Class dagger.internal.codegen.binding.FrameworkType$3                                 : loaded 5 times (x 69B)
Class android.databinding.tool.store.SetterStore$BindingSetterCall                    : loaded 5 times (x 68B)
Class android.databinding.tool.store.SetterStore$InverseMethodDescription             : loaded 5 times (x 75B)
Class dagger.internal.codegen.model.AutoValue_Key                                     : loaded 5 times (x 78B)
Class dagger.internal.codegen.binding.FrameworkType$2                                 : loaded 5 times (x 82B)
Class android.databinding.tool.store.BindingAdapterStore$merge$$inlined$merge$4$1     : loaded 5 times (x 75B)
Class com.sun.xml.bind.v2.runtime.output.NamespaceContextImpl                         : loaded 5 times (x 79B)
Class dagger.internal.codegen.binding.FrameworkType$1                                 : loaded 5 times (x 82B)
Class kotlin.coroutines.jvm.internal.DebugProbesKt                                    : loaded 5 times (x 69B)
Class dagger.internal.codegen.binding.FrameworkType                                   : loaded 5 times (x 82B)
Class [Lcom.squareup.javapoet.ClassName;                                              : loaded 5 times (x 67B)
Class android.databinding.tool.processing.Scope                                       : loaded 5 times (x 69B)
Class android.databinding.tool.LibTypes$lifecycleOwner$2                              : loaded 5 times (x 77B)
Class [Ldagger.internal.codegen.base.ContributionType;                                : loaded 5 times (x 67B)
Class android.databinding.tool.expr.ResourceExpr                                      : loaded 5 times (x 147B)
Class android.databinding.tool.store.ResourceBundle$LayoutFileBundle                  : loaded 5 times (x 101B)
Class [Lkotlin.coroutines.intrinsics.CoroutineSingletons;                             : loaded 5 times (x 67B)
Class android.databinding.tool.store.GenClassInfoLog$createPackageInfoLog$1           : loaded 5 times (x 77B)
Class android.databinding.annotationprocessor.BindableBag$IdBag$buildMapping$$inlined$sortedBy$1: loaded 5 times (x 87B)
Class dagger.hilt.android.processor.internal.androidentrypoint.AutoValue_AndroidEntryPointMetadata: loaded 5 times (x 90B)
Class android.databinding.annotationprocessor.ProcessBindable$Intermediate            : loaded 5 times (x 68B)
Class com.google.common.base.Objects                                                  : loaded 5 times (x 69B)
Class dagger.spi.internal.shaded.androidx.room.compiler.processing.javac.JavacMethodType$Companion: loaded 5 times (x 69B)
Class android.databinding.annotationprocessor.ProcessExpressions$IntermediateV2       : loaded 5 times (x 80B)
Class android.databinding.tool.util.GenerationalClassUtil                             : loaded 5 times (x 70B)
Class android.databinding.annotationprocessor.ProcessExpressionsFromV1Compat$Companion: loaded 5 times (x 69B)
Class android.databinding.tool.ext.Replacement                                        : loaded 5 times (x 70B)
Class dagger.internal.DaggerGenerated                                                 : loaded 5 times (x 68B)
Class [Ldagger.internal.codegen.javapoet.AnnotationSpecs$Suppression;                 : loaded 5 times (x 67B)
Class org.apache.commons.io.filefilter.FileFilterUtils                                : loaded 5 times (x 69B)
Class android.databinding.tool.store.BindingAdapterStore                              : loaded 5 times (x 73B)
Class android.databinding.annotationprocessor.ProcessExpressions$IntermediateV1       : loaded 5 times (x 79B)
Class dagger.spi.internal.shaded.androidx.room.compiler.processing.javac.JavacFieldElement: loaded 5 times (x 225B)
Class com.sun.xml.bind.v2.util.CollisionCheckStack                                    : loaded 5 times (x 159B)
Class android.databinding.tool.reflection.ModelAnalyzer$liveDataType$2                : loaded 5 times (x 77B)
Class dagger.internal.codegen.model.AutoValue_DependencyRequest                       : loaded 5 times (x 74B)
Class dagger.spi.internal.shaded.androidx.room.compiler.processing.javac.JavacMethodType: loaded 5 times (x 89B)
Class android.databinding.tool.LibTypes$listClassNames$2                              : loaded 5 times (x 77B)
Class android.databinding.annotationprocessor.ProcessExpressions$Intermediate         : loaded 5 times (x 68B)
Class android.databinding.tool.LibTypes$nonNull$2                                     : loaded 5 times (x 77B)
Class kotlin.coroutines.jvm.internal.BaseContinuationImpl                             : loaded 5 times (x 85B)
Class android.databinding.annotationprocessor.BindableBag$PackageProps                : loaded 5 times (x 70B)
Class dagger.spi.internal.shaded.androidx.room.compiler.processing.javac.JavacMethodType$typeVariableNames$2: loaded 5 times (x 77B)
Class android.databinding.tool.LibTypes$appCompatResources$2                          : loaded 5 times (x 77B)
Class [Landroid.databinding.annotationprocessor.ProcessDataBinding$ProcessingStep;    : loaded 5 times (x 67B)
Class android.databinding.internal.org.antlr.v4.runtime.Token                         : loaded 5 times (x 68B)
Class dagger.spi.internal.shaded.androidx.room.compiler.processing.javac.kotlin.JvmAbi: loaded 5 times (x 69B)
Class dagger.internal.codegen.base.UniqueNameSet                                      : loaded 5 times (x 70B)
Class android.databinding.tool.store.ResourceBundle$IncludedLayout$Builder            : loaded 5 times (x 74B)
Class android.databinding.tool.LibTypes$mutableLiveData$2                             : loaded 5 times (x 77B)
Class android.databinding.tool.LibTypes$viewStubProxy$2                               : loaded 5 times (x 77B)
Class android.databinding.tool.reflection.ModelAnalyzer$observableListType$2          : loaded 5 times (x 77B)
Class android.databinding.tool.reflection.SdkUtil                                     : loaded 5 times (x 75B)
Class dagger.internal.codegen.binding.FrameworkField                                  : loaded 5 times (x 71B)
Class android.databinding.tool.reflection.ModelAnalyzer$hasGeneratedAnnotation$2      : loaded 5 times (x 77B)
Class dagger.spi.internal.shaded.androidx.room.compiler.processing.XMethodType        : loaded 5 times (x 68B)
Class android.databinding.tool.processing.scopes.LocationScopeProvider                : loaded 5 times (x 68B)
Class dagger.internal.codegen.model.Scope                                             : loaded 5 times (x 70B)
Class android.databinding.tool.store.SetterStore$ModelMethodSetter                    : loaded 5 times (x 88B)
Class android.databinding.tool.reflection.ModelMethod                                 : loaded 5 times (x 87B)
Class dagger.hilt.processor.internal.kotlin.DaggerKotlinMetadataUtils_MetadataComponent: loaded 5 times (x 69B)
Class android.databinding.annotationprocessor.ProcessExpressionsFromV1Compat          : loaded 5 times (x 70B)
Class dagger.internal.codegen.extension.Optionals                                     : loaded 5 times (x 69B)
Class dagger.spi.internal.shaded.androidx.room.compiler.processing.javac.JavacExecutableType: loaded 5 times (x 79B)
Class android.databinding.tool.util.SymbolTable                                       : loaded 5 times (x 70B)
Class dagger.spi.internal.shaded.androidx.room.compiler.processing.XEnumTypeElement   : loaded 5 times (x 68B)
Class dagger.hilt.android.processor.internal.androidentrypoint.$AutoValue_AndroidEntryPointMetadata: loaded 5 times (x 90B)
Class android.databinding.tool.reflection.ModelAnalyzer$mutableLiveDataType$2         : loaded 5 times (x 77B)
Class android.databinding.tool.reflection.ModelAnalyzer$observableMapType$2           : loaded 5 times (x 77B)
Class android.databinding.tool.processing.scopes.FileScopeProvider                    : loaded 5 times (x 68B)
Class android.databinding.tool.expr.Expr                                              : loaded 5 times (x 146B)
Class kotlin.ResultKt                                                                 : loaded 5 times (x 69B)
Class dagger.hilt.processor.internal.kotlin.KotlinMetadataUtils                       : loaded 5 times (x 69B)
Class dagger.internal.codegen.base.Util                                               : loaded 5 times (x 69B)
Class android.databinding.tool.DataBinder                                             : loaded 5 times (x 78B)
Class kotlin.streams.jdk8.StreamsKt                                                   : loaded 5 times (x 69B)
Class android.databinding.tool.LibTypes                                               : loaded 5 times (x 70B)
Class dagger.hilt.android.processor.internal.androidentrypoint.AndroidEntryPointProcessingStep$1: loaded 5 times (x 69B)
Class dagger.internal.codegen.model.Key$Builder                                       : loaded 5 times (x 74B)
Class dagger.spi.internal.shaded.androidx.room.compiler.processing.javac.JavacExecutableType$parameterTypes$2: loaded 5 times (x 77B)
Class android.databinding.tool.reflection.ModelAnalyzer$dataBindingKtxClass$2         : loaded 5 times (x 77B)
Class android.databinding.tool.reflection.ModelAnalyzer                               : loaded 5 times (x 75B)
Class dagger.internal.codegen.model.DaggerTypeElement                                 : loaded 5 times (x 72B)
Class android.databinding.tool.store.ResourceBundle$VariableDeclaration               : loaded 5 times (x 70B)
Class android.databinding.tool.LibTypes$observableList$2                              : loaded 5 times (x 77B)
Class android.databinding.tool.store.SetterStore$BindingGetterCall                    : loaded 5 times (x 68B)
Class android.databinding.tool.store.ResourceBundle$NameTypeLocation                  : loaded 5 times (x 70B)
Class dagger.spi.internal.shaded.auto.common.MoreTypes$ExecutableTypeVisitor          : loaded 5 times (x 100B)
Class dagger.internal.codegen.binding.MembersInjectionBinding$InjectionSite           : loaded 5 times (x 74B)
Class dagger.internal.codegen.base.$AutoValue_ModuleAnnotation                        : loaded 5 times (x 74B)
Class dagger.internal.codegen.validation.ValidationReport$Builder                     : loaded 5 times (x 70B)
Class com.google.common.base.JdkPattern                                               : loaded 5 times (x 73B)
Class dagger.internal.codegen.model.AutoValue_DaggerAnnotation                        : loaded 5 times (x 75B)
Class dagger.internal.codegen.javapoet.AnnotationSpecs$Suppression                    : loaded 5 times (x 77B)
Class com.sun.xml.bind.v2.runtime.unmarshaller.IntData                                : loaded 5 times (x 87B)
Class dagger.internal.codegen.base.ContributionType                                   : loaded 5 times (x 77B)
Class android.databinding.tool.reflection.RecursiveResolutionStack                    : loaded 5 times (x 70B)
Class javax.xml.bind.helpers.AbstractMarshallerImpl                                   : loaded 5 times (x 123B)
Class android.databinding.tool.store.Location                                         : loaded 5 times (x 76B)
Class kotlin.sequences.SequenceScope                                                  : loaded 5 times (x 71B)
Class android.databinding.tool.reflection.ModelAnalyzer$viewDataBindingType$2         : loaded 5 times (x 77B)
Class dagger.spi.internal.shaded.androidx.room.compiler.processing.javac.JavacFieldElement$enclosingElement$2: loaded 5 times (x 77B)
Class dagger.internal.codegen.xprocessing.XTypes$TypeResolutionVisitor                : loaded 5 times (x 99B)
Class dagger.spi.internal.shaded.androidx.room.compiler.processing.XEnumEntry         : loaded 5 times (x 68B)
Class android.databinding.tool.store.SetterStore$1                                    : loaded 5 times (x 90B)
Class android.databinding.internal.org.antlr.v4.runtime.tree.RuleNode                 : loaded 5 times (x 68B)
Class dagger.internal.codegen.model.AutoValue_DaggerTypeElement                       : loaded 5 times (x 73B)
Class android.databinding.annotationprocessor.BindableBag$IdBag                       : loaded 5 times (x 70B)
Class dagger.spi.internal.shaded.androidx.room.compiler.processing.javac.kotlin.KmValueParameterContainer: loaded 5 times (x 70B)
Class android.databinding.annotationprocessor.ProcessBindable$IntermediateV1          : loaded 5 times (x 80B)
Class android.databinding.tool.LibTypes$nullable$2                                    : loaded 5 times (x 77B)
Class dagger.internal.codegen.binding.AutoValue_FrameworkField                        : loaded 5 times (x 72B)
Class android.databinding.internal.org.antlr.v4.runtime.tree.Tree                     : loaded 5 times (x 68B)
Class android.databinding.tool.LibTypes$mutableStateFlow$2                            : loaded 5 times (x 76B)
Class dagger.internal.codegen.binding.BindingType                                     : loaded 5 times (x 77B)
Class android.databinding.tool.reflection.ModelAnalyzer$stateFlowType$2               : loaded 5 times (x 77B)
Class android.databinding.annotationprocessor.ProcessMethodAdapters                   : loaded 5 times (x 73B)
Class dagger.internal.codegen.writing.InjectionMethods$ProvisionMethod                : loaded 5 times (x 69B)
Class android.databinding.tool.store.GenClassInfoLog$GenClassImpl$Companion           : loaded 5 times (x 69B)
Class android.databinding.tool.LibTypes$observable$2                                  : loaded 5 times (x 77B)
Class com.google.gson.internal.$Gson$Types$GenericArrayTypeImpl                       : loaded 5 times (x 77B)
Class android.databinding.tool.store.SetterStore$ViewBindingRootViewSetterCall        : loaded 5 times (x 88B)
Class com.sun.xml.bind.v2.runtime.output.NamespaceContextImpl$1                       : loaded 5 times (x 73B)
Class android.databinding.tool.LibTypes$inverseBindingListener$2                      : loaded 5 times (x 77B)
Class org.apache.commons.io.filefilter.NotFileFilter                                  : loaded 5 times (x 82B)
Class dagger.internal.codegen.binding.MembersInjectionBinding$InjectionSite$Kind      : loaded 5 times (x 77B)
Class dagger.internal.codegen.binding.MapKeys                                         : loaded 5 times (x 69B)
Class android.databinding.tool.store.ResourceBundle$BindingTargetBundle$BindingBundle : loaded 5 times (x 80B)
Class android.databinding.tool.writer.ComponentWriter                                 : loaded 5 times (x 71B)
Class dagger.internal.codegen.model.DependencyRequest$Builder                         : loaded 5 times (x 74B)
Class android.databinding.tool.util.GenerationalClassUtil$load$2                      : loaded 5 times (x 77B)
Class kotlin.sequences.SequencesKt__SequenceBuilderKt$sequence$$inlined$Sequence$1    : loaded 5 times (x 73B)
Class dagger.internal.codegen.model.$AutoValue_Key                                    : loaded 5 times (x 78B)
Class android.databinding.tool.CompilerChef                                           : loaded 5 times (x 83B)
Class android.databinding.tool.util.GenerationalClassUtil$load$1                      : loaded 5 times (x 77B)
Class dagger.internal.codegen.binding.SourceFiles$1                                   : loaded 5 times (x 69B)
Class androidx.databinding.BindingAdapter                                             : loaded 5 times (x 68B)
Class dagger.internal.codegen.writing.InjectionMethods$CheckNotNullPolicy             : loaded 5 times (x 77B)
Class dagger.internal.codegen.binding.InjectionSiteFactory$InjectionSiteVisitor       : loaded 5 times (x 70B)
Class android.databinding.tool.util.FileUtil                                          : loaded 5 times (x 69B)
Class com.google.common.base.CommonPattern                                            : loaded 5 times (x 72B)
Class [Ldagger.hilt.android.processor.internal.androidentrypoint.AndroidEntryPointMetadata$AndroidType;: loaded 5 times (x 67B)
Class com.sun.xml.bind.v2.util.XmlFactory$1                                           : loaded 5 times (x 74B)
Class android.databinding.tool.store.SetterStore$AccessorKey                          : loaded 5 times (x 75B)
Class android.databinding.tool.store.GenClassInfoLog                                  : loaded 5 times (x 70B)
Class dagger.spi.internal.shaded.androidx.room.compiler.processing.XConstructorType   : loaded 5 times (x 68B)
Class dagger.internal.codegen.model.AutoValue_DaggerType                              : loaded 5 times (x 73B)
Class android.databinding.tool.reflection.ModelAnalyzer$classFinderCache$1            : loaded 5 times (x 77B)
Class android.databinding.tool.writer.BindingMapperWriterV2$generateInnerBrLookup$1$1 : loaded 5 times (x 77B)
Class com.sun.xml.bind.v2.runtime.NamespaceContext2                                   : loaded 5 times (x 68B)
Class dagger.internal.codegen.model.DaggerType                                        : loaded 5 times (x 72B)
Class dagger.internal.codegen.binding.ContributionBinding$1                           : loaded 5 times (x 69B)
Class android.databinding.tool.CompilerChef$BindableHolder                            : loaded 5 times (x 68B)
Class android.databinding.tool.LibTypes$Companion                                     : loaded 5 times (x 69B)
Class android.databinding.tool.store.SetterStore$MethodDescription                    : loaded 5 times (x 75B)
Class dagger.spi.internal.shaded.androidx.room.compiler.processing.javac.JavacMethodElement$parameters$2$1$1: loaded 5 times (x 77B)
Class kotlin.coroutines.Continuation                                                  : loaded 5 times (x 68B)
Class android.databinding.tool.reflection.MutableImportBag                            : loaded 5 times (x 70B)
Class com.sun.xml.bind.v2.runtime.output.NamespaceContextImpl$Element                 : loaded 5 times (x 70B)
Class android.databinding.tool.reflection.annotation.AnnotationClass                  : loaded 5 times (x 103B)
Class kotlin.coroutines.CoroutineContext                                              : loaded 5 times (x 68B)
Class dagger.spi.internal.shaded.androidx.room.compiler.processing.javac.kotlin.KmFunctionContainerImpl: loaded 5 times (x 98B)
Class android.databinding.internal.org.antlr.v4.runtime.RuleContext                   : loaded 5 times (x 112B)
Class androidx.databinding.Bindable                                                   : loaded 5 times (x 68B)
Class android.databinding.annotationprocessor.BindableBag                             : loaded 5 times (x 70B)
Class dagger.spi.internal.shaded.androidx.room.compiler.processing.XFieldElement      : loaded 5 times (x 68B)
Class dagger.internal.codegen.binding.$AutoValue_ProvisionBinding                     : loaded 5 times (x 93B)
Class android.databinding.tool.LibTypes$liveData$2                                    : loaded 5 times (x 77B)
Class dagger.internal.codegen.base.ModuleKind$1                                       : loaded 5 times (x 69B)
Class com.sun.xml.bind.v2.util.XmlFactory                                             : loaded 5 times (x 69B)
Class [Lorg.apache.commons.io.filefilter.IOFileFilter;                                : loaded 5 times (x 67B)
Class android.databinding.tool.store.GenClassInfoLog$GenClass                         : loaded 5 times (x 70B)
Class android.databinding.tool.reflection.ModelAnalyzer$stringType$2                  : loaded 5 times (x 77B)
Class dagger.spi.internal.shaded.androidx.room.compiler.processing.javac.kotlin.KmConstructorContainer$parameters$2: loaded 5 times (x 77B)
Class dagger.internal.codegen.xprocessing.XMethodElements                             : loaded 5 times (x 69B)
Class dagger.internal.codegen.model.AutoValue_DaggerElement                           : loaded 5 times (x 72B)
Class com.google.common.graph.Traverser                                               : loaded 5 times (x 71B)
Class android.databinding.annotationprocessor.ProcessDataBinding$1                    : loaded 5 times (x 76B)
Class kotlin.coroutines.intrinsics.IntrinsicsKt__IntrinsicsJvmKt                      : loaded 5 times (x 69B)
Class dagger.internal.codegen.binding.$AutoValue_MembersInjectionBinding_InjectionSite: loaded 5 times (x 75B)
Class dagger.spi.internal.shaded.androidx.room.compiler.processing.javac.JavacFieldElement$syntheticMethodForAnnotations$2: loaded 5 times (x 77B)
Class dagger.internal.codegen.model.DaggerAnnotation                                  : loaded 5 times (x 74B)
Class dagger.internal.codegen.writing.InjectionMethods                                : loaded 5 times (x 69B)
Class com.sun.xml.bind.v2.runtime.output.IndentingUTF8XmlOutput                       : loaded 5 times (x 99B)
Class android.databinding.annotationprocessor.BindableBag$Companion                   : loaded 5 times (x 69B)
Class dagger.spi.internal.shaded.androidx.room.compiler.processing.javac.JavacFieldElement$setter$2: loaded 5 times (x 77B)
Class android.databinding.tool.LibTypes$dataBindingComponent$2                        : loaded 5 times (x 77B)
Class android.databinding.tool.store.BindingAdapterStore$merge$$inlined$merge$1$1     : loaded 5 times (x 75B)
Class dagger.spi.internal.shaded.androidx.room.compiler.processing.javac.kotlin.JvmDescriptorTypeVisitor$visitExecutable$parameterDescriptors$1: loaded 5 times (x 77B)
Class dagger.hilt.processor.internal.kotlin.DaggerKotlinMetadataUtils_MetadataComponent$MetadataComponentImpl: loaded 5 times (x 73B)
Class android.databinding.tool.LibTypes$observableFields$2                            : loaded 5 times (x 77B)
Class [Landroid.databinding.tool.util.GenerationalClassUtil$ExtensionFilter;          : loaded 5 times (x 67B)
Class android.databinding.tool.store.BindingAdapterStore$merge$$inlined$merge$5       : loaded 5 times (x 75B)
Class android.databinding.tool.util.GenerationalClassUtil$ExtensionFilter             : loaded 5 times (x 78B)
Class android.databinding.tool.store.BindingAdapterStore$merge$$inlined$merge$4       : loaded 5 times (x 75B)
Class dagger.spi.model.DaggerProcessingEnv$Backend                                    : loaded 5 times (x 77B)
Class dagger.internal.codegen.javapoet.AnnotationSpecs                                : loaded 5 times (x 69B)
Class android.databinding.tool.store.BindingAdapterStore$merge$$inlined$merge$3       : loaded 5 times (x 75B)
Class android.databinding.tool.util.GenerationalClassUtil$IgnoreSerialIdObjectInputStream: loaded 5 times (x 143B)
Class android.databinding.tool.store.BindingAdapterStore$merge$$inlined$merge$2       : loaded 5 times (x 75B)
Class dagger.internal.codegen.binding.AutoValue_Nullability                           : loaded 5 times (x 72B)
Class android.databinding.tool.store.BindingAdapterStore$merge$$inlined$merge$1       : loaded 5 times (x 75B)
Class android.databinding.tool.store.GenClassInfoLog$Companion                        : loaded 5 times (x 69B)
Class android.databinding.tool.store.SetterStore                                      : loaded 5 times (x 87B)
Class dagger.internal.codegen.model.DependencyRequest                                 : loaded 5 times (x 73B)
Class dagger.internal.codegen.binding.KeyFactory$1                                    : loaded 5 times (x 69B)
Class dagger.hilt.processor.internal.kotlin.KotlinMetadataUtil                        : loaded 5 times (x 70B)
Class android.databinding.tool.reflection.annotation.AnnotationTypeUtil               : loaded 5 times (x 75B)
Class com.sun.xml.bind.v2.runtime.output.XmlOutput                                    : loaded 5 times (x 68B)
Class android.databinding.tool.reflection.ModelAnalyzer$viewStubType$2                : loaded 5 times (x 77B)
Class [Ldagger.internal.codegen.validation.ModuleValidator$ModuleMethodKind;          : loaded 5 times (x 67B)
Class android.databinding.tool.reflection.ModelAnalyzer$Companion                     : loaded 5 times (x 69B)
Class android.databinding.tool.LibTypes$bindable$2                                    : loaded 5 times (x 77B)
Class android.databinding.tool.writer.BindingMapperWriterV2$generateInnerLayoutIdLookup$1$1: loaded 5 times (x 77B)
Class dagger.spi.internal.shaded.androidx.room.compiler.processing.javac.kotlin.JvmDescriptorUtilsKt: loaded 5 times (x 69B)
Class android.databinding.tool.util.RelativizableFile                                 : loaded 5 times (x 70B)
Class android.databinding.tool.LibTypes$dataBindingUtil$2                             : loaded 5 times (x 77B)
Class dagger.hilt.android.processor.internal.androidentrypoint.AndroidEntryPointMetadata$Type: loaded 5 times (x 70B)
Class androidx.databinding.InverseMethod                                              : loaded 5 times (x 68B)
Class android.databinding.tool.reflection.TypeUtil                                    : loaded 5 times (x 72B)
Class android.databinding.tool.store.SetterStore$MultiValueAdapterKey                 : loaded 5 times (x 75B)
Class dagger.spi.internal.shaded.androidx.room.compiler.processing.XMethodElementKt   : loaded 5 times (x 69B)
Class dagger.internal.codegen.javapoet.CodeBlocks                                     : loaded 5 times (x 69B)
Class kotlin.coroutines.EmptyCoroutineContext                                         : loaded 5 times (x 75B)
Class dagger.internal.codegen.binding.AssistedInjectionAnnotations                    : loaded 5 times (x 69B)
Class android.databinding.tool.expr.VersionProvider                                   : loaded 5 times (x 68B)
Class org.apache.commons.io.filefilter.SuffixFileFilter                               : loaded 5 times (x 82B)
Class org.apache.commons.io.filefilter.OrFileFilter                                   : loaded 5 times (x 92B)
Class com.sun.xml.bind.v2.runtime.XMLSerializer                                       : loaded 5 times (x 82B)
Class android.databinding.tool.Context                                                : loaded 5 times (x 69B)
Class dagger.hilt.android.processor.internal.androidentrypoint.AndroidEntryPointMetadata$AndroidType: loaded 5 times (x 77B)
Class dagger.spi.internal.shaded.androidx.room.compiler.processing.javac.kotlin.KmFunctionContainer: loaded 5 times (x 68B)
Class android.databinding.annotationprocessor.ProcessBindable                         : loaded 5 times (x 77B)
Class android.databinding.tool.store.GenClassInfoLog$GenClassImpl                     : loaded 5 times (x 70B)
Class dagger.spi.internal.shaded.androidx.room.compiler.processing.javac.JavacMethodType$typeVariables$2: loaded 5 times (x 77B)
Class android.databinding.tool.writer.BindingMapperWriterV2$createLocalizedLayoutIds$1$2: loaded 5 times (x 77B)
Class dagger.spi.internal.shaded.androidx.room.compiler.processing.javac.JavacFieldElement$kotlinMetadata$2: loaded 5 times (x 77B)
Class dagger.hilt.android.processor.internal.viewmodel.ViewModelMetadata              : loaded 5 times (x 70B)
Class kotlin.collections.builders.ListBuilder$Companion                               : loaded 5 times (x 69B)
Class androidx.databinding.BindingConversion                                          : loaded 5 times (x 68B)
Class com.sun.xml.bind.v2.runtime.MarshallerImpl                                      : loaded 5 times (x 126B)
Class com.sun.xml.bind.v2.runtime.output.UTF8XmlOutput                                : loaded 5 times (x 98B)
Class dagger.spi.internal.shaded.androidx.room.compiler.processing.javac.kotlin.KmPropertyFunctionContainerImpl: loaded 5 times (x 107B)
Class android.databinding.internal.org.antlr.v4.runtime.ParserRuleContext             : loaded 5 times (x 129B)
Class dagger.internal.codegen.langmodel.Accessibility                                 : loaded 5 times (x 69B)
Class android.databinding.tool.store.BindingAdapterStore$merge$$inlined$merge$2$1     : loaded 5 times (x 75B)
Class android.databinding.tool.store.BindingAdapterStore$merge$$inlined$merge$3$1     : loaded 5 times (x 75B)
Class dagger.hilt.android.processor.internal.androidentrypoint.Generators$1           : loaded 4 times (x 69B)
Class com.google.common.base.Verify                                                   : loaded 4 times (x 69B)
Class dagger.spi.internal.shaded.androidx.room.jarjarred.kotlinx.metadata.KmVersionRequirementVisitor: loaded 4 times (x 73B)
Class dagger.spi.internal.shaded.androidx.room.jarjarred.kotlinx.metadata.jvm.KotlinClassMetadata$SyntheticClass: loaded 4 times (x 75B)
Class dagger.spi.internal.shaded.androidx.room.jarjarred.kotlinx.metadata.internal.metadata.deserialization.VersionRequirement$Companion: loaded 4 times (x 69B)
Class dagger.spi.internal.shaded.androidx.room.jarjarred.kotlinx.metadata.internal.metadata.deserialization.VersionRequirement: loaded 4 times (x 70B)
Class dagger.spi.internal.shaded.androidx.room.jarjarred.kotlinx.metadata.internal.metadata.ProtoBuf$VersionRequirement$Level$1: loaded 4 times (x 72B)
Class dagger.spi.internal.shaded.androidx.room.jarjarred.kotlinx.metadata.internal.metadata.ProtoBuf$VersionRequirement$1: loaded 4 times (x 142B)
Class dagger.spi.internal.shaded.androidx.room.jarjarred.kotlinx.metadata.KmVersion   : loaded 4 times (x 69B)
Class dagger.spi.internal.shaded.androidx.room.jarjarred.kotlinx.metadata.KmVersionRequirement: loaded 4 times (x 73B)
Class dagger.spi.internal.shaded.androidx.room.jarjarred.kotlinx.metadata.internal.metadata.ProtoBuf$VersionRequirement: loaded 4 times (x 114B)
Class dagger.internal.codegen.binding.DependencyVariableNamer$1                       : loaded 4 times (x 69B)
Class dagger.spi.internal.shaded.androidx.room.compiler.processing.util.MemoizedSequence$CachedIterator: loaded 4 times (x 77B)
Class dagger.spi.internal.shaded.androidx.room.jarjarred.kotlinx.metadata.internal.metadata.deserialization.VersionRequirement$Version$Companion: loaded 4 times (x 69B)
Class dagger.hilt.android.processor.internal.androidentrypoint.FragmentGenerator      : loaded 4 times (x 70B)
Class com.google.common.base.Platform$JdkPatternCompiler                              : loaded 4 times (x 73B)
Class kotlin.text.StringsKt__StringsKt$splitToSequence$1                              : loaded 4 times (x 77B)
Class dagger.spi.internal.shaded.androidx.room.jarjarred.kotlinx.metadata.KmVersionRequirementLevel: loaded 4 times (x 77B)
Class dagger.internal.codegen.binding.FrameworkTypeMapper                             : loaded 4 times (x 78B)
Class dagger.spi.internal.shaded.androidx.room.compiler.processing.DeclarationCollectorKt: loaded 4 times (x 69B)
Class dagger.internal.codegen.writing.FactoryGenerator$1                              : loaded 4 times (x 69B)
Class com.google.common.base.PatternCompiler                                          : loaded 4 times (x 68B)
Class [Ldagger.internal.codegen.writing.FactoryGenerator$FactoryCreationStrategy;     : loaded 4 times (x 67B)
Class dagger.spi.internal.shaded.auto.common.Visibility                               : loaded 4 times (x 77B)
Class dagger.spi.internal.shaded.androidx.room.compiler.processing.DeclarationCollectorKt$collectAllMethods$1: loaded 4 times (x 93B)
Class [Ldagger.spi.internal.shaded.androidx.room.jarjarred.kotlinx.metadata.KmVersionRequirementVersionKind;: loaded 4 times (x 67B)
Class com.google.common.base.Platform                                                 : loaded 4 times (x 69B)
Class dagger.spi.internal.shaded.androidx.room.jarjarred.kotlinx.metadata.internal.metadata.deserialization.VersionRequirement$Companion$WhenMappings: loaded 4 times (x 69B)
Class kotlin.text.StringsKt__StringsKt$rangesDelimitedBy$2                            : loaded 4 times (x 77B)
Class dagger.spi.internal.shaded.androidx.room.jarjarred.kotlinx.metadata.internal.metadata.ProtoBuf$VersionRequirement$Level: loaded 4 times (x 80B)
Class dagger.internal.codegen.writing.FactoryGenerator$FactoryCreationStrategy        : loaded 4 times (x 77B)
Class dagger.spi.internal.shaded.androidx.room.jarjarred.kotlinx.metadata.KmVersionRequirementVersionKind: loaded 4 times (x 77B)
Class dagger.internal.codegen.binding.FrameworkTypeMapper$3                           : loaded 4 times (x 69B)
Class dagger.internal.codegen.binding.FrameworkTypeMapper$2                           : loaded 4 times (x 78B)
Class [Ldagger.internal.codegen.binding.FrameworkTypeMapper;                          : loaded 4 times (x 67B)
Class dagger.internal.codegen.binding.FrameworkTypeMapper$1                           : loaded 4 times (x 78B)
Class [Ldagger.spi.internal.shaded.androidx.room.jarjarred.kotlinx.metadata.KmVersionRequirementLevel;: loaded 4 times (x 67B)
Class com.google.common.collect.Lists$TransformingRandomAccessList                    : loaded 4 times (x 159B)
Class dagger.internal.codegen.binding.DependencyVariableNamer                         : loaded 4 times (x 69B)
Class dagger.spi.internal.shaded.androidx.room.jarjarred.kotlinx.metadata.internal.metadata.deserialization.VersionRequirement$Version: loaded 4 times (x 69B)
Class com.google.common.base.VerifyException                                          : loaded 4 times (x 80B)
Class dagger.spi.internal.shaded.androidx.room.jarjarred.kotlinx.metadata.internal.metadata.ProtoBuf$VersionRequirementOrBuilder: loaded 4 times (x 68B)
Class dagger.internal.codegen.writing.GwtCompatibility                                : loaded 4 times (x 69B)
Class [Ldagger.spi.internal.shaded.androidx.room.jarjarred.kotlinx.metadata.internal.metadata.ProtoBuf$VersionRequirement$Level;: loaded 4 times (x 67B)
Class com.google.common.cache.LocalCache$LoadingValueReference                        : loaded 3 times (x 95B)
Class dagger.hilt.android.processor.internal.viewmodel.ViewModelModuleGenerator       : loaded 3 times (x 70B)
Class kotlin.ReplaceWith                                                              : loaded 3 times (x 68B)
Class dagger.spi.internal.shaded.androidx.room.jarjarred.kotlinx.metadata.KmTypeParameterExtensionVisitor: loaded 3 times (x 68B)
Class com.google.common.base.Splitter$SplittingIterator                               : loaded 3 times (x 82B)
Class com.google.common.cache.LocalCache$LocalManualCache$1                           : loaded 3 times (x 73B)
Class com.google.common.cache.CacheLoader$SupplierToCacheLoader                       : loaded 3 times (x 73B)
Class com.google.common.base.CharMatcher$None                                         : loaded 3 times (x 110B)
Class com.google.common.cache.LocalCache                                              : loaded 3 times (x 185B)
Class com.google.common.cache.RemovalListener                                         : loaded 3 times (x 68B)
Class com.google.common.collect.FluentIterable$1                                      : loaded 3 times (x 79B)
Class kotlin.jvm.internal.markers.KMutableSet                                         : loaded 3 times (x 68B)
Class kotlin.ranges.IntProgressionIterator                                            : loaded 3 times (x 80B)
Class com.google.common.collect.FluentIterable$2                                      : loaded 3 times (x 79B)
Class com.google.common.collect.FluentIterable$3                                      : loaded 3 times (x 79B)
Class com.google.common.util.concurrent.ExecutionError                                : loaded 3 times (x 80B)
Class dagger.hilt.processor.internal.root.AggregatedRootGenerator                     : loaded 3 times (x 70B)
Class kotlin.sequences.FlatteningSequence$iterator$1                                  : loaded 3 times (x 77B)
Class [Lcom.google.common.cache.CacheBuilder$OneWeigher;                              : loaded 3 times (x 67B)
Class com.google.common.cache.CacheBuilder$OneWeigher                                 : loaded 3 times (x 80B)
Class kotlin.jvm.internal.FunctionReferenceImpl                                       : loaded 3 times (x 120B)
Class dagger.internal.codegen.binding.BindsTypeChecker$1                              : loaded 3 times (x 69B)
Class com.google.common.collect.AbstractMapBasedMultimap$WrappedCollection$WrappedIterator: loaded 3 times (x 82B)
Class kotlin.collections.builders.MapBuilder$Itr                                      : loaded 3 times (x 70B)
Class dagger.spi.internal.shaded.androidx.room.jarjarred.kotlinx.metadata.KmTypeParameterVisitor: loaded 3 times (x 73B)
Class [Lcom.google.common.cache.LocalCache$EntryFactory;                              : loaded 3 times (x 67B)
Class com.google.common.base.Splitter                                                 : loaded 3 times (x 70B)
Class com.google.common.cache.LocalCache$ComputingValueReference                      : loaded 3 times (x 95B)
Class [Lcom.google.common.cache.Weigher;                                              : loaded 3 times (x 67B)
Class com.google.common.cache.LocalCache$Segment                                      : loaded 3 times (x 152B)
Class kotlin.sequences.SequencesKt__SequencesKt$flatten$2                             : loaded 3 times (x 76B)
Class [Ldagger.spi.internal.shaded.androidx.room.compiler.processing.XAnnotated;      : loaded 3 times (x 67B)
Class com.google.common.collect.Maps$EntryFunction                                    : loaded 3 times (x 89B)
Class dagger.hilt.processor.internal.root.Root                                        : loaded 3 times (x 75B)
Class com.google.common.cache.LocalCache$EntryFactory$1                               : loaded 3 times (x 81B)
Class kotlin.sequences.FlatteningSequence                                             : loaded 3 times (x 73B)
Class com.google.common.cache.LocalCache$EntryFactory$2                               : loaded 3 times (x 81B)
Class com.google.common.cache.LocalCache$EntryFactory$3                               : loaded 3 times (x 81B)
Class com.google.common.cache.LocalCache$EntryFactory$4                               : loaded 3 times (x 81B)
Class [Lcom.google.common.collect.Maps$EntryFunction;                                 : loaded 3 times (x 67B)
Class com.google.common.cache.LocalCache$EntryFactory$5                               : loaded 3 times (x 81B)
Class com.google.common.cache.LocalCache$EntryFactory$6                               : loaded 3 times (x 81B)
Class com.google.common.cache.LocalCache$EntryFactory$7                               : loaded 3 times (x 81B)
Class com.google.common.cache.LocalCache$EntryFactory$8                               : loaded 3 times (x 81B)
Class com.google.common.cache.Weigher                                                 : loaded 3 times (x 68B)
Class com.google.common.collect.AbstractMapBasedMultimap$WrappedCollection            : loaded 3 times (x 122B)
Class dagger.spi.internal.shaded.androidx.room.jarjarred.kotlinx.metadata.jvm.internal.JvmTypeParameterExtension: loaded 3 times (x 82B)
Class dagger.spi.internal.shaded.androidx.room.jarjarred.kotlinx.metadata.jvm.JvmTypeParameterExtensionVisitor: loaded 3 times (x 77B)
Class com.google.common.collect.AbstractMapBasedMultimap$WrappedList                  : loaded 3 times (x 165B)
Class [Lcom.google.common.cache.LocalCache$Strength;                                  : loaded 3 times (x 67B)
Class kotlin.collections.builders.MapBuilder$KeysItr                                  : loaded 3 times (x 79B)
Class [Lcom.google.common.cache.CacheBuilder$NullListener;                            : loaded 3 times (x 67B)
Class dagger.internal.codegen.xprocessing.XProcessingEnvs$1                           : loaded 3 times (x 69B)
Class kotlin.collections.IntIterator                                                  : loaded 3 times (x 80B)
Class com.google.common.util.concurrent.UncheckedExecutionException                   : loaded 3 times (x 80B)
Class com.google.common.cache.LocalCache$EntryFactory                                 : loaded 3 times (x 81B)
Class dagger.spi.internal.shaded.androidx.room.jarjarred.kotlinx.metadata.KmTypeParameter: loaded 3 times (x 74B)
Class com.google.common.cache.CacheBuilder$NullListener                               : loaded 3 times (x 80B)
Class com.google.common.collect.NullnessCasts                                         : loaded 3 times (x 69B)
Class com.google.common.collect.AbstractMapBasedMultimap$WrappedSet                   : loaded 3 times (x 140B)
Class com.google.common.cache.LocalCache$LocalLoadingCache                            : loaded 3 times (x 132B)
Class kotlin.sequences.GeneratorSequence$iterator$1                                   : loaded 3 times (x 77B)
Class com.google.common.cache.CacheStats                                              : loaded 3 times (x 69B)
Class com.google.common.base.MoreObjects                                              : loaded 3 times (x 69B)
Class kotlin.collections.AbstractMutableSet                                           : loaded 3 times (x 140B)
Class com.google.common.cache.CacheLoader$InvalidCacheLoadException                   : loaded 3 times (x 80B)
Class kotlin.sequences.GeneratorSequence                                              : loaded 3 times (x 73B)
Class [Lcom.google.common.base.Function;                                              : loaded 3 times (x 67B)
Class dagger.hilt.android.processor.internal.viewmodel.ViewModelModuleGenerator$Companion: loaded 3 times (x 69B)
Class kotlin.Triple                                                                   : loaded 3 times (x 70B)
Class com.google.common.collect.AbstractMapBasedMultimap$KeySet$1                     : loaded 3 times (x 80B)
Class com.google.common.cache.CacheLoader                                             : loaded 3 times (x 72B)
Class dagger.internal.codegen.model.Key$MultibindingContributionIdentifier            : loaded 3 times (x 71B)
Class com.google.common.cache.CacheLoader$1                                           : loaded 3 times (x 73B)
Class kotlin.collections.builders.SetBuilder                                          : loaded 3 times (x 141B)
Class com.google.common.cache.LocalCache$LocalManualCache                             : loaded 3 times (x 97B)
Class kotlin.Deprecated                                                               : loaded 3 times (x 68B)
Class dagger.spi.internal.shaded.auto.common.MoreTypes$TypeVariableVisitor            : loaded 3 times (x 100B)
Class dagger.internal.codegen.base.MapType                                            : loaded 3 times (x 78B)
Class dagger.internal.codegen.base.MapKeyAccessibility                                : loaded 3 times (x 69B)
Class dagger.spi.internal.shaded.auto.common.AnnotationOutput$1                       : loaded 3 times (x 105B)
Class dagger.internal.codegen.model.DaggerExecutableElement                           : loaded 3 times (x 71B)
Class com.google.common.cache.LocalCache$1                                            : loaded 3 times (x 87B)
Class com.google.common.cache.LocalCache$2                                            : loaded 3 times (x 140B)
Class dagger.spi.internal.shaded.androidx.room.jarjarred.kotlinx.metadata.KmClassifier$TypeParameter: loaded 3 times (x 69B)
Class dagger.internal.codegen.xprocessing.XProcessingEnvs                             : loaded 3 times (x 69B)
Class com.google.common.cache.ReferenceEntry                                          : loaded 3 times (x 68B)
Class com.google.common.base.Splitter$1$1                                             : loaded 3 times (x 84B)
Class dagger.internal.codegen.model.AutoValue_DaggerExecutableElement                 : loaded 3 times (x 72B)
Class com.google.common.cache.LoadingCache                                            : loaded 3 times (x 68B)
Class [Lcom.google.common.collect.Iterators$EmptyModifiableIterator;                  : loaded 3 times (x 67B)
Class com.google.common.cache.CacheBuilder                                            : loaded 3 times (x 70B)
Class com.google.common.cache.Cache                                                   : loaded 3 times (x 68B)
Class dagger.spi.internal.shaded.androidx.room.jarjarred.kotlinx.metadata.jvm.JvmTypeParameterExtensionVisitor$Companion: loaded 3 times (x 69B)
Class kotlin.collections.ArrayAsCollection                                            : loaded 3 times (x 103B)
Class [Lcom.google.common.cache.LocalCache$Segment;                                   : loaded 3 times (x 67B)
Class dagger.hilt.android.processor.internal.viewmodel.ViewModelMetadata$Companion$create$1$1: loaded 3 times (x 76B)
Class com.google.common.base.Ticker                                                   : loaded 3 times (x 70B)
Class dagger.hilt.processor.internal.root.AutoValue_Root                              : loaded 3 times (x 76B)
Class com.google.common.collect.Iterables$5                                           : loaded 3 times (x 79B)
Class com.google.common.collect.FluentIterable                                        : loaded 3 times (x 79B)
Class com.google.common.base.Enums$StringConverter                                    : loaded 3 times (x 88B)
Class com.google.common.base.Suppliers$SupplierOfInstance                             : loaded 3 times (x 77B)
Class kotlin.Suppress                                                                 : loaded 3 times (x 68B)
Class com.google.common.cache.AbstractCache$StatsCounter                              : loaded 3 times (x 68B)
Class com.google.common.collect.Maps$EntryFunction$1                                  : loaded 3 times (x 89B)
Class com.google.common.collect.Maps$EntryFunction$2                                  : loaded 3 times (x 89B)
Class com.google.common.base.Predicates$CompositionPredicate                          : loaded 3 times (x 86B)
Class dagger.spi.internal.shaded.auto.common.AnnotationOutput$SourceFormVisitor       : loaded 3 times (x 115B)
Class [Lcom.google.common.cache.RemovalListener;                                      : loaded 3 times (x 67B)
Class com.google.common.cache.LocalCache$Strength$1                                   : loaded 3 times (x 79B)
Class dagger.internal.codegen.model.AutoValue_Key_MultibindingContributionIdentifier  : loaded 3 times (x 72B)
Class com.google.common.cache.LocalCache$Strength$2                                   : loaded 3 times (x 79B)
Class com.google.common.cache.LocalCache$Strength$3                                   : loaded 3 times (x 79B)
Class com.google.common.base.Predicates                                               : loaded 3 times (x 69B)
Class com.google.common.base.Ticker$1                                                 : loaded 3 times (x 70B)
Class com.google.common.base.AbstractIterator                                         : loaded 3 times (x 78B)
Class dagger.spi.internal.shaded.androidx.room.compiler.processing.javac.JavacTypeVariableType: loaded 3 times (x 209B)
Class com.google.common.collect.Iterators$EmptyModifiableIterator                     : loaded 3 times (x 84B)
Class kotlin.sequences.SequencesKt__SequencesKt$generateSequence$2                    : loaded 3 times (x 77B)
Class com.google.common.base.Splitter$1                                               : loaded 3 times (x 75B)
Class [Ldagger.internal.codegen.model.DependencyRequest;                              : loaded 3 times (x 67B)
Class com.google.common.cache.CacheLoader$UnsupportedLoadingOperationException        : loaded 3 times (x 80B)
Class dagger.spi.internal.shaded.androidx.room.compiler.processing.javac.JavacTypeVariableType$equalityItems$2: loaded 3 times (x 77B)
Class com.google.common.cache.CacheBuilder$3                                          : loaded 3 times (x 70B)
Class com.google.common.base.Enums                                                    : loaded 3 times (x 69B)
Class dagger.internal.codegen.base.AutoValue_MapType                                  : loaded 3 times (x 78B)
Class kotlin.coroutines.jvm.internal.CompletedContinuation                            : loaded 3 times (x 73B)
Class com.google.common.cache.CacheBuilder$2                                          : loaded 3 times (x 77B)
Class kotlin.coroutines.jvm.internal.ContinuationImpl                                 : loaded 3 times (x 85B)
Class com.google.common.cache.LocalCache$ValueReference                               : loaded 3 times (x 68B)
Class dagger.spi.internal.shaded.auto.common.AnnotationOutput                         : loaded 3 times (x 69B)
Class com.google.common.base.Splitter$Strategy                                        : loaded 3 times (x 68B)
Class com.google.common.cache.CacheBuilder$1                                          : loaded 3 times (x 83B)
Class [Ldagger.spi.internal.shaded.androidx.room.compiler.processing.XType;           : loaded 3 times (x 67B)
Class com.google.common.collect.AbstractMapBasedMultimap$RandomAccessWrappedList      : loaded 3 times (x 165B)
Class com.google.common.cache.CacheLoader$FunctionToCacheLoader                       : loaded 3 times (x 73B)
Class com.google.common.collect.AbstractMapBasedMultimap$KeySet                       : loaded 3 times (x 135B)
Class dagger.spi.internal.shaded.androidx.room.jarjarred.kotlinx.metadata.internal.extensions.KmTypeParameterExtension: loaded 3 times (x 68B)
Class dagger.spi.internal.shaded.androidx.room.compiler.processing.XTypeVariableType  : loaded 3 times (x 68B)
Class com.google.common.cache.LocalCache$Strength                                     : loaded 3 times (x 79B)
Class androidx.room.solver.types.PrimitiveBooleanToIntConverter$create$1$WhenMappings : loaded 2 times (x 69B)
Class androidx.room.processor.DatabaseProcessor$doProcess$daoMethods$2                : loaded 2 times (x 76B)
Class jdk.internal.jimage.decompressor.Decompressor                                   : loaded 2 times (x 70B)
Class com.google.common.collect.Range                                                 : loaded 2 times (x 85B)
Class org.jetbrains.kotlin.cli.common.messages.MessageCollector$Companion$NONE$1      : loaded 2 times (x 74B)
Class androidx.room.processor.DatabaseProcessor$doProcess$daoMethods$3                : loaded 2 times (x 77B)
Class androidx.room.processor.PojoProcessor$assignGetter$success$1                    : loaded 2 times (x 76B)
Class androidx.room.jarjarred.kotlinx.metadata.KmFunctionExtensionVisitor             : loaded 2 times (x 68B)
Class androidx.room.jarjarred.org.antlr.v4.runtime.RuleContext                        : loaded 2 times (x 130B)
Class androidx.room.parser.SQLiteParser$Common_table_expressionContext                : loaded 2 times (x 160B)
Class androidx.room.processor.PojoProcessor$assignGetter$success$2                    : loaded 2 times (x 77B)
Class [Landroidx.room.jarjarred.kotlinx.metadata.internal.metadata.jvm.JvmProtoBuf$StringTableTypes$Record$Operation;: loaded 2 times (x 67B)
Class androidx.room.processor.PojoProcessor$assignGetter$success$3                    : loaded 2 times (x 77B)
Class androidx.room.migration.bundle.BundleUtil                                       : loaded 2 times (x 69B)
Class androidx.room.jarjarred.org.antlr.v4.runtime.CommonTokenStream                  : loaded 2 times (x 125B)
Class com.google.common.io.Files                                                      : loaded 2 times (x 69B)
Class androidx.room.processor.DatabaseProcessor$doProcess$daoMethods$1                : loaded 2 times (x 76B)
Class androidx.room.solver.shortcut.binder.CallableDeleteOrUpdateMethodBinder$Companion: loaded 2 times (x 69B)
Class androidx.room.processor.PojoProcessor$assignGetter$success$4                    : loaded 2 times (x 77B)
Class dagger.spi.internal.shaded.auto.common.MoreElements$2                           : loaded 2 times (x 69B)
Class androidx.room.compiler.processing.XTypeKt                                       : loaded 2 times (x 69B)
Class androidx.room.parser.QueryType                                                  : loaded 2 times (x 77B)
Class androidx.room.writer.DaoWriter$DeleteOrUpdateAdapterProperty                    : loaded 2 times (x 73B)
Class androidx.room.jarjarred.kotlinx.metadata.jvm.internal.JvmTypeExtension          : loaded 2 times (x 84B)
Class jdk.internal.jimage.decompressor.ResourceDecompressorRepository                 : loaded 2 times (x 69B)
Class androidx.room.compiler.processing.javac.JavacExecutableElement$Companion        : loaded 2 times (x 69B)
Class androidx.room.jarjarred.kotlinx.metadata.internal.protobuf.SmallSortedMap$EmptySet$2: loaded 2 times (x 76B)
Class androidx.room.jarjarred.kotlinx.metadata.internal.extensions.MetadataExtensions : loaded 2 times (x 68B)
Class androidx.room.ext.RxJava2TypeNames                                              : loaded 2 times (x 69B)
Class org.gradle.internal.IoActions                                                   : loaded 2 times (x 69B)
Class androidx.room.jarjarred.kotlinx.metadata.internal.protobuf.SmallSortedMap$EmptySet$1: loaded 2 times (x 76B)
Class androidx.room.solver.types.ColumnTypeAdapter                                    : loaded 2 times (x 83B)
Class androidx.room.vo.Pojo                                                           : loaded 2 times (x 74B)
Class androidx.room.solver.types.BoxedBooleanToBoxedIntConverter$create$1             : loaded 2 times (x 73B)
Class androidx.room.jarjarred.kotlinx.metadata.internal.protobuf.GeneratedMessageLite$ExtensionDescriptor: loaded 2 times (x 82B)
Class androidx.room.compiler.codegen.XFunSpec                                         : loaded 2 times (x 68B)
Class androidx.room.solver.types.BoxedBooleanToBoxedIntConverter$create$2             : loaded 2 times (x 73B)
Class jdk.internal.jrtfs.JrtFileSystem                                                : loaded 2 times (x 100B)
Class androidx.room.jarjarred.kotlinx.metadata.internal.metadata.ProtoBuf$Type$ArgumentOrBuilder: loaded 2 times (x 68B)
Class org.sqlite.date.FastDateParser$TimeZoneStrategy                                 : loaded 2 times (x 75B)
Class jdk.internal.jimage.ImageReader$LinkNode                                        : loaded 2 times (x 82B)
Class androidx.room.compiler.codegen.PoetExtKt                                        : loaded 2 times (x 69B)
Class com.google.auto.common.MoreTypes$AsElementVisitor                               : loaded 2 times (x 99B)
Class androidx.room.jarjarred.org.antlr.v4.runtime.tree.AbstractParseTreeVisitor      : loaded 2 times (x 82B)
Class androidx.room.vo.ShortcutEntity$primaryKey$2                                    : loaded 2 times (x 77B)
Class [Lorg.sqlite.SQLiteConfig$SynchronousMode;                                      : loaded 2 times (x 67B)
Class androidx.room.jarjarred.kotlinx.metadata.internal.metadata.jvm.JvmProtoBuf$JvmFieldSignatureOrBuilder: loaded 2 times (x 68B)
Class [Landroidx.room.jarjarred.org.antlr.v4.runtime.atn.LexerActionType;             : loaded 2 times (x 67B)
Class androidx.room.parser.SQLiteParser$NameContext                                   : loaded 2 times (x 150B)
Class dagger.hilt.processor.internal.ProcessorErrorHandler$HiltError                  : loaded 2 times (x 71B)
Class androidx.room.jarjarred.org.antlr.v4.runtime.atn.ATNType                        : loaded 2 times (x 77B)
Class androidx.room.jarjarred.kotlinx.metadata.internal.metadata.jvm.JvmProtoBuf$JvmMethodSignatureOrBuilder: loaded 2 times (x 68B)
Class kotlin.io.FilePathComponents                                                    : loaded 2 times (x 70B)
Class com.google.common.base.CharMatcher$RangesMatcher                                : loaded 2 times (x 110B)
Class androidx.room.solver.shortcut.binderprovider.RxCompletableDeleteOrUpdateMethodBinderProvider: loaded 2 times (x 77B)
Class androidx.room.parser.expansion.ExpandableSqlParserKt$ancestors$1                : loaded 2 times (x 76B)
Class androidx.room.processor.cache.Cache$PojoKey                                     : loaded 2 times (x 70B)
Class androidx.room.jarjarred.kotlinx.metadata.internal.protobuf.CodedOutputStream$OutOfSpaceException: loaded 2 times (x 80B)
Class [Landroidx.room.compiler.processing.XAnnotationBox;                             : loaded 2 times (x 67B)
Class androidx.room.jarjarred.kotlinx.metadata.KmPropertyExtensionVisitor             : loaded 2 times (x 68B)
Class org.objectweb.asm.Handler                                                       : loaded 2 times (x 70B)
Class androidx.room.jarjarred.kotlinx.metadata.internal.metadata.deserialization.VersionRequirement: loaded 2 times (x 70B)
Class androidx.room.jarjarred.org.antlr.v4.runtime.ConsoleErrorListener               : loaded 2 times (x 79B)
Class androidx.room.compiler.processing.javac.kotlin.KmVisibility                     : loaded 2 times (x 68B)
Class androidx.room.jarjarred.kotlinx.metadata.KmExtensionType                        : loaded 2 times (x 70B)
Class org.sqlite.util.LibraryLoaderUtil                                               : loaded 2 times (x 69B)
Class androidx.room.solver.prepared.binderprovider.RxPreparedQueryResultBinderProvider$Companion: loaded 2 times (x 69B)
Class androidx.room.jarjarred.org.antlr.v4.runtime.Lexer                              : loaded 2 times (x 140B)
Class androidx.room.vo.Database$identityHash$2                                        : loaded 2 times (x 77B)
Class androidx.room.parser.SQLiteParser$Module_argumentContext                        : loaded 2 times (x 151B)
Class androidx.room.jarjarred.kotlinx.metadata.internal.metadata.deserialization.NameResolver: loaded 2 times (x 68B)
Class androidx.room.processor.Context$typeAdapterStore$2                              : loaded 2 times (x 77B)
Class androidx.room.parser.SQLiteParser$Column_defContext                             : loaded 2 times (x 153B)
Class com.squareup.kotlinpoet.MemberName                                              : loaded 2 times (x 70B)
Class androidx.room.compiler.processing.javac.JavacTypeElement$kotlinMetadata$2       : loaded 2 times (x 77B)
Class androidx.room.jarjarred.kotlinx.metadata.internal.metadata.jvm.JvmProtoBuf$StringTableTypes$Record$Operation$1: loaded 2 times (x 72B)
Class com.google.auto.common.MoreTypes$PrimitiveTypeVisitor                           : loaded 2 times (x 100B)
Class com.google.common.util.concurrent.AbstractFuture$UnsafeAtomicHelper             : loaded 2 times (x 76B)
Class [Landroidx.room.jarjarred.org.antlr.v4.runtime.atn.RuleStopState;               : loaded 2 times (x 67B)
Class androidx.room.processor.ShortcutParameterProcessor                              : loaded 2 times (x 70B)
Class androidx.room.vo.BuiltInConverterFlagsKt                                        : loaded 2 times (x 69B)
Class org.sqlite.ExtendedCommand$SQLExtension                                         : loaded 2 times (x 68B)
Class [Landroidx.room.jarjarred.kotlinx.metadata.internal.metadata.ProtoBuf$Expression$ConstantValue;: loaded 2 times (x 67B)
Class androidx.room.jarjarred.org.antlr.v4.runtime.dfa.DFAState$PredPrediction        : loaded 2 times (x 70B)
Class org.sqlite.date.FastDateFormat                                                  : loaded 2 times (x 112B)
Class androidx.room.compiler.processing.InternalXAnnotated                            : loaded 2 times (x 68B)
Class androidx.room.compiler.processing.XArrayType                                    : loaded 2 times (x 68B)
Class androidx.room.log.RLog$CollectingMessager                                       : loaded 2 times (x 71B)
Class androidx.room.jarjarred.org.antlr.v4.runtime.tree.Tree                          : loaded 2 times (x 68B)
Class androidx.room.ext.RxJava3TypeNames                                              : loaded 2 times (x 69B)
Class androidx.room.solver.binderprovider.DataSourceQueryResultBinderProvider         : loaded 2 times (x 74B)
Class androidx.room.jarjarred.kotlinx.metadata.internal.metadata.ProtoBuf$VersionRequirementOrBuilder: loaded 2 times (x 68B)
Class jdk.internal.jrtfs.JrtFileSystemProvider                                        : loaded 2 times (x 97B)
Class org.sqlite.SQLiteConfig$HexKeyMode                                              : loaded 2 times (x 80B)
Class androidx.room.compiler.processing.javac.JavacAnnotationBoxKt$ANNOTATION_VALUE_SHORT_ARR_VISITOR$1: loaded 2 times (x 103B)
Class [Lorg.jetbrains.kotlin.config.JVMAssertionsMode;                                : loaded 2 times (x 67B)
Class androidx.room.compiler.processing.javac.JavacAnnotationBoxKt$ANNOTATION_VALUE_TO_BOOLEAN_VISITOR$1: loaded 2 times (x 103B)
Class [Lorg.sqlite.SQLiteConfig$DateClass;                                            : loaded 2 times (x 67B)
Class androidx.room.jarjarred.kotlinx.metadata.internal.metadata.ProtoBuf$Visibility  : loaded 2 times (x 80B)
Class androidx.room.compiler.processing.javac.JavacType$typeElement$2                 : loaded 2 times (x 77B)
Class androidx.room.jarjarred.kotlinx.metadata.internal.protobuf.Internal$EnumLiteMap : loaded 2 times (x 68B)
Class com.google.common.base.CharMatcher$Any                                          : loaded 2 times (x 110B)
Class androidx.room.parser.SQLiteParser$Vacuum_stmtContext                            : loaded 2 times (x 151B)
Class androidx.room.solver.types.BoxedBooleanToBoxedIntConverter$create$2$WhenMappings: loaded 2 times (x 69B)
Class androidx.room.jarjarred.org.antlr.v4.runtime.atn.Transition                     : loaded 2 times (x 74B)
Class jdk.internal.jimage.decompressor.ResourceDecompressor$StringsProvider           : loaded 2 times (x 68B)
Class androidx.room.writer.EntityInsertionAdapterWriter                               : loaded 2 times (x 70B)
Class androidx.room.verifier.DatabaseVerifier$Companion                               : loaded 2 times (x 69B)
Class org.objectweb.asm.ClassWriter                                                   : loaded 2 times (x 104B)
Class androidx.room.jarjarred.org.antlr.v4.runtime.Recognizer                         : loaded 2 times (x 96B)
Class org.sqlite.core.SafeStmtPtr                                                     : loaded 2 times (x 77B)
Class androidx.room.jarjarred.kotlinx.metadata.internal.protobuf.GeneratedMessageLite$ExtendableMessage: loaded 2 times (x 111B)
Class androidx.room.solver.binderprovider.InstantQueryResultBinderProvider            : loaded 2 times (x 74B)
Class androidx.room.jarjarred.kotlinx.metadata.KmDeclarationContainerExtensionVisitor : loaded 2 times (x 68B)
Class [Lorg.sqlite.SQLiteConfig$HexKeyMode;                                           : loaded 2 times (x 67B)
Class org.objectweb.asm.ClassReader                                                   : loaded 2 times (x 91B)
Class androidx.room.compiler.processing.DeclarationCollectorKt$collectFieldsIncludingPrivateSupers$1$yieldAllFields$1: loaded 2 times (x 86B)
Class androidx.room.compiler.processing.javac.JavacRoundEnv$rootElements$2            : loaded 2 times (x 77B)
Class androidx.room.jarjarred.kotlinx.metadata.internal.protobuf.Internal$EnumLite    : loaded 2 times (x 68B)
Class androidx.room.compiler.processing.XProcessingEnv$WhenMappings                   : loaded 2 times (x 69B)
Class androidx.room.jarjarred.kotlinx.metadata.internal.protobuf.SmallSortedMap$EmptySet: loaded 2 times (x 69B)
Class androidx.room.jarjarred.kotlinx.metadata.internal.protobuf.WireFormat$JavaType  : loaded 2 times (x 77B)
Class androidx.room.solver.binderprovider.QueryResultBinderProviderWithRequiredArtifact: loaded 2 times (x 74B)
Class androidx.room.solver.query.result.QueryResultBinder                             : loaded 2 times (x 71B)
Class androidx.room.compiler.processing.XNullability                                  : loaded 2 times (x 77B)
Class androidx.room.jarjarred.kotlinx.metadata.internal.protobuf.WireFormat$FieldType$1: loaded 2 times (x 81B)
Class androidx.room.compiler.processing.util.MemoizedSequence$delegateIterator$2      : loaded 2 times (x 77B)
Class org.gradle.internal.classloader.ClasspathUtil                                   : loaded 2 times (x 69B)
Class androidx.room.compiler.codegen.XCodeBlock$Builder$Companion$WhenMappings        : loaded 2 times (x 69B)
Class androidx.room.jarjarred.kotlinx.metadata.KmTypeVisitor                          : loaded 2 times (x 80B)
Class androidx.room.jarjarred.org.antlr.v4.runtime.atn.PredictionMode                 : loaded 2 times (x 77B)
Class org.sqlite.SQLiteConfig$TempStore                                               : loaded 2 times (x 80B)
Class org.sqlite.date.FastDateParser$NumberStrategy                                   : loaded 2 times (x 76B)
Class androidx.room.solver.types.TypeConverter$Cost                                   : loaded 2 times (x 73B)
Class androidx.room.compiler.processing.javac.JavacDeclaredType$typeArguments$2       : loaded 2 times (x 77B)
Class androidx.room.processor.DaoProcessor$process$kotlinDefaultMethodDelegates$1     : loaded 2 times (x 77B)
Class androidx.room.jarjarred.kotlinx.metadata.internal.protobuf.WireFormat$FieldType$2: loaded 2 times (x 81B)
Class org.sqlite.jdbc3.JDBC3DatabaseMetaData                                          : loaded 2 times (x 439B)
Class androidx.room.processor.DaoProcessor$process$kotlinDefaultMethodDelegates$2     : loaded 2 times (x 76B)
Class androidx.room.jarjarred.kotlinx.metadata.internal.protobuf.WireFormat$FieldType$3: loaded 2 times (x 81B)
Class jdk.internal.jrtfs.JrtDirectoryStream                                           : loaded 2 times (x 87B)
Class org.objectweb.asm.CurrentFrame                                                  : loaded 2 times (x 71B)
Class androidx.room.compiler.codegen.XCodeBlock                                       : loaded 2 times (x 68B)
Class [Landroidx.room.jarjarred.org.antlr.v4.runtime.atn.LexerAction;                 : loaded 2 times (x 67B)
Class androidx.room.processor.QueryMethodProcessor$process$1                          : loaded 2 times (x 77B)
Class org.sqlite.Function$Aggregate                                                   : loaded 2 times (x 73B)
Class androidx.room.jarjarred.kotlinx.metadata.internal.protobuf.WireFormat$FieldType$4: loaded 2 times (x 81B)
Class com.google.common.util.concurrent.AbstractFuture                                : loaded 2 times (x 93B)
Class androidx.room.solver.query.result.LiveDataQueryResultBinder$convertAndReturn$callableImpl$1: loaded 2 times (x 77B)
Class com.google.common.collect.MapMaker$Dummy                                        : loaded 2 times (x 77B)
Class androidx.room.jarjarred.org.antlr.v4.runtime.CodePointBuffer$Type               : loaded 2 times (x 77B)
Class androidx.room.jarjarred.kotlinx.metadata.internal.metadata.deserialization.VersionRequirementTable$Companion: loaded 2 times (x 69B)
Class androidx.room.jarjarred.org.antlr.v4.runtime.atn.LexerIndexedCustomAction       : loaded 2 times (x 75B)
Class com.google.common.util.concurrent.ListenableFuture                              : loaded 2 times (x 68B)
Class com.google.common.reflect.TypeResolver                                          : loaded 2 times (x 70B)
Class com.google.auto.common.Overrides$ExplicitOverrides                              : loaded 2 times (x 74B)
Class androidx.room.compiler.processing.javac.JavacFieldElement$getter$2              : loaded 2 times (x 77B)
Class androidx.room.jarjarred.kotlinx.metadata.internal.metadata.ProtoBuf$Class       : loaded 2 times (x 178B)
Class androidx.room.writer.DaoWriter$companionTypeBuilder$1                           : loaded 2 times (x 77B)
Class androidx.room.compiler.processing.javac.JavacRawType$typeName$2                 : loaded 2 times (x 77B)
Class androidx.room.jarjarred.org.antlr.v4.runtime.tree.ErrorNode                     : loaded 2 times (x 68B)
Class androidx.room.jarjarred.kotlinx.metadata.internal.protobuf.ByteString           : loaded 2 times (x 106B)
Class androidx.room.solver.ObservableQueryResultBinderProvider                        : loaded 2 times (x 77B)
Class androidx.room.compiler.codegen.CodeLanguage                                     : loaded 2 times (x 77B)
Class androidx.room.jarjarred.kotlinx.metadata.KmTypeExtensionVisitor                 : loaded 2 times (x 68B)
Class com.google.common.base.CharMatcher$Whitespace                                   : loaded 2 times (x 110B)
Class [Landroidx.room.solver.types.TypeConverter;                                     : loaded 2 times (x 67B)
Class androidx.room.jarjarred.org.antlr.v4.runtime.atn.LexerATNSimulator              : loaded 2 times (x 100B)
Class androidx.room.jarjarred.kotlinx.metadata.jvm.JvmFunctionExtensionVisitor$Companion: loaded 2 times (x 69B)
Class com.google.common.collect.MapMakerInternalMap$StrongKeyDummyValueEntry$Helper   : loaded 2 times (x 77B)
Class org.jetbrains.kotlin.cli.common.CompilerSystemProperties$Companion              : loaded 2 times (x 69B)
Class androidx.room.compiler.codegen.XCodeBlock$Builder$Companion                     : loaded 2 times (x 69B)
Class androidx.room.jarjarred.kotlinx.metadata.internal.metadata.ProtoBuf$TypeTable$1 : loaded 2 times (x 142B)
Class jdk.internal.jimage.decompressor.ResourceDecompressor                           : loaded 2 times (x 68B)
Class androidx.room.compiler.processing.javac.JavacTypeElement$enclosingTypeElement$2 : loaded 2 times (x 77B)
Class com.google.common.collect.RangeSet                                              : loaded 2 times (x 68B)
Class androidx.room.compiler.processing.javac.JavacMethodParameter$jvmName$2          : loaded 2 times (x 77B)
Class androidx.room.writer.DatabaseWriter$addDaoImpls$1$privateDaoProperty$2          : loaded 2 times (x 76B)
Class androidx.room.jarjarred.org.antlr.v4.runtime.dfa.LexerDFASerializer             : loaded 2 times (x 72B)
Class androidx.room.solver.prepared.binderprovider.PreparedQueryResultBinderProvider  : loaded 2 times (x 68B)
Class androidx.room.compiler.processing.MethodSpecHelper                              : loaded 2 times (x 69B)
Class androidx.room.ProvidedTypeConverter                                             : loaded 2 times (x 68B)
Class [[Landroidx.room.jarjarred.org.antlr.v4.runtime.atn.ATNConfig;                  : loaded 2 times (x 67B)
Class androidx.room.compiler.processing.XEnumTypeElement                              : loaded 2 times (x 68B)
Class androidx.room.jarjarred.kotlinx.metadata.internal.metadata.jvm.JvmProtoBuf$JvmPropertySignature: loaded 2 times (x 112B)
Class org.gradle.api.specs.Spec                                                       : loaded 2 times (x 68B)
Class org.gradle.api.internal.classpath.ManifestUtil                                  : loaded 2 times (x 69B)
Class androidx.room.jarjarred.kotlinx.metadata.jvm.JvmTypeExtensionVisitor            : loaded 2 times (x 78B)
Class androidx.room.vo.Dao$insertOrUpsertShortcutMethods$2                            : loaded 2 times (x 77B)
Class androidx.room.solver.types.SingleStatementTypeConverter                         : loaded 2 times (x 73B)
Class androidx.room.compiler.processing.javac.JavacAnnotationBoxKt$ANNOTATION_VALUE_BOOLEAN_ARR_VISITOR$1: loaded 2 times (x 103B)
Class androidx.room.jarjarred.org.antlr.v4.runtime.atn.SemanticContext$OR             : loaded 2 times (x 73B)
Class androidx.room.solver.TypeAdapterStore$findRowAdapter$1                          : loaded 2 times (x 77B)
Class androidx.room.compiler.processing.XFieldElement                                 : loaded 2 times (x 68B)
Class jdk.internal.jimage.ImageHeader                                                 : loaded 2 times (x 69B)
Class androidx.room.vo.CallType                                                       : loaded 2 times (x 77B)
Class androidx.room.processor.DefaultMethodProcessorDelegate                          : loaded 2 times (x 78B)
Class org.apache.commons.codec.DecoderException                                       : loaded 2 times (x 80B)
Class [Landroidx.room.compiler.codegen.XCodeBlock;                                    : loaded 2 times (x 67B)
Class com.google.common.collect.TransformedListIterator                               : loaded 2 times (x 91B)
Class androidx.room.vo.FieldSetter                                                    : loaded 2 times (x 70B)
Class androidx.room.parser.ParsedQuery$errors$2                                       : loaded 2 times (x 77B)
Class [Landroidx.room.solver.RxType;                                                  : loaded 2 times (x 67B)
Class com.google.common.collect.Iterators$10                                          : loaded 2 times (x 79B)
Class androidx.room.jarjarred.kotlinx.metadata.jvm.internal.JvmConstructorExtension   : loaded 2 times (x 81B)
Class com.google.common.cache.LocalCache$ValueIterator                                : loaded 2 times (x 84B)
Class org.gradle.api.internal.DefaultClassPathRegistry                                : loaded 2 times (x 74B)
Class com.google.common.util.concurrent.Uninterruptibles                              : loaded 2 times (x 69B)
Class androidx.room.processor.Context$queryRewriter$2                                 : loaded 2 times (x 77B)
Class androidx.room.processor.EntityOrViewProcessor                                   : loaded 2 times (x 68B)
Class androidx.room.solver.binderprovider.QueryResultBinderProviderWithRequiredArtifactKt: loaded 2 times (x 69B)
Class androidx.room.compiler.processing.javac.JavacTypeElement$allMethods$1           : loaded 2 times (x 77B)
Class org.jetbrains.kotlin.config.LanguageOrApiVersion                                : loaded 2 times (x 68B)
Class androidx.room.jarjarred.kotlinx.metadata.internal.metadata.jvm.JvmProtoBuf$JvmMethodSignature$Builder: loaded 2 times (x 132B)
Class androidx.room.solver.query.result.BaseObservableQueryResultBinder               : loaded 2 times (x 71B)
Class androidx.room.solver.shortcut.binderprovider.GuavaListenableFutureUpsertMethodBinderProvider$hasGuavaRoom$2: loaded 2 times (x 77B)
Class androidx.room.Transaction                                                       : loaded 2 times (x 68B)
Class androidx.room.jarjarred.kotlinx.metadata.internal.metadata.jvm.deserialization.JvmMemberSignature$Method: loaded 2 times (x 73B)
Class androidx.room.writer.TableInfoValidationWriter                                  : loaded 2 times (x 71B)
Class androidx.room.solver.prepared.binderprovider.RxSingleOrMaybePreparedQueryResultBinderProvider: loaded 2 times (x 77B)
Class org.sqlite.core.CorePreparedStatement                                           : loaded 2 times (x 204B)
Class com.google.common.util.concurrent.AbstractFuture$Waiter                         : loaded 2 times (x 70B)
Class androidx.room.jarjarred.kotlinx.metadata.internal.metadata.jvm.deserialization.JvmNameResolver: loaded 2 times (x 78B)
Class androidx.room.parser.SQLiteParser$Select_or_valuesContext                       : loaded 2 times (x 173B)
Class androidx.room.jarjarred.kotlinx.metadata.internal.metadata.ProtoBuf$Modality$1  : loaded 2 times (x 72B)
Class com.google.common.util.concurrent.AbstractFuture$Cancellation                   : loaded 2 times (x 70B)
Class [Lorg.objectweb.asm.Symbol;                                                     : loaded 2 times (x 67B)
Class androidx.room.compiler.processing.javac.JavacAnnotationBoxKt$ANNOTATION_VALUE_CHAR_ARR_VISITOR$1: loaded 2 times (x 103B)
Class com.google.common.collect.Multimaps$Entries                                     : loaded 2 times (x 116B)
Class androidx.room.jarjarred.kotlinx.metadata.internal.metadata.ProtoBuf$Annotation  : loaded 2 times (x 107B)
Class androidx.room.solver.shortcut.binderprovider.RxCompletableUpsertMethodBinderProvider$completableType$2: loaded 2 times (x 77B)
Class androidx.room.compiler.codegen.XMemberName$Companion                            : loaded 2 times (x 69B)
Class androidx.room.processor.InternalQueryProcessor                                  : loaded 2 times (x 70B)
Class androidx.room.compiler.processing.ksp.KSTypeJavaPoetExtKt                       : loaded 2 times (x 69B)
Class androidx.room.parser.SQLiteParser$Delete_stmt_limitedContext                    : loaded 2 times (x 157B)
Class androidx.room.jarjarred.kotlinx.metadata.KmValueParameterVisitor                : loaded 2 times (x 74B)
Class androidx.room.jarjarred.kotlinx.metadata.internal.metadata.jvm.deserialization.JvmMetadataVersion$Companion: loaded 2 times (x 69B)
Class androidx.room.parser.SQLiteParser$Drop_table_stmtContext                        : loaded 2 times (x 156B)
Class androidx.room.jarjarred.kotlinx.metadata.KmTypeParameterVisitor                 : loaded 2 times (x 73B)
Class com.google.common.collect.Interner                                              : loaded 2 times (x 68B)
Class [Landroidx.room.compiler.codegen.TargetLanguage;                                : loaded 2 times (x 67B)
Class org.gradle.internal.classloader.ClassLoaderFactory                              : loaded 2 times (x 68B)
Class androidx.room.jarjarred.kotlinx.metadata.Attributes$modality$14                 : loaded 2 times (x 135B)
Class androidx.room.compiler.processing.javac.kotlin.KmClassContainer$superType$2     : loaded 2 times (x 77B)
Class androidx.room.processor.SuspendMethodProcessorDelegate$WhenMappings             : loaded 2 times (x 69B)
Class androidx.room.parser.SQLiteParser$ErrorContext                                  : loaded 2 times (x 150B)
Class androidx.room.jarjarred.org.antlr.v4.runtime.IntStream                          : loaded 2 times (x 68B)
Class androidx.room.processor.PojoProcessor$doProcess$methods$1                       : loaded 2 times (x 76B)
Class androidx.room.processor.Context$useNullAwareConverter$2                         : loaded 2 times (x 77B)
Class androidx.room.jarjarred.org.antlr.v4.runtime.atn.PrecedencePredicateTransition  : loaded 2 times (x 74B)
Class androidx.room.processor.PojoProcessor$doProcess$methods$2                       : loaded 2 times (x 77B)
Class androidx.room.jarjarred.kotlinx.metadata.jvm.JvmMethodSignature                 : loaded 2 times (x 72B)
Class androidx.room.compiler.processing.javac.JavacArrayType$xTypeName$2              : loaded 2 times (x 77B)
Class [Landroidx.room.jarjarred.kotlinx.metadata.internal.protobuf.WireFormat$JavaType;: loaded 2 times (x 67B)
Class androidx.room.solver.shortcut.result.InsertOrUpsertMethodAdapter$ReturnInfo     : loaded 2 times (x 77B)
Class androidx.room.compiler.processing.javac.JavacMethodElement                      : loaded 2 times (x 267B)
Class androidx.room.compiler.processing.javac.DefaultJavacType                        : loaded 2 times (x 185B)
Class androidx.room.compiler.codegen.VisibilityModifier                               : loaded 2 times (x 77B)
Class androidx.room.ext.CommonTypeNames                                               : loaded 2 times (x 69B)
Class org.gradle.api.internal.classpath.DefaultModuleRegistry$DefaultModule           : loaded 2 times (x 84B)
Class androidx.room.writer.DatabaseWriter$addDaoImpls$1$privateDaoProperty$3          : loaded 2 times (x 76B)
Class androidx.room.compiler.processing.javac.JavacAnnotationBoxKt$ANNOTATION_VALUE_DOUBLE_ARR_VISITOR$1: loaded 2 times (x 103B)
Class androidx.room.jarjarred.kotlinx.metadata.internal.metadata.deserialization.VersionRequirement$Version$Companion: loaded 2 times (x 69B)
Class org.sqlite.date.FormatCache$MultipartKey                                        : loaded 2 times (x 70B)
Class androidx.room.writer.DaoWriter$createConverterListMethod$1                      : loaded 2 times (x 76B)
Class org.sqlite.SQLiteConnectionConfig                                               : loaded 2 times (x 86B)
Class org.sqlite.Function$Window                                                      : loaded 2 times (x 75B)
Class androidx.room.jarjarred.kotlinx.metadata.internal.protobuf.AbstractMessageLite  : loaded 2 times (x 96B)
Class androidx.room.solver.binderprovider.LiveDataQueryResultBinderProvider           : loaded 2 times (x 77B)
Class com.google.common.base.CharMatcher$JavaIsoControl                               : loaded 2 times (x 110B)
Class androidx.room.compiler.processing.javac.kotlin.KmTypeContainer                  : loaded 2 times (x 74B)
Class androidx.room.writer.DaoWriter$createConverterListMethod$2                      : loaded 2 times (x 76B)
Class androidx.room.jarjarred.org.antlr.v4.runtime.misc.FlexibleHashMap               : loaded 2 times (x 123B)
Class com.google.common.reflect.TypeToken                                             : loaded 2 times (x 71B)
Class androidx.room.jarjarred.kotlinx.metadata.internal.metadata.ProtoBuf$ValueParameterOrBuilder: loaded 2 times (x 68B)
Class androidx.room.jarjarred.kotlinx.metadata.KmPropertyAccessorAttributes           : loaded 2 times (x 69B)
Class androidx.room.jarjarred.kotlinx.metadata.Attributes$modality$10                 : loaded 2 times (x 135B)
Class androidx.room.solver.CodeGenScope$Companion                                     : loaded 2 times (x 69B)
Class [Landroidx.room.ForeignKey;                                                     : loaded 2 times (x 67B)
Class org.sqlite.SQLiteConfig$Encoding                                                : loaded 2 times (x 80B)
Class androidx.room.writer.EntityDeleteComparator                                     : loaded 2 times (x 87B)
Class androidx.room.jarjarred.kotlinx.metadata.internal.extensions.MetadataExtensions$Companion: loaded 2 times (x 69B)
Class com.google.common.base.Functions$ConstantFunction                               : loaded 2 times (x 82B)
Class androidx.room.jarjarred.kotlinx.metadata.internal.protobuf.SmallSortedMap       : loaded 2 times (x 128B)
Class androidx.room.processor.Context$schemaOutFolderPath$2                           : loaded 2 times (x 77B)
Class androidx.room.ext.RoomPagingGuavaTypeNames                                      : loaded 2 times (x 69B)
Class androidx.room.parser.SQLiteParser$Column_name_listContext                       : loaded 2 times (x 155B)
Class org.objectweb.asm.Symbol                                                        : loaded 2 times (x 71B)
Class [Landroidx.room.jarjarred.kotlinx.metadata.Modality;                            : loaded 2 times (x 67B)
Class androidx.room.jarjarred.kotlinx.metadata.internal.metadata.deserialization.BinaryVersion: loaded 2 times (x 72B)
Class [Lcom.squareup.kotlinpoet.Taggable;                                             : loaded 2 times (x 67B)
Class androidx.room.parser.SQLiteParser$Module_nameContext                            : loaded 2 times (x 150B)
Class org.sqlite.jdbc3.JDBC3PreparedStatement                                         : loaded 2 times (x 253B)
Class org.sqlite.jdbc3.JDBC3Connection                                                : loaded 2 times (x 221B)
Class androidx.room.jarjarred.kotlinx.metadata.KmDeclarationContainerVisitor          : loaded 2 times (x 75B)
Class [Landroidx.room.compiler.processing.javac.JavacAnnotationBox;                   : loaded 2 times (x 67B)
Class androidx.room.ext.Package_extKt$PACKAGE_NAME_OVERRIDES$2                        : loaded 2 times (x 76B)
Class androidx.room.jarjarred.kotlinx.metadata.Attributes$isReified$2                 : loaded 2 times (x 135B)
Class androidx.room.processor.MethodProcessorDelegate                                 : loaded 2 times (x 78B)
Class androidx.room.jarjarred.org.antlr.v4.runtime.atn.TokensStartState               : loaded 2 times (x 80B)
Class androidx.room.jarjarred.org.antlr.v4.runtime.misc.Pair                          : loaded 2 times (x 70B)
Class [Landroidx.room.solver.shortcut.binderprovider.RxCallableUpsertMethodBinderProvider;: loaded 2 times (x 67B)
Class [Landroidx.room.jarjarred.kotlinx.metadata.internal.metadata.ProtoBuf$VersionRequirement$VersionKind;: loaded 2 times (x 67B)
Class androidx.room.jarjarred.kotlinx.metadata.internal.metadata.jvm.JvmProtoBuf$StringTableTypes$Record: loaded 2 times (x 117B)
Class org.objectweb.asm.FieldVisitor                                                  : loaded 2 times (x 75B)
Class androidx.room.parser.SQLiteParser$Indexed_columnContext                         : loaded 2 times (x 155B)
Class androidx.room.solver.TypeAdapterExtras                                          : loaded 2 times (x 70B)
Class androidx.room.jarjarred.org.antlr.v4.runtime.atn.ArrayPredictionContext         : loaded 2 times (x 78B)
Class androidx.room.jarjarred.kotlinx.metadata.internal.metadata.jvm.JvmProtoBuf$StringTableTypes: loaded 2 times (x 108B)
Class androidx.room.jarjarred.kotlinx.metadata.internal.metadata.jvm.deserialization.JvmNameResolverBase: loaded 2 times (x 78B)
Class org.jetbrains.kotlin.config.JvmDefaultMode$Companion                            : loaded 2 times (x 69B)
Class androidx.room.compiler.processing.util.MemoizedSequence                         : loaded 2 times (x 73B)
Class androidx.room.compiler.processing.javac.JavacPackageElement$name$2              : loaded 2 times (x 77B)
Class androidx.room.jarjarred.kotlinx.metadata.internal.FlagImplKt                    : loaded 2 times (x 69B)
Class androidx.room.jarjarred.org.antlr.v4.runtime.TokenStream                        : loaded 2 times (x 68B)
Class androidx.room.compiler.codegen.java.JavaPropertySpec$Builder                    : loaded 2 times (x 79B)
Class androidx.room.processor.SuspendMethodProcessorDelegate$findPreparedResultBinder$1: loaded 2 times (x 77B)
Class androidx.room.jarjarred.kotlinx.metadata.internal.metadata.ProtoBuf$Type        : loaded 2 times (x 143B)
Class androidx.room.jarjarred.kotlinx.metadata.internal.metadata.jvm.JvmProtoBuf$JvmPropertySignature$1: loaded 2 times (x 142B)
Class [Lcom.google.common.base.AbstractIterator$State;                                : loaded 2 times (x 67B)
Class [Landroidx.room.solver.types.PrimitiveColumnTypeAdapter$Companion$Primitive;    : loaded 2 times (x 67B)
Class androidx.room.compiler.processing.javac.JavacMethodType$returnType$2            : loaded 2 times (x 77B)
Class com.google.common.reflect.Types$TypeVariableImpl                                : loaded 2 times (x 70B)
Class androidx.room.jarjarred.kotlinx.metadata.Attributes$visibility$2                : loaded 2 times (x 135B)
Class androidx.room.jarjarred.kotlinx.metadata.internal.protobuf.MessageLite          : loaded 2 times (x 68B)
Class androidx.room.jarjarred.kotlinx.metadata.internal.metadata.ProtoBuf$Type$Argument$1: loaded 2 times (x 142B)
Class org.sqlite.date.FastDateParser$Strategy                                         : loaded 2 times (x 72B)
Class com.google.common.collect.Interners$InternerBuilder                             : loaded 2 times (x 74B)
Class com.google.common.cache.RemovalCause$1                                          : loaded 2 times (x 78B)
Class androidx.room.parser.Collate                                                    : loaded 2 times (x 77B)
Class androidx.room.parser.Collate$Companion                                          : loaded 2 times (x 69B)
Class androidx.room.jarjarred.kotlinx.metadata.KmConstructorVisitor                   : loaded 2 times (x 74B)
Class androidx.room.jarjarred.kotlinx.metadata.Attributes$kind$2                      : loaded 2 times (x 135B)
Class com.google.common.cache.RemovalCause$2                                          : loaded 2 times (x 78B)
Class androidx.room.jarjarred.org.antlr.v4.runtime.atn.ProfilingATNSimulator          : loaded 2 times (x 118B)
Class androidx.room.parser.Section$Companion                                          : loaded 2 times (x 69B)
Class androidx.room.processor.QueryMethodProcessor                                    : loaded 2 times (x 70B)
Class com.google.common.cache.RemovalCause$3                                          : loaded 2 times (x 78B)
Class [Lorg.jetbrains.kotlin.config.ExplicitApiMode;                                  : loaded 2 times (x 67B)
Class androidx.room.writer.FieldReadWriteWriter$Companion$construct$args$1            : loaded 2 times (x 76B)
Class androidx.room.compiler.processing.KClassExtKt                                   : loaded 2 times (x 69B)
Class androidx.room.solver.CodeGenScope$builder$2                                     : loaded 2 times (x 77B)
Class androidx.room.compiler.codegen.java.JavaCodeBlock$Builder                       : loaded 2 times (x 86B)
Class androidx.room.jarjarred.kotlinx.metadata.Attributes$visibility$6                : loaded 2 times (x 135B)
Class com.google.common.cache.RemovalCause$4                                          : loaded 2 times (x 78B)
Class androidx.room.processor.TableEntityProcessor                                    : loaded 2 times (x 76B)
Class org.sqlite.core.DB                                                              : loaded 2 times (x 141B)
Class androidx.room.jarjarred.kotlinx.metadata.KmConstructor                          : loaded 2 times (x 75B)
Class androidx.room.jarjarred.kotlinx.metadata.internal.metadata.ProtoBuf$VersionRequirementTable: loaded 2 times (x 105B)
Class androidx.room.jarjarred.kotlinx.metadata.internal.metadata.ProtoBuf$PropertyOrBuilder: loaded 2 times (x 68B)
Class com.google.common.cache.RemovalCause$5                                          : loaded 2 times (x 78B)
Class com.google.common.primitives.Ints$IntConverter                                  : loaded 2 times (x 88B)
Class org.jetbrains.kotlin.utils.DescriptionAware                                     : loaded 2 times (x 68B)
Class com.google.common.base.Charsets                                                 : loaded 2 times (x 69B)
Class androidx.room.ext.Xpoet_extKt                                                   : loaded 2 times (x 69B)
Class androidx.room.solver.types.PrimitiveColumnTypeAdapter$Companion$WhenMappings    : loaded 2 times (x 69B)
Class androidx.room.jarjarred.kotlinx.metadata.internal.protobuf.ExtensionRegistryLite$ObjectIntPair: loaded 2 times (x 70B)
Class androidx.room.parser.SQLiteParser$Signed_numberContext                          : loaded 2 times (x 152B)
Class androidx.room.solver.types.BoxedPrimitiveColumnTypeAdapter$Companion            : loaded 2 times (x 69B)
Class androidx.room.writer.FieldReadWriteWriter$Node                                  : loaded 2 times (x 70B)
Class [Landroidx.room.compiler.codegen.VisibilityModifier;                            : loaded 2 times (x 67B)
Class androidx.room.jarjarred.kotlinx.metadata.Attributes$kind$7                      : loaded 2 times (x 135B)
Class androidx.room.compiler.processing.javac.kotlin.KmFunctionContainerImpl          : loaded 2 times (x 98B)
Class com.google.auto.common.Overrides$ExplicitOverrides$TypeSubstVisitor             : loaded 2 times (x 104B)
Class org.objectweb.asm.RecordComponentVisitor                                        : loaded 2 times (x 75B)
Class androidx.room.vo.FieldWithIndex$Companion                                       : loaded 2 times (x 69B)
Class androidx.room.jarjarred.org.antlr.v4.runtime.atn.BlockStartState                : loaded 2 times (x 81B)
Class com.google.common.collect.ForwardingMap                                         : loaded 2 times (x 130B)
Class androidx.room.jarjarred.kotlinx.metadata.KmPropertyVisitor                      : loaded 2 times (x 78B)
Class androidx.room.compiler.processing.JavaPoetExtKt                                 : loaded 2 times (x 69B)
Class com.google.common.reflect.Types$ClassOwnership$1                                : loaded 2 times (x 78B)
Class com.google.common.reflect.Invokable                                             : loaded 2 times (x 99B)
Class org.sqlite.core.CoreDatabaseMetaData                                            : loaded 2 times (x 438B)
Class androidx.room.jarjarred.kotlinx.metadata.internal.metadata.ProtoBuf$Expression$ConstantValue$1: loaded 2 times (x 72B)
Class androidx.room.solver.binderprovider.RxCallableQueryResultBinderProvider         : loaded 2 times (x 74B)
Class com.google.auto.common.SuperficialValidation                                    : loaded 2 times (x 69B)
Class com.google.common.reflect.Types$ClassOwnership$2                                : loaded 2 times (x 78B)
Class androidx.room.compiler.processing.javac.kotlin.KmClassContainer$functionByDescriptor$2: loaded 2 times (x 77B)
Class androidx.room.solver.TypeConverterStore                                         : loaded 2 times (x 68B)
Class androidx.room.parser.SQLiteParser$Schema_nameContext                            : loaded 2 times (x 150B)
Class androidx.room.jarjarred.org.antlr.v4.runtime.CommonToken                        : loaded 2 times (x 109B)
Class androidx.room.compiler.processing.javac.JavacMethodType$Companion               : loaded 2 times (x 69B)
Class com.google.common.reflect.Types$ClassOwnership$3                                : loaded 2 times (x 69B)
Class androidx.room.jarjarred.org.antlr.v4.runtime.tree.ParseTreeVisitor              : loaded 2 times (x 68B)
Class androidx.room.solver.query.result.PojoRowAdapter$PojoMapping                    : loaded 2 times (x 71B)
Class androidx.room.solver.types.CursorValueReader                                    : loaded 2 times (x 68B)
Class androidx.room.jarjarred.org.antlr.v4.runtime.ProxyErrorListener                 : loaded 2 times (x 80B)
Class androidx.room.vo.FieldGetter                                                    : loaded 2 times (x 70B)
Class androidx.room.jarjarred.kotlinx.metadata.internal.FlagDelegatesImplKt$valueParameterBooleanFlag$1: loaded 2 times (x 135B)
Class androidx.room.solver.query.result.SingleColumnRowAdapter$getDefaultIndexAdapter$1: loaded 2 times (x 73B)
Class androidx.room.solver.shortcut.result.InsertOrUpsertMethodAdapter$InsertMethodInfo: loaded 2 times (x 71B)
Class androidx.room.jarjarred.kotlinx.metadata.Attributes$modality$2                  : loaded 2 times (x 135B)
Class [Lorg.jetbrains.kotlin.cli.common.CompilerSystemProperties;                     : loaded 2 times (x 67B)
Class androidx.room.compiler.processing.ksp.KSTypeJavaPoetExtKt$typeVarNameConstructor$2: loaded 2 times (x 76B)
Class androidx.room.jarjarred.kotlinx.metadata.KmClassVisitor                         : loaded 2 times (x 90B)
Class com.google.common.collect.Interners                                             : loaded 2 times (x 69B)
Class androidx.room.jarjarred.kotlinx.metadata.internal.metadata.jvm.JvmProtoBuf$JvmPropertySignatureOrBuilder: loaded 2 times (x 68B)
Class [Lorg.sqlite.date.FastDateParser$Strategy;                                      : loaded 2 times (x 67B)
Class [Landroidx.room.AutoMigration;                                                  : loaded 2 times (x 67B)
Class androidx.room.compiler.processing.javac.JavacMethodElement$parameters$2         : loaded 2 times (x 77B)
Class androidx.room.processor.cache.Cache$Bucket                                      : loaded 2 times (x 70B)
Class com.google.common.cache.LocalCache$HashIterator                                 : loaded 2 times (x 84B)
Class androidx.room.jarjarred.kotlinx.metadata.Attributes$modality$6                  : loaded 2 times (x 135B)
Class org.sqlite.date.DatePrinter                                                     : loaded 2 times (x 68B)
Class [Landroidx.room.jarjarred.org.antlr.v4.runtime.dfa.DFA;                         : loaded 2 times (x 67B)
Class androidx.room.jarjarred.org.antlr.v4.runtime.CharStream                         : loaded 2 times (x 68B)
Class androidx.room.jarjarred.org.antlr.v4.runtime.atn.OrderedATNConfigSet$LexerConfigHashSet: loaded 2 times (x 138B)
Class androidx.room.jarjarred.kotlinx.metadata.internal.ReadContext                   : loaded 2 times (x 70B)
Class androidx.room.solver.shortcut.binderprovider.RxCompletableDeleteOrUpdateMethodBinderProvider$completableType$2: loaded 2 times (x 77B)
Class org.jetbrains.kotlin.cli.common.CompilerSystemProperties$value$1                : loaded 2 times (x 123B)
Class com.google.common.base.CharMatcher$JavaLowerCase                                : loaded 2 times (x 109B)
Class androidx.room.writer.DatabaseWriter                                             : loaded 2 times (x 71B)
Class androidx.room.compiler.processing.XParameterizable                              : loaded 2 times (x 68B)
Class androidx.room.compiler.processing.javac.AnnotationListVisitor                   : loaded 2 times (x 103B)
Class androidx.room.solver.query.result.ListQueryResultAdapter                        : loaded 2 times (x 71B)
Class androidx.room.jarjarred.kotlinx.metadata.internal.metadata.ProtoBuf$Function    : loaded 2 times (x 147B)
Class com.google.common.cache.LocalCache$WriteThroughEntry                            : loaded 2 times (x 77B)
Class org.jetbrains.kotlin.cli.common.messages.MessageCollector$Companion             : loaded 2 times (x 69B)
Class org.objectweb.asm.ClassTooLargeException                                        : loaded 2 times (x 81B)
Class androidx.room.jarjarred.kotlinx.metadata.internal.metadata.ProtoBuf$Type$Argument$Projection: loaded 2 times (x 80B)
Class org.sqlite.jdbc3.JDBC3Statement$SQLCallable                                     : loaded 2 times (x 68B)
Class androidx.room.parser.SQLiteParser$Begin_stmtContext                             : loaded 2 times (x 155B)
Class androidx.room.vo.FieldWithIndex                                                 : loaded 2 times (x 70B)
Class androidx.room.Embedded                                                          : loaded 2 times (x 68B)
Class androidx.room.jarjarred.org.antlr.v4.runtime.atn.ParserATNSimulator$1           : loaded 2 times (x 75B)
Class com.google.auto.common.MoreElements$CastingElementVisitor                       : loaded 2 times (x 91B)
Class com.google.common.io.ByteSource$AsCharSource                                    : loaded 2 times (x 84B)
Class androidx.room.jarjarred.kotlinx.metadata.KmVersionRequirement                   : loaded 2 times (x 73B)
Class androidx.room.jarjarred.org.antlr.v4.runtime.BufferedTokenStream                : loaded 2 times (x 124B)
Class org.gradle.api.internal.classpath.UnknownModuleException                        : loaded 2 times (x 80B)
Class androidx.room.jarjarred.kotlinx.metadata.KmFunction                             : loaded 2 times (x 80B)
Class androidx.room.jarjarred.org.antlr.v4.runtime.RuntimeMetaData                    : loaded 2 times (x 69B)
Class androidx.room.jarjarred.org.antlr.v4.runtime.misc.IntervalSet                   : loaded 2 times (x 119B)
Class androidx.room.jarjarred.kotlinx.metadata.internal.metadata.ProtoBuf$Package$1   : loaded 2 times (x 142B)
Class org.gradle.internal.classloader.ClasspathUtil$1                                 : loaded 2 times (x 74B)
Class org.sqlite.core.NativeDB                                                        : loaded 2 times (x 141B)
Class androidx.room.compiler.processing.javac.JavacAnnotationBoxKt$ANNOTATION_VALUE_TO_DOUBLE_VISITOR$1: loaded 2 times (x 103B)
Class org.objectweb.asm.ModuleWriter                                                  : loaded 2 times (x 80B)
Class com.google.auto.common.MoreElements                                             : loaded 2 times (x 69B)
Class androidx.room.compiler.processing.javac.JavacAnnotationBoxKt$TO_LIST_OF_TYPES$1 : loaded 2 times (x 103B)
Class androidx.room.jarjarred.kotlinx.metadata.jvm.KotlinClassMetadata$Companion      : loaded 2 times (x 69B)
Class androidx.room.compiler.processing.javac.JavacConstructorElement$typeParameters$2: loaded 2 times (x 77B)
Class androidx.room.solver.prepared.binder.CallablePreparedQueryResultBinder$executeAndReturn$callableImpl$1: loaded 2 times (x 77B)
Class androidx.room.processor.EntityProcessor$Companion                               : loaded 2 times (x 69B)
Class com.google.common.util.concurrent.AbstractFuture$Listener                       : loaded 2 times (x 70B)
Class androidx.room.parser.SqlParser$Companion                                        : loaded 2 times (x 69B)
Class androidx.room.jarjarred.org.antlr.v4.runtime.atn.ActionTransition               : loaded 2 times (x 74B)
Class [Lcom.google.auto.common.Visibility;                                            : loaded 2 times (x 67B)
Class androidx.room.jarjarred.kotlinx.metadata.internal.metadata.ProtoBuf$Class$Kind  : loaded 2 times (x 80B)
Class androidx.room.writer.DaoWriter$createPreparedQueryMethodBody$1                  : loaded 2 times (x 77B)
Class androidx.room.compiler.codegen.XTypeSpec$Companion$WhenMappings                 : loaded 2 times (x 69B)
Class androidx.room.compiler.processing.javac.kotlin.KmConstructorContainer           : loaded 2 times (x 98B)
Class androidx.room.jarjarred.kotlinx.metadata.internal.protobuf.InvalidProtocolBufferException: loaded 2 times (x 82B)
Class [Lorg.sqlite.date.FastDatePrinter$Rule;                                         : loaded 2 times (x 67B)
Class androidx.room.ext.GuavaUtilConcurrentTypeNames                                  : loaded 2 times (x 69B)
Class androidx.room.compiler.processing.javac.kotlin.KmClassContainer                 : loaded 2 times (x 77B)
Class androidx.room.compiler.processing.javac.kotlin.JvmDescriptorTypeVisitor$visitExecutable$parameterDescriptors$1: loaded 2 times (x 77B)
Class androidx.room.compiler.codegen.XTypeName                                        : loaded 2 times (x 73B)
Class androidx.room.AutoMigration                                                     : loaded 2 times (x 68B)
Class com.google.common.util.concurrent.internal.InternalFutureFailureAccess          : loaded 2 times (x 70B)
Class androidx.room.compiler.processing.javac.JavacType$typeName$2                    : loaded 2 times (x 77B)
Class androidx.room.solver.prepared.binder.PreparedQueryResultBinder                  : loaded 2 times (x 71B)
Class androidx.room.solver.query.result.QueryMappedRowAdapter                         : loaded 2 times (x 74B)
Class androidx.room.solver.shortcut.binderprovider.RxSingleOrMaybeDeleteOrUpdateMethodBinderProvider: loaded 2 times (x 77B)
Class com.google.common.collect.Iterables$4                                           : loaded 2 times (x 79B)
Class [Landroidx.room.jarjarred.org.antlr.v4.runtime.atn.ATNConfig;                   : loaded 2 times (x 67B)
Class androidx.room.vo.ShortcutEntity                                                 : loaded 2 times (x 70B)
Class org.jetbrains.kotlin.config.LanguageFeature$State                               : loaded 2 times (x 80B)
Class org.objectweb.asm.Edge                                                          : loaded 2 times (x 70B)
Class androidx.room.compiler.codegen.java.JavaLang                                    : loaded 2 times (x 74B)
Class androidx.room.jarjarred.kotlinx.metadata.internal.metadata.ProtoBuf$VersionRequirementTableOrBuilder: loaded 2 times (x 68B)
Class com.google.common.collect.MapMakerInternalMap$Strength$1                        : loaded 2 times (x 78B)
Class androidx.room.parser.SQLiteParser$Boolean_literalContext                        : loaded 2 times (x 151B)
Class org.gradle.internal.installation.CurrentGradleInstallation                      : loaded 2 times (x 71B)
Class com.google.common.collect.Iterators$ConcatenatedIterator                        : loaded 2 times (x 80B)
Class androidx.room.solver.shortcut.binderprovider.InstantUpsertMethodBinderProvider  : loaded 2 times (x 74B)
Class androidx.room.jarjarred.org.antlr.v4.runtime.atn.SemanticContext$Empty          : loaded 2 times (x 71B)
Class androidx.room.vo.HasFieldsKt                                                    : loaded 2 times (x 69B)
Class androidx.room.parser.SQLiteParser$Function_nameContext                          : loaded 2 times (x 150B)
Class androidx.room.parser.SQLiteParser$Alter_table_stmtContext                       : loaded 2 times (x 160B)
Class androidx.room.vo.Database$implClassName$2                                       : loaded 2 times (x 77B)
Class androidx.room.jarjarred.kotlinx.metadata.internal.protobuf.CodedInputStream     : loaded 2 times (x 70B)
Class androidx.room.jarjarred.org.antlr.v4.runtime.CodePointCharStream$CodePoint16BitCharStream: loaded 2 times (x 86B)
Class org.gradle.api.internal.ClassPathProvider                                       : loaded 2 times (x 68B)
Class androidx.room.parser.SQLiteParser$View_nameContext                              : loaded 2 times (x 150B)
Class androidx.room.jarjarred.kotlinx.metadata.internal.metadata.deserialization.VersionRequirementTable: loaded 2 times (x 70B)
Class androidx.room.parser.SQLiteParser$Error_messageContext                          : loaded 2 times (x 150B)
Class androidx.room.jarjarred.kotlinx.metadata.internal.protobuf.FieldSet             : loaded 2 times (x 70B)
Class androidx.room.jarjarred.kotlinx.metadata.internal.extensions.KmExtension        : loaded 2 times (x 68B)
Class androidx.room.Update                                                            : loaded 2 times (x 68B)
Class androidx.room.processor.Context$CommonTypes$VOID$2                              : loaded 2 times (x 77B)
Class org.jetbrains.kotlin.name.FqName                                                : loaded 2 times (x 70B)
Class [Landroidx.room.compiler.codegen.CodeLanguage;                                  : loaded 2 times (x 67B)
Class androidx.room.parser.SQLiteParser$Insert_stmtContext                            : loaded 2 times (x 177B)
Class androidx.room.jarjarred.kotlinx.metadata.internal.metadata.ProtoBuf$Type$Argument: loaded 2 times (x 108B)
Class androidx.room.compiler.processing.javac.JavacAnnotationBoxKt$ANNOTATION_VALUE_TO_FLOAT_VISITOR$1: loaded 2 times (x 103B)
Class androidx.room.jarjarred.kotlinx.metadata.KmVersionRequirementLevel              : loaded 2 times (x 77B)
Class androidx.room.ext.RoomRxJava2TypeNames                                          : loaded 2 times (x 69B)
Class androidx.room.compiler.codegen.XCodeBlock$Builder                               : loaded 2 times (x 68B)
Class [Ldagger.spi.internal.shaded.auto.common.Visibility;                            : loaded 2 times (x 67B)
Class androidx.room.compiler.processing.javac.JavacType$xTypeName$2                   : loaded 2 times (x 77B)
Class com.google.common.collect.MapMakerInternalMap$Strength$2                        : loaded 2 times (x 78B)
Class androidx.room.jarjarred.kotlinx.metadata.jvm.internal.JvmClassExtension         : loaded 2 times (x 91B)
Class androidx.room.compiler.processing.javac.JavacConstructorElement                 : loaded 2 times (x 254B)
Class androidx.room.solver.binderprovider.RxQueryResultBinderProvider$Companion       : loaded 2 times (x 69B)
Class com.google.common.io.ByteArrayDataInput                                         : loaded 2 times (x 68B)
Class org.gradle.internal.agents.InstrumentingClassLoader                             : loaded 2 times (x 68B)
Class org.gradle.internal.installation.CurrentGradleInstallationLocator               : loaded 2 times (x 69B)
Class androidx.room.jarjarred.kotlinx.metadata.internal.metadata.ProtoBuf$Effect$EffectType$1: loaded 2 times (x 72B)
Class androidx.room.ext.RoomCoroutinesTypeNames                                       : loaded 2 times (x 69B)
Class [Lorg.jetbrains.kotlin.cli.common.messages.CompilerMessageSeverity;             : loaded 2 times (x 67B)
Class androidx.room.writer.ValidationWriter                                           : loaded 2 times (x 71B)
Class com.google.common.collect.ImmutableRangeSet                                     : loaded 2 times (x 113B)
Class androidx.room.vo.QueryParameter                                                 : loaded 2 times (x 70B)
Class androidx.room.processor.SuspendMethodProcessorDelegate$findDeleteOrUpdateMethodBinder$1: loaded 2 times (x 77B)
Class org.gradle.internal.classloader.SystemClassLoaderSpec                           : loaded 2 times (x 69B)
Class com.google.common.base.Functions                                                : loaded 2 times (x 69B)
Class [Lorg.objectweb.asm.SymbolTable$Entry;                                          : loaded 2 times (x 67B)
Class androidx.room.jarjarred.kotlinx.metadata.jvm.JvmMemberSignature                 : loaded 2 times (x 71B)
Class androidx.room.jarjarred.kotlinx.metadata.internal.metadata.deserialization.Flags$FlagField: loaded 2 times (x 71B)
Class com.google.common.reflect.Types$JavaVersion                                     : loaded 2 times (x 81B)
Class androidx.room.compiler.processing.util.NamingUtilsKt                            : loaded 2 times (x 69B)
Class androidx.room.solver.types.BoxedPrimitiveColumnTypeAdapter                      : loaded 2 times (x 83B)
Class androidx.room.parser.ParsedQuery$bindSections$2                                 : loaded 2 times (x 77B)
Class org.jetbrains.kotlin.config.ApiVersion                                          : loaded 2 times (x 84B)
Class androidx.room.solver.shortcut.binderprovider.InsertOrUpsertMethodBinderProvider : loaded 2 times (x 68B)
Class androidx.room.processor.Context$schemaInFolderPath$2                            : loaded 2 times (x 77B)
Class androidx.room.writer.DaoWriter$PreparedStmtQuery$Companion                      : loaded 2 times (x 69B)
Class androidx.room.vo.DeleteOrUpdateShortcutMethod                                   : loaded 2 times (x 70B)
Class org.gradle.api.internal.classpath.Module                                        : loaded 2 times (x 68B)
Class [Landroidx.room.jarjarred.kotlinx.metadata.Visibility;                          : loaded 2 times (x 67B)
Class androidx.room.parser.SQLiteParser$ExprContext                                   : loaded 2 times (x 195B)
Class androidx.room.jarjarred.kotlinx.metadata.internal.protobuf.GeneratedMessageLite$1: loaded 2 times (x 69B)
Class androidx.room.parser.SQLiteParser$KeywordContext                                : loaded 2 times (x 273B)
Class androidx.room.solver.binderprovider.LiveDataQueryResultBinderProvider$liveDataType$2: loaded 2 times (x 77B)
Class [Landroidx.room.solver.prepared.binderprovider.RxPreparedQueryResultBinderProvider;: loaded 2 times (x 67B)
Class com.squareup.kotlinpoet.MemberName$Companion                                    : loaded 2 times (x 69B)
Class [Landroidx.room.jarjarred.kotlinx.metadata.internal.protobuf.Internal$EnumLite; : loaded 2 times (x 67B)
Class androidx.room.Index                                                             : loaded 2 times (x 68B)
Class [Landroidx.room.solver.shortcut.binderprovider.RxCallableDeleteOrUpdateMethodBinderProvider;: loaded 2 times (x 67B)
Class androidx.room.jarjarred.kotlinx.metadata.jvm.JvmPropertyExtensionVisitor$Companion: loaded 2 times (x 69B)
Class androidx.room.parser.SQLiteParser$Create_table_stmtContext                      : loaded 2 times (x 170B)
Class androidx.room.parser.SQLiteParser$Join_clauseContext                            : loaded 2 times (x 155B)
Class androidx.room.vo.DaoMethod                                                      : loaded 2 times (x 70B)
Class androidx.room.jarjarred.org.antlr.v4.runtime.atn.EpsilonTransition              : loaded 2 times (x 74B)
Class androidx.room.solver.TypeConverterStoreImpl$getAllTypeConverters$$inlined$sortedByDescending$1: loaded 2 times (x 88B)
Class androidx.room.jarjarred.kotlinx.metadata.KmDeclarationContainer                 : loaded 2 times (x 68B)
Class androidx.room.processor.PojoProcessor$DefaultDelegate                           : loaded 2 times (x 75B)
Class androidx.room.solver.shortcut.binder.InsertOrUpsertMethodBinder                 : loaded 2 times (x 71B)
Class androidx.room.jarjarred.kotlinx.metadata.internal.metadata.ProtoBuf$AnnotationOrBuilder: loaded 2 times (x 68B)
Class [Landroidx.room.jarjarred.org.antlr.v4.runtime.dfa.DFAState;                    : loaded 2 times (x 67B)
Class com.google.auto.common.MoreElements$TypeElementVisitor                          : loaded 2 times (x 91B)
Class com.google.common.io.ByteSource$ByteArrayByteSource                             : loaded 2 times (x 83B)
Class androidx.room.compiler.processing.CommonProcessorDelegate$processRound$currentElementsDeferredByStep$1$previousRoundDeferredElementsByAnnotation$1: loaded 2 times (x 76B)
Class org.objectweb.asm.ByteVector                                                    : loaded 2 times (x 77B)
Class com.google.common.reflect.TypeToken$2                                           : loaded 2 times (x 106B)
Class androidx.room.jarjarred.org.antlr.v4.runtime.tree.SyntaxTree                    : loaded 2 times (x 68B)
Class com.google.common.reflect.TypeToken$1                                           : loaded 2 times (x 106B)
Class dagger.hilt.processor.internal.ErrorTypeException                               : loaded 2 times (x 80B)
Class com.google.common.collect.Multimaps$CustomSetMultimap                           : loaded 2 times (x 176B)
Class androidx.room.solver.types.PrimitiveColumnTypeAdapter$WhenMappings              : loaded 2 times (x 69B)
Class androidx.room.solver.shortcut.result.DeleteOrUpdateMethodAdapter$Companion      : loaded 2 times (x 69B)
Class [Lorg.sqlite.SQLiteConfig$TransactionMode;                                      : loaded 2 times (x 67B)
Class androidx.room.jarjarred.kotlinx.metadata.Flag                                   : loaded 2 times (x 70B)
Class androidx.room.vo.Pojo$className$2                                               : loaded 2 times (x 77B)
Class androidx.room.jarjarred.kotlinx.metadata.internal.protobuf.GeneratedMessageLite$GeneratedExtension: loaded 2 times (x 77B)
Class com.google.common.collect.AbstractMultiset$EntrySet                             : loaded 2 times (x 136B)
Class androidx.room.jarjarred.kotlinx.metadata.internal.protobuf.FieldSet$FieldDescriptorLite: loaded 2 times (x 68B)
Class org.jetbrains.kotlin.cli.common.messages.MessageCollector                       : loaded 2 times (x 68B)
Class androidx.room.solver.binderprovider.RxJava2PagingSourceQueryResultBinderProviderKt: loaded 2 times (x 69B)
Class androidx.room.jarjarred.kotlinx.metadata.internal.ReadersKt$WhenMappings        : loaded 2 times (x 69B)
Class androidx.room.jarjarred.kotlinx.metadata.internal.protobuf.GeneratedMessageLite$Builder: loaded 2 times (x 126B)
Class androidx.room.jarjarred.kotlinx.metadata.internal.protobuf.WireFormat           : loaded 2 times (x 69B)
Class androidx.room.jarjarred.kotlinx.metadata.internal.FlagDelegatesImplKt$typeBooleanFlag$1: loaded 2 times (x 135B)
Class androidx.room.Fts4                                                              : loaded 2 times (x 68B)
Class androidx.room.ext.SupportDbTypeNames                                            : loaded 2 times (x 69B)
Class androidx.room.Fts3                                                              : loaded 2 times (x 68B)
Class androidx.room.processor.QueryRewriter$Companion                                 : loaded 2 times (x 69B)
Class androidx.room.jarjarred.kotlinx.metadata.internal.metadata.jvm.JvmProtoBuf$StringTableTypesOrBuilder: loaded 2 times (x 68B)
Class androidx.room.processor.cache.Cache                                             : loaded 2 times (x 70B)
Class org.objectweb.asm.ClassVisitor                                                  : loaded 2 times (x 86B)
Class androidx.room.verifier.DatabaseVerifier                                         : loaded 2 times (x 70B)
Class org.gradle.api.internal.classpath.ModuleRegistry                                : loaded 2 times (x 68B)
Class androidx.room.Query                                                             : loaded 2 times (x 68B)
Class androidx.room.processor.QueryRewriter$Companion$NoOpRewriter$1                  : loaded 2 times (x 72B)
Class [Landroidx.room.vo.CallType;                                                    : loaded 2 times (x 67B)
Class org.gradle.internal.service.ServiceLookupException                              : loaded 2 times (x 80B)
Class androidx.room.solver.prepared.binder.CallablePreparedQueryResultBinder          : loaded 2 times (x 71B)
Class androidx.room.compiler.processing.javac.JavacRoundEnv                           : loaded 2 times (x 76B)
Class androidx.room.compiler.processing.javac.JavacAnnotationBoxKt$ANNOTATION_VALUE_TO_SHORT_VISITOR$1: loaded 2 times (x 103B)
Class org.sqlite.jdbc4.JDBC4ResultSet                                                 : loaded 2 times (x 524B)
Class androidx.room.vo.QueryMethod$sectionToParamMapping$2                            : loaded 2 times (x 77B)
Class androidx.room.writer.TypeWriter                                                 : loaded 2 times (x 71B)
Class org.sqlite.SQLiteConfig$SynchronousMode                                         : loaded 2 times (x 80B)
Class androidx.room.compiler.processing.javac.kotlin.KmBaseTypeContainer              : loaded 2 times (x 68B)
Class com.google.common.collect.MapMakerInternalMap$StrongKeyDummyValueSegment        : loaded 2 times (x 140B)
Class com.google.common.base.CharMatcher$JavaLetterOrDigit                            : loaded 2 times (x 109B)
Class androidx.room.jarjarred.org.antlr.v4.runtime.atn.SemanticContext$Operator       : loaded 2 times (x 72B)
Class androidx.room.jarjarred.org.antlr.v4.runtime.atn.SemanticContext$AND            : loaded 2 times (x 73B)
Class androidx.room.writer.FieldReadWriteWriter                                       : loaded 2 times (x 70B)
Class [Lcom.squareup.kotlinpoet.TypeName;                                             : loaded 2 times (x 67B)
Class androidx.room.solver.types.RequireNotNullTypeConverter                          : loaded 2 times (x 72B)
Class androidx.room.parser.SQLiteParser$Drop_index_stmtContext                        : loaded 2 times (x 156B)
Class org.gradle.api.GradleException                                                  : loaded 2 times (x 80B)
Class androidx.room.parser.SQLiteBaseVisitor                                          : loaded 2 times (x 254B)
Class androidx.room.jarjarred.org.antlr.v4.runtime.LexerNoViableAltException          : loaded 2 times (x 91B)
Class androidx.room.parser.SqlParser$Companion$parse$1                                : loaded 2 times (x 77B)
Class androidx.room.solver.prepared.binderprovider.GuavaListenableFuturePreparedQueryResultBinderProvider: loaded 2 times (x 74B)
Class androidx.room.compiler.processing.util.MemoizedSequence$CachedIterator          : loaded 2 times (x 77B)
Class androidx.room.compiler.codegen.XClassName$Companion                             : loaded 2 times (x 69B)
Class androidx.room.solver.binderprovider.ListenableFuturePagingSourceQueryResultBinderProviderKt: loaded 2 times (x 69B)
Class androidx.room.parser.SqlParser$Companion$parse$2                                : loaded 2 times (x 77B)
Class androidx.room.compiler.processing.javac.JavacMethodElement$propertyName$2       : loaded 2 times (x 77B)
Class androidx.room.ext.String_extKt                                                  : loaded 2 times (x 69B)
Class androidx.room.vo.Field$typeName$2                                               : loaded 2 times (x 77B)
Class androidx.room.jarjarred.org.antlr.v4.runtime.misc.Interval                      : loaded 2 times (x 81B)
Class androidx.room.vo.Database$bundle$2                                              : loaded 2 times (x 77B)
Class androidx.room.compiler.processing.javac.JavacExecutableElement$jvmDescriptor$2  : loaded 2 times (x 77B)
Class org.sqlite.SQLiteConfig$PragmaValue                                             : loaded 2 times (x 68B)
Class jdk.internal.jimage.ImageStringsReader                                          : loaded 2 times (x 78B)
Class org.sqlite.date.FastDatePrinter$TwoDigitMonthField                              : loaded 2 times (x 78B)
Class androidx.room.jarjarred.kotlinx.metadata.internal.metadata.jvm.deserialization.JvmNameResolverBase$Companion: loaded 2 times (x 69B)
Class androidx.room.jarjarred.kotlinx.metadata.internal.protobuf.FieldSet$1           : loaded 2 times (x 69B)
Class org.gradle.internal.classloader.VisitableURLClassLoader$Spec                    : loaded 2 times (x 72B)
Class androidx.room.compiler.processing.javac.JavacTypeElement$className$2            : loaded 2 times (x 77B)
Class androidx.room.jarjarred.kotlinx.metadata.KmExtensionVisitor                     : loaded 2 times (x 68B)
Class [Lorg.sqlite.SQLiteConfig$PragmaValue;                                          : loaded 2 times (x 67B)
Class org.gradle.cache.GlobalCache                                                    : loaded 2 times (x 68B)
Class androidx.room.solver.shortcut.result.InsertOrUpsertMethodAdapter$Companion      : loaded 2 times (x 69B)
Class androidx.room.parser.SQLiteParser$Order_clauseContext                           : loaded 2 times (x 155B)
Class androidx.room.vo.BuiltInConverterFlagsKt$WhenMappings                           : loaded 2 times (x 69B)
Class androidx.room.compiler.processing.javac.JavacElement$docComment$2               : loaded 2 times (x 77B)
Class jdk.internal.jimage.decompressor.ResourceDecompressorFactory                    : loaded 2 times (x 72B)
Class androidx.room.compiler.processing.XPackageElement                               : loaded 2 times (x 68B)
Class jdk.internal.jrtfs.JrtFileAttributes                                            : loaded 2 times (x 81B)
Class kotlin.jvm.JvmName                                                              : loaded 2 times (x 68B)
Class androidx.room.jarjarred.kotlinx.metadata.Attributes$isNegated$2                 : loaded 2 times (x 135B)
Class androidx.room.processor.CustomConverterProcessor$Companion                      : loaded 2 times (x 69B)
Class [Landroidx.room.jarjarred.kotlinx.metadata.internal.metadata.ProtoBuf$VersionRequirement$Level;: loaded 2 times (x 67B)
Class org.sqlite.core.CoreStatement                                                   : loaded 2 times (x 79B)
Class androidx.room.processor.DaoProcessor$process$transactionMethods$2               : loaded 2 times (x 77B)
Class androidx.room.vo.Database$typeName$2                                            : loaded 2 times (x 77B)
Class androidx.room.compiler.processing.javac.JavacTypeElement$Companion              : loaded 2 times (x 69B)
Class androidx.room.processor.DaoProcessor$process$transactionMethods$1               : loaded 2 times (x 76B)
Class org.apache.commons.codec.Decoder                                                : loaded 2 times (x 68B)
Class androidx.room.jarjarred.org.antlr.v4.runtime.atn.OrderedATNConfigSet            : loaded 2 times (x 146B)
Class androidx.room.parser.SQLiteParser$Result_columnContext                          : loaded 2 times (x 155B)
Class org.jetbrains.kotlin.config.JVMAssertionsMode                                   : loaded 2 times (x 77B)
Class androidx.room.vo.Field$getterNameWithVariations$2                               : loaded 2 times (x 77B)
Class androidx.room.jarjarred.kotlinx.metadata.internal.protobuf.ExtensionRegistryLite: loaded 2 times (x 72B)
Class [Landroidx.room.processor.FieldProcessor$BindingScope;                          : loaded 2 times (x 67B)
Class com.google.common.collect.HashBiMap$Inverse                                     : loaded 2 times (x 140B)
Class androidx.room.jarjarred.kotlinx.metadata.internal.protobuf.GeneratedMessageLite$ExtendableMessageOrBuilder: loaded 2 times (x 68B)
Class androidx.room.compiler.processing.javac.JavacAnnotationBoxKt$ANNOTATION_VALUE_TO_INT_VISITOR$1: loaded 2 times (x 103B)
Class androidx.room.vo.Fields$columnNames$2                                           : loaded 2 times (x 77B)
Class androidx.room.jarjarred.kotlinx.metadata.internal.FlagDelegatesImplKt$constructorBooleanFlag$1: loaded 2 times (x 135B)
Class androidx.room.processor.CustomConverterProcessor$ProcessResult$Companion        : loaded 2 times (x 69B)
Class androidx.room.jarjarred.org.antlr.v4.runtime.atn.LL1Analyzer                    : loaded 2 times (x 74B)
Class androidx.room.vo.Pojo$typeName$2                                                : loaded 2 times (x 77B)
Class androidx.room.processor.InsertionMethodProcessor                                : loaded 2 times (x 70B)
Class androidx.room.jarjarred.org.antlr.v4.runtime.atn.PredictionContextCache         : loaded 2 times (x 73B)
Class [Lorg.gradle.api.internal.ClassPathProvider;                                    : loaded 2 times (x 67B)
Class androidx.room.parser.SQLTypeAffinity                                            : loaded 2 times (x 77B)
Class androidx.room.jarjarred.kotlinx.metadata.internal.metadata.ProtoBuf$ValueParameter: loaded 2 times (x 126B)
Class androidx.room.jarjarred.kotlinx.metadata.KmTypeParameterExtensionVisitor        : loaded 2 times (x 68B)
Class jdk.internal.jimage.ImageReader$SharedImageReader$LocationVisitor               : loaded 2 times (x 68B)
Class com.google.common.util.concurrent.AbstractFuture$SafeAtomicHelper               : loaded 2 times (x 77B)
Class androidx.room.ext.Package_extKt                                                 : loaded 2 times (x 69B)
Class androidx.room.compiler.processing.XElementKt                                    : loaded 2 times (x 69B)
Class androidx.room.compiler.processing.javac.JavacTypeElement$Companion$WhenMappings : loaded 2 times (x 69B)
Class androidx.room.compiler.processing.javac.JavacAnnotationBoxKt                    : loaded 2 times (x 69B)
Class [Lorg.sqlite.SQLiteConfig$Pragma;                                               : loaded 2 times (x 67B)
Class androidx.room.solver.query.result.RowAdapter                                    : loaded 2 times (x 73B)
Class androidx.room.vo.Fields                                                         : loaded 2 times (x 133B)
Class com.google.common.collect.AbstractMapBasedMultiset                              : loaded 2 times (x 161B)
Class androidx.room.compiler.codegen.java.JavaFunSpecKt                               : loaded 2 times (x 69B)
Class androidx.room.compiler.processing.javac.JavacAnnotationBoxKt$ANNOTATION_VALUE_TO_BYTE_VISITOR$1: loaded 2 times (x 103B)
Class androidx.room.solver.binderprovider.RxCallableQueryResultBinderProvider$Companion: loaded 2 times (x 69B)
Class androidx.room.compiler.processing.CommonProcessorDelegate                       : loaded 2 times (x 70B)
Class androidx.room.vo.FieldGetter$WhenMappings                                       : loaded 2 times (x 69B)
Class org.objectweb.asm.RecordComponentWriter                                         : loaded 2 times (x 76B)
Class org.objectweb.asm.AnnotationVisitor                                             : loaded 2 times (x 76B)
Class androidx.room.vo.RelationCollector$Companion                                    : loaded 2 times (x 69B)
Class androidx.room.parser.Section$BindVar$varName$2                                  : loaded 2 times (x 77B)
Class androidx.room.jarjarred.kotlinx.metadata.internal.metadata.ProtoBuf$VersionRequirement$Level$1: loaded 2 times (x 72B)
Class org.gradle.util.internal.GUtil                                                  : loaded 2 times (x 69B)
Class androidx.room.processor.QueryParameterProcessor                                 : loaded 2 times (x 70B)
Class org.jetbrains.kotlin.config.AnalysisFlag                                        : loaded 2 times (x 70B)
Class androidx.room.writer.EntityInsertionAdapterWriter$createAnonymous$1$1$query$1$1 : loaded 2 times (x 76B)
Class jdk.internal.jimage.decompressor.ZipDecompressor                                : loaded 2 times (x 73B)
Class androidx.room.compiler.processing.XMessager                                     : loaded 2 times (x 71B)
Class androidx.room.jarjarred.org.antlr.v4.runtime.atn.AtomTransition                 : loaded 2 times (x 74B)
Class androidx.room.writer.EntityInsertionAdapterWriter$createAnonymous$1$1$query$1$2 : loaded 2 times (x 77B)
Class androidx.room.jarjarred.kotlinx.metadata.internal.metadata.jvm.JvmProtoBuf$JvmPropertySignature$Builder: loaded 2 times (x 139B)
Class androidx.room.jarjarred.org.antlr.v4.runtime.atn.PredicateTransition            : loaded 2 times (x 74B)
Class androidx.room.processor.DaoProcessor                                            : loaded 2 times (x 70B)
Class com.google.common.collect.MapMakerInternalMap$Segment                           : loaded 2 times (x 140B)
Class androidx.room.jarjarred.kotlinx.metadata.internal.protobuf.UninitializedMessageException: loaded 2 times (x 82B)
Class [Landroidx.room.jarjarred.kotlinx.metadata.KmVersionRequirementVersionKind;     : loaded 2 times (x 67B)
Class androidx.room.jarjarred.kotlinx.metadata.MemberKind                             : loaded 2 times (x 77B)
Class androidx.room.ext.PagingTypeNames                                               : loaded 2 times (x 69B)
Class androidx.room.compiler.processing.javac.JavacAnnotationBoxKt$ANNOTATION_VALUE_TO_STRING_VISITOR$1: loaded 2 times (x 103B)
Class androidx.room.processor.PojoProcessor$Companion                                 : loaded 2 times (x 69B)
Class androidx.room.jarjarred.kotlinx.metadata.jvm.JvmTypeParameterExtensionVisitor   : loaded 2 times (x 77B)
Class androidx.room.parser.QueryVisitor                                               : loaded 2 times (x 255B)
Class androidx.room.jarjarred.kotlinx.metadata.internal.protobuf.AbstractParser       : loaded 2 times (x 142B)
Class [Lcom.google.common.cache.RemovalCause;                                         : loaded 2 times (x 67B)
Class [Landroidx.room.jarjarred.org.antlr.v4.runtime.atn.PredictionContext;           : loaded 2 times (x 67B)
Class androidx.room.jarjarred.org.antlr.v4.runtime.CharStreams                        : loaded 2 times (x 69B)
Class androidx.room.jarjarred.kotlinx.metadata.internal.metadata.ProtoBuf$Visibility$1: loaded 2 times (x 72B)
Class androidx.room.processor.CustomConverterProcessor                                : loaded 2 times (x 70B)
Class [Lcom.google.common.reflect.Types$JavaVersion;                                  : loaded 2 times (x 67B)
Class [Ldagger.hilt.android.processor.internal.androidentrypoint.ActivityGenerator$ActivityMethod;: loaded 2 times (x 67B)
Class org.jetbrains.kotlin.config.LanguageVersion                                     : loaded 2 times (x 89B)
Class androidx.room.solver.QueryResultBinderProvider                                  : loaded 2 times (x 68B)
Class androidx.room.jarjarred.org.antlr.v4.runtime.atn.SemanticContext$PrecedencePredicate: loaded 2 times (x 76B)
Class org.gradle.internal.classloader.ClassLoaderSpec                                 : loaded 2 times (x 69B)
Class androidx.room.jarjarred.kotlinx.metadata.internal.BooleanFlagDelegate           : loaded 2 times (x 70B)
Class androidx.room.compiler.processing.javac.kotlin.JvmDescriptorUtilsKt             : loaded 2 times (x 69B)
Class androidx.room.jarjarred.kotlinx.metadata.internal.ReadUtilsKt                   : loaded 2 times (x 69B)
Class androidx.room.compiler.processing.KnownTypeNames                                : loaded 2 times (x 69B)
Class androidx.room.processor.SuspendMethodProcessorDelegate                          : loaded 2 times (x 78B)
Class com.google.common.io.LineProcessor                                              : loaded 2 times (x 68B)
Class androidx.room.solver.query.result.LiveDataQueryResultBinder$WhenMappings        : loaded 2 times (x 69B)
Class org.objectweb.asm.MethodTooLargeException                                       : loaded 2 times (x 81B)
Class jdk.internal.jimage.decompressor.ZipDecompressorFactory                         : loaded 2 times (x 72B)
Class com.google.common.collect.StandardTable                                         : loaded 2 times (x 122B)
Class androidx.room.compiler.processing.javac.JavacAnnotationBoxKt$TO_TYPE$1          : loaded 2 times (x 103B)
Class androidx.room.ext.KotlinTypeNames                                               : loaded 2 times (x 69B)
Class androidx.room.jarjarred.kotlinx.metadata.internal.metadata.ProtoBuf$VersionRequirementTable$1: loaded 2 times (x 142B)
Class androidx.room.jarjarred.org.antlr.v4.runtime.tree.ParseTree                     : loaded 2 times (x 68B)
Class [Landroidx.room.jarjarred.org.antlr.v4.runtime.misc.Interval;                   : loaded 2 times (x 67B)
Class [Landroidx.room.jarjarred.org.antlr.v4.runtime.atn.ATNState;                    : loaded 2 times (x 67B)
Class androidx.room.jarjarred.org.antlr.v4.runtime.Recognizer$1                       : loaded 2 times (x 166B)
Class androidx.room.jarjarred.kotlinx.metadata.Attributes                             : loaded 2 times (x 69B)
Class androidx.room.jarjarred.kotlinx.metadata.KmProperty                             : loaded 2 times (x 79B)
Class androidx.room.solver.shortcut.result.DeleteOrUpdateMethodAdapter                : loaded 2 times (x 70B)
Class androidx.room.vo.UpdateMethod                                                   : loaded 2 times (x 70B)
Class androidx.room.parser.SQLiteParser$Create_trigger_stmtContext                    : loaded 2 times (x 192B)
Class androidx.room.jarjarred.org.antlr.v4.runtime.CodePointCharStream$1              : loaded 2 times (x 69B)
Class androidx.room.jarjarred.kotlinx.metadata.internal.FlagDelegatesImplKt$classBooleanFlag$1: loaded 2 times (x 135B)
Class com.google.common.io.CharSink                                                   : loaded 2 times (x 77B)
Class androidx.room.jarjarred.kotlinx.metadata.jvm.JvmTypeExtensionVisitor$Companion  : loaded 2 times (x 69B)
Class androidx.room.solver.shortcut.binderprovider.RxCallableInsertMethodBinderProvider$Companion: loaded 2 times (x 69B)
Class com.google.common.collect.Multisets$EntrySet                                    : loaded 2 times (x 134B)
Class com.google.common.collect.FluentIterable$3$1                                    : loaded 2 times (x 96B)
Class androidx.room.compiler.processing.javac.JavacMethodParameter$closestMemberContainer$2: loaded 2 times (x 77B)
Class org.objectweb.asm.Frame                                                         : loaded 2 times (x 71B)
Class androidx.room.jarjarred.kotlinx.metadata.internal.metadata.jvm.deserialization.JvmMetadataVersion: loaded 2 times (x 72B)
Class com.google.auto.common.MoreTypes$ExecutableTypeVisitor                          : loaded 2 times (x 100B)
Class androidx.room.solver.CodeGenScope                                               : loaded 2 times (x 70B)
Class androidx.room.jarjarred.org.antlr.v4.runtime.atn.ATN                            : loaded 2 times (x 78B)
Class androidx.room.jarjarred.kotlinx.metadata.jvm.JvmClassExtensionVisitor$Companion : loaded 2 times (x 69B)
Class androidx.room.writer.ValidationWriter$CodeBlockWrapper                          : loaded 2 times (x 85B)
Class com.google.common.collect.LinkedHashMultimap$ValueSet$1                         : loaded 2 times (x 80B)
Class androidx.room.compiler.processing.javac.kotlin.KmClassContainer$Companion       : loaded 2 times (x 69B)
Class androidx.room.compiler.processing.javac.JavacTypeElement$qualifiedName$2        : loaded 2 times (x 77B)
Class androidx.room.jarjarred.org.antlr.v4.runtime.atn.DecisionState                  : loaded 2 times (x 80B)
Class com.google.common.collect.ImmutableBiMapFauxverideShim                          : loaded 2 times (x 118B)
Class jdk.internal.jimage.ImageStrings                                                : loaded 2 times (x 68B)
Class androidx.room.vo.Field$nameWithVariations$2                                     : loaded 2 times (x 77B)
Class [Lcom.google.common.reflect.Types$ClassOwnership;                               : loaded 2 times (x 67B)
Class androidx.room.parser.expansion.ExpandableSqlParserKt                            : loaded 2 times (x 69B)
Class androidx.room.writer.DaoWriter$PreparedStatementProperty                        : loaded 2 times (x 73B)
Class org.sqlite.SQLiteConfig$JournalMode                                             : loaded 2 times (x 80B)
Class androidx.room.jarjarred.org.antlr.v4.runtime.CodePointCharStream$CodePoint32BitCharStream: loaded 2 times (x 86B)
Class androidx.room.solver.query.result.QueryMappedRowAdapter$Mapping                 : loaded 2 times (x 70B)
Class androidx.room.compiler.codegen.XPropertySpec                                    : loaded 2 times (x 68B)
Class androidx.room.solver.prepared.result.PreparedQueryResultAdapter$Companion       : loaded 2 times (x 69B)
Class androidx.room.vo.Constructor$Param$FieldParam                                   : loaded 2 times (x 71B)
Class [Lorg.sqlite.SQLiteConfig$LockingMode;                                          : loaded 2 times (x 67B)
Class com.google.common.collect.Count                                                 : loaded 2 times (x 69B)
Class org.objectweb.asm.Context                                                       : loaded 2 times (x 70B)
Class androidx.room.migration.bundle.PrimaryKeyBundle                                 : loaded 2 times (x 77B)
Class [Lcom.google.common.collect.MapMakerInternalMap$Strength;                       : loaded 2 times (x 67B)
Class androidx.room.compiler.codegen.XTypeName$Companion                              : loaded 2 times (x 69B)
Class androidx.room.jarjarred.kotlinx.metadata.internal.extensions.MetadataExtensions$Companion$INSTANCES$2: loaded 2 times (x 76B)
Class androidx.room.compiler.processing.XMemberContainer                              : loaded 2 times (x 68B)
Class androidx.room.writer.DaoWriter$InsertionMethodProperty                          : loaded 2 times (x 73B)
Class androidx.room.writer.TypeWriter$SharedPropertySpec                              : loaded 2 times (x 73B)
Class androidx.room.compiler.codegen.XTypeSpec$Builder$Companion                      : loaded 2 times (x 69B)
Class org.objectweb.asm.Opcodes                                                       : loaded 2 times (x 68B)
Class androidx.room.compiler.processing.XFilerKt                                      : loaded 2 times (x 69B)
Class androidx.room.jarjarred.kotlinx.metadata.internal.extensions.ExtensionUtilsKt   : loaded 2 times (x 69B)
Class com.google.common.util.concurrent.AbstractFuture$TrustedFuture                  : loaded 2 times (x 95B)
Class androidx.room.compiler.processing.XMethodTypeKt                                 : loaded 2 times (x 69B)
Class androidx.room.solver.types.PrimitiveColumnTypeAdapter$Companion                 : loaded 2 times (x 69B)
Class com.google.common.collect.ImmutableRangeSet$ComplementRanges                    : loaded 2 times (x 167B)
Class androidx.room.jarjarred.kotlinx.metadata.internal.extensions.KmClassExtension   : loaded 2 times (x 68B)
Class com.google.common.collect.MapMakerInternalMap$AbstractStrongKeyEntry            : loaded 2 times (x 80B)
Class androidx.room.jarjarred.kotlinx.metadata.internal.FlagDelegatesImplKt$propertyAccessorBooleanFlag$1: loaded 2 times (x 135B)
Class androidx.room.jarjarred.org.antlr.v4.runtime.NoViableAltException               : loaded 2 times (x 89B)
Class androidx.room.compiler.processing.javac.JavacExecutableType$parameterTypes$2    : loaded 2 times (x 77B)
Class com.google.common.cache.RemovalCause                                            : loaded 2 times (x 78B)
Class androidx.room.jarjarred.kotlinx.metadata.internal.metadata.jvm.deserialization.JvmMemberSignature$Field: loaded 2 times (x 73B)
Class androidx.room.compiler.processing.javac.JavacDeclaredType                       : loaded 2 times (x 185B)
Class androidx.room.jarjarred.org.antlr.v4.runtime.FailedPredicateException           : loaded 2 times (x 91B)
Class androidx.room.processor.EntityProcessorKt                                       : loaded 2 times (x 69B)
Class com.google.common.io.ByteStreams$LimitedInputStream                             : loaded 2 times (x 90B)
Class androidx.room.processor.PojoProcessor$DefaultDelegate$onPreProcess$1            : loaded 2 times (x 76B)
Class androidx.room.compiler.processing.javac.JavacFieldElement$setter$2              : loaded 2 times (x 77B)
Class com.google.common.base.CharMatcher$SingleWidth                                  : loaded 2 times (x 110B)
Class org.sqlite.SQLiteConfig                                                         : loaded 2 times (x 121B)
Class androidx.room.compiler.processing.javac.JavacVariableElement                    : loaded 2 times (x 198B)
Class androidx.room.solver.query.result.SingleColumnRowAdapter                        : loaded 2 times (x 73B)
Class androidx.room.jarjarred.kotlinx.metadata.internal.metadata.ProtoBuf$ClassOrBuilder: loaded 2 times (x 68B)
Class androidx.room.jarjarred.org.antlr.v4.runtime.InputMismatchException             : loaded 2 times (x 87B)
Class androidx.room.jarjarred.kotlinx.metadata.internal.metadata.ProtoBuf$Type$Argument$Projection$1: loaded 2 times (x 72B)
Class androidx.room.processor.Context$CommonTypes$STRING$2                            : loaded 2 times (x 77B)
Class androidx.room.jarjarred.org.antlr.v4.runtime.atn.RuleTransition                 : loaded 2 times (x 75B)
Class androidx.room.compiler.processing.javac.JavacMethodParameter                    : loaded 2 times (x 223B)
Class androidx.room.jarjarred.kotlinx.metadata.KmTypeProjection                       : loaded 2 times (x 70B)
Class androidx.room.solver.prepared.result.PreparedQueryResultAdapter                 : loaded 2 times (x 70B)
Class com.google.common.base.AbstractIterator$1                                       : loaded 2 times (x 69B)
Class androidx.room.compiler.processing.javac.kotlin.KmData                           : loaded 2 times (x 68B)
Class com.google.common.collect.MapMakerInternalMap$InternalEntry                     : loaded 2 times (x 68B)
Class androidx.room.vo.RelationCollector$LongSparseArrayKeyQueryParameterAdapter      : loaded 2 times (x 71B)
Class androidx.room.parser.SQLiteParser$Transaction_nameContext                       : loaded 2 times (x 150B)
Class com.google.common.collect.AbstractMultiset                                      : loaded 2 times (x 157B)
Class androidx.room.solver.binderprovider.MultiTypedPagingSourceQueryResultBinderProvider$pagingSourceType$2: loaded 2 times (x 77B)
Class androidx.room.jarjarred.org.antlr.v4.runtime.atn.BasicBlockStartState           : loaded 2 times (x 81B)
Class androidx.room.ext.GuavaTypeNames                                                : loaded 2 times (x 69B)
Class androidx.room.parser.SQLiteParser$Conflict_clauseContext                        : loaded 2 times (x 156B)
Class androidx.room.compiler.processing.javac.JavacPackageElement                     : loaded 2 times (x 191B)
Class androidx.room.jarjarred.kotlinx.metadata.jvm.JvmMemberSignatureKt               : loaded 2 times (x 69B)
Class androidx.room.parser.Section$Text                                               : loaded 2 times (x 71B)
Class com.google.common.io.Files$FileByteSink                                         : loaded 2 times (x 75B)
Class androidx.room.ext.Xpoet_extKt$WhenMappings                                      : loaded 2 times (x 69B)
Class androidx.room.writer.QueryWriter                                                : loaded 2 times (x 70B)
Class androidx.room.parser.SQLiteParser$Table_functionContext                         : loaded 2 times (x 150B)
Class androidx.room.jarjarred.kotlinx.metadata.internal.protobuf.RopeByteString$RopeInputStream: loaded 2 times (x 90B)
Class androidx.room.jarjarred.kotlinx.metadata.internal.metadata.jvm.JvmProtoBuf$StringTableTypes$RecordOrBuilder: loaded 2 times (x 68B)
Class androidx.room.parser.SQLiteParser                                               : loaded 2 times (x 151B)
Class androidx.room.jarjarred.kotlinx.metadata.Visibility                             : loaded 2 times (x 77B)
Class androidx.room.compiler.processing.javac.JavacType$WhenMappings                  : loaded 2 times (x 69B)
Class com.google.common.collect.Table                                                 : loaded 2 times (x 68B)
Class com.google.common.collect.Interners$InternerImpl                                : loaded 2 times (x 73B)
Class androidx.room.writer.TypeWriter$addSuppressWarnings$1                           : loaded 2 times (x 76B)
Class com.squareup.kotlinpoet.ParameterizedTypeName$Companion                         : loaded 2 times (x 69B)
Class androidx.room.jarjarred.kotlinx.metadata.jvm.internal.JvmPropertyExtension      : loaded 2 times (x 86B)
Class org.jetbrains.kotlin.config.ExplicitApiMode$Companion                           : loaded 2 times (x 69B)
Class androidx.room.jarjarred.org.antlr.v4.runtime.atn.RuleStartState                 : loaded 2 times (x 80B)
Class androidx.room.writer.TypeWriter$addSuppressWarnings$2                           : loaded 2 times (x 76B)
Class androidx.room.compiler.codegen.XMemberName                                      : loaded 2 times (x 70B)
Class androidx.room.compiler.processing.javac.JavacMethodType$NormalMethodType        : loaded 2 times (x 89B)
Class androidx.room.solver.prepared.binderprovider.InstantPreparedQueryResultBinderProvider: loaded 2 times (x 74B)
Class androidx.room.jarjarred.org.antlr.v4.runtime.CommonTokenFactory                 : loaded 2 times (x 77B)
Class com.google.common.reflect.Types                                                 : loaded 2 times (x 69B)
Class androidx.room.preconditions.Checks                                              : loaded 2 times (x 70B)
Class androidx.room.processor.DatabaseProcessor                                       : loaded 2 times (x 70B)
Class androidx.room.log.RLog$Companion                                                : loaded 2 times (x 69B)
Class com.google.common.collect.AbstractTable                                         : loaded 2 times (x 118B)
Class androidx.room.parser.SqlParser                                                  : loaded 2 times (x 69B)
Class androidx.room.compiler.processing.javac.JavacProcessingEnvMessager              : loaded 2 times (x 71B)
Class com.google.common.base.Stopwatch                                                : loaded 2 times (x 70B)
Class androidx.room.solver.shortcut.binderprovider.RxCallableInsertMethodBinderProvider: loaded 2 times (x 77B)
Class androidx.room.writer.DaoWriter$WhenMappings                                     : loaded 2 times (x 69B)
Class [Lcom.google.common.io.FileWriteMode;                                           : loaded 2 times (x 67B)
Class jdk.internal.jimage.ImageReader$SharedImageReader                               : loaded 2 times (x 93B)
Class androidx.room.parser.Section$BindVar                                            : loaded 2 times (x 71B)
Class androidx.room.jarjarred.org.antlr.v4.runtime.atn.StarLoopbackState              : loaded 2 times (x 80B)
Class org.gradle.internal.classloader.DefaultClassLoaderFactory                       : loaded 2 times (x 80B)
Class androidx.room.compiler.codegen.TargetLanguage                                   : loaded 2 times (x 68B)
Class androidx.room.compiler.processing.javac.JavacAnnotationBoxKt$ANNOTATION_VALUE_FLOAT_ARR_VISITOR$1: loaded 2 times (x 103B)
Class androidx.room.jarjarred.org.antlr.v4.runtime.CodePointCharStream                : loaded 2 times (x 86B)
Class com.google.common.cache.LocalCache$Values                                       : loaded 2 times (x 116B)
Class [Landroidx.room.parser.QueryType;                                               : loaded 2 times (x 67B)
Class org.jetbrains.kotlin.util.capitalizeDecapitalize.CapitalizeDecapitalizeKt       : loaded 2 times (x 69B)
Class org.sqlite.date.FastDatePrinter                                                 : loaded 2 times (x 97B)
Class androidx.room.writer.EntityInsertionAdapterWriter$Companion                     : loaded 2 times (x 69B)
Class androidx.room.jarjarred.kotlinx.metadata.internal.metadata.ProtoBuf$Effect$EffectType: loaded 2 times (x 80B)
Class androidx.room.parser.SQLiteParser$Type_nameContext                              : loaded 2 times (x 156B)
Class androidx.room.jarjarred.kotlinx.metadata.KmValueParameter                       : loaded 2 times (x 75B)
Class com.google.common.io.Closer                                                     : loaded 2 times (x 76B)
Class androidx.room.Insert                                                            : loaded 2 times (x 68B)
Class com.google.common.reflect.Types$TypeVariableInvocationHandler                   : loaded 2 times (x 73B)
Class androidx.room.writer.DaoWriter                                                  : loaded 2 times (x 71B)
Class com.google.common.collect.MapMakerInternalMap                                   : loaded 2 times (x 159B)
Class androidx.room.jarjarred.kotlinx.metadata.internal.protobuf.BoundedByteString    : loaded 2 times (x 110B)
Class androidx.room.parser.SQLiteParser$Update_stmt_limitedContext                    : loaded 2 times (x 172B)
Class androidx.room.compiler.processing.XSuspendMethodType                            : loaded 2 times (x 68B)
Class androidx.room.compiler.processing.javac.JavacExecutableElement$enclosingElement$2: loaded 2 times (x 77B)
Class androidx.room.jarjarred.org.antlr.v4.runtime.atn.Transition$1                   : loaded 2 times (x 132B)
Class com.google.common.collect.HashMultimapGwtSerializationDependencies              : loaded 2 times (x 172B)
Class androidx.room.processor.PojoProcessor                                           : loaded 2 times (x 70B)
Class androidx.room.solver.query.result.LiveDataQueryResultBinder                     : loaded 2 times (x 71B)
Class androidx.room.compiler.processing.javac.kotlin.KmClassContainer$primaryConstructorSignature$2: loaded 2 times (x 77B)
Class androidx.room.jarjarred.org.antlr.v4.runtime.atn.RuleStopState                  : loaded 2 times (x 80B)
Class androidx.room.vo.BuiltInConverterFlags                                          : loaded 2 times (x 70B)
Class androidx.room.jarjarred.kotlinx.metadata.internal.metadata.ProtoBuf$Property    : loaded 2 times (x 146B)
Class androidx.room.parser.SQLiteParser$Analyze_stmtContext                           : loaded 2 times (x 153B)
Class dagger.hilt.processor.internal.MethodSignature                                  : loaded 2 times (x 71B)
Class org.sqlite.SQLiteConnection                                                     : loaded 2 times (x 220B)
Class androidx.room.jarjarred.kotlinx.metadata.internal.protobuf.Parser               : loaded 2 times (x 68B)
Class com.google.common.reflect.Types$ClassOwnership                                  : loaded 2 times (x 78B)
Class [Lorg.sqlite.SQLiteConfig$JournalMode;                                          : loaded 2 times (x 67B)
Class com.google.common.reflect.TypeResolver$TypeTable$1                              : loaded 2 times (x 71B)
Class androidx.room.jarjarred.kotlinx.metadata.internal.metadata.deserialization.VersionRequirement$Version: loaded 2 times (x 69B)
Class androidx.room.Upsert                                                            : loaded 2 times (x 68B)
Class com.google.common.base.Strings                                                  : loaded 2 times (x 69B)
Class androidx.room.parser.SQLiteParser$Sql_stmtContext                               : loaded 2 times (x 179B)
Class androidx.room.jarjarred.org.antlr.v4.runtime.tree.TerminalNodeImpl              : loaded 2 times (x 121B)
Class androidx.room.compiler.processing.XAnnotationBox                                : loaded 2 times (x 68B)
Class androidx.room.compiler.codegen.java.JavaCodeBlock                               : loaded 2 times (x 76B)
Class androidx.room.solver.query.result.PojoIndexAdapter                              : loaded 2 times (x 74B)
Class androidx.room.jarjarred.org.antlr.v4.runtime.atn.PlusBlockStartState            : loaded 2 times (x 81B)
Class androidx.room.parser.SQLiteParser$Pragma_valueContext                           : loaded 2 times (x 153B)
Class androidx.room.compiler.codegen.XTypeSpec$Companion                              : loaded 2 times (x 69B)
Class androidx.room.jarjarred.kotlinx.metadata.internal.extensions.KmTypeExtension    : loaded 2 times (x 68B)
Class org.objectweb.asm.SymbolTable                                                   : loaded 2 times (x 70B)
Class androidx.room.solver.shortcut.result.InsertOrUpsertMethodAdapter$Companion$createInsert$1: loaded 2 times (x 123B)
Class org.sqlite.date.FastDateParser                                                  : loaded 2 times (x 89B)
Class androidx.room.compiler.processing.javac.JavacTypeElement$allFieldsIncludingPrivateSupers$1: loaded 2 times (x 77B)
Class kotlin.collections.builders.SetBuilder$Companion                                : loaded 2 times (x 69B)
Class androidx.room.compiler.processing.javac.JavacType$superTypes$2                  : loaded 2 times (x 77B)
Class org.apache.commons.codec.binary.Hex                                             : loaded 2 times (x 90B)
Class androidx.room.compiler.processing.javac.JavacElement                            : loaded 2 times (x 177B)
Class androidx.room.jarjarred.kotlinx.metadata.internal.metadata.ProtoBuf$MemberKind  : loaded 2 times (x 80B)
Class androidx.room.jarjarred.kotlinx.metadata.internal.FlagDelegatesImplKt$functionBooleanFlag$1: loaded 2 times (x 135B)
Class [Lorg.objectweb.asm.AnnotationVisitor;                                          : loaded 2 times (x 67B)
Class androidx.room.jarjarred.kotlinx.metadata.internal.protobuf.MessageLiteOrBuilder : loaded 2 times (x 68B)
Class com.google.common.util.concurrent.AbstractFuture$SynchronizedHelper             : loaded 2 times (x 76B)
Class androidx.room.BuiltInTypeConverters$State                                       : loaded 2 times (x 77B)
Class androidx.room.parser.SQLiteParser$Table_or_index_nameContext                    : loaded 2 times (x 150B)
Class androidx.room.solver.types.TypeConverter                                        : loaded 2 times (x 72B)
Class androidx.room.jarjarred.kotlinx.metadata.internal.protobuf.WireFormat$FieldType : loaded 2 times (x 81B)
Class jdk.internal.jrtfs.JrtPath                                                      : loaded 2 times (x 116B)
Class androidx.room.compiler.processing.XAnnotated                                    : loaded 2 times (x 68B)
Class androidx.room.compiler.codegen.XFunSpec$Builder                                 : loaded 2 times (x 68B)
Class androidx.room.jarjarred.kotlinx.metadata.internal.protobuf.LazyFieldLite        : loaded 2 times (x 80B)
Class androidx.room.jarjarred.org.antlr.v4.runtime.RecognitionException               : loaded 2 times (x 87B)
Class androidx.room.jarjarred.kotlinx.metadata.internal.metadata.ProtoBuf$VersionRequirement$Level: loaded 2 times (x 80B)
Class [Lorg.objectweb.asm.AnnotationWriter;                                           : loaded 2 times (x 67B)
Class org.gradle.internal.service.UnknownServiceException                             : loaded 2 times (x 81B)
Class org.sqlite.core.SafeStmtPtr$SafePtrFunction                                     : loaded 2 times (x 68B)
Class [Landroidx.room.solver.prepared.binderprovider.PreparedQueryResultBinderProvider;: loaded 2 times (x 67B)
Class org.objectweb.asm.Attribute                                                     : loaded 2 times (x 75B)
Class androidx.room.jarjarred.org.antlr.v4.runtime.atn.EmptyPredictionContext         : loaded 2 times (x 78B)
Class androidx.room.parser.ParsedQuery                                                : loaded 2 times (x 70B)
Class org.gradle.internal.service.CachingServiceLocator                               : loaded 2 times (x 80B)
Class org.gradle.internal.service.DefaultServiceLocator                               : loaded 2 times (x 81B)
Class androidx.room.processor.DatabaseProcessor$roomDatabaseType$2                    : loaded 2 times (x 77B)
Class [Landroidx.room.jarjarred.org.antlr.v4.runtime.dfa.DFAState$PredPrediction;     : loaded 2 times (x 67B)
Class androidx.room.compiler.codegen.XCodeBlock$Companion$WhenMappings                : loaded 2 times (x 69B)
Class androidx.room.jarjarred.kotlinx.metadata.jvm.internal.JvmExtensionNodesKt       : loaded 2 times (x 69B)
Class androidx.room.compiler.processing.XTypeElement$getAllNonPrivateInstanceMethods$1: loaded 2 times (x 76B)
Class androidx.room.jarjarred.kotlinx.metadata.Attributes$hasAnnotations$10           : loaded 2 times (x 135B)
Class androidx.room.compiler.processing.javac.JavacArrayType$equalityItems$2          : loaded 2 times (x 77B)
Class androidx.room.compiler.codegen.java.JavaFunSpec$Builder                         : loaded 2 times (x 84B)
Class androidx.room.compiler.processing.javac.JavacType                               : loaded 2 times (x 185B)
Class androidx.room.vo.RelationCollector                                              : loaded 2 times (x 70B)
Class androidx.room.parser.SingleQuerySqlParser$parse$1                               : loaded 2 times (x 80B)
Class androidx.room.jarjarred.kotlinx.metadata.internal.metadata.deserialization.TypeTable: loaded 2 times (x 70B)
Class org.gradle.internal.classloader.VisitableURLClassLoader                         : loaded 2 times (x 114B)
Class androidx.room.jarjarred.kotlinx.metadata.internal.metadata.ProtoBuf$ValueParameter$1: loaded 2 times (x 142B)
Class androidx.room.processor.Context$codeLanguage$2                                  : loaded 2 times (x 77B)
Class org.sqlite.SQLiteJDBCLoader                                                     : loaded 2 times (x 69B)
Class androidx.room.jarjarred.org.antlr.v4.runtime.CodePointCharStream$CodePoint8BitCharStream: loaded 2 times (x 86B)
Class androidx.room.jarjarred.org.antlr.v4.runtime.atn.ParserATNSimulator             : loaded 2 times (x 115B)
Class androidx.room.jarjarred.org.antlr.v4.runtime.atn.WildcardTransition             : loaded 2 times (x 74B)
Class androidx.room.parser.SQLiteParser$Raise_functionContext                         : loaded 2 times (x 158B)
Class androidx.room.jarjarred.kotlinx.metadata.internal.metadata.ProtoBuf$ConstructorOrBuilder: loaded 2 times (x 68B)
Class androidx.room.solver.prepared.binderprovider.RxPreparedQueryResultBinderProvider$hasRxJavaArtifact$2: loaded 2 times (x 77B)
Class androidx.room.compiler.processing.javac.JavacMethodType                         : loaded 2 times (x 89B)
Class [Landroidx.room.jarjarred.kotlinx.metadata.internal.metadata.ProtoBuf$Type$Argument$Projection;: loaded 2 times (x 67B)
Class com.google.auto.common.AnnotationMirrors$1                                      : loaded 2 times (x 82B)
Class androidx.room.processor.DaoProcessor$process$methods$1                          : loaded 2 times (x 76B)
Class androidx.room.jarjarred.kotlinx.metadata.Attributes$hasAnnotations$14           : loaded 2 times (x 135B)
Class androidx.room.jarjarred.kotlinx.metadata.jvm.JvmDeclarationContainerExtensionVisitor: loaded 2 times (x 79B)
Class [Landroidx.room.solver.shortcut.binderprovider.InsertOrUpsertMethodBinderProvider;: loaded 2 times (x 67B)
Class androidx.room.solver.RxType                                                     : loaded 2 times (x 78B)
Class androidx.room.jarjarred.org.antlr.v4.runtime.atn.SemanticContext                : loaded 2 times (x 71B)
Class org.apache.commons.codec.BinaryDecoder                                          : loaded 2 times (x 68B)
Class androidx.room.solver.prepared.binderprovider.RxPreparedQueryResultBinderProvider: loaded 2 times (x 77B)
Class androidx.room.compiler.processing.javac.kotlin.JvmAbi                           : loaded 2 times (x 69B)
Class org.jetbrains.kotlin.cli.common.CompilerSystemProperties                        : loaded 2 times (x 78B)
Class androidx.room.compiler.processing.javac.kotlin.KmClassContainer$constructorList$2: loaded 2 times (x 77B)
Class androidx.room.solver.query.result.PojoRowAdapter                                : loaded 2 times (x 74B)
Class androidx.room.solver.query.parameter.BasicQueryParameterAdapter                 : loaded 2 times (x 72B)
Class androidx.room.compiler.processing.XFiler$Mode                                   : loaded 2 times (x 77B)
Class com.google.common.collect.HashBiMap$BiEntry                                     : loaded 2 times (x 81B)
Class com.google.common.io.ByteStreams$1                                              : loaded 2 times (x 83B)
Class androidx.room.solver.shortcut.binderprovider.DeleteOrUpdateMethodBinderProvider : loaded 2 times (x 68B)
Class androidx.room.vo.Dao                                                            : loaded 2 times (x 70B)
Class com.google.auto.common.MoreTypes$1                                              : loaded 2 times (x 69B)
Class androidx.room.jarjarred.org.antlr.v4.runtime.atn.LexerChannelAction             : loaded 2 times (x 74B)
Class [Landroidx.room.parser.Collate;                                                 : loaded 2 times (x 67B)
Class androidx.room.jarjarred.kotlinx.metadata.internal.protobuf.CodedOutputStream    : loaded 2 times (x 70B)
Class androidx.room.solver.shortcut.binderprovider.RxCompletableInsertMethodBinderProvider$completableType$2: loaded 2 times (x 77B)
Class androidx.room.processor.PojoProcessor$doProcess$allFields$1                     : loaded 2 times (x 76B)
Class androidx.room.jarjarred.kotlinx.metadata.internal.EnumFlagDelegate              : loaded 2 times (x 70B)
Class androidx.room.jarjarred.kotlinx.metadata.Attributes$hasAnnotations$18           : loaded 2 times (x 135B)
Class androidx.room.parser.SQLiteParser$Literal_valueContext                          : loaded 2 times (x 157B)
Class androidx.room.jarjarred.kotlinx.metadata.internal.metadata.deserialization.VersionRequirement$Companion$WhenMappings: loaded 2 times (x 69B)
Class androidx.room.jarjarred.kotlinx.metadata.jvm.internal.JvmExceptionUtilsKt       : loaded 2 times (x 69B)
Class androidx.room.parser.SQLiteParser$Qualified_table_nameContext                   : loaded 2 times (x 158B)
Class org.sqlite.SQLiteConfig$DatePrecision                                           : loaded 2 times (x 80B)
Class androidx.room.jarjarred.kotlinx.metadata.internal.metadata.ProtoBuf$TypeTableOrBuilder: loaded 2 times (x 68B)
Class com.google.common.util.concurrent.AbstractFuture$AtomicHelper                   : loaded 2 times (x 76B)
Class org.sqlite.ProgressHandler                                                      : loaded 2 times (x 70B)
Class androidx.room.verifier.Jdbc_extKt$columnInfo$1                                  : loaded 2 times (x 77B)
Class androidx.room.parser.SQLiteParser$Limit_clauseContext                           : loaded 2 times (x 154B)
Class androidx.room.parser.SQLiteParser$Column_nameContext                            : loaded 2 times (x 150B)
Class org.gradle.internal.Cast                                                        : loaded 2 times (x 69B)
Class androidx.room.processor.QueryRewriter                                           : loaded 2 times (x 68B)
Class androidx.room.ext.RoomTypeNames                                                 : loaded 2 times (x 69B)
Class androidx.room.jarjarred.kotlinx.metadata.KmClassifier$Class                     : loaded 2 times (x 70B)
Class androidx.room.compiler.processing.javac.JavacTypeElement$_declaredMethods$2     : loaded 2 times (x 77B)
Class androidx.room.compiler.processing.XTypeElement                                  : loaded 2 times (x 68B)
Class androidx.room.solver.binderprovider.CoroutineFlowResultBinderProviderKt         : loaded 2 times (x 69B)
Class androidx.room.solver.prepared.binderprovider.GuavaListenableFuturePreparedQueryResultBinderProvider$hasGuavaRoom$2: loaded 2 times (x 77B)
Class androidx.room.vo.Database$implTypeName$2                                        : loaded 2 times (x 77B)
Class androidx.room.parser.SQLiteParser$Join_constraintContext                        : loaded 2 times (x 158B)
Class com.google.common.hash.PrimitiveSink                                            : loaded 2 times (x 68B)
Class androidx.room.compiler.processing.javac.kotlin.KmPropertyContainer              : loaded 2 times (x 77B)
Class androidx.room.solver.binderprovider.CoroutineFlowResultBinderProviderImpl$Companion: loaded 2 times (x 69B)
Class org.jetbrains.kotlin.load.java.JvmAbi                                           : loaded 2 times (x 69B)
Class androidx.room.jarjarred.org.antlr.v4.runtime.misc.AbstractEqualityComparator    : loaded 2 times (x 75B)
Class androidx.room.vo.SchemaIdentityKey                                              : loaded 2 times (x 70B)
Class androidx.room.processor.ProcessorErrors$INVALID_ANNOTATION_COUNT_IN_DAO_METHOD$1: loaded 2 times (x 76B)
Class androidx.room.jarjarred.kotlinx.metadata.internal.FlagDelegatesImplKt           : loaded 2 times (x 69B)
Class androidx.room.jarjarred.kotlinx.metadata.KmFunctionVisitor                      : loaded 2 times (x 79B)
Class androidx.room.jarjarred.kotlinx.metadata.internal.metadata.ProtoBuf$Class$1     : loaded 2 times (x 142B)
Class kotlin.jvm.internal.TypeIntrinsics                                              : loaded 2 times (x 69B)
Class androidx.room.jarjarred.kotlinx.metadata.internal.metadata.ProtoBuf$VersionRequirement$VersionKind$1: loaded 2 times (x 72B)
Class org.objectweb.asm.Label                                                         : loaded 2 times (x 71B)
Class dagger.hilt.processor.internal.AutoValue_ProcessorErrorHandler_HiltError        : loaded 2 times (x 72B)
Class androidx.room.jarjarred.org.antlr.v4.runtime.ANTLRErrorStrategy                 : loaded 2 times (x 68B)
Class [Lcom.google.common.collect.HashBiMap$BiEntry;                                  : loaded 2 times (x 67B)
Class androidx.room.solver.binderprovider.CoroutineFlowResultBinderProviderImpl       : loaded 2 times (x 74B)
Class Build_gradle                                                                    : loaded 2 times (x 128B)
Class androidx.room.solver.shortcut.binderprovider.RxCompletableInsertMethodBinderProvider: loaded 2 times (x 77B)
Class androidx.room.solver.shortcut.binder.CallableDeleteOrUpdateMethodBinder         : loaded 2 times (x 71B)
Class androidx.room.solver.prepared.binderprovider.RxCompletablePreparedQueryResultBinderProvider$completableType$2: loaded 2 times (x 77B)
Class androidx.room.vo.Constructor$Param                                              : loaded 2 times (x 70B)
Class org.sqlite.BusyHandler                                                          : loaded 2 times (x 70B)
Class androidx.room.compiler.processing.javac.kotlin.JvmDescriptorTypeVisitor$WhenMappings: loaded 2 times (x 69B)
Class [Landroidx.room.compiler.codegen.XTypeName;                                     : loaded 2 times (x 67B)
Class com.google.common.collect.RangeGwtSerializationDependencies                     : loaded 2 times (x 69B)
Class androidx.room.parser.SQLiteParser$Comma_separated_exprContext                   : loaded 2 times (x 153B)
Class org.gradle.api.internal.ClassPathRegistry                                       : loaded 2 times (x 68B)
Class org.jetbrains.kotlin.name.ClassId                                               : loaded 2 times (x 70B)
Class [Landroidx.room.jarjarred.kotlinx.metadata.internal.metadata.ProtoBuf$Modality; : loaded 2 times (x 67B)
Class androidx.room.jarjarred.org.antlr.v4.runtime.misc.Array2DHashSet                : loaded 2 times (x 138B)
Class androidx.room.vo.Field$Companion                                                : loaded 2 times (x 69B)
Class [Landroidx.room.jarjarred.kotlinx.metadata.ClassKind;                           : loaded 2 times (x 67B)
Class com.google.common.collect.RegularImmutableBiMap$Inverse                         : loaded 2 times (x 141B)
Class [Landroidx.room.jarjarred.kotlinx.metadata.KmVariance;                          : loaded 2 times (x 67B)
Class androidx.room.processor.PojoProcessor$process$1                                 : loaded 2 times (x 77B)
Class androidx.room.jarjarred.kotlinx.metadata.internal.metadata.ProtoBuf$VersionRequirement: loaded 2 times (x 114B)
Class androidx.room.parser.SQLiteParser$Table_nameContext                             : loaded 2 times (x 150B)
Class androidx.room.solver.query.result.IndexAdapter                                  : loaded 2 times (x 68B)
Class androidx.room.migration.bundle.DatabaseBundle                                   : loaded 2 times (x 81B)
Class androidx.room.jarjarred.org.antlr.v4.runtime.atn.LoopEndState                   : loaded 2 times (x 80B)
Class androidx.room.vo.Field$pathWithDotNotation$2                                    : loaded 2 times (x 77B)
Class androidx.room.jarjarred.kotlinx.metadata.NodesKt                                : loaded 2 times (x 69B)
Class [Lorg.sqlite.SQLiteConfig$DatePrecision;                                        : loaded 2 times (x 67B)
Class org.gradle.internal.classloader.ClassLoaderVisitor                              : loaded 2 times (x 74B)
Class androidx.room.processor.MethodProcessorDelegate$Companion                       : loaded 2 times (x 69B)
Class androidx.room.solver.shortcut.binderprovider.InstantInsertMethodBinderProvider  : loaded 2 times (x 74B)
Class androidx.room.solver.types.PrimitiveBooleanToIntConverter$create$1              : loaded 2 times (x 73B)
Class androidx.room.compiler.processing.javac.JavacDeclaredType$equalityItems$2       : loaded 2 times (x 77B)
Class org.sqlite.SQLiteConfig$Pragma                                                  : loaded 2 times (x 77B)
Class androidx.room.jarjarred.kotlinx.metadata.KmClass                                : loaded 2 times (x 96B)
Class org.objectweb.asm.AnnotationWriter                                              : loaded 2 times (x 77B)
Class androidx.room.compiler.processing.XEquality                                     : loaded 2 times (x 68B)
Class androidx.room.parser.BindParameterNode                                          : loaded 2 times (x 107B)
Class androidx.room.solver.types.PrimitiveBooleanToIntConverter$create$2              : loaded 2 times (x 73B)
Class androidx.room.compiler.processing.DeclarationCollectorKt$collectFieldsIncludingPrivateSupers$1: loaded 2 times (x 93B)
Class jdk.internal.jrtfs.JrtDirectoryStream$1                                         : loaded 2 times (x 81B)
Class androidx.room.jarjarred.kotlinx.metadata.internal.metadata.jvm.deserialization.JvmMemberSignature: loaded 2 times (x 72B)
Class androidx.room.log.RLog$CollectingMessager$writeTo$1                             : loaded 2 times (x 76B)
Class org.gradle.internal.classloader.VisitableURLClassLoader$InstrumentingVisitableURLClassLoader: loaded 2 times (x 120B)
Class androidx.room.jarjarred.kotlinx.metadata.internal.protobuf.SmallSortedMap$1     : loaded 2 times (x 128B)
Class androidx.room.ext.Xpoet_extKt$CallableTypeSpecBuilder$1$2                       : loaded 2 times (x 76B)
Class androidx.room.jarjarred.org.antlr.v4.runtime.Vocabulary                         : loaded 2 times (x 68B)
Class androidx.room.processor.ShortcutMethodProcessor                                 : loaded 2 times (x 70B)
Class [Landroidx.room.jarjarred.org.antlr.v4.runtime.CodePointBuffer$Type;            : loaded 2 times (x 67B)
Class org.sqlite.date.FastDatePrinter$NumberRule                                      : loaded 2 times (x 68B)
Class androidx.room.compiler.processing.javac.kotlin.KmFunctionContainer              : loaded 2 times (x 68B)
Class androidx.room.jarjarred.kotlinx.metadata.Attributes$visibility$10               : loaded 2 times (x 135B)
Class [Landroidx.room.jarjarred.kotlinx.metadata.MemberKind;                          : loaded 2 times (x 67B)
Class androidx.room.jarjarred.kotlinx.metadata.internal.metadata.ProtoBuf$TypeParameter: loaded 2 times (x 128B)
Class androidx.room.solver.binderprovider.DataSourceFactoryQueryResultBinderProvider  : loaded 2 times (x 74B)
Class androidx.room.processor.Context$CommonTypes$LIST$2                              : loaded 2 times (x 77B)
Class org.gradle.internal.classloader.ClassLoaderHierarchy                            : loaded 2 times (x 68B)
Class androidx.room.jarjarred.org.antlr.v4.runtime.atn.ATNConfigSet$ConfigHashSet     : loaded 2 times (x 138B)
Class com.google.common.collect.AbstractMapBasedMultimap$AsMap$AsMapIterator          : loaded 2 times (x 81B)
Class androidx.room.jarjarred.kotlinx.metadata.KmVersionRequirementVersionKind        : loaded 2 times (x 77B)
Class androidx.room.solver.binderprovider.RxQueryResultBinderProvider                 : loaded 2 times (x 77B)
Class androidx.room.compiler.processing.javac.JavacElement$equalityItems$2            : loaded 2 times (x 77B)
Class androidx.room.jarjarred.kotlinx.metadata.jvm.KotlinClassMetadata$Class          : loaded 2 times (x 70B)
Class org.sqlite.jdbc4.JDBC4Statement                                                 : loaded 2 times (x 202B)
Class androidx.room.processor.PojoMethodProcessor                                     : loaded 2 times (x 70B)
Class androidx.room.ext.RoomPagingRx3TypeNames                                        : loaded 2 times (x 69B)
Class androidx.room.solver.binderprovider.MultiTypedPagingSourceQueryResultBinderProvider: loaded 2 times (x 74B)
Class androidx.room.ext.Xtype_extKt                                                   : loaded 2 times (x 69B)
Class androidx.room.compiler.codegen.XPropertySpec$Companion                          : loaded 2 times (x 69B)
Class androidx.room.jarjarred.kotlinx.metadata.internal.metadata.ProtoBuf$Property$1  : loaded 2 times (x 142B)
Class androidx.room.TypeConverters                                                    : loaded 2 times (x 68B)
Class androidx.room.ext.Xpoet_extKt$CallableTypeSpecBuilder$1$3                       : loaded 2 times (x 76B)
Class org.sqlite.Function                                                             : loaded 2 times (x 71B)
Class com.google.common.collect.HashMultimap                                          : loaded 2 times (x 172B)
Class androidx.room.processor.Context$CommonTypes                                     : loaded 2 times (x 70B)
Class androidx.room.solver.shortcut.binder.CallableInsertMethodBinder                 : loaded 2 times (x 71B)
Class androidx.room.jarjarred.kotlinx.metadata.Attributes$visibility$14               : loaded 2 times (x 135B)
Class org.sqlite.core.CoreResultSet                                                   : loaded 2 times (x 80B)
Class androidx.room.jarjarred.kotlinx.metadata.internal.metadata.ProtoBuf$VersionRequirement$VersionKind: loaded 2 times (x 80B)
Class org.sqlite.date.FastDateParser$4                                                : loaded 2 times (x 77B)
Class androidx.room.compiler.processing.javac.JavacConstructorElement$parameters$2    : loaded 2 times (x 77B)
Class androidx.room.migration.bundle.DatabaseBundle$entitiesByTableName$2             : loaded 2 times (x 77B)
Class androidx.room.compiler.processing.javac.JavacFieldElement$kotlinMetadata$2      : loaded 2 times (x 77B)
Class androidx.room.solver.binderprovider.RxQueryResultBinderProvider$rawRxType$2     : loaded 2 times (x 77B)
Class androidx.room.ext.RoomGuavaTypeNames                                            : loaded 2 times (x 69B)
Class org.sqlite.date.FastDateParser$3                                                : loaded 2 times (x 77B)
Class org.apache.commons.codec.EncoderException                                       : loaded 2 times (x 80B)
Class androidx.room.solver.shortcut.binderprovider.RxSingleMaybeUpsertMethodBinderProvider: loaded 2 times (x 77B)
Class androidx.room.jarjarred.kotlinx.metadata.internal.metadata.ProtoBuf$Contract$1  : loaded 2 times (x 142B)
Class androidx.room.jarjarred.kotlinx.metadata.jvm.internal.JvmFunctionExtension      : loaded 2 times (x 83B)
Class androidx.room.parser.QueryType$Companion                                        : loaded 2 times (x 69B)
Class androidx.room.jarjarred.kotlinx.metadata.Attributes$visibility$18               : loaded 2 times (x 135B)
Class androidx.room.jarjarred.org.antlr.v4.runtime.misc.DoubleKeyMap                  : loaded 2 times (x 76B)
Class androidx.room.parser.Table                                                      : loaded 2 times (x 70B)
Class androidx.room.compiler.codegen.XFunSpec$Companion$WhenMappings                  : loaded 2 times (x 69B)
Class androidx.room.ext.Xelement_extKt                                                : loaded 2 times (x 69B)
Class org.sqlite.jdbc4.JDBC4Connection                                                : loaded 2 times (x 221B)
Class androidx.room.jarjarred.kotlinx.metadata.Attributes$hasAnnotations$22           : loaded 2 times (x 135B)
Class androidx.room.compiler.processing.XExecutableElement                            : loaded 2 times (x 68B)
Class androidx.room.Relation                                                          : loaded 2 times (x 68B)
Class androidx.room.jarjarred.kotlinx.metadata.KmClassifier$TypeParameter             : loaded 2 times (x 69B)
Class androidx.room.compiler.processing.javac.JavacAnnotationBoxKt$ANNOTATION_VALUE_BYTE_ARR_VISITOR$1: loaded 2 times (x 103B)
Class [Landroidx.room.solver.types.SingleStatementTypeConverter;                      : loaded 2 times (x 67B)
Class androidx.room.jarjarred.org.antlr.v4.runtime.DefaultErrorStrategy               : loaded 2 times (x 103B)
Class androidx.room.jarjarred.org.antlr.v4.runtime.WritableToken                      : loaded 2 times (x 68B)
Class androidx.room.verifier.QueryResultInfo                                          : loaded 2 times (x 70B)
Class androidx.room.writer.DaoWriter$createDeletionMethods$1                          : loaded 2 times (x 77B)
Class [Landroidx.room.Index;                                                          : loaded 2 times (x 67B)
Class androidx.room.solver.query.result.QueryResultAdapter                            : loaded 2 times (x 71B)
Class androidx.room.writer.EntityUpdateAdapterWriter$createAnonymous$1$1$pkFieldsCols$1: loaded 2 times (x 76B)
Class androidx.room.jarjarred.kotlinx.metadata.internal.metadata.deserialization.Flags$BooleanFlagField: loaded 2 times (x 74B)
Class androidx.room.parser.SQLiteParser$Join_operatorContext                          : loaded 2 times (x 156B)
Class androidx.room.parser.SingleQuerySqlParser                                       : loaded 2 times (x 69B)
Class androidx.room.jarjarred.kotlinx.metadata.Attributes$hasAnnotations$26           : loaded 2 times (x 135B)
Class com.google.auto.common.Overrides$NativeOverrides                                : loaded 2 times (x 72B)
Class androidx.room.compiler.processing.javac.JavacFieldElement$syntheticMethodForAnnotations$2: loaded 2 times (x 77B)
Class androidx.room.parser.QueryVisitor$Companion                                     : loaded 2 times (x 69B)
Class androidx.room.jarjarred.org.antlr.v4.runtime.atn.RangeTransition                : loaded 2 times (x 74B)
Class androidx.room.jarjarred.kotlinx.metadata.jvm.JvmTypeParameterExtensionVisitor$Companion: loaded 2 times (x 69B)
Class androidx.room.jarjarred.kotlinx.metadata.internal.metadata.jvm.JvmProtoBuf$JvmFieldSignature: loaded 2 times (x 106B)
Class org.gradle.api.UncheckedIOException                                             : loaded 2 times (x 80B)
Class com.google.common.collect.AbstractRangeSet                                      : loaded 2 times (x 112B)
Class org.objectweb.asm.Handle                                                        : loaded 2 times (x 70B)
Class androidx.room.solver.TypeConverterStore$Companion                               : loaded 2 times (x 69B)
Class androidx.room.compiler.processing.javac.JavacVariableElement$type$2             : loaded 2 times (x 77B)
Class org.sqlite.util.OSInfo                                                          : loaded 2 times (x 69B)
Class androidx.room.log.RLog$DiagnosticMessage                                        : loaded 2 times (x 70B)
Class org.sqlite.date.FastDateParser$2                                                : loaded 2 times (x 77B)
Class org.gradle.internal.classpath.DefaultClassPath$ImmutableUniqueList$Builder      : loaded 2 times (x 73B)
Class com.google.common.collect.Maps$3                                                : loaded 2 times (x 80B)
Class org.sqlite.core.DB$ProgressObserver                                             : loaded 2 times (x 68B)
Class androidx.room.solver.shortcut.binderprovider.GuavaListenableFutureInsertMethodBinderProvider$hasGuavaRoom$2: loaded 2 times (x 77B)
Class com.google.common.collect.Lists$ReverseList                                     : loaded 2 times (x 160B)
Class androidx.room.jarjarred.kotlinx.metadata.internal.metadata.ProtoBuf$Constructor : loaded 2 times (x 122B)
Class androidx.room.jarjarred.kotlinx.metadata.internal.metadata.jvm.JvmProtoBuf$JvmMethodSignature$1: loaded 2 times (x 142B)
Class androidx.room.solver.binderprovider.CursorQueryResultBinderProvider             : loaded 2 times (x 74B)
Class androidx.room.jarjarred.org.antlr.v4.runtime.atn.PredictionMode$AltAndContextConfigEqualityComparator: loaded 2 times (x 75B)
Class androidx.room.jarjarred.org.antlr.v4.runtime.atn.LexerATNConfig                 : loaded 2 times (x 73B)
Class androidx.room.jarjarred.kotlinx.metadata.jvm.JvmExtensionsKt                    : loaded 2 times (x 69B)
Class androidx.room.jarjarred.org.antlr.v4.runtime.misc.MurmurHash                    : loaded 2 times (x 69B)
Class jdk.internal.jimage.ImageReader                                                 : loaded 2 times (x 73B)
Class com.google.common.io.Closer$Suppressor                                          : loaded 2 times (x 68B)
Class jdk.internal.jrtfs.SystemImage                                                  : loaded 2 times (x 72B)
Class androidx.room.migration.bundle.EntityBundle                                     : loaded 2 times (x 87B)
Class org.sqlite.date.FastDateParser$1                                                : loaded 2 times (x 77B)
Class androidx.room.SkipQueryVerification                                             : loaded 2 times (x 68B)
Class androidx.room.jarjarred.kotlinx.metadata.internal.extensions.KmPropertyExtension: loaded 2 times (x 68B)
Class com.google.common.collect.Maps$FilteredKeyMap                                   : loaded 2 times (x 126B)
Class androidx.room.writer.FieldReadWriteWriter$Companion                             : loaded 2 times (x 69B)
Class [Landroidx.room.solver.shortcut.result.InsertOrUpsertMethodAdapter$ReturnInfo;  : loaded 2 times (x 67B)
Class androidx.room.solver.ObservableQueryResultBinderProvider$OriginalTypeArg        : loaded 2 times (x 70B)
Class androidx.room.compiler.processing.javac.JavacAnnotationBoxKt$ANNOTATION_VALUE_TO_LONG_VISITOR$1: loaded 2 times (x 103B)
Class androidx.room.jarjarred.org.antlr.v4.runtime.tree.RuleNode                      : loaded 2 times (x 68B)
Class androidx.room.jarjarred.org.antlr.v4.runtime.TokenFactory                       : loaded 2 times (x 68B)
Class androidx.room.parser.SQLiteParser$Column_constraintContext                      : loaded 2 times (x 170B)
Class androidx.room.processor.UpdateMethodProcessor                                   : loaded 2 times (x 70B)
Class androidx.room.compiler.codegen.java.JavaFunSpec                                 : loaded 2 times (x 77B)
Class androidx.room.jarjarred.kotlinx.metadata.internal.metadata.deserialization.Flags$EnumLiteFlagField: loaded 2 times (x 74B)
Class androidx.room.processor.cache.Cache$FullKey                                     : loaded 2 times (x 70B)
Class com.google.auto.common.MoreTypes                                                : loaded 2 times (x 69B)
Class androidx.room.parser.SQLiteVisitor                                              : loaded 2 times (x 68B)
Class androidx.room.writer.DaoWriter$Companion                                        : loaded 2 times (x 69B)
Class com.google.common.collect.AbstractMapBasedMultimap$AsMap                        : loaded 2 times (x 126B)
Class androidx.room.compiler.processing.XMethodElement                                : loaded 2 times (x 68B)
Class androidx.room.jarjarred.kotlinx.metadata.internal.protobuf.MessageLite$Builder  : loaded 2 times (x 68B)
Class jdk.internal.jimage.decompressor.CompressedResourceHeader                       : loaded 2 times (x 69B)
Class [Landroidx.room.jarjarred.org.antlr.v4.runtime.atn.RuleStartState;              : loaded 2 times (x 67B)
Class androidx.room.compiler.processing.javac.kotlin.KmPropertyFunctionContainerImpl  : loaded 2 times (x 107B)
Class androidx.room.compiler.processing.javac.kotlin.KotlinClassMetadataUtilsKt       : loaded 2 times (x 69B)
Class androidx.room.compiler.processing.DeclarationCollectorKt$collectAllMethods$1    : loaded 2 times (x 93B)
Class [Lorg.objectweb.asm.Type;                                                       : loaded 2 times (x 67B)
Class androidx.room.parser.ParsedQuery$Companion                                      : loaded 2 times (x 69B)
Class androidx.room.vo.PojoMethod                                                     : loaded 2 times (x 70B)
Class org.sqlite.jdbc3.JDBC3ResultSet                                                 : loaded 2 times (x 162B)
Class androidx.room.compiler.processing.javac.JavacArrayType$componentType$2          : loaded 2 times (x 77B)
Class androidx.room.jarjarred.kotlinx.metadata.jvm.JvmPropertyExtensionVisitor        : loaded 2 times (x 80B)
Class com.google.auto.common.Overrides                                                : loaded 2 times (x 70B)
Class androidx.room.solver.binderprovider.PagingSourceQueryResultBinderProviderKt     : loaded 2 times (x 69B)
Class com.google.common.reflect.Invokable$MethodInvokable                             : loaded 2 times (x 103B)
Class androidx.room.processor.PojoProcessor$FailedConstructor                         : loaded 2 times (x 70B)
Class androidx.room.jarjarred.kotlinx.metadata.internal.metadata.deserialization.VersionRequirement$Companion: loaded 2 times (x 69B)
Class jdk.internal.jimage.ImageReader$Resource                                        : loaded 2 times (x 82B)
Class androidx.room.vo.SchemaIdentityKey$Companion                                    : loaded 2 times (x 69B)
Class org.sqlite.SQLiteConfig$DateClass                                               : loaded 2 times (x 80B)
Class org.gradle.internal.classpath.DefaultClassPath                                  : loaded 2 times (x 88B)
Class androidx.room.jarjarred.kotlinx.metadata.jvm.JvmFunctionExtensionVisitor        : loaded 2 times (x 78B)
Class com.google.common.collect.MapMakerInternalMap$WeakValueReference                : loaded 2 times (x 68B)
Class com.google.common.reflect.TypeResolver$TypeTable                                : loaded 2 times (x 71B)
Class [Landroidx.room.jarjarred.kotlinx.metadata.internal.metadata.ProtoBuf$Effect$EffectType;: loaded 2 times (x 67B)
Class org.sqlite.SQLiteConfig$LockingMode                                             : loaded 2 times (x 80B)
Class androidx.room.jarjarred.org.antlr.v4.runtime.misc.FlexibleHashMap$Entry         : loaded 2 times (x 70B)
Class androidx.room.compiler.processing.javac.kotlin.KmClassContainer$superTypes$2    : loaded 2 times (x 77B)
Class com.google.common.collect.Lists$ReverseList$1                                   : loaded 2 times (x 97B)
Class com.google.common.base.AbstractIterator$State                                   : loaded 2 times (x 77B)
Class androidx.room.compiler.codegen.XCodeBlock$Companion                             : loaded 2 times (x 69B)
Class androidx.room.parser.SQLiteParser$Savepoint_nameContext                         : loaded 2 times (x 150B)
Class androidx.room.jarjarred.kotlinx.metadata.internal.metadata.deserialization.ProtoBufUtilKt: loaded 2 times (x 69B)
Class androidx.room.jarjarred.kotlinx.metadata.internal.metadata.ProtoBuf$PackageOrBuilder: loaded 2 times (x 68B)
Class [Lorg.sqlite.SQLiteOpenMode;                                                    : loaded 2 times (x 67B)
Class androidx.room.jarjarred.kotlinx.metadata.internal.metadata.deserialization.ProtoTypeTableUtilKt: loaded 2 times (x 69B)
Class androidx.room.compiler.processing.javac.JavacMethodElement$kotlinMetadata$2     : loaded 2 times (x 77B)
Class androidx.room.compiler.processing.javac.JavacTypeElement$enclosingElement$2     : loaded 2 times (x 77B)
Class androidx.room.jarjarred.org.antlr.v4.runtime.atn.ATNConfig                      : loaded 2 times (x 72B)
Class org.sqlite.date.FastDatePrinter$CharacterLiteral                                : loaded 2 times (x 75B)
Class androidx.room.compiler.processing.javac.JavacAnnotationBoxKt$ANNOTATION_VALUE_STRING_ARR_VISITOR$1: loaded 2 times (x 103B)
Class org.sqlite.date.FastDateParser$CopyQuotedStrategy                               : loaded 2 times (x 75B)
Class com.google.common.collect.ImmutableList$SerializedForm                          : loaded 2 times (x 71B)
Class androidx.room.compiler.processing.XFilerKt$WhenMappings                         : loaded 2 times (x 69B)
Class androidx.room.compiler.processing.XVariableElement                              : loaded 2 times (x 68B)
Class androidx.room.jarjarred.kotlinx.metadata.Attributes$visibility$22               : loaded 2 times (x 135B)
Class org.jetbrains.kotlin.config.LanguageVersionSettings                             : loaded 2 times (x 68B)
Class androidx.room.jarjarred.org.antlr.v4.runtime.atn.SemanticContext$Predicate      : loaded 2 times (x 71B)
Class androidx.room.migration.bundle.SchemaEquality                                   : loaded 2 times (x 68B)
Class org.gradle.internal.classloader.FilteringClassLoader                            : loaded 2 times (x 102B)
Class androidx.room.parser.QueryVisitor$createParsedQuery$$inlined$sortedBy$1         : loaded 2 times (x 87B)
Class androidx.room.parser.SQLTypeAffinity$Companion                                  : loaded 2 times (x 69B)
Class androidx.room.solver.shortcut.result.InsertOrUpsertMethodAdapter$Companion$MULTIPLE_ITEM_SET$2: loaded 2 times (x 76B)
Class com.google.common.collect.MapMakerInternalMap$StrongValueEntry                  : loaded 2 times (x 68B)
Class com.google.common.cache.LocalCache$StrongValueReference                         : loaded 2 times (x 88B)
Class androidx.room.jarjarred.kotlinx.metadata.internal.protobuf.LazyField            : loaded 2 times (x 81B)
Class [Landroidx.room.jarjarred.kotlinx.metadata.internal.metadata.ProtoBuf$Effect$InvocationKind;: loaded 2 times (x 67B)
Class [Landroidx.room.jarjarred.org.antlr.v4.runtime.atn.SemanticContext;             : loaded 2 times (x 67B)
Class androidx.room.jarjarred.kotlinx.metadata.internal.metadata.ProtoBuf$TypeParameter$Variance: loaded 2 times (x 80B)
Class androidx.room.compiler.processing.javac.kotlin.KmClassContainer$typeParameters$2: loaded 2 times (x 77B)
Class [Landroidx.room.solver.RxVersion;                                               : loaded 2 times (x 67B)
Class androidx.room.jarjarred.kotlinx.metadata.internal.metadata.ProtoBuf$Effect$InvocationKind$1: loaded 2 times (x 72B)
Class androidx.room.jarjarred.org.antlr.v4.runtime.TokenSource                        : loaded 2 times (x 68B)
Class androidx.room.processor.ProcessorErrors                                         : loaded 2 times (x 69B)
Class androidx.room.parser.SQLiteParser$Delete_stmtContext                            : loaded 2 times (x 155B)
Class com.google.common.reflect.TypeResolver$TypeVariableKey                          : loaded 2 times (x 70B)
Class androidx.room.compiler.processing.javac.JavacFieldElement$enclosingElement$2    : loaded 2 times (x 77B)
Class androidx.room.jarjarred.kotlinx.metadata.internal.metadata.ProtoBuf$TypeTable   : loaded 2 times (x 107B)
Class androidx.room.vo.PrimaryKey                                                     : loaded 2 times (x 76B)
Class androidx.room.solver.shortcut.binderprovider.RxCallableDeleteOrUpdateMethodBinderProvider$Companion: loaded 2 times (x 69B)
Class androidx.room.jarjarred.org.antlr.v4.runtime.atn.StarBlockStartState            : loaded 2 times (x 81B)
Class com.google.auto.common.MoreTypes$ArrayTypeVisitor                               : loaded 2 times (x 100B)
Class androidx.room.compiler.processing.javac.JavacTypeElement$superClass$2           : loaded 2 times (x 77B)
Class androidx.room.compiler.processing.javac.JavacMethodElement$parameters$2$1$1     : loaded 2 times (x 77B)
Class androidx.room.parser.SQLiteParser$Drop_trigger_stmtContext                      : loaded 2 times (x 156B)
Class org.gradle.internal.InternalTransformer                                         : loaded 2 times (x 68B)
Class androidx.room.jarjarred.kotlinx.metadata.internal.metadata.jvm.deserialization.ClassMapperLite: loaded 2 times (x 69B)
Class androidx.room.jarjarred.kotlinx.metadata.KmTypeProjection$Companion             : loaded 2 times (x 69B)
Class androidx.room.parser.SQLiteParser$Column_aliasContext                           : loaded 2 times (x 151B)
Class com.google.common.collect.AbstractMapBasedMultimap$AsMap$AsMapEntries           : loaded 2 times (x 136B)
Class [Landroidx.room.compiler.codegen.XClassName;                                    : loaded 2 times (x 67B)
Class androidx.room.vo.Field$setterNameWithVariations$2                               : loaded 2 times (x 77B)
Class androidx.room.vo.Dao$deleteOrUpdateShortcutMethods$2                            : loaded 2 times (x 77B)
Class androidx.room.parser.SQLiteParser$Create_index_stmtContext                      : loaded 2 times (x 168B)
Class androidx.room.processor.CustomConverterProcessor$ProcessResult                  : loaded 2 times (x 70B)
Class androidx.room.vo.Dao$implTypeName$2                                             : loaded 2 times (x 77B)
Class androidx.room.solver.shortcut.binder.CallableInsertMethodBinder$convertAndReturn$callableImpl$1: loaded 2 times (x 77B)
Class com.google.common.cache.LocalCache$SoftValueReference                           : loaded 2 times (x 95B)
Class androidx.room.solver.binderprovider.DataSourceFactoryQueryResultBinderProvider$dataSourceFactoryType$2: loaded 2 times (x 77B)
Class androidx.room.jarjarred.kotlinx.metadata.jvm.JvmFieldSignature                  : loaded 2 times (x 72B)
Class androidx.room.solver.binderprovider.GuavaListenableFutureQueryResultBinderProviderKt: loaded 2 times (x 69B)
Class androidx.room.compiler.processing.javac.JavacTypeElement$type$2                 : loaded 2 times (x 77B)
Class org.sqlite.date.FastDateParser$CaseInsensitiveTextStrategy                      : loaded 2 times (x 75B)
Class [Landroidx.room.jarjarred.kotlinx.metadata.internal.metadata.ProtoBuf$MemberKind;: loaded 2 times (x 67B)
Class org.gradle.internal.service.ServiceLocator                                      : loaded 2 times (x 68B)
Class androidx.room.solver.shortcut.binder.CallableInsertMethodBinder$Companion       : loaded 2 times (x 69B)
Class androidx.room.writer.ValidationWriter$CountingCodeGenScope                      : loaded 2 times (x 70B)
Class org.sqlite.core.Codes                                                           : loaded 2 times (x 68B)
Class [Landroidx.room.jarjarred.kotlinx.metadata.internal.metadata.ProtoBuf$Visibility;: loaded 2 times (x 67B)
Class androidx.room.processor.EntityProcessor                                         : loaded 2 times (x 68B)
Class androidx.room.solver.types.PrimitiveColumnTypeAdapter$Companion$Primitive       : loaded 2 times (x 77B)
Class Settings_gradle$1                                                               : loaded 2 times (x 72B)
Class androidx.room.solver.types.CompositeAdapter                                     : loaded 2 times (x 83B)
Class com.google.common.collect.MapMakerInternalMap$1                                 : loaded 2 times (x 81B)
Class org.sqlite.jdbc4.JDBC4DatabaseMetaData                                          : loaded 2 times (x 439B)
Class androidx.room.jarjarred.kotlinx.metadata.jvm.JvmConstructorExtensionVisitor     : loaded 2 times (x 76B)
Class androidx.room.jarjarred.kotlinx.metadata.internal.protobuf.ByteString$ByteIterator: loaded 2 times (x 68B)
Class androidx.room.parser.SQLiteParser$Release_stmtContext                           : loaded 2 times (x 152B)
Class org.sqlite.JDBC                                                                 : loaded 2 times (x 85B)
Class androidx.room.compiler.processing.javac.JavacProcessingEnvMessager$Companion    : loaded 2 times (x 69B)
Class androidx.room.log.RLog                                                          : loaded 2 times (x 70B)
Class androidx.room.parser.SQLiteParser$ParseContext                                  : loaded 2 times (x 154B)
Class androidx.room.jarjarred.org.antlr.v4.runtime.atn.ATNConfigSet$AbstractConfigHashSet: loaded 2 times (x 138B)
Class androidx.room.jarjarred.org.antlr.v4.runtime.atn.SetTransition                  : loaded 2 times (x 74B)
Class androidx.room.jarjarred.org.antlr.v4.runtime.misc.IntegerList                   : loaded 2 times (x 70B)
Class org.apache.commons.codec.Encoder                                                : loaded 2 times (x 68B)
Class androidx.room.jarjarred.kotlinx.metadata.Attributes$hasAnnotations$2            : loaded 2 times (x 135B)
Class androidx.room.solver.shortcut.binderprovider.RxCallableDeleteOrUpdateMethodBinderProvider: loaded 2 times (x 77B)
Class androidx.room.jarjarred.kotlinx.metadata.internal.protobuf.GeneratedMessageLite : loaded 2 times (x 99B)
Class com.google.common.collect.ImmutableRangeSet$1                                   : loaded 2 times (x 169B)
Class com.google.common.util.concurrent.SettableFuture                                : loaded 2 times (x 95B)
Class androidx.room.parser.SQLiteParser$Update_stmtContext                            : loaded 2 times (x 170B)
Class androidx.room.compiler.codegen.XPropertySpec$Builder                            : loaded 2 times (x 68B)
Class androidx.room.solver.TypeConverterStoreImpl                                     : loaded 2 times (x 78B)
Class com.google.common.collect.HashMultiset                                          : loaded 2 times (x 161B)
Class com.google.common.collect.AbstractMapBasedMultimap$2                            : loaded 2 times (x 83B)
Class androidx.room.jarjarred.org.antlr.v4.runtime.atn.AbstractPredicateTransition    : loaded 2 times (x 74B)
Class [Lorg.jetbrains.kotlin.config.JvmDefaultMode;                                   : loaded 2 times (x 67B)
Class androidx.room.writer.DaoWriter$PreparedStmtQuery                                : loaded 2 times (x 70B)
Class androidx.room.processor.OnConflictProcessor                                     : loaded 2 times (x 69B)
Class androidx.room.compiler.processing.javac.kotlin.KmClassContainer$functionList$2  : loaded 2 times (x 77B)
Class androidx.room.jarjarred.kotlinx.metadata.internal.metadata.jvm.deserialization.JvmProtoBufUtil: loaded 2 times (x 69B)
Class androidx.room.compiler.processing.javac.JavacTypeElement$DefaultJavacTypeElement: loaded 2 times (x 290B)
Class androidx.room.solver.types.CustomTypeConverterWrapperKt                         : loaded 2 times (x 69B)
Class androidx.room.jarjarred.kotlinx.metadata.internal.metadata.ProtoBuf$Package     : loaded 2 times (x 127B)
Class androidx.room.processor.InternalQueryProcessor$getQueryMethod$resultBinder$1    : loaded 2 times (x 77B)
Class androidx.room.solver.types.ByteArrayColumnTypeAdapter$Companion                 : loaded 2 times (x 69B)
Class com.google.common.io.Files$2                                                    : loaded 2 times (x 74B)
Class androidx.room.jarjarred.kotlinx.metadata.internal.metadata.jvm.JvmProtoBuf$JvmMethodSignature: loaded 2 times (x 106B)
Class androidx.room.solver.shortcut.result.InsertOrUpsertMethodAdapter$MethodInfo     : loaded 2 times (x 71B)
Class dagger.hilt.processor.internal.AutoValue_MethodSignature                        : loaded 2 times (x 72B)
Class androidx.room.solver.TypeAdapterStore                                           : loaded 2 times (x 70B)
Class jdk.internal.jimage.ImageReader$Node                                            : loaded 2 times (x 82B)
Class androidx.room.writer.EntityUpdateAdapterWriter$createAnonymous$1$1$pojoCols$1   : loaded 2 times (x 76B)
Class org.sqlite.jdbc3.JDBC3Statement                                                 : loaded 2 times (x 126B)
Class androidx.room.parser.SQLiteParser$Drop_view_stmtContext                         : loaded 2 times (x 156B)
Class dagger.spi.internal.shaded.auto.common.Overrides$ExplicitOverrides$TypeSubstVisitor: loaded 2 times (x 104B)
Class androidx.room.compiler.processing.javac.DefaultJavacType$equalityItems$2        : loaded 2 times (x 77B)
Class org.jetbrains.kotlin.config.JvmDefaultMode                                      : loaded 2 times (x 77B)
Class androidx.room.compiler.processing.XExecutableParameterElement                   : loaded 2 times (x 68B)
Class androidx.room.compiler.processing.javac.JavacProcessingEnv$WhenMappings         : loaded 2 times (x 69B)
Class androidx.room.Entity                                                            : loaded 2 times (x 68B)
Class androidx.room.RoomMasterTable                                                   : loaded 2 times (x 69B)
Class androidx.room.solver.shortcut.binderprovider.RxCallableUpsertMethodBinderProvider$Companion: loaded 2 times (x 69B)
Class com.google.common.reflect.Types$ParameterizedTypeImpl                           : loaded 2 times (x 79B)
Class androidx.room.jarjarred.org.antlr.v4.runtime.misc.ObjectEqualityComparator      : loaded 2 times (x 75B)
Class androidx.room.parser.SQLiteParser$Foreign_key_clauseContext                     : loaded 2 times (x 186B)
Class com.google.common.collect.ImmutableMapEntry$NonTerminalImmutableBiMapEntry      : loaded 2 times (x 83B)
Class androidx.room.compiler.processing.javac.JavacExecutableType                     : loaded 2 times (x 79B)
Class androidx.room.compiler.processing.XElement                                      : loaded 2 times (x 68B)
Class com.google.common.io.ByteStreams                                                : loaded 2 times (x 69B)
Class org.sqlite.SQLiteOpenMode                                                       : loaded 2 times (x 77B)
Class androidx.room.vo.WriteQueryMethod                                               : loaded 2 times (x 70B)
Class com.google.common.collect.ImmutableSortedSetFauxverideShim                      : loaded 2 times (x 145B)
Class androidx.room.vo.Dao$typeName$2                                                 : loaded 2 times (x 77B)
Class androidx.room.parser.SQLiteParser$Index_nameContext                             : loaded 2 times (x 150B)
Class androidx.room.parser.SQLiteParser$With_clauseContext                            : loaded 2 times (x 155B)
Class androidx.room.log.RLog$Companion$MissingTypeErrorFilter$1                       : loaded 2 times (x 76B)
Class androidx.room.compiler.processing.javac.JavacTypeElement$packageElement$2       : loaded 2 times (x 77B)
Class androidx.room.jarjarred.org.antlr.v4.runtime.atn.BlockEndState                  : loaded 2 times (x 80B)
Class androidx.room.jarjarred.kotlinx.metadata.Attributes$kind$11                     : loaded 2 times (x 135B)
Class androidx.room.jarjarred.kotlinx.metadata.internal.FlagImpl                      : loaded 2 times (x 70B)
Class androidx.room.jarjarred.kotlinx.metadata.KmClassifier                           : loaded 2 times (x 69B)
Class androidx.room.compiler.processing.javac.JavacType$rawType$2                     : loaded 2 times (x 77B)
Class androidx.room.compiler.processing.XHasModifiers                                 : loaded 2 times (x 68B)
Class com.google.common.collect.AbstractMapBasedMultimap$Itr                          : loaded 2 times (x 81B)
Class androidx.room.jarjarred.kotlinx.metadata.Attributes$hasAnnotations$6            : loaded 2 times (x 135B)
Class org.jetbrains.kotlin.config.LanguageFeature                                     : loaded 2 times (x 78B)
Class androidx.room.parser.ParsedQuery$queryWithReplacedBindParams$2                  : loaded 2 times (x 77B)
Class androidx.room.solver.TypeAdapterStore$Companion                                 : loaded 2 times (x 69B)
Class com.google.auto.common.MoreTypes$CastingTypeVisitor                             : loaded 2 times (x 100B)
Class [Landroidx.room.compiler.processing.XFiler$Mode;                                : loaded 2 times (x 67B)
Class org.jetbrains.kotlin.config.JVMAssertionsMode$Companion                         : loaded 2 times (x 69B)
Class androidx.room.parser.SQLiteParser$Pragma_stmtContext                            : loaded 2 times (x 157B)
Class androidx.room.compiler.codegen.java.JavaFunSpecKt$WhenMappings                  : loaded 2 times (x 69B)
Class androidx.room.solver.types.PrimitiveColumnTypeAdapter                           : loaded 2 times (x 83B)
Class com.google.common.util.concurrent.AbstractFuture$SetFuture                      : loaded 2 times (x 73B)
Class androidx.room.parser.SQLiteParser$Savepoint_stmtContext                         : loaded 2 times (x 151B)
Class androidx.room.parser.SQLiteParser$Sql_stmt_listContext                          : loaded 2 times (x 153B)
Class org.jetbrains.kotlin.name.Name                                                  : loaded 2 times (x 73B)
Class com.google.common.base.CharMatcher$Invisible                                    : loaded 2 times (x 110B)
Class androidx.room.writer.SQLiteOpenHelperWriter                                     : loaded 2 times (x 70B)
Class androidx.room.parser.SQLiteParser$Foreign_tableContext                          : loaded 2 times (x 150B)
Class androidx.room.processor.cache.Cache$EntityKey                                   : loaded 2 times (x 70B)
Class androidx.room.jarjarred.kotlinx.metadata.internal.protobuf.RopeByteString       : loaded 2 times (x 108B)
Class org.jetbrains.kotlin.cli.common.messages.CompilerMessageSeverity                : loaded 2 times (x 77B)
Class androidx.room.solver.binderprovider.DataSourceQueryResultBinderProvider$positionalDataSourceType$2: loaded 2 times (x 77B)
Class androidx.room.jarjarred.kotlinx.metadata.jvm.JvmConstructorExtensionVisitor$Companion: loaded 2 times (x 69B)
Class androidx.room.jarjarred.kotlinx.metadata.internal.metadata.ProtoBuf$MemberKind$1: loaded 2 times (x 72B)
Class com.google.common.io.Files$FileByteSource                                       : loaded 2 times (x 83B)
Class androidx.room.jarjarred.kotlinx.metadata.internal.protobuf.LiteralByteString    : loaded 2 times (x 110B)
Class org.sqlite.jdbc4.JDBC4PreparedStatement                                         : loaded 2 times (x 388B)
Class androidx.room.jarjarred.org.antlr.v4.runtime.atn.ATNState                       : loaded 2 times (x 80B)
Class com.google.common.reflect.Reflection                                            : loaded 2 times (x 69B)
Class org.sqlite.date.FastDatePrinter$Rule                                            : loaded 2 times (x 68B)
Class androidx.room.compiler.processing.XTypeVariableType                             : loaded 2 times (x 68B)
Class [Landroidx.room.jarjarred.kotlinx.metadata.internal.metadata.ProtoBuf$TypeParameter$Variance;: loaded 2 times (x 67B)
Class androidx.room.solver.query.parameter.QueryParameterAdapter                      : loaded 2 times (x 71B)
Class com.google.common.collect.MapMaker                                              : loaded 2 times (x 70B)
Class com.google.common.collect.HashBasedTable                                        : loaded 2 times (x 122B)
Class org.sqlite.core.SafeStmtPtr$SafePtrIntFunction                                  : loaded 2 times (x 68B)
Class androidx.room.compiler.processing.javac.JavacTypeElement                        : loaded 2 times (x 290B)
Class com.google.common.collect.HashBiMap                                             : loaded 2 times (x 141B)
Class androidx.room.compiler.processing.javac.JavacTypeElement$typeParameters$2       : loaded 2 times (x 77B)
Class androidx.room.solver.types.TypeConverter$Cost$Companion                         : loaded 2 times (x 69B)
Class androidx.room.jarjarred.kotlinx.metadata.internal.metadata.ProtoBuf$Effect$InvocationKind: loaded 2 times (x 80B)
Class org.jetbrains.kotlin.name.FqNameUnsafe                                          : loaded 2 times (x 70B)
Class androidx.room.jarjarred.kotlinx.metadata.internal.metadata.jvm.JvmProtoBuf      : loaded 2 times (x 69B)
Class androidx.room.compiler.codegen.java.JavaPropertySpec                            : loaded 2 times (x 77B)
Class androidx.room.jarjarred.kotlinx.metadata.KmConstructorExtensionVisitor          : loaded 2 times (x 68B)
Class kotlin.text.StringsKt__IndentKt$getIndentFunction$1                             : loaded 2 times (x 76B)
Class com.google.common.util.concurrent.AbstractFuture$Failure                        : loaded 2 times (x 70B)
Class jdk.internal.jrtfs.SystemImage$2                                                : loaded 2 times (x 74B)
Class androidx.room.jarjarred.org.antlr.v4.runtime.dfa.DFAState                       : loaded 2 times (x 71B)
Class org.objectweb.asm.Type                                                          : loaded 2 times (x 70B)
Class jdk.internal.jrtfs.SystemImage$1                                                : loaded 2 times (x 76B)
Class androidx.room.processor.PojoProcessor$chooseConstructor$goodConstructors$1$params$1$matches$1: loaded 2 times (x 77B)
Class androidx.room.solver.types.ByteArrayColumnTypeAdapter                           : loaded 2 times (x 83B)
Class com.google.common.cache.LocalCache$AbstractReferenceEntry                       : loaded 2 times (x 105B)
Class androidx.room.compiler.processing.javac.TypeMirrorExtKt$extendsBound$1          : loaded 2 times (x 99B)
Class androidx.room.jarjarred.kotlinx.metadata.internal.metadata.jvm.deserialization.UtfEncodingKt: loaded 2 times (x 69B)
Class androidx.room.solver.types.StringColumnTypeAdapter                              : loaded 2 times (x 83B)
Class com.google.common.reflect.Types$JavaVersion$1                                   : loaded 2 times (x 81B)
Class androidx.room.ext.ReactiveStreamsTypeNames                                      : loaded 2 times (x 69B)
Class org.gradle.internal.installation.GradleInstallation$1                           : loaded 2 times (x 73B)
Class androidx.room.jarjarred.kotlinx.metadata.internal.metadata.ProtoBuf$Expression$ConstantValue: loaded 2 times (x 80B)
Class androidx.room.compiler.processing.javac.kotlin.KmConstructorContainer$parameters$2: loaded 2 times (x 77B)
Class com.google.common.reflect.Types$JavaVersion$2                                   : loaded 2 times (x 81B)
Class androidx.room.parser.SQLiteParser$Compound_operatorContext                      : loaded 2 times (x 153B)
Class org.gradle.api.internal.DefaultClassPathProvider                                : loaded 2 times (x 74B)
Class com.google.common.collect.MapMakerInternalMap$Strength                          : loaded 2 times (x 78B)
Class androidx.room.compiler.codegen.XFunSpec$Builder$Companion                       : loaded 2 times (x 69B)
Class androidx.room.compiler.processing.javac.JavacAnnotationBoxKt$ANNOTATION_VALUE_INT_ARR_VISITOR$1: loaded 2 times (x 103B)
Class [Lcom.squareup.kotlinpoet.Annotatable;                                          : loaded 2 times (x 67B)
Class androidx.room.jarjarred.kotlinx.metadata.internal.metadata.ProtoBuf$TypeParameter$1: loaded 2 times (x 142B)
Class [Lorg.objectweb.asm.Label;                                                      : loaded 2 times (x 67B)
Class com.google.common.reflect.Types$JavaVersion$3                                   : loaded 2 times (x 81B)
Class org.gradle.internal.classpath.DefaultClassPath$ImmutableUniqueList              : loaded 2 times (x 159B)
Class androidx.room.vo.HasFields                                                      : loaded 2 times (x 68B)
Class com.google.auto.common.SuperficialValidation$3                                  : loaded 2 times (x 117B)
Class androidx.room.vo.BuiltInConverterFlags$Companion                                : loaded 2 times (x 69B)
Class androidx.room.compiler.processing.javac.JavacMethodParameter$name$2             : loaded 2 times (x 77B)
Class com.google.common.reflect.Types$JavaVersion$4                                   : loaded 2 times (x 81B)
Class androidx.room.jarjarred.kotlinx.metadata.InconsistentKotlinMetadataException    : loaded 2 times (x 80B)
Class androidx.room.jarjarred.kotlinx.metadata.internal.metadata.ProtoBuf$Modality    : loaded 2 times (x 80B)
Class com.google.auto.common.SuperficialValidation$2                                  : loaded 2 times (x 106B)
Class [Landroidx.room.jarjarred.kotlinx.metadata.KmVersionRequirementLevel;           : loaded 2 times (x 67B)
Class androidx.room.jarjarred.kotlinx.metadata.KmTypeParameter                        : loaded 2 times (x 74B)
Class androidx.room.jarjarred.kotlinx.metadata.KmVariance                             : loaded 2 times (x 77B)
Class jdk.internal.jimage.ImageBufferCache                                            : loaded 2 times (x 69B)
Class com.google.common.reflect.Types$JavaVersion$5                                   : loaded 2 times (x 69B)
Class androidx.room.ext.LifecyclesTypeNames                                           : loaded 2 times (x 69B)
Class androidx.room.parser.SQLiteParser$Upsert_clauseContext                          : loaded 2 times (x 170B)
Class com.google.auto.common.SuperficialValidation$1                                  : loaded 2 times (x 95B)
Class androidx.room.compiler.processing.javac.JavacMethodElement$kotlinDefaultImplClass$2: loaded 2 times (x 77B)
Class androidx.room.compiler.processing.javac.JavacMethodType$typeVariableNames$2     : loaded 2 times (x 77B)
Class androidx.room.jarjarred.kotlinx.metadata.internal.metadata.jvm.deserialization.BitEncoding: loaded 2 times (x 69B)
Class androidx.room.jarjarred.org.antlr.v4.runtime.Token                              : loaded 2 times (x 68B)
Class androidx.room.vo.ColumnIndexVar                                                 : loaded 2 times (x 70B)
Class com.google.common.base.CharMatcher$JavaLetter                                   : loaded 2 times (x 109B)
Class jdk.internal.jimage.decompressor.StringSharingDecompressorFactory               : loaded 2 times (x 72B)
Class com.google.auto.common.MoreTypes$IsTypeOf                                       : loaded 2 times (x 99B)
Class androidx.room.parser.SQLiteParser$Ordering_termContext                          : loaded 2 times (x 154B)
Class org.apache.commons.codec.binary.StringUtils                                     : loaded 2 times (x 69B)
Class org.objectweb.asm.SymbolTable$Entry                                             : loaded 2 times (x 72B)
Class com.google.auto.common.MoreTypes$TypeEquivalence                                : loaded 2 times (x 80B)
Class androidx.room.compiler.processing.XMethodElementKt                              : loaded 2 times (x 69B)
Class androidx.room.compiler.processing.javac.JavacMethodParameter$kotlinMetadata$2   : loaded 2 times (x 77B)
Class com.google.common.base.CharMatcher$Ascii                                        : loaded 2 times (x 110B)
Class androidx.room.vo.Database$legacyIdentityHash$2$invoke$$inlined$sortedBy$1       : loaded 2 times (x 87B)
Class androidx.room.Dao                                                               : loaded 2 times (x 68B)
Class androidx.room.migration.bundle.DatabaseBundle$FtsEntityCreateComparator         : loaded 2 times (x 87B)
Class androidx.room.processor.MethodProcessorDelegateKt                               : loaded 2 times (x 69B)
Class androidx.room.jarjarred.kotlinx.metadata.internal.metadata.ProtoBuf$Type$1      : loaded 2 times (x 142B)
Class androidx.room.solver.shortcut.binderprovider.GuavaListenableFutureUpsertMethodBinderProvider: loaded 2 times (x 74B)
Class org.sqlite.Collation                                                            : loaded 2 times (x 71B)
Class com.google.common.collect.CollectCollectors                                     : loaded 2 times (x 69B)
Class androidx.room.jarjarred.kotlinx.metadata.internal.metadata.jvm.JvmProtoBuf$StringTableTypes$Record$1: loaded 2 times (x 142B)
Class androidx.room.compiler.processing.DeclarationCollectorKt                        : loaded 2 times (x 69B)
Class androidx.room.compiler.processing.javac.JavacTypeElement$packageName$2          : loaded 2 times (x 77B)
Class androidx.room.parser.SQLiteParser$Unary_operatorContext                         : loaded 2 times (x 153B)
Class org.apache.commons.codec.digest.DigestUtils                                     : loaded 2 times (x 83B)
Class androidx.room.compiler.codegen.XClassName                                       : loaded 2 times (x 73B)
Class org.gradle.internal.classpath.TransformedClassPath                              : loaded 2 times (x 94B)
Class androidx.room.jarjarred.org.antlr.v4.runtime.misc.EqualityComparator            : loaded 2 times (x 68B)
Class androidx.room.solver.shortcut.binderprovider.RxCallableUpsertMethodBinderProvider: loaded 2 times (x 77B)
Class androidx.room.jarjarred.kotlinx.metadata.KmVersion                              : loaded 2 times (x 69B)
Class androidx.room.parser.SQLiteParser$Any_nameContext                               : loaded 2 times (x 155B)
Class androidx.room.jarjarred.org.antlr.v4.runtime.atn.LexerActionType                : loaded 2 times (x 77B)
Class com.google.auto.common.AnnotationMirrors                                        : loaded 2 times (x 69B)
Class androidx.room.Delete                                                            : loaded 2 times (x 68B)
Class androidx.room.compiler.processing.javac.JavacPackageElement$qualifiedName$2     : loaded 2 times (x 77B)
Class androidx.room.solver.shortcut.result.InsertOrUpsertMethodAdapter                : loaded 2 times (x 70B)
Class androidx.room.compiler.processing.javac.JavacMethodElement$returnType$2         : loaded 2 times (x 77B)
Class com.google.auto.common.GeneratedAnnotations                                     : loaded 2 times (x 69B)
Class androidx.room.solver.types.BoxedBooleanToBoxedIntConverter                      : loaded 2 times (x 69B)
Class androidx.room.solver.shortcut.binderprovider.GuavaListenableFutureInsertMethodBinderProvider: loaded 2 times (x 74B)
Class androidx.room.vo.Database$legacyIdentityHash$2$invoke$$inlined$sortedBy$2       : loaded 2 times (x 87B)
Class jdk.internal.jimage.ImageBufferCache$2                                          : loaded 2 times (x 89B)
Class androidx.room.parser.SQLiteParser$New_table_nameContext                         : loaded 2 times (x 150B)
Class androidx.room.compiler.processing.javac.JavacMethodType$typeVariables$2         : loaded 2 times (x 77B)
Class [Landroidx.room.jarjarred.kotlinx.metadata.internal.metadata.ProtoBuf$Class$Kind;: loaded 2 times (x 67B)
Class androidx.room.compiler.processing.javac.JavacMethodElement$name$2               : loaded 2 times (x 77B)
Class com.google.common.io.ByteSource$EmptyByteSource                                 : loaded 2 times (x 83B)
Class com.google.common.reflect.TypeToken$SimpleTypeToken                             : loaded 2 times (x 71B)
Class com.google.auto.common.Visibility                                               : loaded 2 times (x 77B)
Class jdk.internal.jimage.ImageBufferCache$1                                          : loaded 2 times (x 78B)
Class org.sqlite.date.FastDateParser$ISO8601TimeZoneStrategy                          : loaded 2 times (x 75B)
Class androidx.room.jarjarred.kotlinx.metadata.internal.metadata.jvm.JvmProtoBuf$JvmFieldSignature$1: loaded 2 times (x 142B)
Class androidx.room.jarjarred.org.antlr.v4.runtime.misc.IntegerStack                  : loaded 2 times (x 70B)
Class androidx.room.jarjarred.org.antlr.v4.runtime.atn.LexerActionExecutor            : loaded 2 times (x 73B)
Class androidx.room.compiler.processing.javac.kotlin.KmClassContainer$type$2          : loaded 2 times (x 77B)
Class androidx.room.compiler.processing.javac.JavacConstructorElement$executableType$2: loaded 2 times (x 77B)
Class com.google.common.util.concurrent.AbstractFuture$Trusted                        : loaded 2 times (x 68B)
Class androidx.room.ext.AndroidTypeNames                                              : loaded 2 times (x 69B)
Class androidx.room.jarjarred.kotlinx.metadata.internal.metadata.jvm.JvmProtoBuf$StringTableTypes$1: loaded 2 times (x 142B)
Class androidx.room.processor.InternalQueryProcessor$Companion                        : loaded 2 times (x 69B)
Class androidx.room.parser.SQLiteParser$Pragma_nameContext                            : loaded 2 times (x 150B)
Class androidx.room.jarjarred.org.antlr.v4.runtime.atn.SingletonPredictionContext     : loaded 2 times (x 78B)
Class org.objectweb.asm.FieldWriter                                                   : loaded 2 times (x 76B)
Class androidx.room.compiler.processing.XConstructorElement                           : loaded 2 times (x 68B)
Class com.google.common.collect.MapMakerInternalMap$InternalEntryHelper               : loaded 2 times (x 68B)
Class androidx.room.parser.SQLiteParser$Create_virtual_table_stmtContext              : loaded 2 times (x 166B)
Class androidx.room.compiler.codegen.java.JavaTypeSpec                                : loaded 2 times (x 77B)
Class androidx.room.compiler.codegen.XFunSpec$Companion                               : loaded 2 times (x 69B)
Class androidx.room.processor.ProcessorErrors$CANNOT_USE_MORE_THAN_ONE_POJO_FIELD_ANNOTATION$1: loaded 2 times (x 76B)
Class androidx.room.solver.shortcut.result.InsertOrUpsertMethodAdapter$WhenMappings   : loaded 2 times (x 69B)
Class androidx.room.solver.prepared.binder.CallablePreparedQueryResultBinder$Companion: loaded 2 times (x 69B)
Class androidx.room.compiler.processing.XExecutableType                               : loaded 2 times (x 68B)
Class com.google.common.cache.LocalCache$StrongEntry                                  : loaded 2 times (x 106B)
Class androidx.room.jarjarred.kotlinx.metadata.internal.metadata.deserialization.BinaryVersion$Companion: loaded 2 times (x 69B)
Class org.sqlite.date.DateParser                                                      : loaded 2 times (x 68B)
Class androidx.room.compiler.processing.javac.AnnotationClassVisitor                  : loaded 2 times (x 103B)
Class androidx.room.processor.Context$CommonTypes$READONLY_COLLECTION$2               : loaded 2 times (x 77B)
Class androidx.room.solver.shortcut.binderprovider.RxSingleOrMaybeInsertMethodBinderProvider: loaded 2 times (x 77B)
Class com.google.common.reflect.Types$NativeTypeVariableEquals                        : loaded 2 times (x 69B)
Class Settings_gradle                                                                 : loaded 2 times (x 126B)
Class org.sqlite.date.FastDatePrinter$TwoDigitNumberField                             : loaded 2 times (x 78B)
Class com.google.common.collect.ImmutableMap$SerializedForm                           : loaded 2 times (x 71B)
Class androidx.room.jarjarred.org.antlr.v4.runtime.ParserRuleContext                  : loaded 2 times (x 149B)
Class androidx.room.compiler.processing.javac.JavacTypeElement$_declaredFields$2      : loaded 2 times (x 77B)
Class androidx.room.parser.SQLiteParser$Detach_stmtContext                            : loaded 2 times (x 152B)
Class androidx.room.jarjarred.org.antlr.v4.runtime.dfa.DFASerializer                  : loaded 2 times (x 72B)
Class androidx.room.ColumnInfo                                                        : loaded 2 times (x 68B)
Class androidx.room.jarjarred.org.antlr.v4.runtime.misc.IntSet                        : loaded 2 times (x 68B)
Class androidx.room.jarjarred.org.antlr.v4.runtime.atn.ATNConfigSet                   : loaded 2 times (x 146B)
Class androidx.room.processor.FieldProcessor$BindingScope                             : loaded 2 times (x 77B)
Class [Landroidx.room.jarjarred.kotlinx.metadata.internal.protobuf.WireFormat$FieldType;: loaded 2 times (x 67B)
Class androidx.room.verifier.Jdbc_extKt                                               : loaded 2 times (x 69B)
Class androidx.room.compiler.codegen.XTypeName$WhenMappings                           : loaded 2 times (x 69B)
Class com.google.common.collect.Lists$RandomAccessReverseList                         : loaded 2 times (x 160B)
Class org.sqlite.SQLiteException                                                      : loaded 2 times (x 94B)
Class com.google.common.io.ByteArrayDataOutput                                        : loaded 2 times (x 68B)
Class androidx.room.solver.types.PrimitiveBooleanToIntConverter                       : loaded 2 times (x 69B)
Class androidx.room.verifier.ColumnInfo                                               : loaded 2 times (x 70B)
Class androidx.room.vo.InsertOrUpsertShortcutMethod                                   : loaded 2 times (x 70B)
Class androidx.room.jarjarred.org.antlr.v4.runtime.atn.ATNDeserializationOptions      : loaded 2 times (x 70B)
Class dagger.hilt.android.processor.internal.androidentrypoint.ActivityGenerator      : loaded 2 times (x 70B)
Class androidx.room.processor.DaoProcessor$Companion                                  : loaded 2 times (x 69B)
Class androidx.room.compiler.processing.javac.kotlin.JvmDescriptorTypeVisitor         : loaded 2 times (x 97B)
Class androidx.room.writer.DatabaseWriter$WhenMappings                                : loaded 2 times (x 69B)
Class androidx.room.compiler.processing.javac.JavacMethodType$SuspendMethodType       : loaded 2 times (x 92B)
Class androidx.room.compiler.processing.javac.JavacRawType                            : loaded 2 times (x 77B)
Class com.google.common.io.ByteSink                                                   : loaded 2 times (x 74B)
Class androidx.room.jarjarred.kotlinx.metadata.jvm.internal.JvmTypeParameterExtension : loaded 2 times (x 82B)
Class androidx.room.solver.shortcut.binder.DeleteOrUpdateMethodBinder                 : loaded 2 times (x 71B)
Class androidx.room.jarjarred.org.antlr.v4.runtime.atn.PredictionMode$AltAndContextMap: loaded 2 times (x 123B)
Class androidx.room.processor.SuspendMethodProcessorDelegate$findInsertMethodBinder$1 : loaded 2 times (x 77B)
Class androidx.room.processor.DaoProcessor$process$kotlinDefaultMethodDelegates$allProcessedMethods$1: loaded 2 times (x 76B)
Class androidx.room.vo.Entity                                                         : loaded 2 times (x 85B)
Class androidx.room.jarjarred.kotlinx.metadata.internal.protobuf.AbstractMessageLite$Builder: loaded 2 times (x 120B)
Class androidx.room.parser.SQLiteParser$Table_constraintContext                       : loaded 2 times (x 167B)
Class org.gradle.api.internal.classpath.EffectiveClassPath                            : loaded 2 times (x 88B)
Class com.google.common.io.ByteSource$SlicedByteSource                                : loaded 2 times (x 83B)
Class androidx.room.jarjarred.kotlinx.metadata.internal.metadata.ProtoBuf$Function$1  : loaded 2 times (x 142B)
Class androidx.room.parser.SQLiteParser$Table_aliasContext                            : loaded 2 times (x 154B)
Class org.objectweb.asm.MethodWriter                                                  : loaded 2 times (x 104B)
Class androidx.room.compiler.processing.javac.JavacMethodElement$executableType$2     : loaded 2 times (x 77B)
Class androidx.room.compiler.codegen.XFunSpec$Builder$Companion$WhenMappings          : loaded 2 times (x 69B)
Class org.gradle.api.Action                                                           : loaded 2 times (x 68B)
Class androidx.room.parser.SQLiteParser$Binary_operatorContext                        : loaded 2 times (x 169B)
Class com.google.common.io.ByteSource$ConcatenatedByteSource                          : loaded 2 times (x 83B)
Class jdk.internal.jimage.BasicImageReader$1                                          : loaded 2 times (x 75B)
Class androidx.room.jarjarred.kotlinx.metadata.Flag$Common                            : loaded 2 times (x 69B)
Class com.google.auto.common.MoreElements$2                                           : loaded 2 times (x 69B)
Class dagger.hilt.android.processor.internal.androidentrypoint.ActivityGenerator$ActivityMethod: loaded 2 times (x 77B)
Class androidx.room.jarjarred.org.antlr.v4.runtime.atn.ATNSimulator                   : loaded 2 times (x 74B)
Class androidx.room.jarjarred.kotlinx.metadata.internal.metadata.jvm.JvmProtoBuf$StringTableTypes$Record$Operation: loaded 2 times (x 80B)
Class androidx.room.jarjarred.kotlinx.metadata.internal.ReadersKt                     : loaded 2 times (x 69B)
Class androidx.room.compiler.processing.javac.JavacClassGetter                        : loaded 2 times (x 68B)
Class androidx.room.jarjarred.kotlinx.metadata.internal.extensions.KmConstructorExtension: loaded 2 times (x 68B)
Class androidx.room.compiler.processing.CommonProcessorDelegate$processRound$currentElementsDeferredByStep$1$stepDeferredElementsByAnnotation$1: loaded 2 times (x 76B)
Class androidx.room.solver.binderprovider.GuavaListenableFutureQueryResultBinderProviderImpl: loaded 2 times (x 74B)
Class androidx.room.compiler.processing.XRawType                                      : loaded 2 times (x 68B)
Class com.google.common.base.CharMatcher$Digit                                        : loaded 2 times (x 110B)
Class org.jetbrains.kotlin.com.intellij.util.lang.JavaVersion                         : loaded 2 times (x 72B)
Class androidx.room.processor.DatabaseProcessor$validateUniqueDaoClasses$check$1      : loaded 2 times (x 77B)
Class androidx.room.jarjarred.org.antlr.v4.runtime.Parser                             : loaded 2 times (x 151B)
Class androidx.room.processor.PojoProcessor$doProcess$unfilteredMyFields$1$1          : loaded 2 times (x 77B)
Class androidx.room.jarjarred.kotlinx.metadata.ClassKind                              : loaded 2 times (x 77B)
Class androidx.room.writer.TableInfoValidationWriter$Companion                        : loaded 2 times (x 69B)
Class androidx.room.processor.FieldProcessor                                          : loaded 2 times (x 70B)
Class androidx.room.compiler.processing.javac.JavacTypeElement$JavacEnumTypeElement   : loaded 2 times (x 339B)
Class androidx.room.jarjarred.kotlinx.metadata.jvm.JvmClassExtensionVisitor           : loaded 2 times (x 85B)
Class org.jetbrains.kotlin.config.ExplicitApiMode                                     : loaded 2 times (x 77B)
Class com.google.common.base.CharMatcher$JavaDigit                                    : loaded 2 times (x 109B)
Class com.google.common.reflect.Types$ClassOwnership$1LocalClass                      : loaded 2 times (x 69B)
Class androidx.room.processor.FieldProcessor$WhenMappings                             : loaded 2 times (x 69B)
Class androidx.room.jarjarred.kotlinx.metadata.KmClassExtensionVisitor                : loaded 2 times (x 68B)
Class androidx.room.jarjarred.org.antlr.v4.runtime.dfa.DFA                            : loaded 2 times (x 74B)
Class androidx.room.compiler.processing.javac.JavacAnnotationBoxKt$ANNOTATION_VALUE_TO_CHAR_VISITOR$1: loaded 2 times (x 103B)
Class com.squareup.kotlinpoet.ParameterizedTypeName                                   : loaded 2 times (x 84B)
Class [Lcom.google.common.collect.MapMaker$Dummy;                                     : loaded 2 times (x 67B)
Class androidx.room.solver.prepared.binderprovider.RxCompletablePreparedQueryResultBinderProvider: loaded 2 times (x 77B)
Class androidx.room.compiler.codegen.XPropertySpec$Companion$WhenMappings             : loaded 2 times (x 69B)
Class androidx.room.jarjarred.kotlinx.metadata.internal.metadata.jvm.deserialization.JvmNameResolverBase$WhenMappings: loaded 2 times (x 69B)
Class jdk.internal.jimage.ImageLocation                                               : loaded 2 times (x 88B)
Class androidx.room.vo.Field                                                          : loaded 2 times (x 73B)
Class androidx.room.compiler.processing.javac.JavacExecutableElement$thrownTypes$2    : loaded 2 times (x 77B)
Class androidx.room.migration.bundle.FieldBundle                                      : loaded 2 times (x 80B)
Class androidx.room.jarjarred.org.antlr.v4.runtime.atn.NotSetTransition               : loaded 2 times (x 74B)
Class androidx.room.solver.binderprovider.DataSourceQueryResultBinderProvider$dataSourceType$2: loaded 2 times (x 77B)
Class androidx.room.parser.SQLiteParser$Table_or_subqueryContext                      : loaded 2 times (x 169B)
Class androidx.room.compiler.processing.javac.kotlin.KmClassContainer$propertyList$2  : loaded 2 times (x 77B)
Class Settings_gradle$1$1                                                             : loaded 2 times (x 72B)
Class androidx.room.compiler.processing.XRoundEnv                                     : loaded 2 times (x 68B)
Class androidx.room.jarjarred.kotlinx.metadata.jvm.internal.JvmMetadataExtensions     : loaded 2 times (x 101B)
Class androidx.room.migration.bundle.DatabaseBundle$viewsByName$2                     : loaded 2 times (x 77B)
Class androidx.room.RewriteQueriesToDropUnusedColumns                                 : loaded 2 times (x 68B)
Class androidx.room.compiler.processing.javac.ElementExtKt                            : loaded 2 times (x 69B)
Class androidx.room.compiler.processing.javac.JavacTypeElement$xClassName$2           : loaded 2 times (x 77B)
Class androidx.room.jarjarred.kotlinx.metadata.internal.metadata.ProtoBuf$TypeParameterOrBuilder: loaded 2 times (x 68B)
Class androidx.room.jarjarred.kotlinx.metadata.internal.metadata.deserialization.Flags: loaded 2 times (x 69B)
Class Build_gradle$2                                                                  : loaded 2 times (x 76B)
Class androidx.room.compiler.processing.javac.JavacTypeElement$superInterfaces$2      : loaded 2 times (x 77B)
Class androidx.room.parser.SQLiteParser$Collation_nameContext                         : loaded 2 times (x 150B)
Class androidx.room.jarjarred.org.antlr.v4.runtime.VocabularyImpl                     : loaded 2 times (x 83B)
Class org.sqlite.date.FastDateFormat$1                                                : loaded 2 times (x 77B)
Class androidx.room.compiler.processing.javac.JavacConstructorElement$kotlinMetadata$2: loaded 2 times (x 77B)
Class androidx.room.jarjarred.org.antlr.v4.runtime.atn.BasicState                     : loaded 2 times (x 80B)
Class androidx.room.compiler.codegen.XTypeSpec$Builder                                : loaded 2 times (x 68B)
Class androidx.room.parser.SQLiteParser$Commit_stmtContext                            : loaded 2 times (x 153B)
Class com.google.common.io.ByteSink$AsCharSink                                        : loaded 2 times (x 78B)
Class Build_gradle$1                                                                  : loaded 2 times (x 72B)
Class androidx.room.ext.RoomMemberNames                                               : loaded 2 times (x 69B)
Class androidx.room.jarjarred.kotlinx.metadata.internal.extensions.KmTypeParameterExtension: loaded 2 times (x 68B)
Class androidx.room.compiler.processing.javac.JavacFieldElement                       : loaded 2 times (x 225B)
Class androidx.room.parser.SQLiteParser$Select_stmtContext                            : loaded 2 times (x 156B)
Class androidx.room.jarjarred.org.antlr.v4.runtime.tree.TerminalNode                  : loaded 2 times (x 68B)
Class androidx.room.compiler.processing.XMethodType                                   : loaded 2 times (x 68B)
Class androidx.room.jarjarred.kotlinx.metadata.internal.protobuf.AbstractMessageLite$Builder$LimitedInputStream: loaded 2 times (x 90B)
Class androidx.room.jarjarred.kotlinx.metadata.internal.metadata.ProtoBuf$Constructor$1: loaded 2 times (x 142B)
Class androidx.room.vo.Entity$createTableQuery$2                                      : loaded 2 times (x 77B)
Class com.google.common.collect.ImmutableBiMap$SerializedForm                         : loaded 2 times (x 73B)
Class androidx.room.compiler.codegen.XTypeNameKt                                      : loaded 2 times (x 69B)
Class androidx.room.ext.RoomPagingRx2TypeNames                                        : loaded 2 times (x 69B)
Class androidx.room.compiler.processing.javac.JavacConstructorElement$parameters$2$1$1: loaded 2 times (x 77B)
Class org.sqlite.ExtendedCommand                                                      : loaded 2 times (x 69B)
Class androidx.room.jarjarred.org.antlr.v4.runtime.tree.ParseTreeListener             : loaded 2 times (x 68B)
Class androidx.room.jarjarred.kotlinx.metadata.internal.metadata.ProtoBuf$Class$Kind$1: loaded 2 times (x 72B)
Class androidx.room.jarjarred.kotlinx.metadata.KmVersionRequirementVisitor            : loaded 2 times (x 73B)
Class org.apache.commons.codec.BinaryEncoder                                          : loaded 2 times (x 68B)
Class org.gradle.api.internal.classpath.DefaultModuleRegistry                         : loaded 2 times (x 84B)
Class androidx.room.MapInfo                                                           : loaded 2 times (x 68B)
Class com.google.common.io.FileWriteMode                                              : loaded 2 times (x 77B)
Class androidx.room.compiler.codegen.java.ClassNamesKt                                : loaded 2 times (x 69B)
Class androidx.room.writer.TypeWriter$addGeneratedAnnotationIfAvailable$1$1           : loaded 2 times (x 77B)
Class androidx.room.jarjarred.org.antlr.v4.runtime.atn.ATNDeserializer$1              : loaded 2 times (x 69B)
Class androidx.room.jarjarred.org.antlr.v4.runtime.atn.PredictionContext              : loaded 2 times (x 77B)
Class [Lorg.sqlite.SQLiteConfig$TempStore;                                            : loaded 2 times (x 67B)
Class androidx.room.solver.shortcut.binderprovider.GuavaListenableFutureDeleteOrUpdateMethodBinderProvider: loaded 2 times (x 74B)
Class org.gradle.internal.classpath.ClassPath                                         : loaded 2 times (x 68B)
Class androidx.room.writer.TypeWriter$addGeneratedAnnotationIfAvailable$1$2           : loaded 2 times (x 77B)
Class androidx.room.jarjarred.kotlinx.metadata.Modality                               : loaded 2 times (x 77B)
Class jdk.internal.jimage.ImageReader$Directory                                       : loaded 2 times (x 82B)
Class com.google.common.io.CharSource                                                 : loaded 2 times (x 83B)
Class androidx.room.compiler.processing.javac.JavacExecutableElement                  : loaded 2 times (x 221B)
Class androidx.room.jarjarred.kotlinx.metadata.internal.metadata.ProtoBuf$ContractOrBuilder: loaded 2 times (x 68B)
Class androidx.room.writer.PreparedStatementWriter                                    : loaded 2 times (x 70B)
Class androidx.room.jarjarred.org.antlr.v4.runtime.atn.LexerAction                    : loaded 2 times (x 68B)
Class androidx.room.parser.SQLiteLexer                                                : loaded 2 times (x 140B)
Class com.google.common.collect.ImmutableRangeSet$Builder                             : loaded 2 times (x 75B)
Class androidx.room.processor.InsertionMethodProcessor$process$1                      : loaded 2 times (x 77B)
Class androidx.room.processor.UpdateMethodProcessor$process$1                         : loaded 2 times (x 77B)
Class [Landroidx.room.jarjarred.org.antlr.v4.runtime.atn.ATNType;                     : loaded 2 times (x 67B)
Class androidx.room.jarjarred.org.antlr.v4.runtime.CodePointBuffer$1                  : loaded 2 times (x 69B)
Class androidx.room.Ignore                                                            : loaded 2 times (x 68B)
Class kotlin.io.FileTreeWalk$FileTreeWalkIterator$SingleFileState                     : loaded 2 times (x 72B)
Class androidx.room.processor.SuppressWarningProcessor                                : loaded 2 times (x 69B)
Class androidx.room.jarjarred.kotlinx.metadata.internal.protobuf.SmallSortedMap$Entry : loaded 2 times (x 86B)
Class androidx.room.jarjarred.org.antlr.v4.runtime.atn.StarLoopEntryState             : loaded 2 times (x 81B)
Class androidx.room.compiler.processing.XType                                         : loaded 2 times (x 68B)
Class org.jetbrains.kotlin.name.FqNameUnsafe$1                                        : loaded 2 times (x 72B)
Class jdk.internal.jimage.BasicImageReader                                            : loaded 2 times (x 93B)
Class androidx.room.vo.QueryMethod                                                    : loaded 2 times (x 70B)
Class androidx.room.compiler.processing.javac.JavacAnnotationBox                      : loaded 2 times (x 77B)
Class androidx.room.jarjarred.kotlinx.metadata.internal.protobuf.CodedOutputStream$ByteBufferOutputStream: loaded 2 times (x 84B)
Class com.google.common.collect.ImmutableRangeSet$AsSet                               : loaded 2 times (x 233B)
Class androidx.room.solver.shortcut.binderprovider.GuavaListenableFutureDeleteOrUpdateMethodBinderProvider$hasGuavaRoom$2: loaded 2 times (x 77B)
Class androidx.room.solver.shortcut.binder.CallableDeleteOrUpdateMethodBinder$convertAndReturn$callableImpl$1: loaded 2 times (x 77B)
Class androidx.room.processor.SuspendMethodProcessorDelegate$continuationParam$2      : loaded 2 times (x 77B)
Class androidx.room.parser.Section                                                    : loaded 2 times (x 70B)
Class androidx.room.parser.SQLiteParser$Trigger_nameContext                           : loaded 2 times (x 150B)
Class org.sqlite.date.FastDatePrinter$PaddedNumberField                               : loaded 2 times (x 78B)
Class androidx.room.solver.shortcut.binderprovider.RxCompletableUpsertMethodBinderProvider: loaded 2 times (x 77B)
Class androidx.room.vo.Constructor                                                    : loaded 2 times (x 70B)
Class androidx.room.parser.SQLiteParser$Attach_stmtContext                            : loaded 2 times (x 154B)
Class androidx.room.solver.RxVersion                                                  : loaded 2 times (x 77B)
Class com.google.common.util.concurrent.AbstractFuture$UnsafeAtomicHelper$1           : loaded 2 times (x 74B)
Class androidx.room.jarjarred.org.antlr.v4.runtime.CodePointBuffer                    : loaded 2 times (x 79B)
Class com.google.common.base.CharMatcher$JavaUpperCase                                : loaded 2 times (x 109B)
Class androidx.room.jarjarred.org.antlr.v4.runtime.BaseErrorListener                  : loaded 2 times (x 79B)
Class androidx.room.jarjarred.kotlinx.metadata.jvm.KotlinClassMetadata                : loaded 2 times (x 70B)
Class com.google.common.reflect.TypeParameter                                         : loaded 2 times (x 70B)
Class androidx.room.jarjarred.kotlinx.metadata.internal.metadata.ProtoBuf$FunctionOrBuilder: loaded 2 times (x 68B)
Class androidx.room.vo.HasSchemaIdentity                                              : loaded 2 times (x 68B)
Class org.sqlite.SQLiteJDBCLoader$VersionHolder                                       : loaded 2 times (x 69B)
Class androidx.room.writer.EntityUpdateAdapterWriter$Companion                        : loaded 2 times (x 69B)
Class androidx.room.writer.DatabaseWriter$createCreateInvalidationTracker$body$1$tableNames$1: loaded 2 times (x 76B)
Class com.google.common.io.ByteSource                                                 : loaded 2 times (x 82B)
Class [Lorg.sqlite.SQLiteLimits;                                                      : loaded 2 times (x 67B)
Class androidx.room.solver.types.StatementValueBinder                                 : loaded 2 times (x 68B)
Class androidx.room.RawQuery                                                          : loaded 2 times (x 68B)
Class androidx.room.compiler.processing.javac.TypeMirrorExtKt                         : loaded 2 times (x 69B)
Class androidx.room.parser.ParsedQuery$sections$2                                     : loaded 2 times (x 77B)
Class androidx.room.jarjarred.org.antlr.v4.runtime.CodePointBuffer$Builder            : loaded 2 times (x 77B)
Class androidx.room.jarjarred.kotlinx.metadata.internal.metadata.ProtoBuf$Annotation$1: loaded 2 times (x 142B)
Class androidx.room.processor.PojoProcessor$Delegate                                  : loaded 2 times (x 68B)
Class com.google.auto.value.AutoValue                                                 : loaded 2 times (x 68B)
Class androidx.room.jarjarred.org.antlr.v4.runtime.atn.ATNConfigSet$ConfigEqualityComparator: loaded 2 times (x 75B)
Class androidx.room.vo.ReadQueryMethod                                                : loaded 2 times (x 71B)
Class androidx.room.jarjarred.org.antlr.v4.runtime.atn.LexerATNSimulator$SimState     : loaded 2 times (x 71B)
Class androidx.room.compiler.codegen.java.JavaTypeSpec$Builder                        : loaded 2 times (x 86B)
Class androidx.room.solver.query.result.SingleItemQueryResultAdapter                  : loaded 2 times (x 71B)
Class androidx.room.compiler.codegen.XTypeSpec$Builder$Companion$WhenMappings         : loaded 2 times (x 69B)
Class androidx.room.solver.binderprovider.RxJava3PagingSourceQueryResultBinderProviderKt: loaded 2 times (x 69B)
Class com.google.common.collect.HashBasedTable$Factory                                : loaded 2 times (x 77B)
Class androidx.room.writer.DaoWriter$createConstructor$body$1$1                       : loaded 2 times (x 76B)
Class androidx.room.parser.ParsedQuery$queryWithReplacedBindParams$2$1                : loaded 2 times (x 76B)
Class androidx.room.writer.DaoWriter$createUpdateMethods$1                            : loaded 2 times (x 77B)
Class androidx.room.vo.ShortcutQueryParameter                                         : loaded 2 times (x 70B)
Class com.google.auto.common.MoreTypes$DeclaredTypeVisitor                            : loaded 2 times (x 100B)
Class [Landroidx.room.BuiltInTypeConverters$State;                                    : loaded 2 times (x 67B)
Class androidx.room.writer.DaoWriter$createConstructor$body$1$2                       : loaded 2 times (x 76B)
Class androidx.room.parser.SQLiteParser$Reindex_stmtContext                           : loaded 2 times (x 155B)
Class androidx.room.compiler.processing.javac.JavacRawType$xTypeName$2                : loaded 2 times (x 77B)
Class [Landroidx.room.solver.shortcut.binderprovider.DeleteOrUpdateMethodBinderProvider;: loaded 2 times (x 67B)
Class androidx.room.jarjarred.kotlinx.metadata.Attributes$isNullCheckPredicate$2      : loaded 2 times (x 135B)
Class org.objectweb.asm.ModuleVisitor                                                 : loaded 2 times (x 79B)
Class com.google.common.collect.AbstractMultimap$Entries                              : loaded 2 times (x 118B)
Class androidx.room.jarjarred.kotlinx.metadata.internal.metadata.ProtoBuf$TypeOrBuilder: loaded 2 times (x 68B)
Class androidx.room.ext.RoomPagingTypeNames                                           : loaded 2 times (x 69B)
Class androidx.room.vo.PrimaryKey$Companion                                           : loaded 2 times (x 69B)
Class androidx.room.jarjarred.org.antlr.v4.runtime.ANTLRErrorListener                 : loaded 2 times (x 68B)
Class androidx.room.jarjarred.kotlinx.metadata.internal.FlagDelegatesImplKt$propertyBooleanFlag$1: loaded 2 times (x 135B)
Class androidx.room.vo.EntityOrView                                                   : loaded 2 times (x 68B)
Class androidx.room.PrimaryKey                                                        : loaded 2 times (x 68B)
Class org.sqlite.util.ProcessRunner                                                   : loaded 2 times (x 71B)
Class androidx.room.jarjarred.org.antlr.v4.runtime.atn.ATNDeserializer                : loaded 2 times (x 79B)
Class [Landroidx.room.solver.shortcut.binderprovider.RxCallableInsertMethodBinderProvider;: loaded 2 times (x 67B)
Class androidx.room.parser.SQLTypeAffinity$WhenMappings                               : loaded 2 times (x 69B)
Class androidx.room.solver.types.StringColumnTypeAdapter$Companion                    : loaded 2 times (x 69B)
Class androidx.room.migration.bundle.EntityBundle$Companion                           : loaded 2 times (x 69B)
Class androidx.room.jarjarred.kotlinx.metadata.internal.extensions.KmFunctionExtension: loaded 2 times (x 68B)
Class androidx.room.jarjarred.org.antlr.v4.runtime.atn.PlusLoopbackState              : loaded 2 times (x 80B)
Class androidx.room.vo.InsertionMethod                                                : loaded 2 times (x 70B)
Class androidx.room.writer.EntityUpdateAdapterWriter                                  : loaded 2 times (x 70B)
Class com.google.common.io.Closer$SuppressingSuppressor                               : loaded 2 times (x 73B)
Class androidx.room.compiler.processing.javac.JavacMethodElement$typeParameters$2     : loaded 2 times (x 77B)
Class androidx.room.solver.binderprovider.QueryResultBinderProviderWithRequiredArtifact$hasRequiredArtifact$2: loaded 2 times (x 77B)
Class androidx.room.jarjarred.kotlinx.metadata.internal.metadata.ProtoBuf$VersionRequirement$1: loaded 2 times (x 142B)
Class androidx.room.compiler.processing.javac.JavacAnnotationBoxKt$ANNOTATION_VALUE_LONG_ARR_VISITOR$1: loaded 2 times (x 103B)
Class [Lcom.google.common.collect.MapMakerInternalMap$Segment;                        : loaded 2 times (x 67B)
Class androidx.room.compiler.processing.javac.JavacTypeElement$JavacEnumTypeElement$entries$2: loaded 2 times (x 77B)
Class com.google.common.reflect.Invokable$ConstructorInvokable                        : loaded 2 times (x 103B)
Class [Landroidx.room.compiler.processing.XNullability;                               : loaded 2 times (x 67B)
Class androidx.room.vo.Database$legacyIdentityHash$2                                  : loaded 2 times (x 77B)
Class androidx.room.jarjarred.kotlinx.metadata.internal.metadata.jvm.deserialization.JvmNameResolverKt: loaded 2 times (x 69B)
Class androidx.room.parser.SQLiteParser$Rollback_stmtContext                          : loaded 2 times (x 155B)
Class androidx.room.processor.TableEntityProcessor$process$1                          : loaded 2 times (x 77B)
Class [Landroidx.room.jarjarred.org.antlr.v4.runtime.atn.PredictionMode;              : loaded 2 times (x 67B)
Class org.objectweb.asm.MethodVisitor                                                 : loaded 2 times (x 103B)
Class org.sqlite.SQLiteConfig$TransactionMode                                         : loaded 2 times (x 80B)
Class org.sqlite.date.FormatCache                                                     : loaded 2 times (x 76B)
Class androidx.room.parser.SQLiteParser$Create_view_stmtContext                       : loaded 2 times (x 165B)
Class androidx.room.vo.Database                                                       : loaded 2 times (x 70B)
Class androidx.room.migration.bundle.EntityBundle$fieldsByColumnName$2                : loaded 2 times (x 77B)
Class androidx.room.solver.types.CompositeTypeConverter                               : loaded 2 times (x 72B)
Class org.gradle.internal.installation.GradleInstallation                             : loaded 2 times (x 73B)
Class [Lorg.objectweb.asm.Attribute;                                                  : loaded 2 times (x 67B)
Class [Lorg.sqlite.SQLiteConfig$Encoding;                                             : loaded 2 times (x 67B)
Class androidx.room.jarjarred.kotlinx.metadata.KmType                                 : loaded 2 times (x 81B)
Class androidx.room.ForeignKey                                                        : loaded 2 times (x 68B)
Class androidx.room.ext.RoomRxJava3TypeNames                                          : loaded 2 times (x 69B)
Class androidx.room.compiler.processing.javac.JavacArrayType                          : loaded 2 times (x 209B)
Class androidx.room.DatabaseProcessingStep$process$databases$1$1                      : loaded 2 times (x 77B)
Class androidx.room.jarjarred.kotlinx.metadata.internal.metadata.ProtoBuf$TypeParameter$Variance$1: loaded 2 times (x 72B)
Class androidx.room.compiler.processing.javac.kotlin.KmValueParameterContainer        : loaded 2 times (x 70B)
Class androidx.room.solver.types.ColumnTypeAdapter$outTypeName$2                      : loaded 2 times (x 77B)
Class androidx.room.vo.FtsEntity                                                      : loaded 2 times (x 85B)
Class [Landroidx.room.parser.SQLTypeAffinity;                                         : loaded 2 times (x 67B)
Class androidx.room.processor.Context$CommonTypes$SET$2                               : loaded 2 times (x 77B)
Class androidx.room.compiler.codegen.XTypeSpec                                        : loaded 2 times (x 68B)
Class org.sqlite.SQLiteLimits                                                         : loaded 2 times (x 77B)
Class androidx.room.solver.types.NoOpConverter                                        : loaded 2 times (x 72B)
Class androidx.room.solver.shortcut.binderprovider.InstantDeleteOrUpdateMethodBinderProvider: loaded 2 times (x 74B)
Class com.google.common.reflect.TypeCapture                                           : loaded 2 times (x 69B)
Class androidx.room.jarjarred.kotlinx.metadata.internal.protobuf.ByteString$Output    : loaded 2 times (x 84B)
Class androidx.room.jarjarred.kotlinx.metadata.internal.metadata.ProtoBuf$Contract    : loaded 2 times (x 105B)
Class androidx.room.compiler.processing.XEquality$Companion                           : loaded 2 times (x 69B)
Class androidx.room.ext.Xpoet_extKt$ArrayLiteral$1$placeholders$1                     : loaded 2 times (x 76B)
Class [Lcom.google.common.base.Supplier;                                              : loaded 2 times (x 67B)


---------------  S Y S T E M  ---------------

OS:
 Windows 10 , 64 bit Build 19041 (10.0.19041.3393)
OS uptime: 0 days 6:27 hours

CPU: total 8 (initial active 8) (8 cores per cpu, 2 threads per core) family 23 model 24 stepping 1 microcode 0x0, cx8, cmov, fxsr, ht, mmx, 3dnowpref, sse, sse2, sse3, ssse3, sse4a, sse4.1, sse4.2, popcnt, lzcnt, tsc, tscinvbit, avx, avx2, aes, clmul, bmi1, bmi2, adx, sha, fma, vzeroupper, clflush, clflushopt

Memory: 4k page, system-wide physical 7103M (529M free)
TotalPageFile size 17343M (AvailPageFile size 75M)
current process WorkingSet (physical memory assigned to process): 375M, peak: 849M
current process commit charge ("private bytes"): 1510M, peak: 1763M

vm_info: OpenJDK 64-Bit Server VM (17.0.7+0-b2043.56-10550314) for windows-amd64 JRE (17.0.7+0-b2043.56-10550314), built on Jul 24 2023 18:27:45 by "androidbuild" with MS VC++ 16.10 / 16.11 (VS2019)

END.
